time,lat,lon,alt,yaw,pitch,roll,vx,vy,vz,ax,ay,az,yaw_rate,pitch_rate,roll_rate,uncorrect_yaw
2025-12-24 16:47:51.776736,-90.0,26.658305509006144,-6356748.806045179,2.285009552769406,0.4569297390766016,-0.13389945989141558,0.0044,-0.0012,0.0001,0.0455,0.0506,9.7999,-2e-05,0.00056,0.00033,2.285009552769406
2025-12-24 16:47:51.880295,-90.0,26.65830998516909,-6356748.806245179,2.285050656748173,0.45807164860952676,-0.13200081810442466,0.0027,-0.0012,-0.0004,0.0488,0.0659,9.8234,6e-05,-9e-05,-9e-05,2.285050656748173
2025-12-24 16:47:51.981960,-90.0,26.65830998516909,-6356748.806245179,2.285050656748173,0.45807164860952676,-0.13200081810442466,0.0027,-0.0012,-0.0004,0.0388,0.0745,9.7867,0.00039,-0.00049,-0.00041,2.285050656748173
2025-12-24 16:47:52.084486,-90.0,26.65830998516909,-6356748.806245179,2.285050656748173,0.45807164860952676,-0.13200081810442466,0.0027,-0.0012,-0.0004,0.0538,0.0226,9.8193,-2e-05,0.00037,0.00013,2.285050656748173
2025-12-24 16:47:52.172324,-90.0,26.658328055223585,-6356748.805945179,2.2850441430366777,0.4577727641050607,-0.12886065381461684,0.004,-0.0021,0.0002,0.0581,0.0905,9.8113,-0.00027,-0.00122,0.00016,2.2850441430366777
2025-12-24 16:47:52.273970,-90.0,26.658328055223585,-6356748.805945179,2.2850441430366777,0.4577727641050607,-0.12886065381461684,0.004,-0.0021,0.0002,0.0334,0.0749,9.802,0.00025,-0.00021,0.0001,2.2850441430366777
2025-12-24 16:47:52.372786,-90.0,26.65832345039761,-6356748.805945179,2.2850970137918,0.4542636093277362,-0.13085105013966156,0.0026,-0.002,0.0,0.0305,0.0579,9.835,-0.0007,0.00107,0.00021,2.2850970137918
2025-12-24 16:47:52.473046,-90.0,26.65832345039761,-6356748.805945179,2.2850970137918,0.4542636093277362,-0.13085105013966156,0.0026,-0.002,0.0,0.0421,0.0797,9.7939,0.00031,0.00042,0.00042,2.2850970137918
2025-12-24 16:47:52.572515,-90.0,26.65832345039761,-6356748.805945179,2.2850970137918,0.4542636093277362,-0.13085105013966156,0.0026,-0.002,0.0,0.0861,0.0696,9.8016,0.0003,-0.00014,-0.00042,2.2850970137918
2025-12-24 16:47:52.673063,-90.0,26.65835056464952,-6356748.806045179,2.2850751566499947,0.45003850096957004,-0.127106834169037,0.0035,-0.0016,-0.0001,0.083,0.0687,9.8223,-0.00063,-0.00034,0.00053,2.2850751566499947
2025-12-24 16:47:52.772882,-90.0,26.65835056464952,-6356748.806045179,2.2850751566499947,0.45003850096957004,-0.127106834169037,0.0035,-0.0016,-0.0001,-0.0075,0.0568,9.79,-2e-05,-8e-05,0.00027,2.2850751566499947
2025-12-24 16:47:52.873359,-90.0,26.65835056464952,-6356748.806045179,2.2850751566499947,0.45003850096957004,-0.127106834169037,0.0035,-0.0016,-0.0001,0.0345,0.0821,9.826,0.00053,0.00043,-0.00017,2.2850751566499947
2025-12-24 16:47:52.974099,-90.0,26.658357361602015,-6356748.805945179,2.2850419070093158,0.4505301344744438,-0.12486039944820178,0.0057,0.0017,0.0003,0.0534,0.0424,9.7825,-0.00041,-0.00122,-0.00077,2.2850419070093158
2025-12-24 16:47:53.074039,-90.0,26.658357361602015,-6356748.805945179,2.2850419070093158,0.4505301344744438,-0.12486039944820178,0.0057,0.0017,0.0003,0.0755,0.0972,9.8131,-0.00029,-0.00021,0.00073,2.2850419070093158
2025-12-24 16:47:53.174459,-90.0,26.658352756750862,-6356748.806045179,2.2851251009901983,0.45081744405402885,-0.12386394895817,0.0006,-0.0016,0.001,0.0289,0.056,9.8179,4e-05,0.0005,-0.00127,2.2851251009901983
2025-12-24 16:47:53.279635,-90.0,26.658352756750862,-6356748.806045179,2.2851251009901983,0.45081744405402885,-0.12386394895817,0.0006,-0.0016,0.001,0.0212,0.0883,9.8315,-0.00033,0.00037,0.00052,2.2851251009901983
2025-12-24 16:47:53.401620,-90.0,26.658352756750862,-6356748.806045179,2.2851251009901983,0.45081744405402885,-0.12386394895817,0.0006,-0.0016,0.001,0.0698,0.0168,9.8134,0.00057,0.00015,-0.00035,2.2851251009901983
2025-12-24 16:47:53.572803,-90.0,26.65838889681185,-6356748.806245179,2.2851168623898577,0.4488143959498756,-0.12250904990696386,0.0053,-0.0009,-0.0002,0.0599,0.0663,9.8036,7e-05,-0.00079,-0.00082,2.2851168623898577
2025-12-24 16:47:53.673782,-90.0,26.65838889681185,-6356748.806245179,2.2851168623898577,0.4488143959498756,-0.12250904990696386,0.0053,-0.0009,-0.0002,0.0558,0.0615,9.8075,0.00056,-0.0006,0.00011,2.2851168623898577
2025-12-24 16:47:53.773313,-90.0,26.65836854274008,-6356748.806245179,2.2851425085104555,0.44847329191269814,-0.11763127219314364,0.002,-0.0017,0.0002,0.0594,0.0623,9.8045,-0.00056,0.00237,0.00015,2.2851425085104555
2025-12-24 16:47:53.876111,-90.0,26.65836854274008,-6356748.806245179,2.2851425085104555,0.44847329191269814,-0.11763127219314364,0.002,-0.0017,0.0002,0.0346,0.0568,9.7925,-0.00032,0.00054,-0.00033,2.2851425085104555
2025-12-24 16:47:53.973027,-90.0,26.65836856113046,-6356748.80684518,2.2851426616333916,0.44927314625788145,-0.1196595503055941,0.0046,-0.0015,0.001,0.0663,0.0456,9.8116,-0.00077,0.00035,-8e-05,2.2851426616333916
2025-12-24 16:47:54.073051,-90.0,26.65836856113046,-6356748.80684518,2.2851426616333916,0.44927314625788145,-0.1196595503055941,0.0046,-0.0015,0.001,0.0273,0.0547,9.8083,0.00043,0.00193,0.00062,2.2851426616333916
2025-12-24 16:47:54.174344,-90.0,26.65836856113046,-6356748.80684518,2.2851426616333916,0.44927314625788145,-0.1196595503055941,0.0046,-0.0015,0.001,0.0767,0.1004,9.8066,0.00035,-0.00055,-2e-05,2.2851426616333916
2025-12-24 16:47:54.273313,-90.0,26.658348207067483,-6356748.806745179,2.28515852621082,0.4469922513956211,-0.11742848782798165,0.0035,-0.0023,0.0,0.0337,0.0228,9.8039,-1e-05,0.00087,-0.0003,2.28515852621082
2025-12-24 16:47:54.372737,-90.0,26.658348207067483,-6356748.806745179,2.28515852621082,0.4469922513956211,-0.11742848782798165,0.0035,-0.0023,0.0,0.0697,0.0873,9.8072,-0.00054,-0.00044,-5e-05,2.28515852621082
2025-12-24 16:47:54.489214,-90.0,26.658348207067483,-6356748.806745179,2.28515852621082,0.4469922513956211,-0.11742848782798165,0.0035,-0.0023,0.0,0.0719,0.0258,9.8218,0.00026,0.00035,4e-05,2.28515852621082
2025-12-24 16:47:54.572937,-90.0,26.65834595980588,-6356748.80684518,2.285210685629345,0.4470981520557912,-0.12016191275682228,0.0029,-0.0009,0.0,0.0155,0.0356,9.8185,0.00031,-0.00086,9e-05,2.285210685629345
2025-12-24 16:47:54.674399,-90.0,26.65834595980588,-6356748.80684518,2.285210685629345,0.4470981520557912,-0.12016191275682228,0.0029,-0.0009,0.0,0.0585,0.1083,9.8132,-0.00013,-0.00092,-8e-05,2.285210685629345
2025-12-24 16:47:54.775573,-90.0,26.65834595980588,-6356748.80684518,2.285210685629345,0.4470981520557912,-0.12016191275682228,0.0029,-0.0009,0.0,0.0493,0.0532,9.8002,0.00012,0.00088,-0.00018,2.285210685629345
2025-12-24 16:47:54.873864,-90.0,26.658339126094965,-6356748.807045179,2.2852586672844146,0.44645219126181734,-0.11517569910916027,0.004,-0.0029,-0.0002,0.0523,0.0669,9.8155,-0.00032,0.00041,2e-05,2.2852586672844146
2025-12-24 16:47:54.973269,-90.0,26.658339126094965,-6356748.807045179,2.2852586672844146,0.44645219126181734,-0.11517569910916027,0.004,-0.0029,-0.0002,0.0497,0.0727,9.7998,-0.00033,-0.00104,-0.0,2.2852586672844146
2025-12-24 16:47:55.075457,-90.0,26.65832330334581,-6356748.807145179,2.2852388763021554,0.4507455467384482,-0.11270832908324122,0.0029,-0.0006,0.0001,0.0513,0.0593,9.8118,-0.00034,-0.00032,1e-05,2.2852388763021554
2025-12-24 16:47:55.173493,-90.0,26.65832330334581,-6356748.807145179,2.2852388763021554,0.4507455467384482,-0.11270832908324122,0.0029,-0.0006,0.0001,0.0431,0.0654,9.8148,0.00041,0.00021,0.00052,2.2852388763021554
2025-12-24 16:47:55.291583,-90.0,26.65832330334581,-6356748.807145179,2.2852388763021554,0.4507455467384482,-0.11270832908324122,0.0029,-0.0006,0.0001,0.0539,0.0753,9.8113,-0.0002,0.00043,-0.00054,2.2852388763021554
2025-12-24 16:47:55.373893,-90.0,26.658327816252633,-6356748.807245179,2.2852412639197883,0.4491750684760242,-0.10926864391150058,0.0027,-0.0008,-0.0,0.0337,0.0462,9.8169,-9e-05,0.00011,-0.00021,2.2852412639197883
2025-12-24 16:47:55.472716,-90.0,26.658327816252633,-6356748.807245179,2.2852412639197883,0.4491750684760242,-0.10926864391150058,0.0027,-0.0008,-0.0,0.0587,0.0812,9.8104,-5e-05,-0.00063,-0.00012,2.2852412639197883
2025-12-24 16:47:55.573163,-90.0,26.658327816252633,-6356748.807245179,2.2852412639197883,0.4491750684760242,-0.10926864391150058,0.0027,-0.0008,-0.0,0.0485,0.0751,9.8175,0.00039,-0.00047,-0.0001,2.2852412639197883
2025-12-24 16:47:55.675359,-90.0,26.658332329159098,-6356748.8075451795,2.285233831887613,0.4459264282126134,-0.10545961335745346,0.0034,-0.0005,0.0003,0.0525,0.067,9.7987,0.00019,-0.00023,-4e-05,2.285233831887613
2025-12-24 16:47:55.772805,-90.0,26.658332329159098,-6356748.8075451795,2.285233831887613,0.4459264282126134,-0.10545961335745346,0.0034,-0.0005,0.0003,0.045,0.0668,9.8075,-0.0004,0.00012,5e-05,2.285233831887613
2025-12-24 16:47:55.873129,-90.0,26.658334594804032,-6356748.807745179,2.285198706673383,0.44448254394936243,-0.1028365074845332,0.0028,-0.0006,0.0006,0.0528,0.0718,9.8098,-0.00024,0.00033,-0.00027,2.285198706673383
2025-12-24 16:47:55.977548,-90.0,26.658334594804032,-6356748.807745179,2.285198706673383,0.44448254394936243,-0.1028365074845332,0.0028,-0.0006,0.0006,0.047,0.0608,9.8235,6e-05,-0.00011,0.00023,2.285198706673383
2025-12-24 16:47:56.078064,-90.0,26.658334594804032,-6356748.807745179,2.285198706673383,0.44448254394936243,-0.1028365074845332,0.0028,-0.0006,0.0006,0.0401,0.0666,9.8077,6e-05,0.00033,-0.00031,2.285198706673383
2025-12-24 16:47:56.283005,-90.0,26.658325550608325,-6356748.807845179,2.285202797788516,0.4430799311753297,-0.09755716003121483,0.0024,-0.0003,0.0004,0.0449,0.0608,9.8153,-0.00039,-0.00029,-0.00042,2.285202797788516
2025-12-24 16:47:56.388561,-90.0,26.658325550608325,-6356748.807845179,2.285202797788516,0.4430799311753297,-0.09755716003121483,0.0024,-0.0003,0.0004,0.0573,0.0671,9.8049,-0.00015,0.00089,0.00016,2.285202797788516
2025-12-24 16:47:56.473945,-90.0,26.65832328496437,-6356748.807845179,2.2852141566923643,0.44154741734979824,-0.09447978922346982,0.0031,-0.0001,0.0003,0.0462,0.0808,9.816,-1e-05,0.00048,-0.00021,2.2852141566923643
2025-12-24 16:47:56.576051,-90.0,26.65832328496437,-6356748.807845179,2.2852141566923643,0.44154741734979824,-0.09447978922346982,0.0031,-0.0001,0.0003,0.048,0.0528,9.8053,0.00049,-5e-05,-0.00037,2.2852141566923643
2025-12-24 16:47:56.672519,-90.0,26.658302930939687,-6356748.80804518,2.285206905132731,0.43981000752875204,-0.09287821000884543,0.0027,-0.0002,0.0006,0.0547,0.0611,9.8103,0.0001,-0.00061,0.00028,2.285206905132731
2025-12-24 16:47:56.874771,-90.0,26.658302930939687,-6356748.80804518,2.285206905132731,0.43981000752875204,-0.09287821000884543,0.0027,-0.0002,0.0006,0.0646,0.056,9.8076,-8e-05,-5e-05,0.00018,2.285206905132731
2025-12-24 16:47:56.972479,-90.0,26.658302930939687,-6356748.80804518,2.285206905132731,0.43981000752875204,-0.09287821000884543,0.0027,-0.0002,0.0006,0.0297,0.0709,9.8083,0.00032,-0.00036,4e-05,2.285206905132731
2025-12-24 16:47:57.073505,-90.0,26.658302967694542,-6356748.808245179,2.285174343173751,0.43882790688283185,-0.08878504130067227,0.0027,0.0002,0.0006,0.0708,0.0629,9.812,0.00048,-0.00057,0.00045,2.285174343173751
2025-12-24 16:47:57.173158,-90.0,26.658302967694542,-6356748.808245179,2.285174343173751,0.43882790688283185,-0.08878504130067227,0.0027,0.0002,0.0006,0.041,0.0677,9.813,0.00036,0.00097,0.00019,2.285174343173751
2025-12-24 16:47:57.273170,-90.0,26.658309783001993,-6356748.808445179,2.2851580406391654,0.4378750745931343,-0.08531199428271827,0.002,0.0002,0.0005,0.0486,0.0707,9.8212,5e-05,-0.00119,-0.0003,2.2851580406391654
2025-12-24 16:47:57.372110,-90.0,26.658309783001993,-6356748.808445179,2.2851580406391654,0.4378750745931343,-0.08531199428271827,0.002,0.0002,0.0005,0.0471,0.0548,9.8172,-0.00042,0.0001,-0.00049,2.2851580406391654
2025-12-24 16:47:57.473516,-90.0,26.658309783001993,-6356748.808445179,2.2851580406391654,0.4378750745931343,-0.08531199428271827,0.002,0.0002,0.0005,0.058,0.0634,9.801,-0.00028,0.00024,0.00025,2.2851580406391654
2025-12-24 16:47:57.573355,-90.0,26.658314295910778,-6356748.808745179,2.2852197944543775,0.4366780711207062,-0.08574464411974875,0.0027,0.0008,0.0005,0.0388,0.0638,9.8156,5e-05,-0.00116,-0.0006,2.2852197944543775
2025-12-24 16:47:57.672767,-90.0,26.658314295910778,-6356748.808745179,2.2852197944543775,0.4366780711207062,-0.08574464411974875,0.0027,0.0008,0.0005,0.0566,0.0576,9.8018,9e-05,0.00022,0.0001,2.2852197944543775
2025-12-24 16:47:57.772201,-90.0,26.65833687883344,-6356748.80914518,2.2852134546718372,0.44006162882759087,-0.08432486816215105,0.0036,-0.0004,0.0002,0.0489,0.0696,9.8119,-6e-05,0.00051,4e-05,2.2852134546718372
2025-12-24 16:47:57.873629,-90.0,26.65833687883344,-6356748.80914518,2.2852134546718372,0.44006162882759087,-0.08432486816215105,0.0036,-0.0004,0.0002,0.0463,0.0604,9.8093,-0.00029,0.00073,0.00013,2.2852134546718372
2025-12-24 16:47:57.973773,-90.0,26.65833687883344,-6356748.80914518,2.2852134546718372,0.44006162882759087,-0.08432486816215105,0.0036,-0.0004,0.0002,0.048,0.0676,9.8101,0.00074,-0.00114,0.00053,2.2852134546718372
2025-12-24 16:47:58.073591,-90.0,26.65832558737211,-6356748.809345179,2.2851909693569223,0.44209788774646863,-0.08187942928605028,0.0025,0.0003,-0.0001,0.0533,0.0642,9.8097,0.00019,-0.0006,0.00016,2.2851909693569223
2025-12-24 16:47:58.175098,-90.0,26.65832558737211,-6356748.809345179,2.2851909693569223,0.44209788774646863,-0.08187942928605028,0.0025,0.0003,-0.0001,0.054,0.0564,9.8073,-0.00022,0.00025,-0.00025,2.2851909693569223
2025-12-24 16:47:58.273061,-90.0,26.65832558737211,-6356748.809345179,2.2851909693569223,0.44209788774646863,-0.08187942928605028,0.0025,0.0003,-0.0001,0.0342,0.0665,9.8063,0.00057,-0.00055,-0.00022,2.2851909693569223
2025-12-24 16:47:58.373581,-90.0,26.658305251714957,-6356748.809445179,2.2851801459847345,0.44378428888970406,-0.08060353210729461,0.0015,0.0002,0.0001,0.0575,0.0631,9.8116,-0.00013,-4e-05,0.00049,2.2851801459847345
2025-12-24 16:47:58.473098,-90.0,26.658305251714957,-6356748.809445179,2.2851801459847345,0.44378428888970406,-0.08060353210729461,0.0015,0.0002,0.0001,0.0449,0.0838,9.8141,0.00031,-0.0007,-0.00053,2.2851801459847345
2025-12-24 16:47:58.572013,-90.0,26.658350380781382,-6356748.810445179,2.285187269678152,0.44032333149433245,-0.08130283040514748,0.002,0.0004,0.0002,0.0434,0.0631,9.8202,-0.00038,0.00152,0.00022,2.285187269678152
2025-12-24 16:47:58.674008,-90.0,26.658350380781382,-6356748.810445179,2.285187269678152,0.44032333149433245,-0.08130283040514748,0.002,0.0004,0.0002,0.0504,0.0682,9.8032,0.00084,0.00063,0.00037,2.285187269678152
2025-12-24 16:47:58.772483,-90.0,26.658350380781382,-6356748.810445179,2.285187269678152,0.44032333149433245,-0.08130283040514748,0.002,0.0004,0.0002,0.0546,0.0614,9.8205,0.00034,-0.00065,0.00016,2.285187269678152
2025-12-24 16:47:58.873919,-90.0,26.658357140944215,-6356748.81024518,2.285155599860728,0.44316007015780695,-0.07508902314261016,0.0026,0.0,0.0006,0.0469,0.0676,9.7955,2e-05,-0.00096,0.00011,2.285155599860728
2025-12-24 16:47:58.974513,-90.0,26.658357140944215,-6356748.81024518,2.285155599860728,0.44316007015780695,-0.07508902314261016,0.0026,0.0,0.0006,0.0642,0.0527,9.8186,-9e-05,9e-05,0.0002,2.285155599860728
2025-12-24 16:47:59.072953,-90.0,26.658357140944215,-6356748.81024518,2.285155599860728,0.44316007015780695,-0.07508902314261016,0.0026,0.0,0.0006,0.0412,0.0665,9.7997,0.00033,-0.00011,0.00021,2.285155599860728
2025-12-24 16:47:59.172696,-90.0,26.658345849490463,-6356748.81014518,2.2851690364609247,0.4434540373584815,-0.07546138183602058,0.002,0.0009,0.0003,0.0474,0.0782,9.8171,0.00027,-0.00145,-0.00028,2.2851690364609247
2025-12-24 16:47:59.373211,-90.0,26.658345849490463,-6356748.809245179,2.285164261644126,0.4434091556370891,-0.07094613880657744,0.0024,-0.0005,-0.0004,0.0618,0.0573,9.8129,-0.00017,0.0005,0.00023,2.285164261644126
2025-12-24 16:47:59.472181,-90.0,26.658345849490463,-6356748.809245179,2.285164261644126,0.4434091556370891,-0.07094613880657744,0.0024,-0.0005,-0.0004,0.0517,0.0673,9.8078,0.00023,-0.0005,0.00011,2.285164261644126
2025-12-24 16:47:59.572695,-90.0,26.658345849490463,-6356748.809245179,2.285164261644126,0.4434091556370891,-0.07094613880657744,0.0024,-0.0005,-0.0004,0.0413,0.0638,9.812,0.00058,-0.00049,0.00015,2.285164261644126
2025-12-24 16:47:59.673657,-90.0,26.658350417554953,-6356748.809345179,2.285141587812924,0.4419327991843525,-0.06632491568703835,0.0022,0.0004,0.0004,0.0431,0.0722,9.8088,0.00068,-0.0012,-0.0002,2.285141587812924
2025-12-24 16:47:59.773175,-90.0,26.658350417554953,-6356748.809345179,2.285141587812924,0.4419327991843525,-0.06632491568703835,0.0022,0.0004,0.0004,0.0389,0.0736,9.8089,-0.00011,-0.00064,8e-05,2.285141587812924
2025-12-24 16:47:59.872997,-90.0,26.658350417554953,-6356748.809345179,2.285141587812924,0.4419327991843525,-0.06632491568703835,0.0022,0.0004,0.0004,0.0429,0.0737,9.8103,0.00063,-0.00106,0.00019,2.285141587812924
2025-12-24 16:48:00.004107,-90.0,26.658341410125992,-6356748.809245179,2.2851504583490834,0.44480367876428134,-0.06489024386055077,0.0018,0.0011,0.0,0.053,0.0658,9.8063,-1e-05,0.00049,-9e-05,2.2851504583490834
2025-12-24 16:48:00.086337,-90.0,26.658341410125992,-6356748.809245179,2.2851504583490834,0.44480367876428134,-0.06489024386055077,0.0018,0.0011,0.0,0.0476,0.0456,9.8139,0.00024,-0.00079,-0.00029,2.2851504583490834
2025-12-24 16:48:00.173654,-90.0,26.65835047271536,-6356748.80904518,2.2851065860983377,0.44439714834538846,-0.0648147516446471,0.002,0.0013,-0.0001,0.0471,0.0736,9.8108,6e-05,-0.00108,3e-05,2.2851065860983377
2025-12-24 16:48:00.278261,-90.0,26.65835047271536,-6356748.80904518,2.2851065860983377,0.44439714834538846,-0.0648147516446471,0.002,0.0013,-0.0001,0.0576,0.0842,9.8015,-0.0004,0.00103,-6e-05,2.2851065860983377
2025-12-24 16:48:00.379914,-90.0,26.65835047271536,-6356748.80904518,2.2851065860983377,0.44439714834538846,-0.0648147516446471,0.002,0.0013,-0.0001,0.0398,0.0616,9.8065,-0.00052,0.00037,3e-05,2.2851065860983377
2025-12-24 16:48:00.672174,-90.0,26.65833243945856,-6356748.8086451795,2.285097596786931,0.44798027587384504,-0.06355510552255503,0.0015,0.0002,0.0,0.0458,0.0693,9.8109,0.0002,-0.00048,0.00014,2.285097596786931
2025-12-24 16:48:00.773931,-90.0,26.658325660899777,-6356748.808445179,2.2850824107197334,0.4448148918889303,-0.06461902501144016,0.0015,0.0002,-0.0003,0.0387,0.0657,9.805,0.00025,-0.00047,0.00044,2.2850824107197334
2025-12-24 16:48:00.873077,-90.0,26.658325660899777,-6356748.808445179,2.2850824107197334,0.4448148918889303,-0.06461902501144016,0.0015,0.0002,-0.0003,0.0526,0.0672,9.802,-0.00025,0.00123,0.00032,2.2850824107197334
2025-12-24 16:48:00.972851,-90.0,26.658325660899777,-6356748.808445179,2.2850824107197334,0.4448148918889303,-0.06461902501144016,0.0015,0.0002,-0.0003,0.0475,0.0636,9.81,0.0005,-0.00067,-2e-05,2.2850824107197334
2025-12-24 16:48:01.109994,-90.0,26.658330210576956,-6356748.80854518,2.2851129072699408,0.4444831943946134,-0.06528074285897331,0.0019,0.0013,0.0003,0.0422,0.0697,9.8116,-0.00014,-0.00039,-0.00014,2.2851129072699408
2025-12-24 16:48:01.200830,-90.0,26.658330210576956,-6356748.80854518,2.2851129072699408,0.4444831943946134,-0.06528074285897331,0.0019,0.0013,0.0003,0.0525,0.0586,9.8071,-0.0002,0.00108,0.0003,2.2851129072699408
2025-12-24 16:48:01.281469,-90.0,26.65832569766365,-6356748.80854518,2.285141511007488,0.44439613929115956,-0.06482252985189131,0.002,0.0001,0.0003,0.045,0.077,9.8029,-0.00045,-0.00118,-3e-05,2.285141511007488
2025-12-24 16:48:01.373965,-90.0,26.65832569766365,-6356748.80854518,2.285141511007488,0.44439613929115956,-0.06482252985189131,0.002,0.0001,0.0003,0.0629,0.068,9.8039,-0.00014,-0.00028,-0.00011,2.285141511007488
2025-12-24 16:48:01.472398,-90.0,26.65832569766365,-6356748.80854518,2.285141511007488,0.44439613929115956,-0.06482252985189131,0.002,0.0001,0.0003,0.0482,0.0486,9.802,-0.00012,0.00102,-0.00023,2.285141511007488
2025-12-24 16:48:01.574520,-90.0,26.658332476225112,-6356748.808745179,2.2851216724808845,0.44302805247818455,-0.0629235667431298,0.0011,0.0007,-0.0002,0.0411,0.0702,9.8123,0.00024,0.0012,0.00075,2.2851216724808845
2025-12-24 16:48:01.717524,-90.0,26.658332476225112,-6356748.808745179,2.2851216724808845,0.44302805247818455,-0.0629235667431298,0.0011,0.0007,-0.0002,0.0482,0.086,9.8068,0.0001,-0.00021,0.00021,2.2851216724808845
2025-12-24 16:48:01.778036,-90.0,26.658332476225112,-6356748.808745179,2.2851216724808845,0.44302805247818455,-0.0629235667431298,0.0011,0.0007,-0.0002,0.0482,0.0499,9.8154,0.0,-0.00012,-0.00047,2.2851216724808845
2025-12-24 16:48:02.082371,-90.0,26.658343786085744,-6356748.80854518,2.285097417017562,0.44518845185849343,-0.06130245651480142,0.002,0.0004,-0.0002,0.0498,0.0714,9.8015,0.00019,-0.00043,-0.00019,2.285097417017562
2025-12-24 16:48:02.177655,-90.0,26.658343786085744,-6356748.80854518,2.285097417017562,0.44518845185849343,-0.06130245651480142,0.002,0.0004,-0.0002,0.0456,0.0712,9.8079,0.00014,-0.00123,8e-05,2.285097417017562
2025-12-24 16:48:02.274179,-90.0,26.658343786085744,-6356748.80854518,2.285097417017562,0.44518845185849343,-0.06130245651480142,0.002,0.0004,-0.0002,0.0597,0.0629,9.8122,5e-05,-4e-05,0.00012,2.285097417017562
2025-12-24 16:48:02.580236,-90.0,26.658352811912703,-6356748.80854518,2.2850976359050614,0.4457435936205545,-0.06445021005980703,0.0019,0.001,-0.0008,0.0434,0.0802,9.8026,0.0002,0.00046,0.00016,2.2850976359050614
2025-12-24 16:48:02.672394,-90.0,26.658366497770345,-6356748.808945179,2.2850099186783064,0.4468748440076291,-0.06441928339048958,0.002,0.0007,0.0002,0.0634,0.0839,9.8112,-0.0002,0.00025,-0.00038,2.2850099186783064
2025-12-24 16:48:02.905890,-90.0,26.658380036526218,-6356748.808945179,2.285031547538438,0.4537226202145568,-0.065076691046791,0.0018,0.0007,-0.0003,0.0521,0.0693,9.8183,-0.00024,0.0005,-0.00039,2.285031547538438
2025-12-24 16:48:03.003173,-90.0,26.658380036526218,-6356748.808945179,2.285031547538438,0.4537226202145568,-0.065076691046791,0.0018,0.0007,-0.0003,0.0603,0.0596,9.814,-0.00024,0.00053,0.00035,2.285031547538438
2025-12-24 16:48:03.173031,-90.0,26.658386815099952,-6356748.809245179,2.2849982751137645,0.4545825432570578,-0.06253555600283442,0.002,0.0005,-0.0,0.0641,0.07,9.8166,-6e-05,-0.00082,0.0003,2.2849982751137645
2025-12-24 16:48:03.272898,-90.0,26.658386815099952,-6356748.809245179,2.2849982751137645,0.4545825432570578,-0.06253555600283442,0.002,0.0005,-0.0,0.0542,0.0493,9.8162,7e-05,0.00034,8e-05,2.2849982751137645
2025-12-24 16:48:03.374202,-90.0,26.658386815099952,-6356748.809245179,2.2849982751137645,0.4545825432570578,-0.06253555600283442,0.002,0.0005,-0.0,0.0471,0.0558,9.8142,-0.00042,0.00048,-0.0,2.2849982751137645
2025-12-24 16:48:03.517739,-90.0,26.658382265395538,-6356748.80914518,2.285005477424952,0.45438494062435736,-0.0637608889245933,0.001,-0.0004,0.0001,0.0469,0.0725,9.7999,0.00021,-0.00061,-0.00045,2.285005477424952
2025-12-24 16:48:03.593222,-90.0,26.658382265395538,-6356748.80914518,2.285005477424952,0.45438494062435736,-0.0637608889245933,0.001,-0.0004,0.0001,0.0619,0.0688,9.8154,0.00012,-0.00062,-0.0001,2.285005477424952
2025-12-24 16:48:03.673177,-90.0,26.658382265395538,-6356748.80914518,2.285005477424952,0.45438494062435736,-0.0637608889245933,0.001,-0.0004,0.0001,0.0643,0.085,9.8024,0.00016,0.00031,-0.00053,2.285005477424952
2025-12-24 16:48:03.773036,-90.0,26.658386796705944,-6356748.808845179,2.2849527182289187,0.453591271569039,-0.06448998325924174,0.0027,0.0006,-0.0,0.0339,0.0493,9.811,9e-05,0.00019,-0.00015,2.2849527182289187
2025-12-24 16:48:03.872763,-90.0,26.658386796705944,-6356748.808845179,2.2849527182289187,0.453591271569039,-0.06448998325924174,0.0027,0.0006,-0.0,0.0554,0.057,9.8059,0.00036,0.00057,0.00015,2.2849527182289187
2025-12-24 16:48:03.974555,-90.0,26.65834614366549,-6356748.80854518,2.2849588217548154,0.45409869421229704,-0.06174024417943313,0.0016,0.0008,-0.0004,0.0458,0.0805,9.803,0.0005,0.00063,0.00049,2.2849588217548154
2025-12-24 16:48:04.075448,-90.0,26.65834614366549,-6356748.80854518,2.2849588217548154,0.45409869421229704,-0.06174024417943313,0.0016,0.0008,-0.0004,0.0404,0.0763,9.8177,0.00032,-0.00057,-0.00029,2.2849588217548154
2025-12-24 16:48:04.174659,-90.0,26.65834614366549,-6356748.80854518,2.2849588217548154,0.45409869421229704,-0.06174024417943313,0.0016,0.0008,-0.0004,0.0494,0.0904,9.8165,0.0004,-0.00025,0.00041,2.2849588217548154
2025-12-24 16:48:04.294102,-90.0,26.658352940623914,-6356748.808945179,2.284959002537148,0.44977962374345265,-0.06497205689784571,0.0019,0.0005,-0.0005,0.0525,0.0575,9.8106,0.00021,0.0004,-0.00025,2.284959002537148
2025-12-24 16:48:04.373963,-90.0,26.658352940623914,-6356748.808945179,2.284959002537148,0.44977962374345265,-0.06497205689784571,0.0019,0.0005,-0.0005,0.0434,0.0631,9.8146,7e-05,0.00016,-0.00012,2.284959002537148
2025-12-24 16:48:04.516060,-90.0,26.658352940623914,-6356748.808945179,2.284959002537148,0.44977962374345265,-0.06497205689784571,0.0019,0.0005,-0.0005,0.0513,0.0614,9.8052,0.00014,0.0005,-0.0004,2.284959002537148
2025-12-24 16:48:04.578756,-90.0,26.658348409317945,-6356748.80914518,2.285000250848309,0.4505853134954384,-0.06536886088698293,0.001,0.0003,0.0006,0.0353,0.0685,9.805,6e-05,0.00044,0.00022,2.285000250848309
2025-12-24 16:48:04.681871,-90.0,26.658348409317945,-6356748.80914518,2.285000250848309,0.4505853134954384,-0.06536886088698293,0.001,0.0003,0.0006,0.0628,0.0716,9.8059,-0.00053,0.00025,-0.00012,2.285000250848309
2025-12-24 16:48:04.823979,-90.0,26.65836881859652,-6356748.809545179,2.2849179372330517,0.449291362360855,-0.06720178223464786,0.002,0.0004,-0.0002,0.0388,0.0504,9.8087,-8e-05,0.00086,0.00018,2.2849179372330517
2025-12-24 16:48:04.873234,-90.0,26.65836881859652,-6356748.809545179,2.2849179372330517,0.449291362360855,-0.06720178223464786,0.002,0.0004,-0.0002,0.0545,0.0726,9.8024,-0.00049,0.00101,0.00077,2.2849179372330517
2025-12-24 16:48:04.973340,-90.0,26.65836881859652,-6356748.809545179,2.2849179372330517,0.449291362360855,-0.06720178223464786,0.002,0.0004,-0.0002,0.0451,0.0802,9.8122,0.00032,-0.00026,-0.00033,2.2849179372330517
2025-12-24 16:48:05.072679,-90.0,26.658373368301195,-6356748.80964518,2.2849154462877475,0.44616689000262216,-0.07001379260279755,0.0015,-0.0,-0.0,0.0623,0.0589,9.8084,1e-05,0.00045,6e-05,2.2849154462877475
2025-12-24 16:48:05.180859,-90.0,26.658373368301195,-6356748.80964518,2.2849154462877475,0.44616689000262216,-0.07001379260279755,0.0015,-0.0,-0.0,0.0453,0.0684,9.8174,-0.00027,7e-05,0.00031,2.2849154462877475
2025-12-24 16:48:05.273427,-90.0,26.658373368301195,-6356748.80964518,2.2849154462877475,0.44616689000262216,-0.07001379260279755,0.0015,-0.0,-0.0,0.0388,0.0737,9.8098,-0.00016,0.00032,7e-05,2.2849154462877475
2025-12-24 16:48:05.374581,-90.0,26.658366589720504,-6356748.809445179,2.2849019766400636,0.44790095897105375,-0.06884132494066227,0.0016,0.0012,0.0003,0.045,0.0629,9.8023,0.00082,-0.0013,-1e-05,2.2849019766400636
2025-12-24 16:48:05.472696,-90.0,26.658366589720504,-6356748.809445179,2.2849019766400636,0.44790095897105375,-0.06884132494066227,0.0016,0.0012,0.0003,0.0608,0.0611,9.8085,0.00048,-0.00019,1e-05,2.2849019766400636
2025-12-24 16:48:05.602928,-90.0,26.65835529821647,-6356748.809345179,2.284897602241041,0.44955324567245397,-0.06997555929641731,0.0019,0.0005,-0.0001,0.0455,0.0633,9.8041,0.00075,-0.00108,-0.00025,2.284897602241041
2025-12-24 16:48:05.684438,-90.0,26.65835529821647,-6356748.809345179,2.284897602241041,0.44955324567245397,-0.06997555929641731,0.0019,0.0005,-0.0001,0.0516,0.0576,9.8074,-0.00025,0.00025,-0.00022,2.284897602241041
2025-12-24 16:48:05.775645,-90.0,26.65835529821647,-6356748.809345179,2.284897602241041,0.44955324567245397,-0.06997555929641731,0.0019,0.0005,-0.0001,0.0526,0.0671,9.8077,9e-05,0.00178,0.00016,2.284897602241041
2025-12-24 16:48:05.973649,-90.0,26.65835749031955,-6356748.80914518,2.2849486305356352,0.45030137518664404,-0.07052630009673504,0.0015,0.0002,-0.0001,0.0405,0.0723,9.8095,0.00012,0.00024,0.0001,2.2849486305356352
2025-12-24 16:48:06.075223,-90.0,26.65835749031955,-6356748.80914518,2.2849486305356352,0.45030137518664404,-0.07052630009673504,0.0015,0.0002,-0.0001,0.0448,0.0732,9.8165,0.0001,0.00019,9e-05,2.2849486305356352
2025-12-24 16:48:06.200853,-90.0,26.658368781815575,-6356748.808945179,2.2849351941819127,0.4516570587729202,-0.0699045424459141,0.0021,0.0002,-0.0,0.0447,0.0734,9.8098,-2e-05,0.0003,-1e-05,2.2849351941819127
2025-12-24 16:48:06.289398,-90.0,26.658368781815575,-6356748.808945179,2.2849351941819127,0.4516570587729202,-0.0699045424459141,0.0021,0.0002,-0.0,0.051,0.061,9.8177,0.00012,-2e-05,0.00012,2.2849351941819127
2025-12-24 16:48:06.401934,-90.0,26.65837323956167,-6356748.808445179,2.2849700127259567,0.4497002414128858,-0.06866386275844764,0.0019,0.0005,-0.0002,0.0477,0.0609,9.8014,0.00041,-0.00016,0.00011,2.2849700127259567
2025-12-24 16:48:06.473034,-90.0,26.65837323956167,-6356748.808445179,2.2849700127259567,0.4497002414128858,-0.06866386275844764,0.0019,0.0005,-0.0002,0.0548,0.0654,9.8105,0.0006,-0.00023,-7e-05,2.2849700127259567
2025-12-24 16:48:06.580331,-90.0,26.65837323956167,-6356748.808445179,2.2849700127259567,0.4497002414128858,-0.06866386275844764,0.0019,0.0005,-0.0002,0.0451,0.0602,9.8009,0.00023,0.00022,8e-05,2.2849700127259567
2025-12-24 16:48:06.672845,-90.0,26.658382265395538,-6356748.80804518,2.2849682171218904,0.44855348192618294,-0.06918696845991476,0.0017,0.0,0.0001,0.0525,0.06,9.8071,-5e-05,-0.00013,-0.00068,2.2849682171218904
2025-12-24 16:48:06.773802,-90.0,26.658382265395538,-6356748.80804518,2.2849682171218904,0.44855348192618294,-0.06918696845991476,0.0017,0.0,0.0001,0.0555,0.0519,9.8051,0.00047,0.00036,-4e-05,2.2849682171218904
2025-12-24 16:48:06.873512,-90.0,26.658382265395538,-6356748.80804518,2.2849682171218904,0.44855348192618294,-0.06918696845991476,0.0017,0.0,0.0001,0.0329,0.0698,9.8123,-6e-05,-0.00084,0.00016,2.2849682171218904
2025-12-24 16:48:06.999113,-90.0,26.65837773408656,-6356748.807845179,2.284965478960047,0.4490636093345027,-0.06781986847557979,0.0019,0.0008,-0.0006,0.0912,0.0703,9.8084,0.00012,-2e-05,0.00029,2.284965478960047
2025-12-24 16:48:07.085225,-90.0,26.65837773408656,-6356748.807845179,2.284965478960047,0.4490636093345027,-0.06781986847557979,0.0019,0.0008,-0.0006,0.0466,0.0858,9.8089,-0.00012,0.00084,3e-05,2.284965478960047
2025-12-24 16:48:07.173909,-90.0,26.658375468432606,-6356748.8075451795,2.2849699570440283,0.45112105604579067,-0.06763721248307805,0.0006,-0.0001,-0.0004,0.0197,0.0725,9.8036,0.00015,-0.00058,-0.00011,2.2849699570440283
2025-12-24 16:48:07.272485,-90.0,26.658375468432606,-6356748.8075451795,2.2849699570440283,0.45112105604579067,-0.06763721248307805,0.0006,-0.0001,-0.0004,0.037,0.0889,9.8378,0.00072,0.00036,-1e-05,2.2849699570440283
2025-12-24 16:48:07.374171,-90.0,26.658375468432606,-6356748.8075451795,2.2849699570440283,0.45112105604579067,-0.06763721248307805,0.0006,-0.0001,-0.0004,-0.1022,0.0763,9.8042,0.00122,0.004,-0.00089,2.2849699570440283
2025-12-24 16:48:07.490197,-90.0,26.65839352009287,-6356748.807645179,2.2850209174303964,0.44602715314238495,-0.06808388965261676,0.0014,0.0001,0.0003,0.2556,0.1275,9.8286,0.00526,0.00796,0.00147,2.2850209174303964
2025-12-24 16:48:07.574826,-90.0,26.65839352009287,-6356748.807645179,2.2850209174303964,0.44602715314238495,-0.06808388965261676,0.0014,0.0001,0.0003,0.4688,-0.5628,9.566,-0.00145,0.00856,0.00119,2.2850209174303964
2025-12-24 16:48:07.697539,-90.0,26.65839352009287,-6356748.807645179,2.2850209174303964,0.44602715314238495,-0.06808388965261676,0.0014,0.0001,0.0003,-0.0193,0.1094,9.7479,-0.00066,-0.01313,-0.00487,2.2850209174303964
2025-12-24 16:48:07.775632,-90.0,26.658377697302132,-6356748.807345179,2.2849710095760725,0.45222759538123575,-0.08275268748139701,0.0084,0.0012,-0.0031,-0.1011,-0.0133,9.8889,-0.00347,0.00247,0.00627,2.2849710095760725
2025-12-24 16:48:07.872824,-90.0,26.658377697302132,-6356748.807345179,2.2849710095760725,0.45222759538123575,-0.08275268748139701,0.0084,0.0012,-0.0031,0.1141,0.2579,9.7808,0.0048,0.0086,-0.00194,2.2849710095760725
2025-12-24 16:48:08.001391,-90.0,26.658377697302132,-6356748.807345179,2.2849710095760725,0.45222759538123575,-0.08275268748139701,0.0084,0.0012,-0.0031,0.1076,-0.1112,9.758,-0.0039,-0.00421,-0.0002,2.2849710095760725
2025-12-24 16:48:08.082977,-90.0,26.658350583036377,-6356748.80794518,2.2850931780905754,0.43578865350646845,-0.0660965761947988,0.0005,0.0044,-0.0019,0.0142,0.0295,9.8518,0.00209,0.00033,-0.00067,2.2850931780905754
2025-12-24 16:48:08.175619,-90.0,26.658350583036377,-6356748.80794518,2.2850931780905754,0.43578865350646845,-0.0660965761947988,0.0005,0.0044,-0.0019,0.0784,0.0812,9.8068,0.00068,0.00096,0.00191,2.2850931780905754
2025-12-24 16:48:08.272696,-90.0,26.658339144479534,-6356748.80854518,2.285029199032273,0.4397245488502949,-0.05924781570904362,-0.0002,-0.0072,-0.0001,0.056,0.1809,9.8105,-7e-05,6e-05,-0.00145,2.285029199032273
2025-12-24 16:48:08.387291,-90.0,26.658339144479534,-6356748.80854518,2.285029199032273,0.4397245488502949,-0.05924781570904362,-0.0002,-0.0072,-0.0001,0.073,-0.0329,9.8226,2e-05,0.00018,-0.00028,2.285029199032273
2025-12-24 16:48:08.476718,-90.0,26.658339144479534,-6356748.80854518,2.285029199032273,0.4397245488502949,-0.05924781570904362,-0.0002,-0.0072,-0.0001,0.0455,0.0989,9.809,0.00065,0.00091,0.0014,2.285029199032273
2025-12-24 16:48:08.572647,-90.0,26.658332476225112,-6356748.808845179,2.2850628537052677,0.445463593094376,-0.06658622667941204,0.0015,0.0085,0.0012,0.0635,0.0603,9.8061,-0.00013,-0.00079,-0.00066,2.2850628537052677
2025-12-24 16:48:08.697084,-90.0,26.658332476225112,-6356748.808845179,2.2850628537052677,0.445463593094376,-0.06658622667941204,0.0015,0.0085,0.0012,0.0523,0.0551,9.8113,-0.0001,0.00012,0.00088,2.2850628537052677
2025-12-24 16:48:08.780882,-90.0,26.658332476225112,-6356748.808845179,2.2850628537052677,0.445463593094376,-0.06658622667941204,0.0015,0.0085,0.0012,0.027,0.0907,9.8123,0.00068,0.00027,0.00044,2.2850628537052677
2025-12-24 16:48:08.880864,-90.0,26.658391033700212,-6356748.808245179,2.2851640025359736,0.4431850078590709,-0.06714345579518635,0.0022,-0.001,0.0004,0.0653,0.0624,9.8174,3e-05,0.00084,-7e-05,2.2851640025359736
2025-12-24 16:48:09.010556,-90.0,26.658391033700212,-6356748.808245179,2.2851640025359736,0.4431850078590709,-0.06714345579518635,0.0022,-0.001,0.0004,0.0518,0.0471,9.8099,0.00026,-0.00034,-0.00011,2.2851640025359736
2025-12-24 16:48:09.088661,-90.0,26.658391033700212,-6356748.808245179,2.2851640025359736,0.4431850078590709,-0.06714345579518635,0.0022,-0.001,0.0004,0.0504,0.0513,9.8124,0.00024,-2e-05,0.00018,2.2851640025359736
2025-12-24 16:48:09.173470,-90.0,26.658397812253007,-6356748.80804518,2.2851971108678972,0.4401403941829269,-0.06765820048951839,0.0018,0.001,0.0002,0.0355,0.0856,9.8054,0.0001,0.00021,0.00059,2.2851971108678972
2025-12-24 16:48:09.274211,-90.0,26.658397812253007,-6356748.80804518,2.2851971108678972,0.4401403941829269,-0.06765820048951839,0.0018,0.001,0.0002,0.0493,0.0612,9.8169,9e-05,-6e-05,-2e-05,2.2851971108678972
2025-12-24 16:48:09.382025,-90.0,26.658420395165777,-6356748.80804518,2.2851791434738002,0.44121990378082954,-0.0661541323448184,0.0022,-0.0009,0.0001,0.0413,0.0635,9.8175,0.00076,-0.00104,0.00019,2.2851791434738002
2025-12-24 16:48:09.583761,-90.0,26.658420395165777,-6356748.80804518,2.2851791434738002,0.44121990378082954,-0.0661541323448184,0.0022,-0.0009,0.0001,0.0619,0.0631,9.7937,8e-05,-1e-05,-0.0001,2.2851791434738002
2025-12-24 16:48:09.700722,-90.0,26.658404590806335,-6356748.80744518,2.2851960814527237,0.44158682834504503,-0.06447870745195393,0.002,0.001,-0.0002,0.0499,0.0767,9.8006,0.00055,-1e-05,0.00026,2.2851960814527237
2025-12-24 16:48:09.815836,-90.0,26.658404590806335,-6356748.80744518,2.2851960814527237,0.44158682834504503,-0.06447870745195393,0.002,0.001,-0.0002,0.066,0.1472,9.8141,-9e-05,-0.00278,-0.00045,2.2851960814527237
2025-12-24 16:48:09.875224,-90.0,26.658404590806335,-6356748.80744518,2.2851960814527237,0.44158682834504503,-0.06447870745195393,0.002,0.001,-0.0002,0.0093,0.011,9.8203,-0.00016,0.00016,-0.00063,2.2851960814527237
2025-12-24 16:48:09.973563,-90.0,26.658427192121902,-6356748.807245179,2.2851898034879907,0.44390060870330716,-0.06430295047638529,0.0013,0.0008,0.0001,0.1132,0.066,9.7962,0.00104,0.0002,-0.00018,2.2851898034879907
2025-12-24 16:48:10.073507,-90.0,26.658427192121902,-6356748.807245179,2.2851898034879907,0.44390060870330716,-0.06430295047638529,0.0013,0.0008,0.0001,0.0136,0.0757,9.8219,0.00071,0.00068,-8e-05,2.2851898034879907
2025-12-24 16:48:10.173149,-90.0,26.658443051698683,-6356748.8064451795,2.285101713132219,0.44218797435532586,-0.05914596815167202,0.0004,0.0002,-0.0004,0.0925,0.1226,9.8071,-0.00106,-0.00082,-0.00015,2.285101713132219
2025-12-24 16:48:10.274271,-90.0,26.658443051698683,-6356748.8064451795,2.285101713132219,0.44218797435532586,-0.05914596815167202,0.0004,0.0002,-0.0004,0.0159,0.0302,9.8113,0.00025,0.00028,-0.00052,2.285101713132219
2025-12-24 16:48:10.375605,-90.0,26.658443051698683,-6356748.8064451795,2.285101713132219,0.44218797435532586,-0.05914596815167202,0.0004,0.0002,-0.0004,0.0824,0.1049,9.8225,-0.00032,0.00017,0.00085,2.285101713132219
2025-12-24 16:48:10.472795,-90.0,26.658488217559682,-6356748.806245179,2.285167418368446,0.44448846450411733,-0.06365218196941506,0.0035,0.0046,-0.0005,0.0332,0.0754,9.8097,-0.00033,0.00057,-0.00039,2.285167418368446
2025-12-24 16:48:10.606323,-90.0,26.658488217559682,-6356748.806245179,2.285167418368446,0.44448846450411733,-0.06365218196941506,0.0035,0.0046,-0.0005,0.0626,0.0368,9.8064,0.00048,-0.00028,-0.00019,2.285167418368446
2025-12-24 16:48:10.675733,-90.0,26.658488217559682,-6356748.806245179,2.285167418368446,0.44448846450411733,-0.06365218196941506,0.0035,0.0046,-0.0005,0.0338,0.0827,9.8077,0.00035,-0.00164,3e-05,2.285167418368446
2025-12-24 16:48:10.784478,-90.0,26.658503948259366,-6356748.806145179,2.285160847865473,0.44566711832575756,-0.05933372229178544,0.0026,-0.0008,0.0004,0.0513,0.0691,9.8304,-0.0006,0.00034,-0.00028,2.285160847865473
2025-12-24 16:48:10.874957,-90.0,26.658503948259366,-6356748.806145179,2.285160847865473,0.44566711832575756,-0.05933372229178544,0.0026,-0.0008,0.0004,0.0133,0.0373,9.8002,0.00045,-0.00068,-0.00021,2.285160847865473
2025-12-24 16:48:10.997430,-90.0,26.658483667830076,-6356748.805545179,2.285125869344654,0.447705312280758,-0.058269943823606,0.0015,0.0004,-0.0,0.0972,0.1291,9.8345,0.00077,0.00085,0.00056,2.285125869344654
2025-12-24 16:48:11.079524,-90.0,26.658483667830076,-6356748.805545179,2.285125869344654,0.447705312280758,-0.058269943823606,0.0015,0.0004,-0.0,-0.0109,-0.0032,9.8401,-0.00052,-0.00119,-0.0006,2.285125869344654
2025-12-24 16:48:11.174953,-90.0,26.658483667830076,-6356748.805545179,2.285125869344654,0.447705312280758,-0.058269943823606,0.0015,0.0004,-0.0,0.1314,0.0977,9.7904,0.00026,-0.00095,-5e-05,2.285125869344654
2025-12-24 16:48:11.305933,-90.0,26.6584746420256,-6356748.80524518,2.285110611557926,0.44442432803305654,-0.05825284509055942,0.0025,0.0009,-0.0004,-0.0308,0.1109,9.8305,0.00083,-0.00179,-0.00033,2.285110611557926
2025-12-24 16:48:11.372908,-90.0,26.6584746420256,-6356748.80524518,2.285110611557926,0.44442432803305654,-0.05825284509055942,0.0025,0.0009,-0.0004,0.1083,0.0406,9.7984,0.0005,0.00027,-0.00036,2.285110611557926
2025-12-24 16:48:11.473145,-90.0,26.6584746420256,-6356748.80524518,2.285110611557926,0.44442432803305654,-0.05825284509055942,0.0025,0.0009,-0.0004,0.0024,0.0937,9.8347,0.00109,-0.00216,-0.00051,2.285110611557926
2025-12-24 16:48:11.602437,-90.0,26.65847009230206,-6356748.805145179,2.2851080673413127,0.4442659583722095,-0.05983635103738428,0.002,-0.0002,-0.0003,0.0853,0.0726,9.7961,-0.00039,-0.00015,-0.00018,2.2851080673413127
2025-12-24 16:48:11.672663,-90.0,26.65847009230206,-6356748.805145179,2.2851080673413127,0.4442659583722095,-0.05983635103738428,0.002,-0.0002,-0.0003,0.0504,0.0832,9.8197,0.0003,0.00163,0.00053,2.2851080673413127
2025-12-24 16:48:11.796811,-90.0,26.658436273138783,-6356748.8042451795,2.285085861708192,0.45111474182645483,-0.04889497743641136,-0.0006,0.0009,0.0004,0.0181,0.0611,9.797,0.0002,-0.00045,-0.00058,2.285085861708192
2025-12-24 16:48:11.873024,-90.0,26.658436273138783,-6356748.8042451795,2.285085861708192,0.45111474182645483,-0.04889497743641136,-0.0006,0.0009,0.0004,0.0056,0.1281,9.8369,0.00015,-0.00022,-0.0006,2.285085861708192
2025-12-24 16:48:11.988492,-90.0,26.658436273138783,-6356748.8042451795,2.285085861708192,0.45111474182645483,-0.04889497743641136,-0.0006,0.0009,0.0004,0.0832,0.017,9.7798,-8e-05,0.00288,0.00032,2.285085861708192
2025-12-24 16:48:12.074263,-90.0,26.658463405790656,-6356748.80364518,2.28508340803156,0.4449375310054261,-0.052470390247309255,0.0012,0.0002,-0.002,0.0957,0.0469,9.7956,0.00077,6e-05,1e-05,2.28508340803156
2025-12-24 16:48:12.172637,-90.0,26.658463405790656,-6356748.80364518,2.28508340803156,0.4449375310054261,-0.052470390247309255,0.0012,0.0002,-0.002,0.001,0.0656,9.801,6e-05,-0.00087,0.00034,2.28508340803156
2025-12-24 16:48:12.274232,-90.0,26.658463405790656,-6356748.80364518,2.28508340803156,0.4449375310054261,-0.052470390247309255,0.0012,0.0002,-0.002,0.034,0.1572,9.8468,-0.00027,0.00095,0.00018,2.28508340803156
2025-12-24 16:48:12.372971,-90.0,26.658463424199734,-6356748.803845179,2.2850545154746422,0.44785253385311624,-0.04836220090590257,0.0032,-0.0002,0.0003,0.0733,-0.0285,9.7881,0.00063,0.00228,-0.00017,2.2850545154746422
2025-12-24 16:48:12.531474,-90.0,26.658463424199734,-6356748.803845179,2.2850545154746422,0.44785253385311624,-0.04836220090590257,0.0032,-0.0002,0.0003,0.0539,0.0892,9.806,-2e-05,0.00051,0.00023,2.2850545154746422
2025-12-24 16:48:12.575217,-90.0,26.65844316212915,-6356748.80364518,2.2850815369820046,0.44532490972899874,-0.05166320281153744,0.002,0.0035,0.0007,0.0452,0.062,9.8053,-0.00058,-0.00107,-0.00058,2.2850815369820046
2025-12-24 16:48:12.674235,-90.0,26.65844316212915,-6356748.80364518,2.2850815369820046,0.44532490972899874,-0.05166320281153744,0.002,0.0035,0.0007,0.0623,0.0741,9.8145,-0.00049,0.00073,-7e-05,2.2850815369820046
2025-12-24 16:48:12.776044,-90.0,26.65844316212915,-6356748.80364518,2.2850815369820046,0.44532490972899874,-0.05166320281153744,0.002,0.0035,0.0007,0.0415,0.0567,9.8001,0.00072,0.0006,-7e-05,2.2850815369820046
2025-12-24 16:48:12.873683,-90.0,26.658436328349975,-6356748.803345179,2.2851013409195504,0.44588641344391855,-0.05317462402522568,0.0006,0.0,-0.0004,0.0335,0.0582,9.8117,1e-05,-0.00044,5e-05,2.2851013409195504
2025-12-24 16:48:12.974214,-90.0,26.658436328349975,-6356748.803345179,2.2851013409195504,0.44588641344391855,-0.05317462402522568,0.0006,0.0,-0.0004,0.0631,0.0786,9.8085,0.00033,-0.00027,0.00025,2.2851013409195504
2025-12-24 16:48:13.077280,-90.0,26.658436328349975,-6356748.803345179,2.2851013409195504,0.44588641344391855,-0.05317462402522568,0.0006,0.0,-0.0004,0.0434,0.0624,9.7998,0.00022,-0.00095,-0.00029,2.2851013409195504
2025-12-24 16:48:13.179498,-90.0,26.658467955516127,-6356748.803545179,2.285127534636505,0.44387121940454627,-0.05649354987473473,0.0011,0.0001,-0.0,0.0389,0.0679,9.8094,-0.00077,0.00186,-0.00015,2.285127534636505
2025-12-24 16:48:13.282386,-90.0,26.658467955516127,-6356748.803545179,2.285127534636505,0.44387121940454627,-0.05649354987473473,0.0011,0.0001,-0.0,0.0693,0.0395,9.8286,0.00042,0.00118,-0.00015,2.285127534636505
2025-12-24 16:48:13.386044,-90.0,26.65846568985775,-6356748.803745179,2.28515176696834,0.4466691833861844,-0.05711091467145332,0.0032,0.0019,0.0004,0.0626,0.0914,9.8569,0.00014,-0.00058,0.00035,2.28515176696834
2025-12-24 16:48:13.472950,-90.0,26.65846568985775,-6356748.803745179,2.28515176696834,0.4466691833861844,-0.05711091467145332,0.0032,0.0019,0.0004,0.0755,0.0441,9.8096,9e-05,-0.00018,0.00043,2.28515176696834
2025-12-24 16:48:13.573704,-90.0,26.65846568985775,-6356748.803745179,2.28515176696834,0.4466691833861844,-0.05711091467145332,0.0032,0.0019,0.0004,0.0204,0.0469,9.8011,0.00032,-0.00054,0.00036,2.28515176696834
2025-12-24 16:48:13.672581,-90.0,26.658452114321843,-6356748.803545179,2.2851542738428323,0.44731030257144355,-0.05492916364679848,0.0011,0.0025,0.0001,0.0324,0.0708,9.807,0.00019,-0.00066,1e-05,2.2851542738428323
2025-12-24 16:48:13.773607,-90.0,26.658452114321843,-6356748.803545179,2.2851542738428323,0.44731030257144355,-0.05492916364679848,0.0011,0.0025,0.0001,0.0624,0.0734,9.8155,-6e-05,-0.00165,-0.00066,2.2851542738428323
2025-12-24 16:48:13.881055,-90.0,26.658452114321843,-6356748.803545179,2.2851542738428323,0.44731030257144355,-0.05492916364679848,0.0011,0.0025,0.0001,0.0524,0.0635,9.8176,0.00065,-0.00027,0.00012,2.2851542738428323
2025-12-24 16:48:13.973546,-90.0,26.658470165943612,-6356748.803345179,2.285211735161334,0.44767331535641863,-0.057672757213191525,0.0006,0.0005,-0.0004,0.0407,0.0579,9.8178,0.00105,0.00018,7e-05,2.285211735161334
2025-12-24 16:48:14.073693,-90.0,26.658470165943612,-6356748.803345179,2.285211735161334,0.44767331535641863,-0.057672757213191525,0.0006,0.0005,-0.0004,0.063,0.0775,9.8275,-0.00141,-0.00232,-0.00037,2.285211735161334
2025-12-24 16:48:14.173255,-90.0,26.658470165943612,-6356748.803345179,2.285211735161334,0.44767331535641863,-0.057672757213191525,0.0006,0.0005,-0.0004,0.0369,-0.0199,9.778,0.00113,-0.0031,-0.00177,2.285211735161334
2025-12-24 16:48:14.272545,-90.0,26.658479210164543,-6356748.80304518,2.2851849318624335,0.4516853630822689,-0.05734749829233885,0.0029,-0.0013,-0.0002,0.1397,0.0503,9.823,0.00029,0.00244,0.00239,2.2851849318624335
2025-12-24 16:48:14.372982,-90.0,26.658479210164543,-6356748.80304518,2.2851849318624335,0.4516853630822689,-0.05734749829233885,0.0029,-0.0013,-0.0002,0.0072,0.1425,9.8191,-0.0006,-0.00039,0.00039,2.2851849318624335
2025-12-24 16:48:14.472696,-90.0,26.65844308850881,-6356748.80304518,2.285035184209648,0.4595054307343135,-0.052359736346395964,0.0,-0.0013,-0.0012,-0.0577,0.1023,9.8463,-0.00076,0.00174,-0.00192,2.285035184209648
2025-12-24 16:48:14.573331,-90.0,26.65844308850881,-6356748.80304518,2.285035184209648,0.4595054307343135,-0.052359736346395964,0.0,-0.0013,-0.0012,0.0804,-0.057,9.806,-0.00029,0.00114,0.0005,2.285035184209648
2025-12-24 16:48:14.674652,-90.0,26.65844308850881,-6356748.80304518,2.285035184209648,0.4595054307343135,-0.052359736346395964,0.0,-0.0013,-0.0012,0.1031,0.1092,9.7959,0.00067,-0.00041,0.00056,2.285035184209648
2025-12-24 16:48:14.773282,-90.0,26.658467992336092,-6356748.8031451795,2.285121313089892,0.4496566578396066,-0.056748390930245356,-0.0017,0.0074,0.0008,0.025,0.097,9.8452,0.00023,-0.00137,-0.00101,2.285121313089892
2025-12-24 16:48:14.873247,-90.0,26.658467992336092,-6356748.8031451795,2.285121313089892,0.4496566578396066,-0.056748390930245356,-0.0017,0.0074,0.0008,0.0393,0.07,9.8206,0.00052,0.00011,-0.00017,2.285121313089892
2025-12-24 16:48:14.976527,-90.0,26.658467992336092,-6356748.8031451795,2.285121313089892,0.4496566578396066,-0.056748390930245356,-0.0017,0.0074,0.0008,0.0405,0.0506,9.8074,0.00045,-0.0006,-0.00028,2.285121313089892
2025-12-24 16:48:15.074811,-90.0,26.65851527655379,-6356748.802945179,2.2851427833880784,0.4550882367138779,-0.05540736071583111,0.0045,-0.0014,-0.0002,0.0474,0.0766,9.793,-8e-05,-0.00099,-0.00056,2.2851427833880784
2025-12-24 16:48:15.173876,-90.0,26.65851527655379,-6356748.802945179,2.2851427833880784,0.4550882367138779,-0.05540736071583111,0.0045,-0.0014,-0.0002,0.0424,0.0176,9.8138,-6e-05,0.00057,-0.00018,2.2851427833880784
2025-12-24 16:48:15.274985,-90.0,26.65847237636884,-6356748.802845179,2.2851052400209073,0.4518284024579232,-0.05625763845640963,-0.0006,0.0007,-0.0001,0.0329,0.0601,9.8097,0.00074,-0.00066,-0.00027,2.2851052400209073
2025-12-24 16:48:15.375296,-90.0,26.65847237636884,-6356748.802845179,2.2851052400209073,0.4518284024579232,-0.05625763845640963,-0.0006,0.0007,-0.0001,0.0557,0.0677,9.812,-0.00011,-0.00024,-0.00034,2.2851052400209073
2025-12-24 16:48:15.472797,-90.0,26.65847237636884,-6356748.802845179,2.2851052400209073,0.4518284024579232,-0.05625763845640963,-0.0006,0.0007,-0.0001,0.0394,0.0808,9.8161,0.00011,-0.0011,-0.00042,2.2851052400209073
2025-12-24 16:48:15.574041,-90.0,26.65847237636884,-6356748.80254518,2.2850835273669885,0.45131213102330076,-0.053465322282700886,0.0012,-0.0,-0.0,0.026,0.0732,9.8082,0.00054,-0.00141,0.00011,2.2850835273669885
2025-12-24 16:48:15.676534,-90.0,26.65847237636884,-6356748.80254518,2.2850835273669885,0.45131213102330076,-0.053465322282700886,0.0012,-0.0,-0.0,0.062,0.074,9.8125,0.00056,6e-05,-0.00036,2.2850835273669885
2025-12-24 16:48:15.775339,-90.0,26.65847237636884,-6356748.80254518,2.2850835273669885,0.45131213102330076,-0.053465322282700886,0.0012,-0.0,-0.0,0.0534,0.0444,9.8075,-0.00058,0.00014,-0.00032,2.2850835273669885
2025-12-24 16:48:15.872879,-90.0,26.65846114013344,-6356748.802145179,2.2850816312711397,0.4490345461755311,-0.0526150427854893,0.0006,0.0014,-0.0002,0.0435,0.0673,9.8155,-0.00012,-0.00081,0.00017,2.2850816312711397
2025-12-24 16:48:15.973034,-90.0,26.65846114013344,-6356748.802145179,2.2850816312711397,0.4490345461755311,-0.0526150427854893,0.0006,0.0014,-0.0002,0.0424,0.0824,9.8135,0.00015,5e-05,-0.00013,2.2850816312711397
2025-12-24 16:48:16.076005,-90.0,26.65846114013344,-6356748.802145179,2.2850816312711397,0.4490345461755311,-0.0526150427854893,0.0006,0.0014,-0.0002,0.0469,0.068,9.8117,0.00046,0.00065,-0.00017,2.2850816312711397
2025-12-24 16:48:16.177042,-90.0,26.658470165943612,-6356748.801845179,2.2850485374368716,0.45150102207681914,-0.05248976009341468,0.0014,0.0005,-0.0001,0.0611,0.0591,9.8055,0.00029,0.00029,-0.00015,2.2850485374368716
2025-12-24 16:48:16.273520,-90.0,26.658470165943612,-6356748.801845179,2.2850485374368716,0.45150102207681914,-0.05248976009341468,0.0014,0.0005,-0.0001,-0.2933,-0.0351,9.8231,0.00047,-0.00581,-0.00129,2.2850485374368716
2025-12-24 16:48:16.374006,-90.0,26.658470184354027,-6356748.800445179,2.285059099676294,0.4491826075600965,-0.049897410630941275,0.001,0.0009,0.0002,-0.437,0.1352,9.6419,-0.00015,0.01452,-0.001,2.285059099676294
2025-12-24 16:48:16.475181,-90.0,26.658470184354027,-6356748.800445179,2.285059099676294,0.4491826075600965,-0.049897410630941275,0.001,0.0009,0.0002,-1.0282,0.0704,9.7869,-0.00196,0.00334,2e-05,2.285059099676294
2025-12-24 16:48:16.575279,-90.0,26.658470184354027,-6356748.800445179,2.285059099676294,0.4491826075600965,-0.049897410630941275,0.001,0.0009,0.0002,-1.1582,0.1398,9.8066,-0.00389,0.00712,0.0015,2.285059099676294
2025-12-24 16:48:16.676060,-90.0,26.655698260764247,-6356748.799645179,2.285045216277306,0.3329364643829914,-0.11644300751201107,-0.3555,0.0096,-0.0019,-1.3391,0.0706,9.7733,-0.00083,0.00399,0.00046,2.285045216277306
2025-12-24 16:48:16.772687,-90.0,26.65373056704927,-6356748.79974518,2.2848162268170564,0.38552990992808883,-0.08533865856041885,-0.4059,-0.0061,0.0002,-0.0358,-0.741,9.3924,0.00683,0.0007,-0.00355,2.2848162268170564
2025-12-24 16:48:16.874585,-90.0,26.651832900942136,-6356748.799045179,2.2847423671826683,0.42316446405636654,-0.06952331903199269,-0.386,0.0029,0.0005,0.9308,0.1386,10.143,0.00027,0.01053,0.00241,2.2847423671826683
2025-12-24 16:48:16.975719,-90.0,26.651161768258746,-6356748.801845179,2.2848272474975433,0.4155461152314028,-0.09645056062666904,-0.3346,0.0065,0.0039,0.396,0.1491,9.6261,-0.00267,-0.00104,0.00237,2.2848272474975433
2025-12-24 16:48:17.079542,-90.0,26.649562395200906,-6356748.80194518,2.284771355446533,0.40276701002276766,-0.10844910066832678,-0.3224,0.0068,0.0041,0.2212,0.2202,10.0092,-0.00039,0.01083,-0.00308,2.284771355446533
2025-12-24 16:48:17.174257,-90.0,26.648281684089305,-6356748.802745179,2.284614701898704,0.4180579146894497,-0.07485468679905785,-0.2886,0.0098,0.0041,0.5968,0.0344,9.8,-0.00105,-0.00407,0.00014,2.284614701898704
2025-12-24 16:48:17.295606,-90.0,26.646915071165306,-6356748.802945179,2.2845861356503177,0.41012914402710704,-0.06410896567078182,-0.2626,0.0078,0.0048,0.4132,-0.1326,9.7682,0.00156,-0.00584,-0.00038,2.2845861356503177
2025-12-24 16:48:17.377418,-90.0,26.644500152012228,-6356748.79864518,2.284545726902056,0.40646416382310757,-0.09109837705484417,-0.2535,0.0018,0.0017,0.147,0.1419,9.8881,-0.00035,0.00969,-0.00086,2.284545726902056
2025-12-24 16:48:17.479650,-90.0,26.64334135753545,-6356748.79874518,2.284572080968025,0.4010451625014955,-0.08475978779373507,-0.2075,0.0083,-0.0029,0.6531,0.099,9.7132,-0.0008,0.02123,0.00117,2.284572080968025
2025-12-24 16:48:17.592593,-90.0,26.6423655804735,-6356748.798545179,2.2845591275562196,0.38086052646806184,-0.08276575028817976,-0.1881,0.0116,0.0011,0.2546,-0.0355,9.764,-0.004,-0.01187,-0.00085,2.2845591275562196
2025-12-24 16:48:17.675700,-90.0,26.640906813887018,-6356748.795845179,2.2844202773727345,0.35962595688316673,-0.06989247078118874,-0.1614,0.0175,-0.0043,0.2071,0.0481,9.8474,-0.005,0.00038,-0.00064,2.2844202773727345
2025-12-24 16:48:17.773000,-90.0,26.6401479238353,-6356748.795545179,2.284348959699512,0.3507031737555314,-0.0597214290842174,-0.1373,0.013,-0.0034,0.4328,-0.0024,9.7516,-0.00117,0.00345,-0.00051,2.284348959699512
2025-12-24 16:48:17.878935,-90.0,26.639520040932926,-6356748.795145179,2.2844315846314207,0.3279995361805479,-0.0709899509934708,-0.1164,0.0126,-0.002,0.1931,0.0526,9.8397,-0.00128,0.00096,0.00065,2.2844315846314207
2025-12-24 16:48:17.973971,-90.0,26.639034352348567,-6356748.7960451795,2.284311215968411,0.3152070924217003,-0.08349550582330292,-0.0926,0.0106,-0.0032,0.2236,0.0721,9.7881,-0.00033,0.00522,-0.00121,2.284311215968411
2025-12-24 16:48:18.079297,-90.0,26.63859847250175,-6356748.795745179,2.28421432039901,0.3083955375291307,-0.08042155331813942,-0.0773,0.0121,-0.0026,0.2127,0.054,9.7986,-0.00152,0.00039,-0.00027,2.28421432039901
2025-12-24 16:48:18.172818,-90.0,26.638248419454687,-6356748.79544518,2.2842099024756184,0.29831307848240324,-0.08427311035884355,-0.0629,0.0097,-0.0024,0.1462,0.0249,9.8009,-0.00135,0.00171,-0.0002,2.2842099024756184
2025-12-24 16:48:18.274015,-90.0,26.636529134549313,-6356748.7960451795,2.2842608561928506,0.2932576358341115,-0.08507812170488957,-0.0703,0.0062,-0.0028,0.1698,0.0472,9.807,-0.00125,-0.00128,-0.00029,2.2842608561928506
2025-12-24 16:48:18.373334,-90.0,26.636199390322997,-6356748.795845179,2.2842605925492436,0.2861653219241254,-0.08113783237727863,-0.0623,0.0074,-0.0012,0.1066,0.0653,9.8157,-0.00176,-0.00289,0.00022,2.2842605925492436
2025-12-24 16:48:18.490987,-90.0,26.63585585531612,-6356748.798045179,2.2843713378185893,0.274637091807892,-0.0807496794157963,-0.0516,0.0029,-0.0006,0.0958,0.0238,9.8042,-0.0008,0.00033,0.00015,2.2843713378185893
2025-12-24 16:48:18.574140,-90.0,26.635611923416498,-6356748.797945179,2.2843245821453415,0.27184081060094384,-0.0757225385232623,-0.0442,0.0032,-0.0009,0.1165,0.0585,9.78,-0.00108,-0.00039,-0.00066,2.2843245821453415
2025-12-24 16:48:18.673012,-90.0,26.63541316746867,-6356748.797845179,2.284309146419119,0.26855160851025245,-0.07155422238287744,-0.0368,0.0022,-0.0005,0.0845,-0.0029,9.8035,-0.00056,-0.00101,-0.00022,2.284309146419119
2025-12-24 16:48:18.774228,-90.0,26.635368033486973,-6356748.79864518,2.2842940964535705,0.2652908914492227,-0.07682223827106188,-0.0257,0.0012,-0.0009,0.0855,0.0799,9.8192,4e-05,0.00243,0.00016,2.2842940964535705
2025-12-24 16:48:18.873888,-90.0,26.6352551153723,-6356748.79874518,2.2843090473853254,0.2635135743689599,-0.07045476363083313,-0.0176,0.0021,0.001,0.1414,-0.0171,9.7744,-0.0005,0.00142,0.0003,2.2843090473853254
2025-12-24 16:48:18.973254,-90.0,26.63637310643012,-6356748.802645179,2.2842615021568844,0.2592905543083684,-0.09152989990458649,0.0158,-0.003,-0.0007,0.0181,0.0198,9.8112,-0.00013,-0.00107,-0.00062,2.2842615021568844
2025-12-24 16:48:19.108308,-90.0,26.63637310643012,-6356748.802645179,2.2842615021568844,0.2592905543083684,-0.09152989990458649,0.0158,-0.003,-0.0007,0.0924,0.004,9.7903,-0.00035,0.00214,0.00056,2.2842615021568844
2025-12-24 16:48:19.174614,-90.0,26.63637310643012,-6356748.802645179,2.2842615021568844,0.2592905543083684,-0.09152989990458649,0.0158,-0.003,-0.0007,0.1306,-0.1237,9.6987,0.00272,-0.00124,0.00032,2.2842615021568844
2025-12-24 16:48:19.273109,-90.0,26.63614951883191,-6356748.802145179,2.2841859447727906,0.2593484917925182,-0.08116381868510626,0.0123,0.0008,0.0018,0.0836,0.0804,9.8514,-0.00213,-0.0085,-0.001,2.2841859447727906
2025-12-24 16:48:19.375949,-90.0,26.63614951883191,-6356748.802145179,2.2841859447727906,0.2593484917925182,-0.08116381868510626,0.0123,0.0008,0.0018,-0.0782,0.1473,9.866,-0.0019,0.00095,-0.0007,2.2841859447727906
2025-12-24 16:48:19.473798,-90.0,26.63614951883191,-6356748.802145179,2.2841859447727906,0.2593484917925182,-0.08116381868510626,0.0123,0.0008,0.0018,0.0899,0.0006,9.7804,0.00151,0.00321,0.00074,2.2841859447727906
2025-12-24 16:48:19.574569,-90.0,26.6361291455857,-6356748.80144518,2.2842409735544162,0.26847098895144605,-0.0680552237086284,0.0114,0.0016,0.003,0.0194,0.0555,9.814,0.00022,-0.00141,-0.00077,2.2842409735544162
2025-12-24 16:48:19.675764,-90.0,26.6361291455857,-6356748.80144518,2.2842409735544162,0.26847098895144605,-0.0680552237086284,0.0114,0.0016,0.003,-0.0007,0.0093,9.8153,-0.00024,-0.00096,-0.00033,2.2842409735544162
2025-12-24 16:48:19.816772,-90.0,26.635742881266797,-6356748.799445179,2.2841639862535748,0.26197034078470416,-0.06925340787875324,0.003,-0.003,-0.0009,0.0311,0.0726,9.8351,0.00015,0.00045,0.0003,2.2841639862535748
2025-12-24 16:48:19.873273,-90.0,26.635742881266797,-6356748.799445179,2.2841639862535748,0.26197034078470416,-0.06925340787875324,0.003,-0.003,-0.0009,0.0137,0.0505,9.8025,-0.00071,0.00091,-0.00024,2.2841639862535748
2025-12-24 16:48:19.983414,-90.0,26.635742881266797,-6356748.799445179,2.2841639862535748,0.26197034078470416,-0.06925340787875324,0.003,-0.003,-0.0009,0.0217,0.0222,9.8088,0.00058,-0.00042,-0.00011,2.2841639862535748
2025-12-24 16:48:20.076086,-90.0,26.635528363119683,-6356748.799145179,2.284124498958252,0.2611231168470366,-0.06711617508364896,0.0015,0.0011,-0.0,0.0078,0.0591,9.7407,0.00041,0.00216,-0.00035,2.284124498958252
2025-12-24 16:48:20.202439,-90.0,26.635528363119683,-6356748.799145179,2.284124498958252,0.2611231168470366,-0.06711617508364896,0.0015,0.0011,-0.0,-0.9129,0.1014,9.8241,-0.00055,-0.00223,0.00019,2.284124498958252
2025-12-24 16:48:20.272608,-90.0,26.635528363119683,-6356748.799145179,2.284124498958252,0.2611231168470366,-0.06711617508364896,0.0015,0.0011,-0.0,-0.5753,0.0825,9.7656,-0.0008,0.00217,-0.0011,2.284124498958252
2025-12-24 16:48:20.373073,-90.0,26.635483145888287,-6356748.798945179,2.2841308380323544,0.2642346171034407,-0.0675846657416297,-0.0004,0.0004,-0.0006,-1.0864,-0.2016,9.8287,0.0093,0.00511,-0.00138,2.2841308380323544
2025-12-24 16:48:20.473980,-90.0,26.635483145888287,-6356748.798945179,2.2841308380323544,0.2642346171034407,-0.0675846657416297,-0.0004,0.0004,-0.0006,-1.4655,0.1369,9.7765,0.01071,0.00702,-0.00105,2.2841308380323544
2025-12-24 16:48:20.573259,-90.0,26.635483145888287,-6356748.798945179,2.2841308380323544,0.2642346171034407,-0.0675846657416297,-0.0004,0.0004,-0.0006,-1.3578,0.1909,9.8663,0.00854,0.00288,-0.00193,2.2841308380323544
2025-12-24 16:48:20.676495,-90.0,26.629370800203464,-6356748.7971451795,2.2834469609289902,0.24834168643244056,-0.3453306860598412,-0.5646,0.0026,-0.003,-0.9275,0.425,9.8622,0.00327,0.00021,-0.00545,2.2834469609289902
2025-12-24 16:48:20.776829,-90.0,26.626314954290653,-6356748.796745179,2.2835093696120583,0.22806673067486746,-0.3189466516628291,-0.6809,0.0163,-0.0079,-1.587,0.0018,9.9528,-0.00366,0.00958,0.00458,2.2835093696120583
2025-12-24 16:48:20.874753,-90.0,26.622979040586593,-6356748.79644518,2.2836506509478705,0.23266605293030063,-0.3808620522455093,-0.7901,-0.0118,-0.0104,-1.1995,0.2651,9.8918,0.0083,0.03551,-0.00306,2.2836506509478705
2025-12-24 16:48:20.975614,-90.0,26.618773704211442,-6356748.795545179,2.2834122201065625,0.24351810092423146,-0.40197527899494717,-0.9106,0.0163,-0.0148,-0.5779,0.7149,9.7173,-0.00439,0.07682,-0.00131,2.2834122201065625
2025-12-24 16:48:21.072910,-90.0,26.61425929851224,-6356748.792545179,2.284091602693028,0.20107525710153873,-0.3756595221916477,-1.0267,0.0169,-0.0144,-1.2989,0.0703,10.0456,-0.00505,0.00575,0.00175,2.284091602693028
2025-12-24 16:48:21.174228,-90.0,26.608931948849953,-6356748.790345179,2.2836621581012535,0.11996581372330702,-0.48104713708889196,-1.1658,0.0118,-0.019,-2.2332,-0.1169,10.6214,-0.01645,-0.02487,0.00299,2.2836621581012535
2025-12-24 16:48:21.281168,-90.0,26.60297483577721,-6356748.788945179,2.284411774409136,0.07448174370569582,-0.5680614783503172,-1.2558,0.0007,-0.0231,-1.175,0.5996,9.9386,0.00334,0.07163,0.00012,2.284411774409136
2025-12-24 16:48:21.374489,-90.0,26.59576929379804,-6356748.78504518,2.2829243736931506,0.0921153935761474,-0.6372578815618009,-1.3988,0.0063,-0.0215,-0.3307,0.3644,9.8381,0.00392,0.03192,0.0008,2.2829243736931506
2025-12-24 16:48:21.473868,-90.0,26.58874719560031,-6356748.78334518,2.2836793984813752,0.12746884387202523,-0.5484318921756212,-1.4261,0.0378,-0.0304,0.6153,-0.3321,9.6098,-0.00963,0.04939,0.01167,2.2836793984813752
2025-12-24 16:48:21.575585,-90.0,26.58179545935246,-6356748.78174518,2.284184719817132,0.23881716334533903,-0.29591766722395624,-1.3603,0.0231,-0.006,1.2536,-0.0488,10.2561,-0.00954,-0.04591,-0.01314,2.284184719817132
2025-12-24 16:48:21.678438,-90.0,26.5754424356503,-6356748.782045179,2.2846861724271585,0.20791830730955574,-0.21166648441972102,-1.2201,0.0321,0.0049,1.4102,0.0804,9.4557,-0.01225,-0.02246,0.01209,2.2846861724271585
2025-12-24 16:48:21.780561,-90.0,26.567981349300084,-6356748.768245179,2.2849304897996303,0.1525163439138386,-0.13897022795975825,-1.0827,0.0241,-0.0144,1.0796,0.0357,9.6864,-0.0079,0.02977,0.00679,2.2849304897996303
2025-12-24 16:48:21.882398,-90.0,26.562999197522227,-6356748.76634518,2.2846362969230873,0.16489906240184424,-0.17235500985100596,-0.9361,-0.0081,-0.0268,2.0619,0.1033,9.6017,0.01091,0.10354,-0.01342,2.2846362969230873
2025-12-24 16:48:21.985172,-90.0,26.558644788585863,-6356748.76354518,2.2841516230776073,0.2053382953161312,-0.17993124701925098,-0.8418,0.0136,-0.0261,0.782,0.2688,9.9869,0.00202,-0.0456,0.00143,2.2841516230776073
2025-12-24 16:48:22.093017,-90.0,26.554091863097614,-6356748.75434518,2.2840024783341955,0.26705996882855326,-0.12196973160061969,-0.7656,0.008,-0.0203,1.2094,-0.0567,9.842,0.01073,0.02049,-0.00608,2.2840024783341955
2025-12-24 16:48:22.173145,-90.0,26.550586459972003,-6356748.751745179,2.284083206846163,0.27750874105360684,-0.16331678586461584,-0.6783,0.0066,-0.0207,0.3485,0.3153,10.2121,0.00248,-0.00571,0.0071,2.284083206846163
2025-12-24 16:48:22.273299,-90.0,26.547491944634828,-6356748.749645179,2.284370570121319,0.32601333724936815,-0.1394184731314067,-0.5753,0.0119,-0.0235,1.1763,0.953,9.7097,0.00482,0.02615,0.00021,2.284370570121319
2025-12-24 16:48:22.372522,-90.0,26.544894144878107,-6356748.754645179,2.283787214191107,0.3413625271688298,-0.11934425945042168,-0.4946,0.0028,-0.0106,0.9119,-0.2111,9.7939,0.00258,0.01299,-0.00601,2.283787214191107
2025-12-24 16:48:22.472802,-90.0,26.542639381596892,-6356748.753545179,2.2837830143068536,0.359218535391474,-0.0850951175575262,-0.4184,0.0106,-0.0133,1.2417,-0.0768,9.5599,-0.00503,0.00515,0.0021,2.2837830143068536
2025-12-24 16:48:22.574658,-90.0,26.54135961983627,-6356748.746945179,2.2840494519646986,0.3534065403530078,-0.08237662447453423,-0.3408,-0.003,-0.0098,0.6902,-0.1528,9.9822,0.00392,-0.01009,-0.00061,2.2840494519646986
2025-12-24 16:48:22.673324,-90.0,26.539903885386202,-6356748.745745179,2.283810434314801,0.3484754364346616,-0.09908436669631203,-0.258,0.0138,-0.0142,0.5616,0.3768,9.7906,-0.00027,0.01082,0.0002,2.283810434314801
2025-12-24 16:48:22.773254,-90.0,26.538744094864242,-6356748.745945179,2.284089202335889,0.35533833882355276,-0.0549147029384613,-0.2063,0.0012,-0.0116,0.746,-0.081,9.719,-0.00429,-0.00161,0.00054,2.284089202335889
2025-12-24 16:48:22.873491,-90.0,26.53790680679043,-6356748.744645179,2.2840345788844845,0.3529694941855796,-0.05523252311235287,-0.1458,-0.007,-0.0095,0.5592,0.1796,9.8751,0.00181,0.0011,-0.0006,2.2840345788844845
2025-12-24 16:48:22.973536,-90.0,26.537649587819022,-6356748.74544518,2.284014008168339,0.35333311429081743,-0.038935052574019385,-0.0831,-0.005,-0.01,0.5531,-0.0103,9.7931,-0.001,0.0021,-0.00077,2.284014008168339
2025-12-24 16:48:23.075373,-90.0,26.537365240422226,-6356748.744545179,2.283917048280757,0.3562527131319021,-0.03317381208144707,-0.0375,-0.0084,-0.0077,0.5791,0.0028,9.8008,-0.00035,-0.00781,-0.00096,2.283917048280757
2025-12-24 16:48:23.173202,-90.0,26.537356237003667,-6356748.743645179,2.2839205604846375,0.3482763565683783,-0.05017739114322503,0.0229,-0.0079,-0.0099,0.3763,0.1018,9.8443,0.00091,0.00957,0.00098,2.2839205604846375
2025-12-24 16:48:23.307242,-90.0,26.5378617764564,-6356748.747945179,2.283991855609104,0.2973877219727506,-0.11251351016629503,0.0274,-0.0144,-0.0109,-0.1318,-0.1816,9.6885,0.00503,0.01994,-0.00027,2.283991855609104
2025-12-24 16:48:23.376521,-90.0,26.5379385477389,-6356748.746845179,2.2840201167991045,0.2920954147202816,-0.16571382700575188,-0.0076,-0.0112,-0.0078,-0.2913,0.1956,9.8287,0.00183,-0.00316,0.0002,2.2840201167991045
2025-12-24 16:48:23.473150,-90.0,26.5379385477389,-6356748.746845179,2.2840201167991045,0.2920954147202816,-0.16571382700575188,-0.0076,-0.0112,-0.0078,0.0527,0.0831,9.9115,-0.00109,-0.00822,-0.00165,2.2840201167991045
2025-12-24 16:48:23.574422,-90.0,26.537805321355332,-6356748.750245179,2.2839200935691597,0.2894826325438118,-0.15114757735446002,-0.0247,-0.0023,-0.0016,-0.143,-0.0763,9.8036,0.00018,0.00427,-0.00087,2.2839200935691597
2025-12-24 16:48:23.675092,-90.0,26.53769699621635,-6356748.750045179,2.2839814531143556,0.30375536178065976,-0.1358091397964946,-0.0124,-0.0011,-0.0044,0.2665,0.0644,9.8096,-0.00068,0.0007,0.00103,2.2839814531143556
2025-12-24 16:48:23.774091,-90.0,26.538222779975772,-6356748.752245179,2.283924234154399,0.2888595658674061,-0.1439988203519435,-0.0099,0.0054,-0.0008,-0.0516,0.1518,9.8143,-9e-05,-0.00097,-0.00031,2.283924234154399
2025-12-24 16:48:23.873323,-90.0,26.538222779975772,-6356748.752245179,2.283924234154399,0.2888595658674061,-0.1439988203519435,-0.0099,0.0054,-0.0008,0.0326,0.0764,9.7781,0.00152,0.00128,-0.00068,2.283924234154399
2025-12-24 16:48:23.973914,-90.0,26.538222779975772,-6356748.752245179,2.283924234154399,0.2888595658674061,-0.1439988203519435,-0.0099,0.0054,-0.0008,0.0625,0.0292,9.8551,0.0005,0.00016,0.00148,2.283924234154399
2025-12-24 16:48:24.074200,-90.0,26.53835144339701,-6356748.751745179,2.2840166605804137,0.3004598511290174,-0.1434939657857076,0.0009,-0.0014,0.0005,-0.0266,0.0237,9.7692,0.00109,0.00126,0.00023,2.2840166605804137
2025-12-24 16:48:24.175839,-90.0,26.53835144339701,-6356748.751745179,2.2840166605804137,0.3004598511290174,-0.1434939657857076,0.0009,-0.0014,0.0005,0.0127,0.0778,9.8055,0.00035,0.00035,-0.00023,2.2840166605804137
2025-12-24 16:48:24.273694,-90.0,26.53835144339701,-6356748.751745179,2.2840166605804137,0.3004598511290174,-0.1434939657857076,0.0009,-0.0014,0.0005,0.019,0.0742,9.8302,2e-05,-0.00016,-0.00055,2.2840166605804137
2025-12-24 16:48:24.374021,-90.0,26.53833113227909,-6356748.750645179,2.283957027649531,0.31306872681872744,-0.1437704475448949,-0.0044,-0.002,-0.0012,0.0372,0.0873,9.7752,-0.00062,-0.00222,-0.00093,2.283957027649531
2025-12-24 16:48:24.474757,-90.0,26.53833113227909,-6356748.750645179,2.283957027649531,0.31306872681872744,-0.1437704475448949,-0.0044,-0.002,-0.0012,-0.2195,0.1872,9.8936,-0.00069,-0.00394,0.00083,2.283957027649531
2025-12-24 16:48:24.575248,-90.0,26.538306268953818,-6356748.750045179,2.283839015932434,0.320247219026827,-0.1440012998872468,-0.0045,0.0003,0.0008,-0.0011,0.2569,9.8517,0.00127,0.00498,0.00062,2.283839015932434
2025-12-24 16:48:24.673512,-90.0,26.538306268953818,-6356748.750045179,2.283839015932434,0.320247219026827,-0.1440012998872468,-0.0045,0.0003,0.0008,0.0459,0.0132,9.7686,0.00011,0.00339,-0.00179,2.283839015932434
2025-12-24 16:48:24.774256,-90.0,26.538306268953818,-6356748.750045179,2.283839015932434,0.320247219026827,-0.1440012998872468,-0.0045,0.0003,0.0008,0.027,0.0439,9.7808,-0.0001,-0.00207,0.00093,2.283839015932434
2025-12-24 16:48:24.874260,-90.0,26.538267848963223,-6356748.74994518,2.283797285176702,0.3289334350159108,-0.14645019644431298,-0.0026,0.0024,0.0011,-0.0117,0.0939,9.8327,0.00038,0.00021,-5e-05,2.283797285176702
2025-12-24 16:48:24.973437,-90.0,26.538267848963223,-6356748.74994518,2.283797285176702,0.3289334350159108,-0.14645019644431298,-0.0026,0.0024,0.0011,0.0247,0.0401,9.803,-0.0005,0.00068,0.00016,2.283797285176702
2025-12-24 16:48:25.074321,-90.0,26.538267848963223,-6356748.74994518,2.283797285176702,0.3289334350159108,-0.14645019644431298,-0.0026,0.0024,0.0011,-0.1155,0.1779,9.8934,-0.00048,-0.00149,-0.0001,2.283797285176702
2025-12-24 16:48:25.206816,-90.0,26.538258855199853,-6356748.7494451795,2.2836800798963846,0.32645010859713974,-0.14731881140677136,-0.0045,-0.0029,-0.0009,0.0039,0.0184,9.7587,0.00251,0.00395,-0.00057,2.2836800798963846
2025-12-24 16:48:25.289241,-90.0,26.538258855199853,-6356748.7494451795,2.2836800798963846,0.32645010859713974,-0.14731881140677136,-0.0045,-0.0029,-0.0009,0.0975,0.0157,9.7967,0.00031,-0.00421,0.00054,2.2836800798963846
2025-12-24 16:48:25.374119,-90.0,26.538258855199853,-6356748.7494451795,2.2836800798963846,0.32645010859713974,-0.14731881140677136,-0.0045,-0.0029,-0.0009,-0.0796,0.0619,9.8408,-0.00141,-0.00603,-0.00147,2.2836800798963846
2025-12-24 16:48:25.476948,-90.0,26.53824294851472,-6356748.75204518,2.283337331199387,0.3211256111639895,-0.15071878267251704,-0.0012,-0.0013,-0.0003,-0.0011,0.1257,9.8345,8e-05,-0.00128,-0.00022,2.283337331199387
2025-12-24 16:48:25.572496,-90.0,26.53824294851472,-6356748.75204518,2.283337331199387,0.3211256111639895,-0.15071878267251704,-0.0012,-0.0013,-0.0003,0.5474,0.0599,9.7636,0.00016,-0.0086,0.00085,2.283337331199387
2025-12-24 16:48:25.673287,-90.0,26.53818194606535,-6356748.752245179,2.283076079058162,0.3256027529653869,-0.15077884850339163,-0.0056,-0.0015,-0.0012,1.1647,0.0047,9.8148,0.00025,-0.00377,0.00049,2.283076079058162
2025-12-24 16:48:25.774880,-90.0,26.53818194606535,-6356748.752245179,2.283076079058162,0.3256027529653869,-0.15077884850339163,-0.0056,-0.0015,-0.0012,1.3476,0.0297,9.8691,0.0025,-0.00529,0.00041,2.283076079058162
2025-12-24 16:48:25.877227,-90.0,26.53818194606535,-6356748.752245179,2.283076079058162,0.3256027529653869,-0.15077884850339163,-0.0056,-0.0015,-0.0012,1.3554,-0.0082,9.8865,-0.00105,0.00403,-0.00293,2.283076079058162
2025-12-24 16:48:26.083936,-90.0,26.545722486764696,-6356748.75434518,2.282959635176427,0.36306764314112555,-0.0679515723822237,0.6231,-0.0004,0.0035,1.0177,0.1099,9.8314,-0.00295,-0.01013,-0.00248,2.282959635176427
2025-12-24 16:48:26.291990,-90.0,26.552444105135383,-6356748.755145179,2.2834283247080895,0.3316646610310981,-0.06966899937190132,0.8347,-0.0076,0.0021,1.5472,-0.1048,9.6667,0.00161,0.01142,0.00046,2.2834283247080895
2025-12-24 16:48:26.373572,-90.0,26.55675088883663,-6356748.756245179,2.2833831637293796,0.29287369175124817,-0.07191031152885896,0.9331,0.0096,0.0133,1.2901,-0.2081,9.9152,-0.01061,0.00736,-0.00349,2.2833831637293796
2025-12-24 16:48:26.496451,-90.0,26.56204206719961,-6356748.757345179,2.283747777351621,0.2849087563092504,-0.06173953413869149,1.0446,-0.0105,0.009,1.2139,-0.1416,9.9143,-0.00482,0.03552,0.00565,2.283747777351621
2025-12-24 16:48:26.593665,-90.0,26.567394405874747,-6356748.758545179,2.284527953351472,0.35879914246556777,-0.026193417392570417,1.1322,-0.0321,0.006,0.9714,-0.0464,9.6596,0.01374,-0.07607,0.00422,2.284527953351472
2025-12-24 16:48:26.774572,-90.0,26.58013627569744,-6356748.758545179,2.284710970518061,0.38547882532246097,-0.0912647756275501,1.3193,-0.0169,-0.0002,0.7985,0.2586,9.7596,0.0055,0.05581,0.01,2.284710970518061
2025-12-24 16:48:26.874263,-90.0,26.58730247000633,-6356748.76024518,2.2852402710493545,0.43284637302156503,-0.09833050225139556,1.3397,-0.0216,0.0069,0.0291,0.0132,9.5664,0.00895,-0.03418,0.00819,2.2852402710493545
2025-12-24 16:48:26.976645,-90.0,26.593793952163885,-6356748.759945179,2.2867742310368158,0.3282603661613399,-0.3759438264694144,1.2817,-0.0206,-0.0029,-1.6582,0.2374,9.8747,0.00846,0.04388,0.02015,2.2867742310368158
2025-12-24 16:48:27.117543,-90.0,26.60032878038091,-6356748.7620451795,2.288813133619737,0.3458725310291414,-0.4383350585011684,1.1766,-0.0121,0.002,-0.0849,0.2499,9.7554,0.00308,0.04277,0.02134,2.288813133619737
2025-12-24 16:48:27.175663,-90.0,26.60576658129768,-6356748.762845179,2.2909995421921927,0.27777655520805006,-0.4366306472383927,1.0793,0.0392,0.0135,-1.2635,1.144,10.0775,-0.01074,0.01944,0.01433,2.2909995421921927
2025-12-24 16:48:27.274550,-90.0,26.610706002594117,-6356748.76254518,2.292832707227353,0.3068627528668749,-0.3599336860810433,1.0212,0.0315,0.0107,0.007,0.391,9.6718,-0.00933,0.08037,0.02184,2.292832707227353
2025-12-24 16:48:27.372761,-90.0,26.615475983839016,-6356748.763945179,2.2949711027226405,0.33313382494345883,-0.2436807674829275,0.9645,0.0229,0.0114,0.1611,-0.1183,9.7527,-0.01222,-0.00568,0.01803,2.2949711027226405
2025-12-24 16:48:27.476433,-90.0,26.61999094190607,-6356748.764845179,2.29661595251209,0.25713844009863396,-0.262323369184802,0.907,0.0115,0.0076,-1.1413,-0.7041,9.7721,-0.0056,0.06885,0.01197,2.29661595251209
2025-12-24 16:48:27.573481,-90.0,26.624289916705383,-6356748.758845179,2.2975625095181047,0.3248629486613035,-0.1592521080698633,0.8669,0.0275,0.0008,-0.314,0.0882,9.7083,-0.00483,0.02785,0.00818,2.2975625095181047
2025-12-24 16:48:27.673116,-90.0,26.62831294853169,-6356748.759145179,2.2983721608075705,0.3030198180431146,-0.12230630195289366,0.7975,0.0263,0.0006,-0.8867,-0.322,9.7366,-0.00456,-0.02916,0.00566,2.2983721608075705
2025-12-24 16:48:27.791536,-90.0,26.631913217791563,-6356748.756045179,2.2980466381779303,0.34868953862401986,-0.045128614462230834,0.7616,0.0105,-0.0034,-0.4145,0.3287,9.9006,-0.00444,-0.01568,-0.00427,2.2980466381779303
2025-12-24 16:48:27.873776,-90.0,26.63552075258691,-6356748.756145179,2.298402259483359,0.38031713782471466,0.0032832530765367785,0.7138,-0.0063,0.0048,-0.5959,-0.6236,9.9314,0.00496,-0.03488,0.00793,2.298402259483359
2025-12-24 16:48:28.005559,-90.0,26.63917492318735,-6356748.7631451795,2.2984541260830773,0.4323750025409965,-0.00779204055895129,0.6907,-0.0219,0.0032,-0.0369,0.2079,9.683,0.00925,-0.0067,-0.00409,2.2984541260830773
2025-12-24 16:48:28.076213,-90.0,26.642515901317402,-6356748.763245179,2.2978901356408303,0.45950622079404513,-0.006547824958708538,0.6689,-0.0137,-0.0061,-0.1845,0.5081,9.9026,0.00363,-0.00132,-0.00161,2.2978901356408303
2025-12-24 16:48:28.173093,-90.0,26.646023631237185,-6356748.766545179,2.298664090599619,0.45185021583166174,-0.039794305947297236,0.6366,-0.0152,-0.0007,-1.0232,0.291,9.9612,-0.00165,-0.03578,0.00871,2.298664090599619
2025-12-24 16:48:28.273345,-90.0,26.649059907866874,-6356748.76904518,2.2984992406442215,0.4749007055790799,-0.035701274570984286,0.6186,-0.0201,0.0028,-0.4442,0.6685,9.8929,0.00759,0.02397,-0.00248,2.2984992406442215
2025-12-24 16:48:28.372762,-90.0,26.652010328697404,-6356748.769445179,2.298650309082581,0.49704022021029104,-0.017898375232701817,0.5764,-0.02,0.0005,-0.5417,0.0756,9.7917,0.00449,-0.01891,0.00203,2.298650309082581
2025-12-24 16:48:28.473774,-90.0,26.654608371668708,-6356748.76914518,2.29855052081887,0.5215861681423435,0.011970160527088483,0.5447,-0.015,0.0004,-0.3351,-0.1361,9.9802,-4e-05,-0.01605,-0.00136,2.29855052081887
2025-12-24 16:48:28.599980,-90.0,26.657227424491747,-6356748.76744518,2.2984469772390943,0.5013685407634121,0.006949592480770549,0.5265,-0.0049,-0.0048,-0.1069,0.0722,9.6211,-0.00148,0.01508,0.0017,2.2984469772390943
2025-12-24 16:48:28.689510,-90.0,26.659714830652593,-6356748.767545179,2.298417283726143,0.5551696369194437,-0.010233373161012608,0.4851,-0.0252,0.0013,-0.2856,0.2465,9.8269,0.0079,0.00634,-0.00303,2.298417283726143
2025-12-24 16:48:28.773144,-90.0,26.66198809694794,-6356748.76694518,2.2986669881229367,0.5695802555154668,-0.009115763710857643,0.4368,-0.0006,-0.0011,-0.5193,0.4739,9.6169,0.00578,-0.01233,0.00822,2.2986669881229367
2025-12-24 16:48:28.902394,-90.0,26.663987751630284,-6356748.76684518,2.298608791610654,0.4823117358665136,-0.07522779349645055,0.3769,0.0016,-0.0042,-1.0827,-0.2743,9.9053,-0.0091,0.03057,-0.00426,2.298608791610654
2025-12-24 16:48:28.973939,-90.0,26.66546807230337,-6356748.767345179,2.298482471777495,0.4083943325935019,-0.1472788384460734,0.294,-0.0024,-0.0359,-0.5822,-0.0296,9.3792,-0.0015,0.06405,-0.00077,2.298482471777495
2025-12-24 16:48:29.073768,-90.0,26.66652560649602,-6356748.764945179,2.2985822985477027,0.23064252974446547,-0.350821742349089,0.1256,-0.0115,-0.0369,-1.9889,-0.4013,10.0556,0.00368,0.02585,0.0004,2.2985822985477027
2025-12-24 16:48:29.173609,-90.0,26.666665569148947,-6356748.762645179,2.2985723267606843,0.23670037926770096,-0.40913938715103904,-0.0714,-0.0052,-0.0018,-1.6802,0.4233,10.372,0.00471,-0.02102,-0.00092,2.2985723267606843
2025-12-24 16:48:29.273701,-90.0,26.666394410004578,-6356748.766145179,2.2985062988975726,0.3313501125440541,-0.2995055303534308,-0.1451,0.003,0.044,-0.533,-0.0217,10.163,-0.00097,-0.04894,-0.0005,2.2985062988975726
2025-12-24 16:48:29.373554,-90.0,26.665845453577248,-6356748.7702451795,2.2983678607689684,0.49275121589916365,-0.1076663280815188,-0.1543,0.0001,0.0485,0.0153,0.0037,9.6124,-0.0006,-0.04595,-0.00159,2.2983678607689684
2025-12-24 16:48:29.504439,-90.0,26.665149460420395,-6356748.773845179,2.298120023744043,0.6109304912095475,0.011977389964926552,-0.1304,-0.0082,0.0211,0.3863,-0.0441,9.496,0.00235,-0.02092,-0.00146,2.298120023744043
2025-12-24 16:48:29.572743,-90.0,26.664742658991425,-6356748.773145179,2.297913025159937,0.7230937171320653,0.07305455866833331,-0.082,-0.0074,0.0064,1.324,0.5682,9.7461,0.00545,0.01664,-0.00147,2.297913025159937
2025-12-24 16:48:29.672814,-90.0,26.66465921718643,-6356748.77184518,2.297992794806474,0.7282783830564163,0.16980366753361992,0.0231,0.005,-0.0166,0.9988,-0.7736,10.0258,-0.00122,0.03626,-0.0006,2.297992794806474
2025-12-24 16:48:29.774909,-90.0,26.66477438768547,-6356748.770845179,2.2979357449255735,0.7227768682537606,0.11937707152291153,0.0188,-0.0053,-0.0075,-0.0812,0.2766,9.908,-0.00073,0.00433,0.00486,2.2979357449255735
2025-12-24 16:48:29.873438,-90.0,26.6649053045101,-6356748.767845179,2.298291605601535,0.6989252187346647,0.05039026992698349,0.0,-0.0167,-0.0037,0.1422,0.3758,9.868,0.00796,0.02048,-0.00054,2.298291605601535
2025-12-24 16:48:29.998060,-90.0,26.6649053045101,-6356748.767845179,2.298291605601535,0.6989252187346647,0.05039026992698349,0.0,-0.0167,-0.0037,0.1818,0.1924,9.7873,-0.00191,-0.00801,0.00076,2.298291605601535
2025-12-24 16:48:30.076594,-90.0,26.6649053045101,-6356748.767845179,2.298291605601535,0.6989252187346647,0.05039026992698349,0.0,-0.0167,-0.0037,-0.0117,0.0075,9.7391,0.00054,-0.00223,-0.00077,2.298291605601535
2025-12-24 16:48:30.177062,-90.0,26.664810413197607,-6356748.766245179,2.2981722675375664,0.7200468321542174,0.06857529666600605,-0.0181,-0.0004,-0.0025,-0.054,0.2155,9.8469,-0.00138,-0.00544,0.00045,2.2981722675375664
2025-12-24 16:48:30.288765,-90.0,26.664810413197607,-6356748.766245179,2.2981722675375664,0.7200468321542174,0.06857529666600605,-0.0181,-0.0004,-0.0025,0.0769,0.073,9.7459,0.00034,0.00471,-0.00059,2.2981722675375664
2025-12-24 16:48:30.393603,-90.0,26.664810413197607,-6356748.766245179,2.2981722675375664,0.7200468321542174,0.06857529666600605,-0.0181,-0.0004,-0.0025,0.0667,0.0598,9.7788,0.00119,0.00065,-2e-05,2.2981722675375664
2025-12-24 16:48:30.472693,-90.0,26.66534578606513,-6356748.767845179,2.29815366045045,0.7135984935150007,0.05915813108892775,0.0033,-0.0053,-0.0009,0.0687,0.1172,9.8148,0.00035,-0.00058,0.00031,2.29815366045045
2025-12-24 16:48:30.588691,-90.0,26.66534578606513,-6356748.767845179,2.29815366045045,0.7135984935150007,0.05915813108892775,0.0033,-0.0053,-0.0009,0.1157,0.0862,9.7945,0.00035,0.00125,-0.00084,2.29815366045045
2025-12-24 16:48:30.694508,-90.0,26.66534578606513,-6356748.767845179,2.29815366045045,0.7135984935150007,0.05915813108892775,0.0033,-0.0053,-0.0009,0.0649,0.1288,9.8542,-0.00041,-0.00142,0.00026,2.29815366045045
2025-12-24 16:48:30.773057,-90.0,26.665343499915913,-6356748.768145179,2.2981396529048075,0.7157203647193104,0.06451118415743279,-0.0014,-0.0036,-0.0006,0.1624,-0.0245,9.7701,-0.00034,0.00066,-0.00052,2.2981396529048075
2025-12-24 16:48:30.873777,-90.0,26.665343499915913,-6356748.768145179,2.2981396529048075,0.7157203647193104,0.06451118415743279,-0.0014,-0.0036,-0.0006,0.0176,0.4083,9.926,0.00083,0.01288,0.00126,2.2981396529048075
2025-12-24 16:48:31.001660,-90.0,26.66530538641207,-6356748.769445179,2.2980010320784836,0.7134920330705784,0.07147584130512231,-0.0027,-0.0005,0.0032,0.1371,0.1023,9.8024,0.00489,0.00826,-0.00146,2.2980010320784836
2025-12-24 16:48:31.100660,-90.0,26.66530538641207,-6356748.769445179,2.2980010320784836,0.7134920330705784,0.07147584130512231,-0.0027,-0.0005,0.0032,0.1328,-0.1523,9.7834,-0.00014,-0.00141,0.00018,2.2980010320784836
2025-12-24 16:48:31.173944,-90.0,26.66530538641207,-6356748.769445179,2.2980010320784836,0.7134920330705784,0.07147584130512231,-0.0027,-0.0005,0.0032,0.0198,0.1402,9.8222,-0.00164,-0.00327,0.00072,2.2980010320784836
2025-12-24 16:48:31.275070,-90.0,26.66532121159406,-6356748.769545179,2.2979648285878573,0.7127098959850199,0.05895474611739955,-0.0049,-0.0006,0.0002,0.076,0.1387,9.8175,-0.00027,-0.00024,-0.00041,2.2979648285878573
2025-12-24 16:48:31.384693,-90.0,26.66532121159406,-6356748.769545179,2.2979648285878573,0.7127098959850199,0.05895474611739955,-0.0049,-0.0006,0.0002,0.084,0.0658,9.8099,0.00072,0.00084,0.00012,2.2979648285878573
2025-12-24 16:48:31.474142,-90.0,26.66532121159406,-6356748.769545179,2.2979648285878573,0.7127098959850199,0.05895474611739955,-0.0049,-0.0006,0.0002,0.074,0.0666,9.8028,0.0003,-0.00078,9e-05,2.2979648285878573
2025-12-24 16:48:31.573789,-90.0,26.665327911938913,-6356748.769545179,2.2979905664265834,0.70964877546787,0.06912711793881395,-0.0023,-0.0023,0.0002,0.0463,0.0408,9.7431,0.00016,0.00037,-0.00046,2.2979905664265834
2025-12-24 16:48:31.674932,-90.0,26.665327911938913,-6356748.769545179,2.2979905664265834,0.70964877546787,0.06912711793881395,-0.0023,-0.0023,0.0002,0.153,0.1432,9.87,0.00138,-0.00037,0.00067,2.2979905664265834
2025-12-24 16:48:31.773349,-90.0,26.665361868225848,-6356748.770945179,2.297972780131065,0.7042508751444351,0.06884648846943532,-0.0037,-0.0045,-0.0005,-0.0011,0.088,9.8647,-0.00117,-0.00356,0.00054,2.297972780131065
2025-12-24 16:48:31.876076,-90.0,26.665361868225848,-6356748.770945179,2.297972780131065,0.7042508751444351,0.06884648846943532,-0.0037,-0.0045,-0.0005,0.1185,-0.1102,9.8104,-0.00164,0.001,-6e-05,2.297972780131065
2025-12-24 16:48:31.975402,-90.0,26.665361868225848,-6356748.770945179,2.297972780131065,0.7042508751444351,0.06884648846943532,-0.0037,-0.0045,-0.0005,-0.0442,0.1246,9.7749,-0.00012,0.00343,-0.00051,2.297972780131065
2025-12-24 16:48:32.073227,-90.0,26.665366440549377,-6356748.771945179,2.298039307072684,0.6945401235241644,0.07451302705747835,-0.0042,-0.0024,-0.0007,0.1467,0.1203,9.7855,0.00158,0.00397,-0.00081,2.298039307072684
2025-12-24 16:48:32.173705,-90.0,26.665366440549377,-6356748.771945179,2.298039307072684,0.6945401235241644,0.07451302705747835,-0.0042,-0.0024,-0.0007,0.0743,0.0199,9.7601,0.00081,0.00075,0.00024,2.298039307072684
2025-12-24 16:48:32.278147,-90.0,26.665366440549377,-6356748.771945179,2.298039307072684,0.6945401235241644,0.07451302705747835,-0.0042,-0.0024,-0.0007,0.0736,0.0881,9.7419,-0.00097,0.00146,0.00053,2.298039307072684
2025-12-24 16:48:32.376074,-90.0,26.665368687169863,-6356748.7724451795,2.297870151534103,0.6848272682568605,0.07549059061067065,-0.0019,-0.0021,0.0003,0.1018,-0.0035,9.8325,-0.00035,0.00155,-0.0008,2.297870151534103
2025-12-24 16:48:32.504827,-90.0,26.665368687169863,-6356748.7724451795,2.297870151534103,0.6848272682568605,0.07549059061067065,-0.0019,-0.0021,0.0003,0.0813,0.0372,9.8317,-6e-05,-0.00141,0.00029,2.297870151534103
2025-12-24 16:48:32.583574,-90.0,26.665368687169863,-6356748.7724451795,2.297870151534103,0.6848272682568605,0.07549059061067065,-0.0019,-0.0021,0.0003,0.0653,0.0686,9.8232,0.00109,-0.002,-0.00047,2.297870151534103
2025-12-24 16:48:32.672940,-90.0,26.665316757866133,-6356748.77404518,2.29788347145673,0.6862911898359593,0.07614289852309088,-0.0025,-0.0027,0.0012,0.1272,0.0437,9.8132,-0.00081,0.00096,0.00029,2.29788347145673
2025-12-24 16:48:32.773818,-90.0,26.665316757866133,-6356748.77404518,2.29788347145673,0.6862911898359593,0.07614289852309088,-0.0025,-0.0027,0.0012,0.0931,0.0779,9.8168,0.00046,0.00334,0.00093,2.29788347145673
2025-12-24 16:48:32.885243,-90.0,26.665294074246475,-6356748.774945179,2.297949639356877,0.6822763359995094,0.07695508119815188,-0.0044,-0.0001,-0.0002,0.125,0.066,9.8357,-0.00049,0.00184,-3e-05,2.297949639356877
2025-12-24 16:48:32.973486,-90.0,26.665294074246475,-6356748.774945179,2.297949639356877,0.6822763359995094,0.07695508119815188,-0.0044,-0.0001,-0.0002,0.1053,0.0812,9.7505,0.0001,0.00126,-0.00066,2.297949639356877
2025-12-24 16:48:33.073591,-90.0,26.665294074246475,-6356748.774945179,2.297949639356877,0.6822763359995094,0.07695508119815188,-0.0044,-0.0001,-0.0002,0.122,0.1115,9.8263,-0.00042,-0.00143,0.00022,2.297949639356877
2025-12-24 16:48:33.173804,-90.0,26.665291689324274,-6356748.77624518,2.2980622125535115,0.6712347034054335,0.07158350104720147,-0.0054,-0.0026,0.0001,0.0323,0.0597,9.8359,0.00088,-0.00107,-0.0002,2.2980622125535115
2025-12-24 16:48:33.286836,-90.0,26.665291689324274,-6356748.77624518,2.2980622125535115,0.6712347034054335,0.07158350104720147,-0.0054,-0.0026,0.0001,0.1374,0.0733,9.8097,-0.00021,-3e-05,0.00014,2.2980622125535115
2025-12-24 16:48:33.373845,-90.0,26.665291689324274,-6356748.77624518,2.2980622125535115,0.6712347034054335,0.07158350104720147,-0.0054,-0.0026,0.0001,0.0692,0.0659,9.8063,0.00051,-0.0031,0.0001,2.2980622125535115
2025-12-24 16:48:33.498561,-90.0,26.665287057785743,-6356748.777645179,2.2981470857818747,0.6637106742593593,0.064535821956079,-0.0033,-0.0036,-0.0004,0.0722,0.1017,9.81,0.00034,0.00108,0.00035,2.2981470857818747
2025-12-24 16:48:33.574918,-90.0,26.665287057785743,-6356748.777645179,2.2981470857818747,0.6637106742593593,0.064535821956079,-0.0033,-0.0036,-0.0004,0.0894,0.0642,9.8073,0.00027,-8e-05,-0.00025,2.2981470857818747
2025-12-24 16:48:33.672719,-90.0,26.665287057785743,-6356748.777645179,2.2981470857818747,0.6637106742593593,0.064535821956079,-0.0033,-0.0036,-0.0004,0.0799,0.0817,9.8022,5e-05,0.00054,0.00033,2.2981470857818747
2025-12-24 16:48:33.784281,-90.0,26.665296162815242,-6356748.77844518,2.2980916816990313,0.6612723015726393,0.07250413045072873,0.0013,-0.0008,0.0013,0.0587,0.0862,9.8172,-8e-05,0.0002,-0.00102,2.2980916816990313
2025-12-24 16:48:33.892005,-90.0,26.665296162815242,-6356748.77844518,2.2980916816990313,0.6612723015726393,0.07250413045072873,0.0013,-0.0008,0.0013,0.0875,0.0745,9.8201,0.0001,-0.00014,-4e-05,2.2980916816990313
2025-12-24 16:48:33.973938,-90.0,26.665262127648855,-6356748.779745179,2.298280873740663,0.6581823283484014,0.0695453760252914,-0.0018,-0.0015,0.0003,0.0775,0.0735,9.8003,0.00034,0.00061,-0.00028,2.298280873740663
2025-12-24 16:48:34.077463,-90.0,26.665262127648855,-6356748.779745179,2.298280873740663,0.6581823283484014,0.0695453760252914,-0.0018,-0.0015,0.0003,0.081,0.1291,9.8339,0.00016,0.0043,0.00023,2.298280873740663
2025-12-24 16:48:34.177670,-90.0,26.665262127648855,-6356748.779745179,2.298280873740663,0.6581823283484014,0.0695453760252914,-0.0018,-0.0015,0.0003,0.0511,0.0571,9.7255,0.00016,-0.00077,-0.00103,2.298280873740663
2025-12-24 16:48:34.274072,-90.0,26.66525079578273,-6356748.780745179,2.298329447218287,0.6543046707383918,0.06753816959177444,-0.0017,-0.001,0.0005,0.0636,0.0739,9.7883,-0.00091,-0.00088,0.00028,2.298329447218287
2025-12-24 16:48:34.389138,-90.0,26.66525079578273,-6356748.780745179,2.298329447218287,0.6543046707383918,0.06753816959177444,-0.0017,-0.001,0.0005,0.0524,0.1019,9.8056,0.00062,0.00093,-0.00079,2.298329447218287
2025-12-24 16:48:34.479805,-90.0,26.66525079578273,-6356748.780745179,2.298329447218287,0.6543046707383918,0.06753816959177444,-0.0017,-0.001,0.0005,0.0934,0.0604,9.7965,-0.0001,0.00135,0.00037,2.298329447218287
2025-12-24 16:48:34.619119,-90.0,26.665232743794245,-6356748.781345179,2.2982594227430906,0.6532487996934955,0.06934926079651892,-0.0048,-0.0009,0.0003,0.0971,0.02,9.8082,0.00084,-0.00245,-0.00028,2.2982594227430906
2025-12-24 16:48:34.683608,-90.0,26.665232743794245,-6356748.781345179,2.2982594227430906,0.6532487996934955,0.06934926079651892,-0.0048,-0.0009,0.0003,0.082,0.0906,9.8086,-0.00032,0.00236,0.00052,2.2982594227430906
2025-12-24 16:48:34.774928,-90.0,26.66526419651406,-6356748.78274518,2.2984085656623043,0.6467648162511044,0.06500858132869566,-0.0015,-0.0009,0.0003,0.0771,0.0478,9.8117,0.00049,-0.00039,-0.00064,2.2984085656623043
2025-12-24 16:48:34.873118,-90.0,26.66526419651406,-6356748.78274518,2.2984085656623043,0.6467648162511044,0.06500858132869566,-0.0015,-0.0009,0.0003,0.0698,0.0783,9.8095,0.00011,-0.00061,0.00048,2.2984085656623043
2025-12-24 16:48:34.974652,-90.0,26.66526419651406,-6356748.78274518,2.2984085656623043,0.6467648162511044,0.06500858132869566,-0.0015,-0.0009,0.0003,0.0781,0.0884,9.8126,0.00011,-0.00017,-0.00026,2.2984085656623043
2025-12-24 16:48:35.073148,-90.0,26.66525290416584,-6356748.783445179,2.298412668844219,0.6477882825505462,0.06860598851283403,-0.0011,-0.0019,0.0005,0.0733,0.0513,9.8124,0.00042,0.0004,-0.00011,2.298412668844219
2025-12-24 16:48:35.175629,-90.0,26.66525290416584,-6356748.783445179,2.298412668844219,0.6477882825505462,0.06860598851283403,-0.0011,-0.0019,0.0005,0.0719,0.0814,9.7969,0.00015,0.00026,-1e-05,2.298412668844219
2025-12-24 16:48:35.274937,-90.0,26.66525290416584,-6356748.783445179,2.298412668844219,0.6477882825505462,0.06860598851283403,-0.0011,-0.0019,0.0005,0.0725,0.055,9.8097,-0.00031,-0.00043,-0.00085,2.298412668844219
2025-12-24 16:48:35.377244,-90.0,26.66522584596535,-6356748.784145179,2.29840780547556,0.6470879709405796,0.0726891886611069,-0.0025,-0.0004,0.0007,0.0729,0.0797,9.8087,0.00067,-0.00076,-0.0001,2.29840780547556
2025-12-24 16:48:35.505273,-90.0,26.66522584596535,-6356748.784145179,2.29840780547556,0.6470879709405796,0.0726891886611069,-0.0025,-0.0004,0.0007,0.0784,0.0748,9.8093,-0.00045,0.00029,0.00014,2.29840780547556
2025-12-24 16:48:35.575269,-90.0,26.665216741013342,-6356748.784245179,2.2984346093858132,0.6429564058230092,0.0732134696154283,-0.0015,-0.001,0.0004,0.0885,0.0697,9.8105,0.00097,-0.00165,-0.0003,2.2984346093858132
2025-12-24 16:48:35.674771,-90.0,26.665216741013342,-6356748.784245179,2.2984346093858132,0.6429564058230092,0.0732134696154283,-0.0015,-0.001,0.0004,0.0776,0.0826,9.8091,-0.00019,0.0,0.00027,2.2984346093858132
2025-12-24 16:48:35.773562,-90.0,26.665216741013342,-6356748.784245179,2.2984346093858132,0.6429564058230092,0.0732134696154283,-0.0015,-0.001,0.0004,0.0703,0.0651,9.809,0.00021,0.00046,-0.00018,2.2984346093858132
2025-12-24 16:48:35.875958,-90.0,26.665198689051472,-6356748.78444518,2.2984296681690273,0.6423930073022941,0.07811161640738118,-0.0019,-0.0005,-0.0,0.0824,0.0614,9.8096,-0.00032,0.00077,-0.00019,2.2984296681690273
2025-12-24 16:48:35.973138,-90.0,26.665198689051472,-6356748.78444518,2.2984296681690273,0.6423930073022941,0.07811161640738118,-0.0019,-0.0005,-0.0,0.0784,0.0673,9.8111,5e-05,-0.00048,-0.00048,2.2984296681690273
2025-12-24 16:48:36.073880,-90.0,26.665198689051472,-6356748.78444518,2.2984296681690273,0.6423930073022941,0.07811161640738118,-0.0019,-0.0005,-0.0,0.0736,0.0629,9.8125,-0.00014,-0.00052,-0.0004,2.2984296681690273
2025-12-24 16:48:36.276280,-90.0,26.665189682804577,-6356748.78494518,2.2984628882745852,0.6396395429622943,0.0772423510733589,-0.0019,-0.0004,0.0005,0.0785,0.0721,9.8141,-0.00055,0.00097,-0.0003,2.2984628882745852
2025-12-24 16:48:36.382691,-90.0,26.66518284424306,-6356748.78444518,2.2985609841334327,0.6417019007188309,0.08102249311968922,-0.0019,-0.0006,0.0004,0.0825,0.0794,9.8126,0.00022,0.00041,2e-05,2.2985609841334327
2025-12-24 16:48:36.474057,-90.0,26.66518284424306,-6356748.78444518,2.2985609841334327,0.6417019007188309,0.08102249311968922,-0.0019,-0.0006,0.0004,0.0738,0.0852,9.8074,0.00015,0.0002,-1e-05,2.2985609841334327
2025-12-24 16:48:36.586412,-90.0,26.66518284424306,-6356748.78444518,2.2985609841334327,0.6417019007188309,0.08102249311968922,-0.0019,-0.0006,0.0004,0.0844,0.0697,9.8112,-0.00017,0.00021,-0.00018,2.2985609841334327
2025-12-24 16:48:36.674626,-90.0,26.665169325002992,-6356748.784545179,2.298565126164785,0.6446475551277057,0.08397456417225624,-0.002,0.0,0.0004,0.0685,0.0779,9.7992,3e-05,0.00064,-0.00029,2.298565126164785
2025-12-24 16:48:36.773857,-90.0,26.665169325002992,-6356748.784545179,2.298565126164785,0.6446475551277057,0.08397456417225624,-0.002,0.0,0.0004,0.0805,0.059,9.8127,0.00017,-0.00037,-0.0004,2.298565126164785
2025-12-24 16:48:36.875965,-90.0,26.665169325002992,-6356748.784545179,2.298565126164785,0.6446475551277057,0.08397456417225624,-0.002,0.0,0.0004,0.075,0.0758,9.8119,-0.00022,-0.00022,4e-05,2.298565126164785
2025-12-24 16:48:36.974089,-90.0,26.665155786024876,-6356748.784845179,2.2985914930188107,0.6449989495072891,0.08010433743583373,-0.0021,-0.0001,0.0001,0.0692,0.0661,9.8106,0.00027,-0.00055,-1e-05,2.2985914930188107
2025-12-24 16:48:37.072696,-90.0,26.665155786024876,-6356748.784845179,2.2985914930188107,0.6449989495072891,0.08010433743583373,-0.0021,-0.0001,0.0001,0.0751,0.0602,9.8036,0.00019,0.00044,0.00029,2.2985914930188107
2025-12-24 16:48:37.205668,-90.0,26.66514896721422,-6356748.784245179,2.2986234455676042,0.6497851917860097,0.08286724181634675,-0.0021,-0.0004,0.0,0.0759,0.071,9.8199,0.00036,-2e-05,0.00041,2.2986234455676042
2025-12-24 16:48:37.273127,-90.0,26.66514896721422,-6356748.784245179,2.2986234455676042,0.6497851917860097,0.08286724181634675,-0.0021,-0.0004,0.0,0.0736,0.0741,9.811,-2e-05,0.00024,5e-05,2.2986234455676042
2025-12-24 16:48:37.373818,-90.0,26.66514896721422,-6356748.784245179,2.2986234455676042,0.6497851917860097,0.08286724181634675,-0.0021,-0.0004,0.0,0.0743,0.0831,9.8113,0.00061,-0.00029,0.00052,2.2986234455676042
2025-12-24 16:48:37.472395,-90.0,26.66515121384565,-6356748.784045179,2.29864306434707,0.6514013294618818,0.08345951934681548,-0.0022,-0.0008,0.0002,0.0733,0.0678,9.8075,0.00028,0.00047,-0.00025,2.29864306434707
2025-12-24 16:48:37.575624,-90.0,26.66515121384565,-6356748.784045179,2.29864306434707,0.6514013294618818,0.08345951934681548,-0.0022,-0.0008,0.0002,0.079,0.0776,9.8115,-0.0001,-3e-05,0.00034,2.29864306434707
2025-12-24 16:48:37.673692,-90.0,26.66515121384565,-6356748.784045179,2.29864306434707,0.6514013294618818,0.08345951934681548,-0.0022,-0.0008,0.0002,0.0692,0.0719,9.8142,0.00051,-0.00053,-0.00057,2.29864306434707
2025-12-24 16:48:37.777827,-90.0,26.665139941230393,-6356748.784245179,2.2986566909223813,0.6523284834708037,0.08110774187114334,-0.0026,-0.0008,0.0001,0.0799,0.0806,9.8074,0.00034,0.00039,-0.00081,2.2986566909223813
2025-12-24 16:48:37.873706,-90.0,26.665139941230393,-6356748.784245179,2.2986566909223813,0.6523284834708037,0.08110774187114334,-0.0026,-0.0008,0.0001,0.0736,0.0695,9.8072,-0.00025,-0.00014,-0.00012,2.2986566909223813
2025-12-24 16:48:37.974047,-90.0,26.665139941230393,-6356748.784245179,2.2986566909223813,0.6523284834708037,0.08110774187114334,-0.0026,-0.0008,0.0001,0.0761,0.0634,9.8044,0.0001,0.00011,-0.00033,2.2986566909223813
2025-12-24 16:48:38.076151,-90.0,26.665139941230393,-6356748.783545179,2.2986961425880397,0.653786833313157,0.08036655445818898,-0.0026,-0.0009,0.0003,0.0702,0.0682,9.8136,1e-05,-0.0008,-0.00083,2.2986961425880397
2025-12-24 16:48:38.173095,-90.0,26.665139941230393,-6356748.783545179,2.2986961425880397,0.653786833313157,0.08036655445818898,-0.0026,-0.0009,0.0003,0.0819,0.0679,9.8055,6e-05,0.00034,-0.00031,2.2986961425880397
2025-12-24 16:48:38.276392,-90.0,26.66513093496974,-6356748.783145179,2.2986890876734742,0.6556510946460954,0.07957209218634938,-0.0026,-0.0006,-0.0002,0.0741,0.0679,9.8085,-6e-05,0.00062,0.00019,2.2986890876734742
2025-12-24 16:48:38.378606,-90.0,26.66513093496974,-6356748.783145179,2.2986890876734742,0.6556510946460954,0.07957209218634938,-0.0026,-0.0006,-0.0002,0.0778,0.0753,9.8086,0.00021,-8e-05,0.00035,2.2986890876734742
2025-12-24 16:48:38.473295,-90.0,26.66513093496974,-6356748.783145179,2.2986890876734742,0.6556510946460954,0.07957209218634938,-0.0026,-0.0006,-0.0002,0.0783,0.0783,9.8134,-0.00031,0.00059,8e-05,2.2986890876734742
2025-12-24 16:48:38.576620,-90.0,26.665128688334843,-6356748.783445179,2.2987072005150617,0.6565205910476952,0.07706734037817906,-0.002,-0.0006,0.0,0.073,0.0753,9.8102,0.00029,0.00033,-8e-05,2.2987072005150617
2025-12-24 16:48:38.676558,-90.0,26.665128688334843,-6356748.783445179,2.2987072005150617,0.6565205910476952,0.07706734037817906,-0.002,-0.0006,0.0,0.077,0.0669,9.8139,0.00037,-0.0005,-0.0004,2.2987072005150617
2025-12-24 16:48:38.779246,-90.0,26.665128688334843,-6356748.783445179,2.2987072005150617,0.6565205910476952,0.07706734037817906,-0.002,-0.0006,0.0,0.075,0.0667,9.8143,0.00106,-0.00135,-0.00016,2.2987072005150617
2025-12-24 16:48:38.881989,-90.0,26.665157973466684,-6356748.782945179,2.2988236246910834,0.6577255911366936,0.07631151402735604,-0.0017,-0.0008,-0.0003,0.0787,0.0679,9.811,0.0004,0.00079,-3e-05,2.2988236246910834
2025-12-24 16:48:38.984019,-90.0,26.665157973466684,-6356748.782945179,2.2988236246910834,0.6577255911366936,0.07631151402735604,-0.0017,-0.0008,-0.0003,0.0778,0.0664,9.8085,-0.00061,0.00019,0.00041,2.2988236246910834
2025-12-24 16:48:39.115433,-90.0,26.665164713354347,-6356748.78274518,2.2988692895956206,0.6577384125983308,0.07655253475943154,-0.0021,-0.0011,0.0002,0.0826,0.0756,9.8122,0.0002,-0.0005,-0.0002,2.2988692895956206
2025-12-24 16:48:39.192901,-90.0,26.665164713354347,-6356748.78274518,2.2988692895956206,0.6577384125983308,0.07655253475943154,-0.0021,-0.0011,0.0002,0.0656,0.0757,9.8164,-0.00035,-0.00063,0.0002,2.2988692895956206
2025-12-24 16:48:39.273419,-90.0,26.665164713354347,-6356748.78274518,2.2988692895956206,0.6577384125983308,0.07655253475943154,-0.0021,-0.0011,0.0002,0.0757,0.0695,9.8022,-0.00052,-0.00055,9e-05,2.2988692895956206
2025-12-24 16:48:39.373113,-90.0,26.665184972459024,-6356748.782645179,2.2989478718107343,0.6566059350664182,0.07878042252955784,-0.0018,-0.0013,0.0001,0.0769,0.0698,9.8123,-0.0,-0.00026,-0.00042,2.2989478718107343
2025-12-24 16:48:39.475394,-90.0,26.665184972459024,-6356748.782645179,2.2989478718107343,0.6566059350664182,0.07878042252955784,-0.0018,-0.0013,0.0001,0.0663,0.0703,9.7977,0.00022,-0.00048,-2e-05,2.2989478718107343
2025-12-24 16:48:39.574337,-90.0,26.665184972459024,-6356748.782645179,2.2989478718107343,0.6566059350664182,0.07878042252955784,-0.0018,-0.0013,0.0001,0.0736,0.0695,9.8129,-1e-05,9e-05,-0.00031,2.2989478718107343
2025-12-24 16:48:39.674817,-90.0,26.66519397868982,-6356748.782545179,2.2989834739158015,0.6573822119452445,0.08012075177809085,-0.002,-0.0009,-0.0,0.0722,0.0678,9.8039,-0.00038,0.00018,-0.00018,2.2989834739158015
2025-12-24 16:48:39.774057,-90.0,26.66519397868982,-6356748.782545179,2.2989834739158015,0.6573822119452445,0.08012075177809085,-0.002,-0.0009,-0.0,0.0748,0.0768,9.8124,9e-05,-0.00051,0.00014,2.2989834739158015
2025-12-24 16:48:39.872756,-90.0,26.66519397868982,-6356748.782545179,2.2989834739158015,0.6573822119452445,0.08012075177809085,-0.002,-0.0009,-0.0,0.0797,0.0729,9.8111,0.00087,-0.0007,-0.00027,2.2989834739158015
2025-12-24 16:48:39.974469,-90.0,26.665196264787266,-6356748.782445179,2.298979217679505,0.6578542005212608,0.07794782183316182,-0.0026,-0.0009,-0.0006,0.0766,0.0668,9.811,0.00051,0.00016,-0.00015,2.298979217679505
2025-12-24 16:48:40.075644,-90.0,26.665196264787266,-6356748.782445179,2.298979217679505,0.6578542005212608,0.07794782183316182,-0.0026,-0.0009,-0.0006,0.0727,0.0668,9.8112,0.00032,0.00012,6e-05,2.298979217679505
2025-12-24 16:48:40.172956,-90.0,26.665230043051427,-6356748.782545179,2.2990690088049432,0.6552579192907276,0.07587424619123292,-0.0024,-0.0007,0.0001,0.0759,0.0598,9.8087,0.00036,-0.00075,-0.00011,2.2990690088049432
2025-12-24 16:48:40.273052,-90.0,26.665230043051427,-6356748.782545179,2.2990690088049432,0.6552579192907276,0.07587424619123292,-0.0024,-0.0007,0.0001,0.0705,0.0703,9.8099,8e-05,-0.00035,-0.00025,2.2990690088049432
2025-12-24 16:48:40.398151,-90.0,26.665230043051427,-6356748.782545179,2.2990690088049432,0.6552579192907276,0.07587424619123292,-0.0024,-0.0007,0.0001,0.0766,0.068,9.8076,8e-05,0.00095,0.00025,2.2990690088049432
2025-12-24 16:48:40.481332,-90.0,26.66525034157485,-6356748.782445179,2.2990804520262076,0.6536824794062561,0.07742479071080392,-0.0024,-0.0013,0.0003,0.0687,0.0652,9.7993,-0.00077,0.00026,0.00014,2.2990804520262076
2025-12-24 16:48:40.573097,-90.0,26.66525034157485,-6356748.782445179,2.2990804520262076,0.6536824794062561,0.07742479071080392,-0.0024,-0.0013,0.0003,0.0812,0.0615,9.8123,0.00012,0.00035,-0.00015,2.2990804520262076
2025-12-24 16:48:40.673038,-90.0,26.66525034157485,-6356748.782445179,2.2990804520262076,0.6536824794062561,0.07742479071080392,-0.0024,-0.0013,0.0003,0.0706,0.0646,9.8174,0.00032,-0.0004,-1e-05,2.2990804520262076
2025-12-24 16:48:40.773291,-90.0,26.66525489404859,-6356748.782445179,2.2990517930281165,0.6507826097440599,0.07801873714354082,-0.0018,-0.0005,0.0005,0.0748,0.0838,9.8061,0.00044,-0.00049,0.00023,2.2990517930281165
2025-12-24 16:48:40.873769,-90.0,26.66525489404859,-6356748.782445179,2.2990517930281165,0.6507826097440599,0.07801873714354082,-0.0018,-0.0005,0.0005,0.0748,0.0634,9.8082,0.00018,-0.0,5e-05,2.2990517930281165
2025-12-24 16:48:40.973433,-90.0,26.665268432979147,-6356748.7823451795,2.2990974290944237,0.6486646416748918,0.07881197451008551,-0.0022,-0.0009,0.0002,0.0717,0.0733,9.8125,-9e-05,0.00037,0.00023,2.2990974290944237
2025-12-24 16:48:41.074786,-90.0,26.665268432979147,-6356748.7823451795,2.2990974290944237,0.6486646416748918,0.07881197451008551,-0.0022,-0.0009,0.0002,0.067,0.072,9.8059,0.00052,-0.0002,0.00028,2.2990974290944237
2025-12-24 16:48:41.200215,-90.0,26.665268432979147,-6356748.7823451795,2.2990974290944237,0.6486646416748918,0.07881197451008551,-0.0022,-0.0009,0.0002,0.0837,0.0756,9.8146,0.00035,-0.00093,-0.00011,2.2990974290944237
2025-12-24 16:48:41.273085,-90.0,26.66527521231971,-6356748.782145179,2.2991240206751735,0.6474830994209404,0.08116170079123625,-0.0022,-0.0002,0.0,0.0675,0.0686,9.8017,-0.00031,0.00022,9e-05,2.2991240206751735
2025-12-24 16:48:41.398487,-90.0,26.66527521231971,-6356748.782145179,2.2991240206751735,0.6474830994209404,0.08116170079123625,-0.0022,-0.0002,0.0,0.0729,0.0745,9.8084,0.00038,0.0002,6e-05,2.2991240206751735
2025-12-24 16:48:41.472863,-90.0,26.66527521231971,-6356748.782145179,2.2991240206751735,0.6474830994209404,0.08116170079123625,-0.0022,-0.0002,0.0,0.0815,0.0727,9.8072,0.00015,0.00071,-0.00017,2.2991240206751735
2025-12-24 16:48:41.573168,-90.0,26.66525487429961,-6356748.781945179,2.2991455605022124,0.646763110499375,0.08108278852530344,-0.0023,-0.0005,-0.0,0.0728,0.0704,9.8116,0.00067,-0.00112,-0.00014,2.2991455605022124
2025-12-24 16:48:41.690314,-90.0,26.66525487429961,-6356748.781945179,2.2991455605022124,0.646763110499375,0.08108278852530344,-0.0023,-0.0005,-0.0,0.0732,0.0762,9.8079,0.00037,0.00041,0.00024,2.2991455605022124
2025-12-24 16:48:41.773907,-90.0,26.665272906450223,-6356748.78174518,2.29920113995564,0.6426254016102516,0.08021471804103407,-0.0023,-0.0006,0.0001,0.073,0.0669,9.8109,-3e-05,0.0011,0.00015,2.29920113995564
2025-12-24 16:48:41.875283,-90.0,26.665272906450223,-6356748.78174518,2.29920113995564,0.6426254016102516,0.08021471804103407,-0.0023,-0.0006,0.0001,0.0743,0.0606,9.8088,0.0003,-0.00056,0.00023,2.29920113995564
2025-12-24 16:48:42.003086,-90.0,26.665272906450223,-6356748.78174518,2.29920113995564,0.6426254016102516,0.08021471804103407,-0.0023,-0.0006,0.0001,0.0724,0.0678,9.804,-0.00017,0.0006,0.00019,2.29920113995564
2025-12-24 16:48:42.075805,-90.0,26.66527966603417,-6356748.781845179,2.2992103613529506,0.6434722933336139,0.07720072564141811,-0.0021,-0.0007,0.0003,0.0808,0.0696,9.8047,0.00075,-0.00017,-0.00064,2.2992103613529506
2025-12-24 16:48:42.173285,-90.0,26.66527966603417,-6356748.781845179,2.2992103613529506,0.6434722933336139,0.07720072564141811,-0.0021,-0.0007,0.0003,0.0705,0.0622,9.8055,-0.00027,0.00022,-0.0002,2.2992103613529506
2025-12-24 16:48:42.306387,-90.0,26.66527966603417,-6356748.781845179,2.2992103613529506,0.6434722933336139,0.07720072564141811,-0.0021,-0.0007,0.0003,0.0673,0.0646,9.8181,0.00027,-0.00072,-6e-05,2.2992103613529506
2025-12-24 16:48:42.373291,-90.0,26.665275153060794,-6356748.78174518,2.2992140685987374,0.6466637555152018,0.07624333151469712,-0.002,-0.0005,-0.0003,0.0661,0.0712,9.8079,-0.0002,0.00061,-0.00031,2.2992140685987374
2025-12-24 16:48:42.494615,-90.0,26.665275153060794,-6356748.78174518,2.2992140685987374,0.6466637555152018,0.07624333151469712,-0.002,-0.0005,-0.0003,0.0816,0.0726,9.8096,0.00033,-0.00042,-8e-05,2.2992140685987374
2025-12-24 16:48:42.575345,-90.0,26.665283922196227,-6356748.782445179,2.2993881375744816,0.6439825120711034,0.07209530324381294,-0.0019,-0.0009,0.0002,0.0755,0.0715,9.8144,-0.00013,0.00044,-3e-05,2.2993881375744816
2025-12-24 16:48:42.684436,-90.0,26.665283922196227,-6356748.782445179,2.2993881375744816,0.6439825120711034,0.07209530324381294,-0.0019,-0.0009,0.0002,0.0701,0.0588,9.8138,0.00061,-0.00025,-3e-05,2.2993881375744816
2025-12-24 16:48:42.774207,-90.0,26.665283922196227,-6356748.782445179,2.2993881375744816,0.6439825120711034,0.07209530324381294,-0.0019,-0.0009,0.0002,0.0809,0.0571,9.8095,-0.00016,0.00011,0.00046,2.2993881375744816
2025-12-24 16:48:42.875057,-90.0,26.66530416136325,-6356748.782545179,2.2994535456671503,0.6405057291210269,0.07227380517564976,-0.0013,-0.0005,-0.0004,0.0739,0.0645,9.8037,-0.00014,-0.00075,-0.0002,2.2994535456671503
2025-12-24 16:48:42.981993,-90.0,26.66530416136325,-6356748.782545179,2.2994535456671503,0.6405057291210269,0.07227380517564976,-0.0013,-0.0005,-0.0004,0.0764,0.065,9.8103,-9e-05,-0.00018,0.00019,2.2994535456671503
2025-12-24 16:48:43.079620,-90.0,26.66530416136325,-6356748.782545179,2.2994535456671503,0.6405057291210269,0.07227380517564976,-0.0013,-0.0005,-0.0004,0.0757,0.0714,9.8071,0.00038,-0.00082,0.00031,2.2994535456671503
2025-12-24 16:48:43.182344,-90.0,26.66531096043763,-6356748.782445179,2.2994733992800627,0.6390096012142449,0.070843705422979,-0.0013,-0.0006,-0.0001,0.0749,0.0742,9.811,0.00023,0.00091,0.00044,2.2994733992800627
2025-12-24 16:48:43.285830,-90.0,26.66531096043763,-6356748.782445179,2.2994733992800627,0.6390096012142449,0.070843705422979,-0.0013,-0.0006,-0.0001,0.0733,0.0735,9.8119,0.00018,-0.00046,-5e-05,2.2994733992800627
2025-12-24 16:48:43.373939,-90.0,26.66531096043763,-6356748.782445179,2.2994733992800627,0.6390096012142449,0.070843705422979,-0.0013,-0.0006,-0.0001,0.0742,0.079,9.8059,-0.00015,0.00034,0.00022,2.2994733992800627
2025-12-24 16:48:43.472621,-90.0,26.665322074851723,-6356748.78284518,2.2996120747750295,0.6378027468762942,0.07126140502284511,-0.0014,-0.0006,0.0001,0.0835,0.0692,9.8141,-2e-05,-0.00039,-0.00012,2.2996120747750295
2025-12-24 16:48:43.575694,-90.0,26.665322074851723,-6356748.78284518,2.2996120747750295,0.6378027468762942,0.07126140502284511,-0.0014,-0.0006,0.0001,0.0741,0.086,9.8085,0.00017,0.00076,-4e-05,2.2996120747750295
2025-12-24 16:48:43.673517,-90.0,26.665331041457236,-6356748.783045179,2.2996603255445587,0.6375343542276551,0.0721295447771655,-0.0018,-0.0003,0.0003,0.0673,0.0617,9.8079,-5e-05,-0.00071,0.00031,2.2996603255445587
2025-12-24 16:48:43.821631,-90.0,26.665331041457236,-6356748.783045179,2.2996603255445587,0.6375343542276551,0.0721295447771655,-0.0018,-0.0003,0.0003,0.0799,0.0657,9.8069,2e-05,0.00084,0.00024,2.2996603255445587
2025-12-24 16:48:43.873769,-90.0,26.665331041457236,-6356748.783045179,2.2996603255445587,0.6375343542276551,0.0721295447771655,-0.0018,-0.0003,0.0003,0.0827,0.0762,9.8111,-3e-05,-0.00056,-0.00029,2.2996603255445587
2025-12-24 16:48:43.973239,-90.0,26.665335475343653,-6356748.783245179,2.2996968124716286,0.6366323512574453,0.07497776006589857,-0.0018,-0.0006,0.0002,0.0748,0.0706,9.8096,-0.00038,-0.00028,-0.00015,2.2996968124716286
2025-12-24 16:48:44.075205,-90.0,26.665335475343653,-6356748.783245179,2.2996968124716286,0.6366323512574453,0.07497776006589857,-0.0018,-0.0006,0.0002,0.0713,0.0753,9.8087,5e-05,-0.00011,7e-05,2.2996968124716286
2025-12-24 16:48:44.175484,-90.0,26.665335475343653,-6356748.783245179,2.2996968124716286,0.6366323512574453,0.07497776006589857,-0.0018,-0.0006,0.0002,0.0764,0.0749,9.814,-0.00016,0.00047,3e-05,2.2996968124716286
2025-12-24 16:48:44.277568,-90.0,26.66533316946212,-6356748.783045179,2.2996905188745376,0.6372953209603981,0.0749001023428778,-0.0016,-0.0004,-0.0001,0.0716,0.0739,9.8113,0.00054,-0.00041,0.0001,2.2996905188745376
2025-12-24 16:48:44.375420,-90.0,26.66533316946212,-6356748.783045179,2.2996905188745376,0.6372953209603981,0.0749001023428778,-0.0016,-0.0004,-0.0001,0.0799,0.0743,9.8129,0.00029,-0.0003,-0.00026,2.2996905188745376
2025-12-24 16:48:44.474303,-90.0,26.66533312993362,-6356748.782945179,2.299728312064932,0.6305640001078616,0.07338049297163954,-0.0015,-0.0003,-0.0004,0.0805,0.0815,9.8109,0.00071,-0.00068,-0.00011,2.299728312064932
2025-12-24 16:48:44.573751,-90.0,26.66533312993362,-6356748.782945179,2.299728312064932,0.6305640001078616,0.07338049297163954,-0.0015,-0.0003,-0.0004,0.0781,0.0715,9.8099,0.00028,-0.00025,-0.00021,2.299728312064932
2025-12-24 16:48:44.677794,-90.0,26.66533312993362,-6356748.782945179,2.299728312064932,0.6305640001078616,0.07338049297163954,-0.0015,-0.0003,-0.0004,0.0755,0.0693,9.8029,0.00014,0.00034,-4e-05,2.299728312064932
2025-12-24 16:48:44.773415,-90.0,26.665321817944942,-6356748.78274518,2.2997329493776624,0.6303361044689615,0.07164475865249975,-0.0011,-0.0001,-0.0003,0.0733,0.0667,9.8216,0.00022,0.0004,-0.00033,2.2997329493776624
2025-12-24 16:48:44.892008,-90.0,26.665321817944942,-6356748.78274518,2.2997329493776624,0.6303361044689615,0.07164475865249975,-0.0011,-0.0001,-0.0003,0.0633,0.0673,9.8154,-0.00082,0.00137,0.00017,2.2997329493776624
2025-12-24 16:48:44.973788,-90.0,26.665321817944942,-6356748.78274518,2.2997329493776624,0.6303361044689615,0.07164475865249975,-0.0011,-0.0001,-0.0003,0.0745,0.0687,9.811,0.00021,-0.0001,6e-05,2.2997329493776624
2025-12-24 16:48:45.074668,-90.0,26.66531955159543,-6356748.782545179,2.2997134007071574,0.6300137517835493,0.0701258302097373,-0.0007,-0.0002,-0.0004,0.0841,0.0685,9.8123,-0.00016,-0.00026,-0.00011,2.2997134007071574
2025-12-24 16:48:45.174372,-90.0,26.66531955159543,-6356748.782545179,2.2997134007071574,0.6300137517835493,0.0701258302097373,-0.0007,-0.0002,-0.0004,0.0713,0.0695,9.8103,0.00057,-0.00163,-0.00013,2.2997134007071574
2025-12-24 16:48:45.273101,-90.0,26.66529919398095,-6356748.7823451795,2.2997131449222366,0.6314031250390796,0.07263125681183133,-0.0017,-0.0002,0.0,0.0662,0.078,9.807,-0.00044,4e-05,-0.00033,2.2997131449222366
2025-12-24 16:48:45.373911,-90.0,26.66529919398095,-6356748.7823451795,2.2997131449222366,0.6314031250390796,0.07263125681183133,-0.0017,-0.0002,0.0,0.0819,0.0729,9.8132,0.00042,-0.00026,-7e-05,2.2997131449222366
2025-12-24 16:48:45.474787,-90.0,26.66529919398095,-6356748.7823451795,2.2997131449222366,0.6314031250390796,0.07263125681183133,-0.0017,-0.0002,0.0,0.085,0.0764,9.8034,-0.00013,-0.00079,-0.00013,2.2997131449222366
2025-12-24 16:48:45.573134,-90.0,26.665283349314976,-6356748.782045179,2.2997164475643004,0.6311495158641892,0.07628304667732921,-0.0018,0.0,-0.0003,0.0748,0.0776,9.8009,-0.00071,0.00107,-0.00021,2.2997164475643004
2025-12-24 16:48:45.700765,-90.0,26.665283349314976,-6356748.782045179,2.2997164475643004,0.6311495158641892,0.07628304667732921,-0.0018,0.0,-0.0003,0.0739,0.069,9.8068,2e-05,-0.00058,-0.00028,2.2997164475643004
2025-12-24 16:48:45.772505,-90.0,26.665283349314976,-6356748.782045179,2.2997164475643004,0.6311495158641892,0.07628304667732921,-0.0018,0.0,-0.0003,0.0712,0.067,9.8149,0.00011,-0.00044,-0.00044,2.2997164475643004
2025-12-24 16:48:45.873059,-90.0,26.665278796872244,-6356748.781845179,2.29976286455707,0.6301707384573662,0.0773361601742687,-0.0013,0.0002,0.0001,0.0727,0.0673,9.8117,2e-05,-0.00044,5e-05,2.29976286455707
2025-12-24 16:48:45.976312,-90.0,26.665278796872244,-6356748.781845179,2.29976286455707,0.6301707384573662,0.0773361601742687,-0.0013,0.0002,0.0001,0.0799,0.0777,9.8067,0.0,-0.00024,8e-05,2.29976286455707
2025-12-24 16:48:46.074459,-90.0,26.665278796872244,-6356748.781845179,2.29976286455707,0.6301707384573662,0.0773361601742687,-0.0013,0.0002,0.0001,0.0815,0.0746,9.8107,0.00016,-2e-05,-2e-05,2.29976286455707
2025-12-24 16:48:46.174337,-90.0,26.665283329560566,-6356748.781845179,2.299778036967502,0.6332074902720165,0.07756060428385418,-0.0017,0.0,0.0003,0.0778,0.0697,9.8122,8e-05,4e-05,0.00018,2.299778036967502
2025-12-24 16:48:46.275184,-90.0,26.665283329560566,-6356748.781845179,2.299778036967502,0.6332074902720165,0.07756060428385418,-0.0017,0.0,0.0003,0.076,0.076,9.7966,0.00044,-0.00023,0.00017,2.299778036967502
2025-12-24 16:48:46.374761,-90.0,26.665274244432744,-6356748.781845179,2.2997654458172816,0.6323917950561672,0.07770197347779217,-0.0016,-0.0002,0.0002,0.0757,0.0713,9.8108,0.00058,-0.00077,-0.0006,2.2997654458172816
2025-12-24 16:48:46.503273,-90.0,26.665274244432744,-6356748.781845179,2.2997654458172816,0.6323917950561672,0.07770197347779217,-0.0016,-0.0002,0.0002,0.0747,0.0835,9.81,0.00017,-0.00033,-0.00046,2.2997654458172816
2025-12-24 16:48:46.574353,-90.0,26.665274244432744,-6356748.781845179,2.2997654458172816,0.6323917950561672,0.07770197347779217,-0.0016,-0.0002,0.0002,0.0674,0.0692,9.8129,-0.00021,-0.00047,0.00015,2.2997654458172816
2025-12-24 16:48:46.674486,-90.0,26.665253807866293,-6356748.781845179,2.2998370979366833,0.6287861682963235,0.07844935581376102,-0.002,0.0002,0.0003,0.0742,0.0696,9.8104,0.00014,-0.00016,-0.0004,2.2998370979366833
2025-12-24 16:48:46.774195,-90.0,26.665253807866293,-6356748.781845179,2.2998370979366833,0.6287861682963235,0.07844935581376102,-0.002,0.0002,0.0003,0.0778,0.0733,9.8055,-0.00045,-0.00068,0.00026,2.2998370979366833
2025-12-24 16:48:46.876372,-90.0,26.665253807866293,-6356748.781845179,2.2998370979366833,0.6287861682963235,0.07844935581376102,-0.002,0.0002,0.0003,0.0682,0.0801,9.817,9e-05,6e-05,0.00035,2.2998370979366833
2025-12-24 16:48:46.974602,-90.0,26.665269632741396,-6356748.781945179,2.299802227564452,0.6250852140782931,0.07831080336694808,-0.0013,-0.0001,-0.0003,0.0888,0.0769,9.8116,-0.00031,0.0009,-0.00038,2.299802227564452
2025-12-24 16:48:47.110518,-90.0,26.665269632741396,-6356748.781945179,2.299802227564452,0.6250852140782931,0.07831080336694808,-0.0013,-0.0001,-0.0003,0.075,0.0693,9.8078,0.00023,-0.00073,-0.00031,2.299802227564452
2025-12-24 16:48:47.179704,-90.0,26.665244722768257,-6356748.78224518,2.299835457479835,0.6238561824923194,0.07712197437236439,-0.0016,0.0006,-0.0001,0.0857,0.0647,9.8112,0.00044,-0.00134,-0.00017,2.299835457479835
2025-12-24 16:48:47.278057,-90.0,26.665244722768257,-6356748.78224518,2.299835457479835,0.6238561824923194,0.07712197437236439,-0.0016,0.0006,-0.0001,0.0723,0.0653,9.8126,-0.00037,-0.00024,-0.00032,2.299835457479835
2025-12-24 16:48:47.380333,-90.0,26.665244722768257,-6356748.78224518,2.299835457479835,0.6238561824923194,0.07712197437236439,-0.0016,0.0006,-0.0001,0.0724,0.0588,9.8053,0.00026,0.00071,0.00021,2.299835457479835
2025-12-24 16:48:47.483809,-90.0,26.665237904014482,-6356748.7823451795,2.2998596113935355,0.622995449604683,0.07735649764342555,-0.0007,-0.0,0.0001,0.0772,0.0616,9.8104,-0.00046,0.00141,0.00023,2.2998596113935355
2025-12-24 16:48:47.591714,-90.0,26.665237904014482,-6356748.7823451795,2.2998596113935355,0.622995449604683,0.07735649764342555,-0.0007,-0.0,0.0001,0.0742,0.0727,9.8069,-0.00017,-3e-05,-9e-05,2.2998596113935355
2025-12-24 16:48:47.713165,-90.0,26.665237904014482,-6356748.7823451795,2.2998596113935355,0.622995449604683,0.07735649764342555,-0.0007,-0.0,0.0001,0.0776,0.0603,9.8115,0.00044,-0.00066,-0.00034,2.2998596113935355
2025-12-24 16:48:47.795455,-90.0,26.665226631572782,-6356748.78224518,2.299879385731821,0.6207171567597799,0.07683239080764144,-0.0012,0.0004,-0.0002,0.0674,0.0747,9.8053,-0.00049,0.00093,0.00031,2.299879385731821
2025-12-24 16:48:47.885894,-90.0,26.665226631572782,-6356748.78224518,2.299879385731821,0.6207171567597799,0.07683239080764144,-0.0012,0.0004,-0.0002,0.0817,0.0795,9.8072,-0.00028,0.00045,-0.00019,2.299879385731821
2025-12-24 16:48:47.972799,-90.0,26.665201761127513,-6356748.782045179,2.2999324027531918,0.6184787446267668,0.07480882289520518,-0.0008,-0.0001,-0.0004,0.0807,0.072,9.8103,-0.0,-0.00018,-0.00042,2.2999324027531918
2025-12-24 16:48:48.072739,-90.0,26.665201761127513,-6356748.782045179,2.2999324027531918,0.6184787446267668,0.07480882289520518,-0.0008,-0.0001,-0.0004,0.0717,0.0739,9.812,0.00032,-7e-05,-0.0001,2.2999324027531918
2025-12-24 16:48:48.173773,-90.0,26.665201761127513,-6356748.782045179,2.2999324027531918,0.6184787446267668,0.07480882289520518,-0.0008,-0.0001,-0.0004,0.0726,0.0695,9.8161,0.00019,-3e-05,-0.00028,2.2999324027531918
2025-12-24 16:48:48.277887,-90.0,26.665185956016913,-6356748.781945179,2.2999386539158824,0.6170697247819259,0.07543154666858089,-0.0008,0.0002,-0.0005,0.0716,0.0727,9.8117,6e-05,2e-05,0.00011,2.2999386539158824
2025-12-24 16:48:48.373871,-90.0,26.665185956016913,-6356748.781945179,2.2999386539158824,0.6170697247819259,0.07543154666858089,-0.0008,0.0002,-0.0005,0.0656,0.0788,9.8134,-9e-05,-0.00039,5e-05,2.2999386539158824
2025-12-24 16:48:48.474721,-90.0,26.665185956016913,-6356748.781945179,2.2999386539158824,0.6170697247819259,0.07543154666858089,-0.0008,0.0002,-0.0005,0.0797,0.0724,9.8149,-6e-05,0.00038,0.0001,2.2999386539158824
2025-12-24 16:48:48.588142,-90.0,26.665188222348053,-6356748.781945179,2.299926054265974,0.6135536652555454,0.07599634109474707,-0.0007,0.0002,-0.0001,0.0713,0.0808,9.8028,0.00015,-0.00035,-0.00011,2.299926054265974
2025-12-24 16:48:48.673877,-90.0,26.665188222348053,-6356748.781945179,2.299926054265974,0.6135536652555454,0.07599634109474707,-0.0007,0.0002,-0.0001,0.0744,0.075,9.8164,-0.00012,0.00041,-5e-05,2.299926054265974
2025-12-24 16:48:48.772778,-90.0,26.66518136415294,-6356748.782045179,2.299983346696172,0.6124738717222239,0.07587123141657767,-0.0008,0.0004,0.0002,0.0647,0.0677,9.8101,-0.00054,0.00086,-0.0,2.299983346696172
2025-12-24 16:48:48.872874,-90.0,26.66518136415294,-6356748.782045179,2.299983346696172,0.6124738717222239,0.07587123141657767,-0.0008,0.0004,0.0002,0.0758,0.0803,9.8086,-0.00019,8e-05,0.00046,2.299983346696172
2025-12-24 16:48:49.001418,-90.0,26.66518136415294,-6356748.782045179,2.299983346696172,0.6124738717222239,0.07587123141657767,-0.0008,0.0004,0.0002,0.0729,0.073,9.811,4e-05,-0.00014,0.0002,2.299983346696172
2025-12-24 16:48:49.074256,-90.0,26.665192597119585,-6356748.781945179,2.299967872227941,0.6106973429445508,0.07872199082910483,-0.0013,-0.0001,-0.0001,0.0825,0.0779,9.8093,0.00062,-0.0001,-5e-05,2.299967872227941
2025-12-24 16:48:49.176635,-90.0,26.665192597119585,-6356748.781945179,2.299967872227941,0.6106973429445508,0.07872199082910483,-0.0013,-0.0001,-0.0001,0.071,0.071,9.8167,0.00027,-0.00103,-0.00019,2.299967872227941
2025-12-24 16:48:49.274172,-90.0,26.665192597119585,-6356748.781945179,2.299967872227941,0.6106973429445508,0.07872199082910483,-0.0013,-0.0001,-0.0001,0.0829,0.0654,9.8157,-0.00018,0.00078,-3e-05,2.299967872227941
2025-12-24 16:48:49.374835,-90.0,26.665206155618428,-6356748.781945179,2.299958723967901,0.6092130541378932,0.0811992513165948,-0.0007,0.0007,-0.0001,0.075,0.0759,9.8138,0.0011,0.00038,-0.00017,2.299958723967901
2025-12-24 16:48:49.473967,-90.0,26.665206155618428,-6356748.781945179,2.299958723967901,0.6092130541378932,0.0811992513165948,-0.0007,0.0007,-0.0001,0.0763,0.0725,9.8096,0.00056,-0.00035,-0.00054,2.299958723967901
2025-12-24 16:48:49.573520,-90.0,26.665206155618428,-6356748.781945179,2.299958723967901,0.6092130541378932,0.0811992513165948,-0.0007,0.0007,-0.0001,0.0734,0.067,9.8072,-0.00041,0.00043,0.00027,2.299958723967901
2025-12-24 16:48:49.689185,-90.0,26.66522635516896,-6356748.78224518,2.300033093361781,0.6079720411531426,0.08087091870721452,-0.0008,0.0008,0.0008,0.0756,0.0763,9.8048,1e-05,-0.00024,-0.0005,2.300033093361781
2025-12-24 16:48:49.778538,-90.0,26.66522635516896,-6356748.78224518,2.300033093361781,0.6079720411531426,0.08087091870721452,-0.0008,0.0008,0.0008,0.0769,0.074,9.8156,0.00081,0.0007,-2e-05,2.300033093361781
2025-12-24 16:48:49.873156,-90.0,26.665228562267032,-6356748.7823451795,2.3000877629435936,0.613259501881197,0.07970415420997759,-0.0009,0.0008,0.0003,0.0748,0.069,9.8023,0.00098,-0.00086,-0.00044,2.3000877629435936
2025-12-24 16:48:49.973163,-90.0,26.665228562267032,-6356748.7823451795,2.3000877629435936,0.613259501881197,0.07970415420997759,-0.0009,0.0008,0.0003,0.0715,0.079,9.807,0.00048,-7e-05,-1e-05,2.3000877629435936
2025-12-24 16:48:50.073541,-90.0,26.665228562267032,-6356748.7823451795,2.3000877629435936,0.613259501881197,0.07970415420997759,-0.0009,0.0008,0.0003,0.0742,0.0703,9.808,0.00034,-0.00094,-0.00012,2.3000877629435936
2025-12-24 16:48:50.173045,-90.0,26.665228562267032,-6356748.78224518,2.300115182922108,0.6216535770818225,0.0828235124394819,-0.0011,0.0005,-0.0002,0.0787,0.068,9.8089,0.00039,-0.00146,0.0,2.300115182922108
2025-12-24 16:48:50.273872,-90.0,26.665228562267032,-6356748.78224518,2.300115182922108,0.6216535770818225,0.0828235124394819,-0.0011,0.0005,-0.0002,0.0772,0.0716,9.8119,0.00074,-3e-05,-0.00017,2.300115182922108
2025-12-24 16:48:50.408749,-90.0,26.665228562267032,-6356748.78224518,2.300115182922108,0.6216535770818225,0.0828235124394819,-0.0011,0.0005,-0.0002,0.0719,0.0724,9.8175,-2e-05,-0.00059,0.00016,2.300115182922108
2025-12-24 16:48:50.472713,-90.0,26.665201386101646,-6356748.78224518,2.30019028220148,0.6205028668988792,0.08341391911953339,-0.0016,0.0004,-0.0001,0.0714,0.0695,9.8056,-8e-05,-0.00049,-0.00015,2.30019028220148
2025-12-24 16:48:50.576883,-90.0,26.665201386101646,-6356748.78224518,2.30019028220148,0.6205028668988792,0.08341391911953339,-0.0016,0.0004,-0.0001,0.0662,0.0694,9.8046,0.00016,-0.00104,-3e-05,2.30019028220148
2025-12-24 16:48:50.674216,-90.0,26.665194587132458,-6356748.7823451795,2.3002575269085312,0.6255930205774413,0.08240492221855655,-0.0019,0.0004,0.0,0.0767,0.0657,9.8132,0.00037,-0.00087,-5e-05,2.3002575269085312
2025-12-24 16:48:50.773629,-90.0,26.665194587132458,-6356748.7823451795,2.3002575269085312,0.6255930205774413,0.08240492221855655,-0.0019,0.0004,0.0,0.0639,0.0569,9.8012,0.00052,-0.0016,-0.00035,2.3002575269085312
2025-12-24 16:48:50.872953,-90.0,26.665194587132458,-6356748.7823451795,2.3002575269085312,0.6255930205774413,0.08240492221855655,-0.0019,0.0004,0.0,0.0743,0.0694,9.8103,7e-05,0.00068,-0.0,2.3002575269085312
2025-12-24 16:48:50.973831,-90.0,26.66519685345516,-6356748.7823451795,2.30027987397556,0.6289573433641692,0.08189412408351736,-0.0019,-0.0,-0.0002,0.086,0.069,9.7955,0.00023,0.00019,-0.00016,2.30027987397556
2025-12-24 16:48:51.072693,-90.0,26.66519685345516,-6356748.7823451795,2.30027987397556,0.6289573433641692,0.08189412408351736,-0.0019,-0.0,-0.0002,0.0796,0.0622,9.8103,3e-05,0.00019,-0.00033,2.30027987397556
2025-12-24 16:48:51.173728,-90.0,26.66519685345516,-6356748.7823451795,2.30027987397556,0.6289573433641692,0.08189412408351736,-0.0019,-0.0,-0.0002,0.0714,0.0753,9.8184,0.00045,-0.00044,3e-05,2.30027987397556
2025-12-24 16:48:51.281138,-90.0,26.66519460686925,-6356748.7823451795,2.300271196967513,0.6297085678924805,0.07909461253644907,-0.0014,-0.0,-0.0006,0.0752,0.0791,9.8055,-0.00071,-0.00023,-0.00022,2.300271196967513
2025-12-24 16:48:51.374831,-90.0,26.66519460686925,-6356748.7823451795,2.300271196967513,0.6297085678924805,0.07909461253644907,-0.0014,-0.0,-0.0006,0.0744,0.0761,9.8038,6e-05,-0.00014,-0.00027,2.300271196967513
2025-12-24 16:48:51.495411,-90.0,26.665201386101646,-6356748.782645179,2.3002762314909813,0.6254751431066098,0.07368397571181665,-0.0011,0.0004,0.0,0.0671,0.0745,9.8102,-7e-05,-0.0003,-4e-05,2.3002762314909813
2025-12-24 16:48:51.579218,-90.0,26.665201386101646,-6356748.782645179,2.3002762314909813,0.6254751431066098,0.07368397571181665,-0.0011,0.0004,0.0,0.0766,0.0711,9.8086,0.00064,-0.00073,0.00013,2.3002762314909813
2025-12-24 16:48:51.682368,-90.0,26.665201386101646,-6356748.782645179,2.3002762314909813,0.6254751431066098,0.07368397571181665,-0.0011,0.0004,0.0,0.0801,0.072,9.8063,-0.00016,-3e-05,-8e-05,2.3002762314909813
2025-12-24 16:48:51.784967,-90.0,26.665196892929643,-6356748.782645179,2.300240785262389,0.629729923310262,0.07007536100749742,-0.0016,0.0001,-0.0003,0.0741,0.0637,9.8146,0.00018,0.00019,-0.00014,2.300240785262389
2025-12-24 16:48:51.873251,-90.0,26.665196892929643,-6356748.782645179,2.300240785262389,0.629729923310262,0.07007536100749742,-0.0016,0.0001,-0.0003,0.0782,0.0635,9.8183,0.00017,-0.00118,-8e-05,2.300240785262389
2025-12-24 16:48:51.977992,-90.0,26.665196892929643,-6356748.782645179,2.300240785262389,0.629729923310262,0.07007536100749742,-0.0016,0.0001,-0.0003,0.0702,0.0682,9.8063,-1e-05,-0.00036,-0.00016,2.300240785262389
2025-12-24 16:48:52.073196,-90.0,26.665203672164008,-6356748.78274518,2.3002372318644477,0.6290218738504353,0.0691322345354875,-0.0011,-0.0009,0.0,0.0841,0.0743,9.8099,-0.00028,-1e-05,-0.0005,2.3002372318644477
2025-12-24 16:48:52.195797,-90.0,26.665203672164008,-6356748.78274518,2.3002372318644477,0.6290218738504353,0.0691322345354875,-0.0011,-0.0009,0.0,0.071,0.0669,9.8009,5e-05,-0.00059,-0.00029,2.3002372318644477
2025-12-24 16:48:52.273451,-90.0,26.665203672164008,-6356748.78274518,2.3002372318644477,0.6290218738504353,0.0691322345354875,-0.0011,-0.0009,0.0,0.0722,0.0665,9.8074,0.00019,0.00034,9e-05,2.3002372318644477
2025-12-24 16:48:52.374414,-90.0,26.665208204813528,-6356748.78284518,2.3002132020932247,0.6205870597529715,0.06863032420393667,-0.0006,-0.0003,0.0001,0.0747,0.08,9.8102,0.00024,-0.00014,0.00023,2.3002132020932247
2025-12-24 16:48:52.473796,-90.0,26.665208204813528,-6356748.78284518,2.3002132020932247,0.6205870597529715,0.06863032420393667,-0.0006,-0.0003,0.0001,0.0743,0.0667,9.8065,0.0005,0.00024,-5e-05,2.3002132020932247
2025-12-24 16:48:52.572906,-90.0,26.665203672164008,-6356748.78274518,2.300173909389456,0.6201810939111595,0.06758270302062332,-0.0011,-0.0005,-0.0001,0.0714,0.0679,9.8045,-0.00025,0.00079,-0.0001,2.300173909389456
2025-12-24 16:48:52.673569,-90.0,26.665203672164008,-6356748.78274518,2.300173909389456,0.6201810939111595,0.06758270302062332,-0.0011,-0.0005,-0.0001,0.0699,0.073,9.8092,0.00019,-0.00046,1e-05,2.300173909389456
2025-12-24 16:48:52.773014,-90.0,26.665203672164008,-6356748.78274518,2.300173909389456,0.6201810939111595,0.06758270302062332,-0.0011,-0.0005,-0.0001,0.0737,0.0776,9.8068,4e-05,0.00038,0.00062,2.300173909389456
2025-12-24 16:48:52.880964,-90.0,26.66520593848859,-6356748.782945179,2.3001570430538525,0.6233623567689617,0.06524551957599578,-0.0013,-0.0007,0.0001,0.0769,0.0768,9.8104,-9e-05,-0.00128,-0.00017,2.3001570430538525
2025-12-24 16:48:52.974685,-90.0,26.66520593848859,-6356748.782945179,2.3001570430538525,0.6233623567689617,0.06524551957599578,-0.0013,-0.0007,0.0001,0.0727,0.0714,9.8057,-0.00029,0.00033,-0.00046,2.3001570430538525
2025-12-24 16:48:53.074647,-90.0,26.66520593848859,-6356748.782945179,2.3001570430538525,0.6233623567689617,0.06524551957599578,-0.0013,-0.0007,0.0001,0.0754,0.0738,9.8076,0.00029,0.00045,0.0005,2.3001570430538525
2025-12-24 16:48:53.173187,-90.0,26.665214964308852,-6356748.783045179,2.300152584842097,0.6249918398946871,0.06497173733366238,-0.0011,-0.0005,-0.0002,0.0748,0.0675,9.8155,-0.00012,0.0,0.00027,2.300152584842097
2025-12-24 16:48:53.281446,-90.0,26.665214964308852,-6356748.783045179,2.300152584842097,0.6249918398946871,0.06497173733366238,-0.0011,-0.0005,-0.0002,0.0738,0.0783,9.803,6e-05,2e-05,-0.00012,2.300152584842097
2025-12-24 16:48:53.409852,-90.0,26.66520816533458,-6356748.782945179,2.30016502477643,0.6284801501577715,0.06615173006385248,-0.001,-0.0005,0.0003,0.0828,0.0706,9.8161,0.00031,-0.00022,-0.00012,2.30016502477643
2025-12-24 16:48:53.472921,-90.0,26.66520816533458,-6356748.782945179,2.30016502477643,0.6284801501577715,0.06615173006385248,-0.001,-0.0005,0.0003,0.0696,0.0631,9.814,-0.0005,-0.00061,-0.00028,2.30016502477643
2025-12-24 16:48:53.575055,-90.0,26.66520816533458,-6356748.782945179,2.30016502477643,0.6284801501577715,0.06615173006385248,-0.001,-0.0005,0.0003,0.0725,0.0764,9.8144,-0.00018,0.0005,0.00015,2.30016502477643
2025-12-24 16:48:53.674550,-90.0,26.66521265850303,-6356748.782945179,2.300199950050879,0.6299127645992205,0.0660279508811315,-0.0012,-0.0005,-0.0001,0.081,0.0628,9.8094,0.00016,-0.00041,-0.00011,2.300199950050879
2025-12-24 16:48:53.774391,-90.0,26.66521265850303,-6356748.782945179,2.300199950050879,0.6299127645992205,0.0660279508811315,-0.0012,-0.0005,-0.0001,0.0693,0.0789,9.8102,0.0,-0.00079,3e-05,2.300199950050879
2025-12-24 16:48:53.873316,-90.0,26.66521265850303,-6356748.782945179,2.300199950050879,0.6299127645992205,0.0660279508811315,-0.0012,-0.0005,-0.0001,0.0908,0.082,9.8158,0.0,-0.00016,-2e-05,2.300199950050879
2025-12-24 16:48:53.973296,-90.0,26.665212638762682,-6356748.783045179,2.3002329142214246,0.6325286591402209,0.06718749418941344,-0.0014,-0.001,-0.0,0.0529,0.0735,9.8082,-3e-05,-0.00049,0.0001,2.3002329142214246
2025-12-24 16:48:54.075428,-90.0,26.665212638762682,-6356748.783045179,2.3002329142214246,0.6325286591402209,0.06718749418941344,-0.0014,-0.001,-0.0,0.0832,0.0732,9.8058,-0.00012,0.0,-0.00026,2.3002329142214246
2025-12-24 16:48:54.193402,-90.0,26.665205780576567,-6356748.78274518,2.3002697072373866,0.6327174221895936,0.06675748302149817,-0.0008,-0.0002,-0.0002,0.0724,0.0611,9.815,-8e-05,0.00091,-0.0005,2.3002697072373866
2025-12-24 16:48:54.274586,-90.0,26.665205780576567,-6356748.78274518,2.3002697072373866,0.6327174221895936,0.06675748302149817,-0.0008,-0.0002,-0.0002,0.0878,0.0592,9.8092,0.00096,-0.00021,-0.00019,2.3002697072373866
2025-12-24 16:48:54.373174,-90.0,26.665205780576567,-6356748.78274518,2.3002697072373866,0.6327174221895936,0.06675748302149817,-0.0008,-0.0002,-0.0002,0.0949,0.0478,9.8079,0.00046,-0.00126,-2e-05,2.3002697072373866
2025-12-24 16:48:54.473629,-90.0,26.665192182655947,-6356748.78274518,2.3002893732681287,0.6340090767594291,0.06695219554722366,-0.0024,-0.0008,0.0003,0.0772,0.0504,9.8131,-0.00014,-0.0002,6e-05,2.3002893732681287
2025-12-24 16:48:54.573753,-90.0,26.665192182655947,-6356748.78274518,2.3002893732681287,0.6340090767594291,0.06695219554722366,-0.0024,-0.0008,0.0003,0.0447,0.0766,9.7994,-0.00043,0.00019,0.00052,2.3002893732681287
2025-12-24 16:48:54.673314,-90.0,26.665192182655947,-6356748.78274518,2.3002893732681287,0.6340090767594291,0.06695219554722366,-0.0024,-0.0008,0.0003,0.0958,0.0731,9.8141,0.00059,-0.0,-0.00033,2.3002893732681287
2025-12-24 16:48:54.776331,-90.0,26.66520349451705,-6356748.78274518,2.3003088707691814,0.6336904855482581,0.06906285503955958,0.0005,-0.0007,0.0001,0.0692,0.0806,9.7956,0.00014,-0.00013,0.00043,2.3003088707691814
2025-12-24 16:48:54.873142,-90.0,26.66520349451705,-6356748.78274518,2.3003088707691814,0.6336904855482581,0.06906285503955958,0.0005,-0.0007,0.0001,0.0663,0.0647,9.8221,1e-05,-0.00043,-0.00021,2.3003088707691814
2025-12-24 16:48:54.973933,-90.0,26.665174071847808,-6356748.782545179,2.3003285807580283,0.6318992250878818,0.06913374351510258,-0.0011,-0.0008,-0.0004,0.0741,0.0595,9.8016,0.0,0.00071,0.00041,2.3003285807580283
2025-12-24 16:48:55.072731,-90.0,26.665174071847808,-6356748.782545179,2.3003285807580283,0.6318992250878818,0.06913374351510258,-0.0011,-0.0008,-0.0004,0.082,0.074,9.8174,0.00035,0.00046,-0.00011,2.3003285807580283
2025-12-24 16:48:55.177955,-90.0,26.665174071847808,-6356748.782545179,2.3003285807580283,0.6318992250878818,0.06913374351510258,-0.0011,-0.0008,-0.0004,0.0655,0.0616,9.8043,0.00036,-0.00031,0.0,2.3003285807580283
2025-12-24 16:48:55.274917,-90.0,26.66515826682892,-6356748.7823451795,2.3003249437713813,0.6273485078559808,0.06948456391849352,-0.0013,-0.0004,-0.0001,0.0673,0.0711,9.8084,0.00023,-0.00077,1e-05,2.3003249437713813
2025-12-24 16:48:55.383593,-90.0,26.66515826682892,-6356748.7823451795,2.3003249437713813,0.6273485078559808,0.06948456391849352,-0.0013,-0.0004,-0.0001,0.0789,0.0709,9.8082,-0.00054,-0.00019,-4e-05,2.3003249437713813
2025-12-24 16:48:55.473415,-90.0,26.66515826682892,-6356748.7823451795,2.3003249437713813,0.6273485078559808,0.06948456391849352,-0.0013,-0.0004,-0.0001,0.0726,0.0675,9.8205,0.00016,0.0003,-0.00023,2.3003249437713813
2025-12-24 16:48:55.573165,-90.0,26.665158306288117,-6356748.782445179,2.3003025839431253,0.6295005842871758,0.06945028107211469,-0.0016,0.0003,0.0001,0.0669,0.0687,9.8091,1e-05,0.00023,0.00038,2.3003025839431253
2025-12-24 16:48:55.676281,-90.0,26.665158306288117,-6356748.782445179,2.3003025839431253,0.6295005842871758,0.06945028107211469,-0.0016,0.0003,0.0001,0.0811,0.0628,9.8114,0.00045,-0.00047,-0.00036,2.3003025839431253
2025-12-24 16:48:55.780038,-90.0,26.665158306288117,-6356748.782445179,2.3003025839431253,0.6295005842871758,0.06945028107211469,-0.0016,0.0003,0.0001,0.0716,0.0811,9.8089,-6e-05,4e-05,-0.00017,2.3003025839431253
2025-12-24 16:48:55.880888,-90.0,26.665180851065244,-6356748.782545179,2.3003008273340617,0.6302352026408224,0.06864975555973053,-0.0005,-0.0004,0.0003,0.0779,0.0532,9.8145,-0.00029,-3e-05,0.00035,2.3003008273340617
2025-12-24 16:48:55.983186,-90.0,26.665180851065244,-6356748.782545179,2.3003008273340617,0.6302352026408224,0.06864975555973053,-0.0005,-0.0004,0.0003,0.0777,0.066,9.8078,0.00017,-0.00025,0.00051,2.3003008273340617
2025-12-24 16:48:56.085102,-90.0,26.66518987686544,-6356748.782645179,2.300294722873752,0.6298438961910263,0.06671926486025777,-0.0011,0.0,-0.0004,0.0779,0.0771,9.8138,-0.00011,2e-05,0.00011,2.300294722873752
2025-12-24 16:48:56.173629,-90.0,26.66518987686544,-6356748.782645179,2.300294722873752,0.6298438961910263,0.06671926486025777,-0.0011,0.0,-0.0004,0.0795,0.0604,9.815,-1e-05,-0.00069,0.00026,2.300294722873752
2025-12-24 16:48:56.273887,-90.0,26.66518987686544,-6356748.782645179,2.300294722873752,0.6298438961910263,0.06671926486025777,-0.0011,0.0,-0.0004,0.0763,0.0778,9.7962,0.00028,-0.00021,-0.00069,2.300294722873752
2025-12-24 16:48:56.374309,-90.0,26.665194389765002,-6356748.78284518,2.3002724745108933,0.6283212530763937,0.06591976564612854,-0.001,-0.0006,-0.0001,0.079,0.0906,9.8227,7e-05,0.00092,0.00014,2.3002724745108933
2025-12-24 16:48:56.472831,-90.0,26.665194389765002,-6356748.78284518,2.3002724745108933,0.6283212530763937,0.06591976564612854,-0.001,-0.0006,-0.0001,0.0819,0.0026,9.7786,0.00185,0.00054,-0.00027,2.3002724745108933
2025-12-24 16:48:56.572934,-90.0,26.665194389765002,-6356748.78284518,2.3002724745108933,0.6283212530763937,0.06591976564612854,-0.001,-0.0006,-0.0001,0.0712,0.1227,9.8154,0.00069,-0.0018,-0.00037,2.3002724745108933
2025-12-24 16:48:56.672862,-90.0,26.66518311738267,-6356748.782545179,2.3002286081368375,0.6219887871423212,0.06661610286156741,-0.0012,0.0007,0.001,0.0691,0.0269,9.7821,-0.00108,-0.00251,-0.00047,2.3002286081368375
2025-12-24 16:48:56.773503,-90.0,26.66518311738267,-6356748.782545179,2.3002286081368375,0.6219887871423212,0.06661610286156741,-0.0012,0.0007,0.001,0.114,0.0792,9.8237,-1e-05,0.00028,0.00071,2.3002286081368375
2025-12-24 16:48:56.874480,-90.0,26.66518532449568,-6356748.782545179,2.300213817720153,0.6206147769854738,0.06211447963666255,-0.0026,0.002,0.0005,0.095,0.0761,9.8043,0.00037,-0.00082,-0.00082,2.300213817720153
2025-12-24 16:48:56.974412,-90.0,26.66518532449568,-6356748.782545179,2.300213817720153,0.6206147769854738,0.06211447963666255,-0.0026,0.002,0.0005,0.0374,0.1423,9.8302,-0.00156,-0.00419,-0.00011,2.300213817720153
2025-12-24 16:48:57.072847,-90.0,26.66518532449568,-6356748.782545179,2.300213817720153,0.6206147769854738,0.06211447963666255,-0.0026,0.002,0.0005,0.0485,0.0889,9.7995,0.00085,0.00061,-0.00044,2.300213817720153
2025-12-24 16:48:57.173061,-90.0,26.665194310818237,-6356748.7823451795,2.3002467583749637,0.6219148598172196,0.06368981194985128,0.0026,-0.0028,-0.0014,0.1054,0.0602,9.8264,0.00028,0.0009,-5e-05,2.3002467583749637
2025-12-24 16:48:57.275540,-90.0,26.665194310818237,-6356748.7823451795,2.3002467583749637,0.6219148598172196,0.06368981194985128,0.0026,-0.0028,-0.0014,0.0788,0.0372,9.7962,0.00105,-8e-05,-0.00071,2.3002467583749637
2025-12-24 16:48:57.374704,-90.0,26.665194310818237,-6356748.7823451795,2.3002467583749637,0.6219148598172196,0.06368981194985128,0.0026,-0.0028,-0.0014,0.07,0.0697,9.8114,-0.00082,-9e-05,-0.00013,2.3002467583749637
2025-12-24 16:48:57.475413,-90.0,26.665124351028556,-6356748.782445179,2.300235452085763,0.6189441907267803,0.06977123974376791,-0.0018,0.0012,0.0003,0.0754,0.0861,9.8098,0.00031,-0.00052,-0.00028,2.300235452085763
2025-12-24 16:48:57.573165,-90.0,26.665124351028556,-6356748.782445179,2.300235452085763,0.6189441907267803,0.06977123974376791,-0.0018,0.0012,0.0003,0.0815,0.0957,9.8192,0.00011,0.0004,-0.00021,2.300235452085763
2025-12-24 16:48:57.674790,-90.0,26.665124351028556,-6356748.782445179,2.300235452085763,0.6189441907267803,0.06977123974376791,-0.0018,0.0012,0.0003,0.0727,0.0724,9.8116,-0.00021,0.00077,-0.00011,2.300235452085763
2025-12-24 16:48:57.773341,-90.0,26.665122084716824,-6356748.782545179,2.300257460230338,0.6205637926441734,0.06446275508986975,-0.0019,0.0,-0.0001,0.0804,0.0538,9.813,0.00023,-0.00028,-0.00043,2.300257460230338
2025-12-24 16:48:57.873576,-90.0,26.665122084716824,-6356748.782545179,2.300257460230338,0.6205637926441734,0.06446275508986975,-0.0019,0.0,-0.0001,0.0793,0.0802,9.8094,-0.0,-0.0,-0.00012,2.300257460230338
2025-12-24 16:48:57.973550,-90.0,26.665113058914805,-6356748.7823451795,2.300261881313614,0.6203299012805383,0.06498439062478117,-0.0006,0.0006,0.0001,0.0744,0.065,9.8087,-0.00054,0.00098,-0.00013,2.300261881313614
2025-12-24 16:48:58.075820,-90.0,26.665113058914805,-6356748.7823451795,2.300261881313614,0.6203299012805383,0.06498439062478117,-0.0006,0.0006,0.0001,0.0703,0.0859,9.806,-0.00022,0.00045,0.00015,2.300261881313614
2025-12-24 16:48:58.178074,-90.0,26.665113058914805,-6356748.7823451795,2.300261881313614,0.6203299012805383,0.06498439062478117,-0.0006,0.0006,0.0001,0.0841,0.0687,9.8095,-6e-05,0.00028,-0.00012,2.300261881313614
2025-12-24 16:48:58.306468,-90.0,26.665113039194136,-6356748.7823451795,2.300242439508742,0.6185786146040639,0.062449651771858336,-0.0004,-0.0003,0.0003,0.0645,0.0705,9.8131,0.00032,-3e-05,0.00013,2.300242439508742
2025-12-24 16:48:58.373904,-90.0,26.665113039194136,-6356748.7823451795,2.300242439508742,0.6185786146040639,0.062449651771858336,-0.0004,-0.0003,0.0003,0.0782,0.0616,9.8121,-0.00033,0.00028,-0.00029,2.300242439508742
2025-12-24 16:48:58.473642,-90.0,26.665113039194136,-6356748.7823451795,2.300242439508742,0.6185786146040639,0.062449651771858336,-0.0004,-0.0003,0.0003,0.0793,0.072,9.8074,0.00019,-0.00036,7e-05,2.300242439508742
2025-12-24 16:48:58.598260,-90.0,26.66509498758937,-6356748.7823451795,2.3002712065251676,0.6219926591496667,0.06070377814868408,-0.0007,0.0,-0.0002,0.08,0.0831,9.8077,-4e-05,-0.00022,-0.00022,2.3002712065251676
2025-12-24 16:48:58.676183,-90.0,26.66509498758937,-6356748.7823451795,2.3002712065251676,0.6219926591496667,0.06070377814868408,-0.0007,0.0,-0.0002,0.0742,0.0608,9.8087,0.00022,-0.00023,4e-05,2.3002712065251676
2025-12-24 16:48:58.774396,-90.0,26.665070156767374,-6356748.782045179,2.300255968596148,0.6253668398955464,0.06046078328650729,-0.0011,-0.0003,-0.0002,0.0533,0.0806,9.824,8e-05,-0.00282,-0.00045,2.300255968596148
2025-12-24 16:48:58.901016,-90.0,26.665070156767374,-6356748.782045179,2.300255968596148,0.6253668398955464,0.06046078328650729,-0.0011,-0.0003,-0.0002,0.0274,0.0768,9.808,0.00099,-0.00108,-9e-05,2.300255968596148
2025-12-24 16:48:58.975780,-90.0,26.665070156767374,-6356748.782045179,2.300255968596148,0.6253668398955464,0.06046078328650729,-0.0011,-0.0003,-0.0002,0.1495,0.0416,9.797,0.00036,-0.0001,7e-05,2.300255968596148
2025-12-24 16:48:59.074267,-90.0,26.66506791017151,-6356748.781945179,2.300231874681109,0.6274278876777388,0.059507662657327605,-0.0013,-0.0001,0.0005,0.0407,0.0841,9.8037,0.00072,-0.00143,-0.00037,2.300231874681109
2025-12-24 16:48:59.201801,-90.0,26.66506791017151,-6356748.781945179,2.300231874681109,0.6274278876777388,0.059507662657327605,-0.0013,-0.0001,0.0005,0.051,0.0693,9.8127,0.00039,0.00075,-0.00014,2.300231874681109
2025-12-24 16:48:59.273249,-90.0,26.66506791017151,-6356748.781945179,2.300231874681109,0.6274278876777388,0.059507662657327605,-0.0013,-0.0001,0.0005,0.1017,0.0723,9.8109,-0.00056,0.00119,-0.00055,2.300231874681109
2025-12-24 16:48:59.373285,-90.0,26.665083715190935,-6356748.781845179,2.3002141373773908,0.6257320170904873,0.05825246681716604,-0.0003,-0.0018,-0.0,0.0931,0.0573,9.7952,-0.00065,7e-05,-0.00073,2.3002141373773908
2025-12-24 16:48:59.484532,-90.0,26.665083715190935,-6356748.781845179,2.3002141373773908,0.6257320170904873,0.05825246681716604,-0.0003,-0.0018,-0.0,0.0587,0.077,9.8063,0.00024,-0.00036,0.00018,2.3002141373773908
2025-12-24 16:48:59.575241,-90.0,26.665061170380717,-6356748.781345179,2.3001424105087134,0.6226327437398506,0.05902341137659454,-0.0014,0.0004,-0.0003,0.0728,0.0787,9.803,0.00031,0.00155,-0.00076,2.3001424105087134
2025-12-24 16:48:59.681470,-90.0,26.665061170380717,-6356748.781345179,2.3001424105087134,0.6226327437398506,0.05902341137659454,-0.0014,0.0004,-0.0003,0.0826,0.0539,9.8031,0.00032,0.00049,0.0002,2.3001424105087134
2025-12-24 16:48:59.774014,-90.0,26.665061170380717,-6356748.781345179,2.3001424105087134,0.6226327437398506,0.05902341137659454,-0.0014,0.0004,-0.0003,0.0827,0.0627,9.8039,0.00045,0.00011,-0.00019,2.3001424105087134
2025-12-24 16:48:59.874129,-90.0,26.665072462500724,-6356748.781345179,2.300120028622098,0.6220377793804858,0.05951759304202239,-0.0006,-0.0001,-0.0005,0.072,0.0883,9.8224,-0.00032,0.00015,-0.00025,2.300120028622098
2025-12-24 16:48:59.977971,-90.0,26.665072462500724,-6356748.781345179,2.300120028622098,0.6220377793804858,0.05951759304202239,-0.0006,-0.0001,-0.0005,0.0843,0.0663,9.8086,0.00028,-0.0014,-7e-05,2.300120028622098
2025-12-24 16:49:00.077912,-90.0,26.665072462500724,-6356748.781345179,2.300120028622098,0.6220377793804858,0.05951759304202239,-0.0006,-0.0001,-0.0005,0.0635,0.083,9.8148,0.00039,-0.00034,-2e-05,2.300120028622098
2025-12-24 16:49:00.183497,-90.0,26.665072462500724,-6356748.781345179,2.300139631510406,0.6245845075902005,0.06027415776066298,-0.0009,0.0002,0.0,0.0638,0.0946,9.8174,-0.0,-3e-05,0.00027,2.300139631510406
2025-12-24 16:49:00.285043,-90.0,26.665072462500724,-6356748.781345179,2.300139631510406,0.6245845075902005,0.06027415776066298,-0.0009,0.0002,0.0,0.0492,0.1279,9.8376,7e-05,-0.00037,-0.00012,2.300139631510406
2025-12-24 16:49:00.399215,-90.0,26.6650657029978,-6356748.780945179,2.30014575003974,0.6272686014544271,0.06184972769922407,-0.0004,-0.0011,-0.0002,0.0627,0.0928,9.7687,0.00118,0.00173,-1e-05,2.30014575003974
2025-12-24 16:49:00.476435,-90.0,26.6650657029978,-6356748.780945179,2.30014575003974,0.6272686014544271,0.06184972769922407,-0.0004,-0.0011,-0.0002,0.0674,0.0227,9.6454,0.00021,-0.00775,0.00065,2.30014575003974
2025-12-24 16:49:00.573240,-90.0,26.6650657029978,-6356748.780945179,2.30014575003974,0.6272686014544271,0.06184972769922407,-0.0004,-0.0011,-0.0002,0.5339,0.0183,9.8212,0.00081,-0.01427,2e-05,2.30014575003974
2025-12-24 16:49:00.672838,-90.0,26.665063456399988,-6356748.780845179,2.3001111191959427,0.6254481829347064,0.058912291563935626,-0.0014,-0.0002,-0.0013,0.9956,0.0625,9.7949,0.00276,-0.01447,-0.00026,2.3001111191959427
2025-12-24 16:49:00.774112,-90.0,26.665063456399988,-6356748.780845179,2.3001111191959427,0.6254481829347064,0.058912291563935626,-0.0014,-0.0002,-0.0013,1.219,0.1775,9.9084,0.00177,-0.00869,0.00094,2.3001111191959427
2025-12-24 16:49:00.873033,-90.0,26.665063456399988,-6356748.780845179,2.3001111191959427,0.6254481829347064,0.058912291563935626,-0.0014,-0.0002,-0.0013,1.1744,0.2335,9.5751,-0.00163,0.01075,0.00208,2.3001111191959427
2025-12-24 16:49:00.974730,-90.0,26.669261461364687,-6356748.781945179,2.3003382543574338,0.7569364752829829,0.14966858996976548,0.4509,-0.0069,0.0017,1.0716,-0.2716,9.5451,0.00359,0.01675,-0.00046,2.3003382543574338
2025-12-24 16:49:01.175086,-90.0,26.674693284727717,-6356748.784145179,2.300514386982713,0.8310229650105002,0.14845929961160115,0.6555,-0.0247,0.0001,0.963,-0.0407,9.5396,0.00819,-0.01973,0.00073,2.300514386982713
2025-12-24 16:49:01.275157,-90.0,26.677287302226993,-6356748.782545179,2.2999178919570085,0.9186350589017642,0.14613296601374304,0.7387,-0.0338,-0.0042,1.11,0.0665,9.6846,0.01868,-0.00305,-0.0077,2.2999178919570085
2025-12-24 16:49:01.373401,-90.0,26.681196474209415,-6356748.78274518,2.300124883163191,0.9475836506420149,0.110273573036368,0.8471,-0.0127,-0.0072,1.3626,0.5423,9.8236,0.0012,-0.00937,0.00207,2.300124883163191
2025-12-24 16:49:01.523497,-90.0,26.685808686774543,-6356748.783045179,2.2998833488899573,0.9204325740760335,0.08518386885395951,0.9737,-0.0271,-0.0019,1.5137,-0.126,9.8144,0.004,0.05845,-0.00746,2.2998833488899573
2025-12-24 16:49:01.573568,-90.0,26.690832281963058,-6356748.78444518,2.299270141412854,0.9704630380294744,0.11303824984181493,1.0832,-0.0263,-0.0012,1.7454,0.2261,9.8236,-0.00259,-0.00862,-0.0109,2.299270141412854
2025-12-24 16:49:01.675085,-90.0,26.696776004515943,-6356748.785745179,2.29903019948823,0.9571829473207882,0.0833504789542942,1.1903,-0.0103,-0.002,0.8028,0.9805,9.9324,-0.00238,-0.02771,-0.0026,2.29903019948823
2025-12-24 16:49:01.774902,-90.0,26.70313415844075,-6356748.785845179,2.2986319232868726,0.9327891088415233,0.10878030172502835,1.3071,-0.0209,-0.0037,1.2711,-0.9335,9.7774,0.00164,0.04531,-0.00452,2.2986319232868726
2025-12-24 16:49:01.874110,-90.0,26.70976133301154,-6356748.787345179,2.298243526517668,0.9127457242862385,0.1353978168291974,1.3898,0.0037,-0.0015,-0.5288,-0.0581,10.1299,-0.00748,-0.13844,0.00478,2.298243526517668
2025-12-24 16:49:01.973868,-90.0,26.71687708586883,-6356748.789745179,2.299145732861339,0.8442609207907944,0.08870368948143846,1.5129,0.014,0.0082,2.3289,1.7553,10.0604,-0.00706,0.11555,0.00546,2.299145732861339
2025-12-24 16:49:02.076906,-90.0,26.72451828350679,-6356748.79214518,2.2994872156874675,0.7611834241174754,0.1151319086346415,1.6118,0.0027,0.0099,-0.6501,0.8365,9.9751,-0.00468,-0.09397,0.00767,2.2994872156874675
2025-12-24 16:49:02.175441,-90.0,26.73278864963495,-6356748.793645179,2.2983451732947016,0.6543404687844439,0.12569785115440874,1.7651,-0.0004,-0.0121,0.3353,0.1868,9.78,-0.01691,0.10059,-0.00778,2.2983451732947016
2025-12-24 16:49:02.276488,-90.0,26.74159693151109,-6356748.7938451795,2.2980202923503334,0.6661741376792102,0.061037927979027594,1.8387,-0.0556,-0.0156,1.3902,0.6271,9.5715,0.01395,0.04027,0.00306,2.2980202923503334
2025-12-24 16:49:02.375302,-90.0,26.750884806647615,-6356748.79424518,2.298422462101756,0.7136037386174698,-0.033624597141841114,1.9233,-0.0483,-0.0116,0.3406,1.0552,9.8523,0.01609,-0.0933,0.00558,2.298422462101756
2025-12-24 16:49:02.475586,-90.0,26.760714512528832,-6356748.79314518,2.2974491099105405,0.665862306278226,-0.061758019008458905,2.0544,-0.023,-0.0146,0.4008,-0.0851,10.8188,-0.00808,-0.00114,-0.02198,2.2974491099105405
2025-12-24 16:49:02.575255,-90.0,26.77073225365798,-6356748.794445179,2.295681596341333,0.7836100822496804,-0.007439227929006199,2.1364,-0.073,0.0047,2.2137,-1.1431,9.5732,0.00792,-0.01507,-0.01624,2.295681596341333
2025-12-24 16:49:02.676744,-90.0,26.78166663685424,-6356748.7949451795,2.2948693640548585,0.6144018798903998,-0.2134587069379541,2.2817,-0.0502,-0.0134,0.8779,-0.1987,9.0953,0.00404,0.02809,-0.0123,2.2948693640548585
2025-12-24 16:49:02.774611,-90.0,26.79308203002118,-6356748.7927451795,2.293542221284625,0.49166842788315107,-0.40430316740997646,2.3805,-0.0252,-0.016,1.0263,1.5304,9.009,-0.00885,0.05878,-0.00802,2.293542221284625
2025-12-24 16:49:02.873410,-90.0,26.804950689544626,-6356748.792445179,2.291870704256746,0.49234799659502987,-0.3765698183361198,2.4781,-0.0667,0.0016,0.6727,0.8973,9.7164,-0.00151,0.0569,-0.02776,2.291870704256746
2025-12-24 16:49:02.974116,-90.0,26.817324804985095,-6356748.789145179,2.2895041041517503,0.3454648282496507,-0.4057259310802382,2.618,-0.0048,-0.0063,1.361,1.3332,8.632,-0.02801,0.08249,-0.02702,2.2895041041517503
2025-12-24 16:49:03.072692,-90.0,26.830384110827147,-6356748.78884518,2.2885548516474095,0.3353211909411924,-0.39251086143902714,2.6595,-0.0835,0.0144,-0.7384,-2.0647,9.6282,0.02533,-0.15849,-0.01113,2.2885548516474095
2025-12-24 16:49:03.173991,-90.0,26.843805233923515,-6356748.788945179,2.2868517817074894,0.3762188135237231,-0.6070795818922393,2.763,-0.0508,-0.0104,-1.0565,0.4286,9.1348,0.00403,-0.14675,-0.01918,2.2868517817074894
2025-12-24 16:49:03.278322,-90.0,26.857623300621906,-6356748.78394518,2.2853347221831615,0.36596322386216457,-0.6385145567300041,2.8585,-0.0705,0.0106,0.1559,-0.3497,10.4222,0.0169,0.01139,-0.02282,2.2853347221831615
2025-12-24 16:49:03.374319,-90.0,26.871960482944324,-6356748.783145179,2.284695001670595,0.38845364887741934,-0.663745412740768,2.9763,-0.044,0.0045,0.5634,0.6434,10.1719,0.01343,0.01284,0.00884,2.284695001670595
2025-12-24 16:49:03.472761,-90.0,26.88685850216037,-6356748.783145179,2.2833684216194348,0.2531148568945413,-0.7553517227995163,3.096,-0.0276,0.026,2.2596,1.4383,9.9261,-0.00629,0.14041,-0.04453,2.2833684216194348
2025-12-24 16:49:03.573241,-90.0,26.90202736262776,-6356748.779845179,2.2806071083281054,0.2669381318518666,-0.6293378367099305,3.1568,-0.0021,-0.0014,2.1678,-0.8151,9.722,-0.02744,-0.01229,-0.00705,2.2806071083281054
2025-12-24 16:49:03.676035,-90.0,26.91773975475221,-6356748.778545179,2.2786916455059334,0.2732424799053628,-0.5666602028735526,3.2396,-0.0594,0.0286,1.9856,0.1994,10.5163,-0.02181,0.11389,-0.04382,2.2786916455059334
2025-12-24 16:49:03.780156,-90.0,26.933937251418143,-6356748.778845179,2.274113629126831,0.207645888412699,-0.6083802065257119,3.3342,-0.1383,0.0265,-3.4541,0.5311,11.8155,0.0586,0.0066,-0.07338,2.274113629126831
2025-12-24 16:49:03.877583,-90.0,26.950786139700593,-6356748.782445179,2.2718398150123624,0.62253070787321,-0.5175842055936827,3.4328,-0.1303,0.0184,2.2016,0.214,10.3857,0.04151,0.0328,-0.01243,2.2718398150123624
2025-12-24 16:49:04.082589,-90.0,26.985688218408455,-6356748.788445179,2.2655714383309435,1.048949406986706,-0.431079842830951,3.6472,-0.0723,-0.018,-1.0849,1.2601,8.9123,0.02255,-0.05862,-0.02769,2.2655714383309435
2025-12-24 16:49:04.180079,-90.0,27.00383531067027,-6356748.79544518,2.2632319934955385,1.133859999183846,-0.42464159895608256,3.686,-0.0863,-0.0009,-1.8372,1.8923,10.6715,0.00549,-0.09106,-0.01625,2.2632319934955385
2025-12-24 16:49:04.276690,-90.0,27.022362257579505,-6356748.798545179,2.260737043159271,1.2787707210654407,-0.36696519775440867,3.8223,-0.0958,-0.0046,2.5837,-0.2959,9.8553,0.02559,0.15497,-0.01714,2.260737043159271
2025-12-24 16:49:04.379331,-90.0,27.04934581812442,-6356748.784745179,2.26087510503662,1.4352427787123803,-0.36983313251333627,3.9406,-0.1027,-0.028,-0.6789,2.6526,9.8988,0.04276,-0.19835,0.02096,2.26087510503662
2025-12-24 16:49:04.481701,-90.0,27.069305926228,-6356748.786545179,2.261218266206898,1.3884698396948367,-0.7208154311336241,4.1198,-0.1188,0.0054,1.7861,1.4045,10.461,0.05304,0.33696,0.00387,2.261218266206898
2025-12-24 16:49:04.584938,-90.0,27.089772882622746,-6356748.79044518,2.264004041336154,1.4428142579518843,-0.8870586716977719,4.1373,-0.0474,0.0344,-0.0963,2.2864,8.5233,-0.00915,-0.03919,0.02879,2.264004041336154
2025-12-24 16:49:04.696475,-90.0,27.110003902973148,-6356748.792945179,2.2646608459392983,1.6566001908658265,-0.7270381929868454,4.1849,-0.0827,-0.0385,1.4948,-0.4095,8.3412,0.00856,-0.15429,-0.01321,2.2646608459392983
2025-12-24 16:49:04.810219,-90.0,27.131066957703627,-6356748.791945179,2.2664224037556977,1.569243202370909,-0.9265931569216035,4.324,-0.0563,-0.0108,4.234,-0.7162,10.2827,0.01192,0.17366,0.02482,2.2664224037556977
2025-12-24 16:49:04.904852,-90.0,27.152577194064726,-6356748.793645179,2.2691192795119353,1.580592543521049,-0.9554603291887873,4.36,-0.0672,0.0113,0.9635,-2.1155,10.0364,0.01349,-0.03564,0.00998,2.2691192795119353
2025-12-24 16:49:04.979314,-90.0,27.17409840849477,-6356748.792245179,2.2702000970000933,1.511241465559166,-1.0492884286095334,4.4946,-0.1237,0.0,3.2664,-1.0538,9.4839,0.02665,0.42812,-0.00865,2.2702000970000933
2025-12-24 16:49:05.077760,-90.0,27.19637990614273,-6356748.793445179,2.2725290404153635,1.6170975571055235,-0.9338879843427123,4.5142,-0.0723,-0.0032,-0.5333,-0.1941,10.5026,-0.00974,-0.12969,0.02789,2.2725290404153635
2025-12-24 16:49:05.175094,-90.0,27.218313088682965,-6356748.79644518,2.2749016843573253,1.5211745208431366,-1.0785472637283644,4.586,-0.1202,0.0297,-0.4738,-3.3227,9.2556,-0.00483,0.13271,0.0206,2.2749016843573253
2025-12-24 16:49:05.282849,-90.0,27.24115096290176,-6356748.798845179,2.278285676626739,1.5745796352372436,-0.9024917141986399,4.6108,-0.0476,0.0135,-3.7803,0.4922,10.9198,-0.00225,-0.18843,0.03962,2.278285676626739
2025-12-24 16:49:05.390243,-90.0,27.264111060832615,-6356748.804045179,2.2799472396768925,1.6004411837236374,-0.657965042531895,4.7742,-0.0302,-0.0059,3.8667,2.5667,9.5843,-0.03482,0.15261,-0.00031,2.2799472396768925
2025-12-24 16:49:05.491446,-90.0,27.28759935999533,-6356748.808145179,2.281879378261255,1.6497523403277712,-0.607870201611494,4.7613,-0.0554,0.0117,-1.4863,1.7962,10.0251,0.01975,-0.19475,0.0469,2.281879378261255
2025-12-24 16:49:05.576063,-90.0,27.311371845214474,-6356748.81514518,2.285100084664194,1.5050998899848518,-0.33998257701279205,4.8701,0.0807,0.0196,1.6131,0.833,9.6161,-0.02859,-0.07137,0.02285,2.285100084664194
2025-12-24 16:49:05.673711,-90.0,27.33547993068493,-6356748.822445179,2.2887773258030104,1.5121428540772155,-0.15737664721569908,4.912,0.0665,0.0016,-2.4265,-0.2562,10.1757,-0.00559,-0.30914,0.05643,2.2887773258030104
2025-12-24 16:49:05.774361,-90.0,27.359693082465213,-6356748.81954518,2.2927136178307546,1.4265566559666765,-0.20819378831833174,5.0688,0.0478,0.0023,2.1926,3.7721,9.6879,-0.01068,0.08789,0.02705,2.2927136178307546
2025-12-24 16:49:05.875458,-90.0,27.38469750332446,-6356748.82494518,2.29668347626696,1.1736691923789362,-0.425278240268023,5.1339,0.0148,0.003,-4.0391,-0.0859,10.1509,-0.03965,0.04872,0.03375,2.29668347626696
2025-12-24 16:49:06.006002,-90.0,27.409893645167866,-6356748.82714518,2.3006795976071555,1.2126810118169224,-0.14367004700011163,5.1928,0.0313,-0.0016,2.8617,1.3572,9.8644,-0.06352,0.17209,0.00904,2.3006795976071555
2025-12-24 16:49:06.074745,-90.0,27.435429329104974,-6356748.834645179,2.305021834585803,1.117172306542186,-0.11750911635697002,5.1447,-0.0282,0.0209,-6.3341,-3.0181,10.72,-0.00323,-0.48676,0.0577,2.305021834585803
2025-12-24 16:49:06.173973,-90.0,27.46121997239669,-6356748.839545179,2.3101471242545486,0.8741462508077195,-0.23453389887939122,5.3266,0.029,-0.0071,0.7983,-0.9816,9.5713,-0.02213,0.08637,0.05867,2.3101471242545486
2025-12-24 16:49:06.275150,-90.0,27.487603307918835,-6356748.84144518,2.3146304898705026,1.0025026558393026,-0.10185426912368682,5.3394,-0.0371,0.0122,0.5044,-0.4384,10.801,0.01474,-0.02855,0.02422,2.3146304898705026
2025-12-24 16:49:06.380191,-90.0,27.51395498841627,-6356748.84754518,2.3178074772421207,1.0554776195664552,0.2853042840117407,5.3694,0.0067,-0.0622,-1.586,-10.8065,8.6919,-0.0381,-0.68222,0.0532,2.3178074772421207
2025-12-24 16:49:06.473864,-90.0,27.541145211709956,-6356748.85674518,2.3208898609057247,0.8721414876541339,-0.15481468127298628,5.5142,0.0521,0.0275,-4.0732,4.7591,11.2996,0.04941,0.16495,0.02987,2.3208898609057247
2025-12-24 16:49:06.573664,-90.0,27.568107172711485,-6356748.863645179,2.3266655527838855,0.7509163954671669,-0.09063781649690338,5.5234,0.1288,0.0623,-3.6848,3.493,11.9052,-0.03181,-0.12163,0.06955,2.3266655527838855
2025-12-24 16:49:06.677673,-90.0,27.595424107236518,-6356748.86554518,2.329719133846967,0.9132281718028746,0.034042868045292385,5.6949,0.0159,-0.0102,4.0196,3.282,9.8509,-0.01646,0.21085,0.05897,2.329719133846967
2025-12-24 16:49:06.774089,-90.0,27.62305239284941,-6356748.87374518,2.334595704099823,1.0440337884559732,0.02856454416351197,5.6558,-0.0341,0.015,-0.5283,6.5905,10.5775,0.03844,-0.07239,0.04934,2.334595704099823
2025-12-24 16:49:06.873904,-90.0,27.651532354891987,-6356748.896545179,2.339100181688535,1.105181024601932,0.35698905658161534,5.8613,0.0906,-0.0694,8.8399,-0.5599,9.6311,-0.02978,0.37602,0.05681,2.339100181688535
2025-12-24 16:49:07.004837,-90.0,27.679890870274292,-6356748.90334518,2.341500066634457,1.0721970119378124,0.2278143365055793,5.8016,0.0433,0.0094,-3.1035,1.1467,10.7706,0.01352,-0.17946,0.0159,2.341500066634457
2025-12-24 16:49:07.077808,-90.0,27.708152453232902,-6356748.909745179,2.3437840035456787,1.0000772332130656,0.3466795562837355,5.9489,0.0679,-0.0672,2.172,2.7125,7.944,-0.0139,0.13323,0.00672,2.3437840035456787
2025-12-24 16:49:07.180056,-90.0,27.737120517456955,-6356748.91714518,2.3462833001869363,0.9146670864764833,0.2340497512531642,5.9648,0.0179,0.0288,1.3262,-0.6064,11.5391,0.00816,-0.07152,0.02086,2.3462833001869363
2025-12-24 16:49:07.320641,-90.0,27.766039533640754,-6356748.918645179,2.346612466017883,0.9975888583215401,0.2786407508707173,5.8247,0.0111,-0.005,1.9964,0.9563,9.8874,0.02807,-0.43693,0.00924,2.346612466017883
2025-12-24 16:49:07.403635,-90.0,27.793981609655628,-6356748.92534518,2.348286540629928,0.7724086674169532,0.08449266551332851,5.6353,0.0772,0.0249,8.9247,4.7943,8.2769,-0.03451,0.4304,-0.00762,2.348286540629928
2025-12-24 16:49:07.474371,-90.0,27.820358186294477,-6356748.931745179,2.3511464788766667,0.3168273886736072,-0.17997547626576596,5.235,0.0338,0.036,-7.7209,0.8449,9.1662,-0.02171,-0.10541,0.05738,2.3511464788766667
2025-12-24 16:49:07.600103,-90.0,27.84595479177919,-6356748.972345179,2.356037905476965,0.19854886742660657,0.00696931862743278,5.1253,-0.0137,0.0565,-3.8638,2.3354,11.3536,-0.02342,0.1797,0.05154,2.356037905476965
2025-12-24 16:49:07.673422,-90.0,27.869457748950946,-6356748.985545179,2.3622227589055242,-0.050157154256056664,-0.0208466338651827,4.803,0.0096,0.0876,-2.8799,1.668,11.174,-0.03835,0.13638,0.05141,2.3622227589055242
2025-12-24 16:49:07.776051,-90.0,27.891837491185402,-6356748.99444518,2.365205389419114,-0.11086888890096733,-0.36252380304858745,4.4179,-0.1038,0.1186,-7.4848,1.1144,10.3149,0.02733,-0.03455,0.01478,2.365205389419114
2025-12-24 16:49:07.923532,-90.0,27.911789122122737,-6356749.0120451795,2.3662680174177626,-0.010395172581346169,-0.5159377594299939,4.1788,-0.0432,0.1256,-3.628,-0.0589,9.0245,0.02281,0.07001,0.01976,2.3662680174177626
2025-12-24 16:49:07.974173,-90.0,27.930459321922083,-6356749.011545179,2.366711506642514,-0.19556491789229705,-0.8285890125284391,3.9179,0.0053,0.066,-6.9359,3.0805,10.7398,-7e-05,0.09138,-0.0091,2.366711506642514
2025-12-24 16:49:08.227592,-90.0,27.9648689230151,-6356749.01634518,2.368545975364682,-0.20948229227779738,-0.26774431040998115,3.2838,0.0322,0.0669,-1.4331,-3.6547,8.2776,-0.02871,0.09342,-0.00828,2.368545975364682
2025-12-24 16:49:08.273790,-90.0,27.980324496899033,-6356749.022545179,2.3675597509080157,-0.02752976756001557,-0.049952148311489114,3.1019,0.0325,0.0401,1.3152,-1.8128,7.8538,-0.0236,-0.02555,0.00325,2.3675597509080157
2025-12-24 16:49:08.375790,-90.0,27.99474490703077,-6356749.0257451795,2.3694042919054694,-0.29123034733651787,-0.3087550844967472,2.8204,-0.0043,0.0627,-4.0825,-0.4691,9.8672,-0.0013,-0.00608,0.02299,2.3694042919054694
2025-12-24 16:49:08.475729,-90.0,28.00787258123961,-6356749.027645179,2.369248820445585,-0.2349503990034894,-0.2548554024028329,2.5486,-0.0386,0.0677,-1.6196,-1.2231,9.181,0.01776,-0.06065,0.00109,2.369248820445585
2025-12-24 16:49:08.583659,-90.0,28.01967021210016,-6356749.031445179,2.369864029327989,-0.1985860741658605,-0.34449362364501607,2.2948,-0.0247,0.045,-1.8115,0.6091,9.6452,0.005,0.00988,0.01593,2.369864029327989
2025-12-24 16:49:08.679750,-90.0,28.03014533831303,-6356749.027045179,2.37121353642088,-0.14496239528957058,-0.4439507023647463,2.001,-0.0827,0.0194,-2.6702,0.1598,9.9029,0.04373,-0.07732,0.01895,2.37121353642088
2025-12-24 16:49:08.844119,-90.0,28.039444220985857,-6356749.018445179,2.3714080206228094,0.1736950522198169,-0.16984271099274606,1.8008,-0.0296,0.0021,-1.5977,-0.4985,9.9923,-0.00577,-0.03829,-0.00348,2.3714080206228094
2025-12-24 16:49:08.884941,-90.0,28.047649374781113,-6356749.021045179,2.370227790912719,-0.013288320795832094,-0.13785299707718524,1.5966,0.0664,0.0505,-2.8652,-0.4629,9.8362,-0.02912,0.03606,-0.00687,2.370227790912719
2025-12-24 16:49:08.996619,-90.0,28.054671359164526,-6356749.01964518,2.369886198552782,-0.1839941083744166,-0.20473465366573212,1.3462,-0.0213,0.0326,-2.1935,-0.9036,9.424,-0.00202,0.02354,0.00064,2.369886198552782
2025-12-24 16:49:09.076407,-90.0,28.06074941743575,-6356749.020845179,2.37124729652397,-0.13954836093508088,-0.1690986173828613,1.1576,-0.014,0.0085,-2.7215,-0.1265,9.7581,-0.00237,-0.04181,0.01558,2.37124729652397
2025-12-24 16:49:09.212609,-90.0,28.065945372556,-6356749.021445179,2.371818038590579,-0.208733507342862,-0.11558898542759531,0.9742,0.0374,0.0214,-2.1402,0.8056,9.9642,-0.0243,0.00717,0.00437,2.371818038590579
2025-12-24 16:49:09.278100,-90.0,28.069873759757872,-6356749.01194518,2.372402723473693,-0.25182619678008217,-0.034799962041856786,0.7899,-0.0084,0.012,-2.1028,-0.2084,9.847,-0.00559,-0.03508,0.01279,2.372402723473693
2025-12-24 16:49:09.576550,-90.0,28.07754879641142,-6356749.009945179,2.3720449779216715,-0.20689611477964445,0.08410679945446341,0.3319,-0.0027,0.0086,-1.1948,-0.372,9.7742,-0.00908,0.00753,0.00072,2.3720449779216715
2025-12-24 16:49:09.676352,-90.0,28.07871366112415,-6356749.013945179,2.372346489373509,-0.23768718084435397,0.07166921204552439,0.2028,-0.0051,-0.0026,-1.2153,-0.1015,9.6069,0.00167,0.00186,0.0023,2.372346489373509
2025-12-24 16:49:09.781215,-90.0,28.07941507923248,-6356749.013245179,2.3722357945517363,-0.20376883111845473,0.10665304814006438,0.0866,0.0002,-0.0067,-1.0149,0.0156,9.8624,0.0004,-0.01114,-0.0021,2.3722357945517363
2025-12-24 16:49:09.973807,-90.0,28.078495110284397,-6356749.017745179,2.3723458440064915,-0.19139140433562668,0.13046298433508455,-0.0884,-0.0026,-0.0009,-0.7847,-0.0449,9.9046,4e-05,-0.00931,-0.0007,2.3723458440064915
2025-12-24 16:49:10.089549,-90.0,28.077917176488377,-6356749.017845179,2.372281456673379,-0.16388359704291136,0.16174515112193813,-0.1471,0.0025,-0.0001,-0.5429,0.0442,9.7449,-0.00182,-0.00575,-0.00064,2.372281456673379
2025-12-24 16:49:10.174787,-90.0,28.077091691849308,-6356749.017645179,2.3722296057132586,-0.1625985681332676,0.16893873460076994,-0.1933,-0.0033,-0.0049,-0.4591,-0.1498,9.7624,0.00149,-0.00179,-0.00119,2.3722296057132586
2025-12-24 16:49:10.279738,-90.0,28.076074557280247,-6356749.013745179,2.3722940785192685,-0.14870489327609057,0.14501961454740145,-0.2387,-0.0057,-0.0093,-0.3291,0.0518,9.8365,0.00365,0.00412,-0.00074,2.3722940785192685
2025-12-24 16:49:10.495826,-90.0,28.073617019851188,-6356749.012745179,2.372344693163853,-0.06450733764979001,0.19356758737407148,-0.2668,-0.0034,0.0149,-0.1055,-0.0573,10.2027,-0.00043,-0.02299,-0.00198,2.372344693163853
2025-12-24 16:49:10.574201,-90.0,28.071175694943125,-6356749.013345179,2.3722807791066365,-0.060739500587620704,0.3250239016205058,-0.1787,0.0491,-0.005,1.4046,0.1315,9.4446,-0.02838,-0.01581,0.00449,2.3722807791066365
2025-12-24 16:49:10.678699,-90.0,28.070517684006553,-6356749.01254518,2.372482291377421,-0.09634799646210984,0.3981296046019259,-0.0811,0.0134,-0.004,0.8874,-0.4685,9.9831,-0.00453,-0.01625,-0.00466,2.372482291377421
2025-12-24 16:49:10.774038,-90.0,28.069995712671254,-6356749.01744518,2.3722502027427925,-0.08384674807816458,0.4611789585319049,0.0378,-0.0065,-0.0005,1.3494,-0.2498,9.73,0.0005,0.01427,0.0018,2.3722502027427925
2025-12-24 16:49:10.873410,-90.0,28.069682705694756,-6356749.01084518,2.372671359052368,-0.11805879576813838,0.4091179559270522,0.0591,-0.0112,-0.0057,-0.1753,-0.5267,10.1012,0.00751,0.00061,-0.00036,2.372671359052368
2025-12-24 16:49:10.974263,-90.0,28.069954460738998,-6356749.010645179,2.3724384262117195,-0.11169242585265085,0.3181182567913888,0.0387,-0.0237,-0.0011,-0.2301,0.2185,9.7206,0.01111,0.00704,-0.00032,2.3724384262117195
2025-12-24 16:49:11.079533,-90.0,28.070123673152764,-6356749.01024518,2.3726585216339617,-0.10465976008356999,0.2598952737468313,0.0173,-0.0105,-0.0053,-0.1792,0.2082,9.799,0.00616,0.00854,0.00274,2.3726585216339617
2025-12-24 16:49:11.216457,-90.0,28.069683609357092,-6356749.00814518,2.3725323194248613,-0.08162487816326343,0.27960101412871885,-0.0182,0.0045,-0.0014,-0.1111,-0.0849,9.8464,-0.00196,-0.01063,-0.00226,2.3725323194248613
2025-12-24 16:49:11.273372,-90.0,28.069683609357092,-6356749.00814518,2.3725323194248613,-0.08162487816326343,0.27960101412871885,-0.0182,0.0045,-0.0014,0.094,-0.0619,9.8572,-0.00026,0.00041,-0.00029,2.3725323194248613
2025-12-24 16:49:11.374256,-90.0,28.069683609357092,-6356749.00814518,2.3725323194248613,-0.08162487816326343,0.27960101412871885,-0.0182,0.0045,-0.0014,-0.0416,0.0052,9.7645,0.00062,0.00027,9e-05,2.3725323194248613
2025-12-24 16:49:11.512408,-90.0,28.06945610282087,-6356749.008445179,2.37251096308938,-0.0913076254313559,0.2631973398049451,-0.0128,0.0039,-0.0044,0.0519,-0.046,9.8304,0.0003,0.00034,-0.00063,2.37251096308938
2025-12-24 16:49:11.575211,-90.0,28.06945610282087,-6356749.008445179,2.37251096308938,-0.0913076254313559,0.2631973398049451,-0.0128,0.0039,-0.0044,0.0208,-0.1157,9.7892,0.00119,0.00117,-0.00022,2.37251096308938
2025-12-24 16:49:11.676779,-90.0,28.06936821235287,-6356749.008945179,2.3723603482067563,-0.09019963466981944,0.27872886470231584,-0.0071,0.0008,-0.005,0.0262,0.0012,9.8275,-0.00062,-0.00179,-0.00014,2.3723603482067563
2025-12-24 16:49:11.774029,-90.0,28.06936821235287,-6356749.008945179,2.3723603482067563,-0.09019963466981944,0.27872886470231584,-0.0071,0.0008,-0.005,0.0098,-0.0918,9.8027,-0.00045,0.00132,-0.0003,2.3723603482067563
2025-12-24 16:49:11.905731,-90.0,28.06936821235287,-6356749.008945179,2.3723603482067563,-0.09019963466981944,0.27872886470231584,-0.0071,0.0008,-0.005,0.0226,-0.0647,9.8142,0.00108,0.00016,0.00022,2.3723603482067563
2025-12-24 16:49:11.975461,-90.0,28.069700652069425,-6356749.009545179,2.372416138896046,-0.09219238996447401,0.2787871880445023,-0.0025,0.0011,-0.0048,0.0206,-0.0235,9.829,-0.00069,-0.00073,-0.0009,2.372416138896046
2025-12-24 16:49:12.089741,-90.0,28.069700652069425,-6356749.009545179,2.372416138896046,-0.09219238996447401,0.2787871880445023,-0.0025,0.0011,-0.0048,0.1356,0.51,10.0607,0.00128,0.01577,-0.00063,2.372416138896046
2025-12-24 16:49:12.227905,-90.0,28.069700652069425,-6356749.009545179,2.372416138896046,-0.09219238996447401,0.2787871880445023,-0.0025,0.0011,-0.0048,-0.0334,-0.2784,9.6961,0.00288,0.01054,-0.00053,2.372416138896046
2025-12-24 16:49:12.277926,-90.0,28.069332038080656,-6356749.01134518,2.372295947546994,-0.09619984031314673,0.27642422893420426,-0.0007,-0.0006,0.0002,0.2272,-0.1878,9.814,-0.00371,-0.00277,0.00072,2.372295947546994
2025-12-24 16:49:12.389260,-90.0,28.069332038080656,-6356749.01134518,2.372295947546994,-0.09619984031314673,0.27642422893420426,-0.0007,-0.0006,0.0002,-0.0994,-0.1512,9.7685,-0.00073,-0.00388,-0.00133,2.372295947546994
2025-12-24 16:49:12.529752,-90.0,28.069295863798644,-6356749.010745179,2.372296021074705,-0.10425921354746898,0.25968664294915605,-0.0037,-0.0055,-0.002,0.0608,-0.0706,9.8397,0.0007,0.0041,0.00173,2.372296021074705
2025-12-24 16:49:12.680459,-90.0,28.069295863798644,-6356749.010745179,2.372296021074705,-0.10425921354746898,0.25968664294915605,-0.0037,-0.0055,-0.002,0.0111,-0.086,9.8113,0.00025,-0.00149,0.00097,2.372296021074705
2025-12-24 16:49:12.779740,-90.0,28.06924922405112,-6356749.009545179,2.3722414988169573,-0.09946747779365998,0.2774509270349512,0.001,-0.0028,-0.0023,-0.0148,0.0294,9.8448,-4e-05,-0.0004,-0.00035,2.3722414988169573
2025-12-24 16:49:12.880488,-90.0,28.06924922405112,-6356749.009545179,2.3722414988169573,-0.09946747779365998,0.2774509270349512,0.001,-0.0028,-0.0023,0.0352,-0.0718,9.7961,0.00034,0.00114,2e-05,2.3722414988169573
2025-12-24 16:49:12.989029,-90.0,28.06924922405112,-6356749.009545179,2.3722414988169573,-0.09946747779365998,0.2774509270349512,0.001,-0.0028,-0.0023,0.0769,-0.0518,9.8081,0.00122,0.00361,-0.00052,2.3722414988169573
2025-12-24 16:49:13.084439,-90.0,28.069240255049333,-6356749.00974518,2.3722136612877076,-0.099832969115117,0.2774266827902535,0.0004,-0.0029,-0.0017,-0.0012,-0.0516,9.7851,-0.0005,0.00038,-0.00018,2.3722136612877076
2025-12-24 16:49:13.174585,-90.0,28.069240255049333,-6356749.00974518,2.3722136612877076,-0.099832969115117,0.2774266827902535,0.0004,-0.0029,-0.0017,0.0225,-0.0677,9.8182,-0.00014,-0.00033,-0.00028,2.3722136612877076
2025-12-24 16:49:13.273300,-90.0,28.069217534228795,-6356749.009145179,2.372185657093287,-0.09716588177956767,0.27479780040341156,-0.0002,-0.0002,-0.0008,0.0121,-0.0457,9.8066,0.00029,-7e-05,-0.0001,2.372185657093287
2025-12-24 16:49:13.373668,-90.0,28.069217534228795,-6356749.009145179,2.372185657093287,-0.09716588177956767,0.27479780040341156,-0.0002,-0.0002,-0.0008,0.0313,-0.0456,9.8094,-0.0001,0.00032,-0.0002,2.372185657093287
2025-12-24 16:49:13.472924,-90.0,28.069217534228795,-6356749.009145179,2.372185657093287,-0.09716588177956767,0.27479780040341156,-0.0002,-0.0002,-0.0008,0.0127,-0.0516,9.8136,5e-05,-0.00011,-0.00014,2.372185657093287
2025-12-24 16:49:13.582986,-90.0,28.06924653432801,-6356749.011045179,2.3722288577572823,-0.10089519405587834,0.27242233028256896,-0.0007,-0.002,-0.0006,0.0253,-0.0381,9.8127,-0.00014,9e-05,0.00013,2.3722288577572823
2025-12-24 16:49:13.674828,-90.0,28.06924653432801,-6356749.011045179,2.3722288577572823,-0.10089519405587834,0.27242233028256896,-0.0007,-0.002,-0.0006,0.0199,-0.047,9.8098,-0.00014,0.00025,-0.00032,2.3722288577572823
2025-12-24 16:49:13.774983,-90.0,28.06924653432801,-6356749.011045179,2.3722288577572823,-0.10089519405587834,0.27242233028256896,-0.0007,-0.002,-0.0006,0.0175,-0.0398,9.8123,0.00034,0.00015,-8e-05,2.3722288577572823
2025-12-24 16:49:13.873266,-90.0,28.069000095176907,-6356748.990845179,2.3725197908938593,-0.08747457128836292,0.268086038409292,-0.001,-0.0016,-0.001,0.0198,-0.0478,9.8114,-0.00049,0.00131,-1e-05,2.3725197908938593
2025-12-24 16:49:13.975441,-90.0,28.069000095176907,-6356748.990845179,2.3725197908938593,-0.08747457128836292,0.268086038409292,-0.001,-0.0016,-0.001,0.0178,-0.0475,9.8072,-0.00047,0.00074,0.00012,2.3725197908938593
2025-12-24 16:49:14.072962,-90.0,28.06898812735313,-6356748.980945179,2.3725106246778704,-0.08059156411273637,0.270624458667684,-0.0009,-0.0016,-0.0001,0.0163,-0.0486,9.8214,-0.00068,0.00136,0.00042,2.3725106246778704
2025-12-24 16:49:14.173835,-90.0,28.06898812735313,-6356748.980945179,2.3725106246778704,-0.08059156411273637,0.270624458667684,-0.0009,-0.0016,-0.0001,0.0286,-0.044,9.8028,0.00018,-0.00022,-0.00037,2.3725106246778704
2025-12-24 16:49:14.274332,-90.0,28.06898812735313,-6356748.980945179,2.3725106246778704,-0.08059156411273637,0.270624458667684,-0.0009,-0.0016,-0.0001,0.0129,-0.0395,9.8136,-1e-05,0.00113,2e-05,2.3725106246778704
2025-12-24 16:49:14.378708,-90.0,28.068990220540396,-6356748.98124518,2.3725628112842077,-0.08549600668870318,0.26962795632326264,-0.001,-0.0017,0.0004,0.0304,-0.0436,9.8192,-0.00019,-0.00071,-0.00053,2.3725628112842077
2025-12-24 16:49:14.472942,-90.0,28.068990220540396,-6356748.98124518,2.3725628112842077,-0.08549600668870318,0.26962795632326264,-0.001,-0.0017,0.0004,0.021,-0.045,9.8097,-0.00028,8e-05,-0.00037,2.3725628112842077
2025-12-24 16:49:14.673368,-90.0,28.068947765505133,-6356748.976145179,2.3726274153951583,-0.08487267066258423,0.2702502944651717,-0.0007,-0.0009,-0.0,0.0193,-0.0496,9.8052,-0.0003,0.00103,0.00013,2.3726274153951583
2025-12-24 16:49:14.775177,-90.0,28.068947765505133,-6356748.976145179,2.3726274153951583,-0.08487267066258423,0.2702502944651717,-0.0007,-0.0009,-0.0,0.0199,-0.0511,9.8088,-0.00025,-0.00043,-0.00053,2.3726274153951583
2025-12-24 16:49:14.875726,-90.0,28.068947765505133,-6356748.976145179,2.3726274153951583,-0.08487267066258423,0.2702502944651717,-0.0007,-0.0009,-0.0,0.0319,-0.0502,9.8106,-2e-05,-0.00048,-0.00027,2.3726274153951583
2025-12-24 16:49:14.973148,-90.0,28.06892593876494,-6356748.97414518,2.372665882813531,-0.08049193302550185,0.2722695603403515,-0.0004,-0.0014,-0.0,0.0203,-0.0418,9.8022,0.00011,-0.00084,0.00018,2.372665882813531
2025-12-24 16:49:15.073061,-90.0,28.06892593876494,-6356748.97414518,2.372665882813531,-0.08049193302550185,0.2722695603403515,-0.0004,-0.0014,-0.0,0.024,-0.0516,9.8079,-8e-05,-0.00043,-0.0001,2.372665882813531
2025-12-24 16:49:15.176847,-90.0,28.06892593876494,-6356748.97414518,2.372665882813531,-0.08049193302550185,0.2722695603403515,-0.0004,-0.0014,-0.0,0.0178,-0.04,9.8193,-0.00034,0.00018,-8e-05,2.372665882813531
2025-12-24 16:49:15.273303,-90.0,28.068908894914642,-6356748.97304518,2.3727116842129226,-0.08304240587924734,0.2730911077555304,-0.0002,-0.0013,-0.0002,-0.0052,-0.0451,9.8193,-5e-05,2e-05,-7e-05,2.3727116842129226
2025-12-24 16:49:15.382747,-90.0,28.068908894914642,-6356748.97304518,2.3727116842129226,-0.08304240587924734,0.2730911077555304,-0.0002,-0.0013,-0.0002,0.0175,-0.047,9.7992,-4e-05,-0.00135,-0.00012,2.3727116842129226
2025-12-24 16:49:15.706745,-90.0,28.068897832393276,-6356748.972145179,2.3727352102734294,-0.0867142380128312,0.2714818413097263,-0.0002,-0.0013,0.0001,0.017,-0.0363,9.8044,-0.00012,-0.00021,0.00019,2.3727352102734294
2025-12-24 16:49:15.779069,-90.0,28.068902913567126,-6356748.97134518,2.372765728729603,-0.08819968215573505,0.2714985390068112,-0.0006,-0.0014,-0.0005,0.0291,-0.0426,9.8186,0.00015,-0.00044,-3e-05,2.372765728729603
2025-12-24 16:49:15.905113,-90.0,28.068902913567126,-6356748.97134518,2.372765728729603,-0.08819968215573505,0.2714985390068112,-0.0006,-0.0014,-0.0005,-0.003,-0.0674,9.8108,0.00092,-0.00034,-4e-05,2.372765728729603
2025-12-24 16:49:15.974602,-90.0,28.068902913567126,-6356748.97134518,2.372765728729603,-0.08819968215573505,0.2714985390068112,-0.0006,-0.0014,-0.0005,0.0037,-0.0184,9.8155,-0.0002,-0.00154,0.0002,2.372765728729603
2025-12-24 16:49:16.073795,-90.0,28.068925933394976,-6356748.97254518,2.372796014990043,-0.08436167856253735,0.27057842540065574,-0.0007,-0.0013,-0.0009,0.005,-0.0356,9.8384,-0.00025,0.00067,0.00017,2.372796014990043
2025-12-24 16:49:16.172966,-90.0,28.068925933394976,-6356748.97254518,2.372796014990043,-0.08436167856253735,0.27057842540065574,-0.0007,-0.0013,-0.0009,0.009,-0.0386,9.8164,0.00097,0.00331,0.00078,2.372796014990043
2025-12-24 16:49:16.277761,-90.0,28.068949251497614,-6356748.9736451795,2.37281754549737,-0.08546995639474364,0.2662979085685706,-0.0012,-0.0001,0.0001,0.038,-0.0477,9.7976,-0.00042,0.00046,-0.00023,2.37281754549737
2025-12-24 16:49:16.374196,-90.0,28.068949251497614,-6356748.9736451795,2.37281754549737,-0.08546995639474364,0.2662979085685706,-0.0012,-0.0001,0.0001,0.0186,-0.0967,9.8098,-0.00079,-0.00017,0.00043,2.37281754549737
2025-12-24 16:49:16.473829,-90.0,28.068949251497614,-6356748.9736451795,2.37281754549737,-0.08546995639474364,0.2662979085685706,-0.0012,-0.0001,0.0001,0.0234,-0.0199,9.809,0.00114,-0.00043,0.00026,2.37281754549737
2025-12-24 16:49:16.574537,-90.0,28.06897406627183,-6356748.97354518,2.372852282482154,-0.08309960522262026,0.25983952195213555,-0.0004,0.0001,-0.0006,0.0274,-0.031,9.8024,0.00129,0.00039,-0.00027,2.372852282482154
2025-12-24 16:49:16.673168,-90.0,28.06897406627183,-6356748.97354518,2.372852282482154,-0.08309960522262026,0.25983952195213555,-0.0004,0.0001,-0.0006,0.0248,-0.0688,9.8107,0.00094,-0.00013,0.00025,2.372852282482154
2025-12-24 16:49:16.773793,-90.0,28.069010241825907,-6356748.975045179,2.3728756653952114,-0.08271464538806861,0.26011870298847745,0.0001,-0.0022,-0.0001,0.0173,-0.0452,9.8068,0.00055,0.00048,0.00014,2.3728756653952114
2025-12-24 16:49:16.874858,-90.0,28.069010241825907,-6356748.975045179,2.3728756653952114,-0.08271464538806861,0.26011870298847745,0.0001,-0.0022,-0.0001,0.0163,-0.051,9.8116,-0.00019,0.00024,8e-05,2.3728756653952114
2025-12-24 16:49:16.974507,-90.0,28.069010241825907,-6356748.975045179,2.3728756653952114,-0.08271464538806861,0.26011870298847745,0.0001,-0.0022,-0.0001,0.0134,-0.0418,9.8028,-0.00028,-0.00063,-0.00035,2.3728756653952114
2025-12-24 16:49:17.078062,-90.0,28.069001570783943,-6356748.975645179,2.372858591029725,-0.0847591411139428,0.254471061137975,-0.0001,-0.0011,-0.0006,0.0249,-0.0524,9.811,0.00015,0.00064,-1e-05,2.372858591029725
2025-12-24 16:49:17.180203,-90.0,28.069001570783943,-6356748.975645179,2.372858591029725,-0.0847591411139428,0.254471061137975,-0.0001,-0.0011,-0.0006,0.0152,-0.0429,9.8097,0.00082,-0.00056,-0.00033,2.372858591029725
2025-12-24 16:49:17.315988,-90.0,28.069001570783943,-6356748.975645179,2.372858591029725,-0.0847591411139428,0.254471061137975,-0.0001,-0.0011,-0.0006,0.0362,-0.0535,9.812,0.00073,-5e-05,0.00027,2.372858591029725
2025-12-24 16:49:17.384975,-90.0,28.068992601462202,-6356748.975545179,2.3728453313656135,-0.0883500314588377,0.2526480188094666,-0.0005,-0.0007,0.0001,0.0011,-0.0461,9.8187,-0.00076,0.00106,-0.00022,2.3728453313656135
2025-12-24 16:49:17.473188,-90.0,28.068992601462202,-6356748.975545179,2.3728453313656135,-0.0883500314588377,0.2526480188094666,-0.0005,-0.0007,0.0001,0.0147,-0.0536,9.8063,0.00049,-0.00125,-0.0002,2.3728453313656135
2025-12-24 16:49:17.573387,-90.0,28.068988116800774,-6356748.977045179,2.372826387776504,-0.08853975831654264,0.25158234411463626,0.0006,-0.0007,0.0,0.0248,-0.0416,9.8097,-0.00012,0.00028,-0.00031,2.372826387776504
2025-12-24 16:49:17.673505,-90.0,28.068988116800774,-6356748.977045179,2.372826387776504,-0.08853975831654264,0.25158234411463626,0.0006,-0.0007,0.0,0.0224,-0.0406,9.8134,0.00037,-0.00062,-6e-05,2.372826387776504
2025-12-24 16:49:17.776549,-90.0,28.068988116800774,-6356748.977045179,2.372826387776504,-0.08853975831654264,0.25158234411463626,0.0006,-0.0007,0.0,0.0143,-0.0466,9.8088,-0.00038,0.00069,-0.00037,2.372826387776504
2025-12-24 16:49:17.874496,-90.0,28.06897914747678,-6356748.977245179,2.372786998084054,-0.08694066759239129,0.2549491385666266,-0.0004,-0.0014,-0.0003,0.0237,-0.05,9.7993,0.00042,-0.00076,-0.00014,2.372786998084054
2025-12-24 16:49:17.974622,-90.0,28.06897914747678,-6356748.977245179,2.372786998084054,-0.08694066759239129,0.2549491385666266,-0.0004,-0.0014,-0.0003,0.0132,-0.0346,9.8078,-0.00012,0.00019,-0.00032,2.372786998084054
2025-12-24 16:49:18.073757,-90.0,28.06897914747678,-6356748.977245179,2.372786998084054,-0.08694066759239129,0.2549491385666266,-0.0004,-0.0014,-0.0003,0.0191,-0.0434,9.8057,6e-05,-0.00129,-0.0005,2.372786998084054
2025-12-24 16:49:18.174027,-90.0,28.06897705428145,-6356748.9769451795,2.3727573960699626,-0.08867880597602482,0.2577072108386146,-0.0007,-0.0011,-0.0007,0.0246,-0.0704,9.8137,0.00014,-0.00088,-0.00015,2.3727573960699626
2025-12-24 16:49:18.274306,-90.0,28.06897705428145,-6356748.9769451795,2.3727573960699626,-0.08867880597602482,0.2577072108386146,-0.0007,-0.0011,-0.0007,0.0138,-0.0573,9.8043,-0.0,-0.00111,0.00051,2.3727573960699626
2025-12-24 16:49:18.374941,-90.0,28.06897705428145,-6356748.9769451795,2.3727573960699626,-0.08867880597602482,0.2577072108386146,-0.0007,-0.0011,-0.0007,0.049,-0.0413,9.8028,-0.0006,0.00091,0.00032,2.3727573960699626
2025-12-24 16:49:18.477163,-90.0,28.068993496287206,-6356748.977645179,2.3727593434707903,-0.09064091629789942,0.2588913577100521,-0.0001,-0.0007,-0.0006,0.0024,-0.0918,9.8275,-0.00017,0.00079,-0.00048,2.3727593434707903
2025-12-24 16:49:18.574450,-90.0,28.068993496287206,-6356748.977645179,2.3727593434707903,-0.09064091629789942,0.2588913577100521,-0.0001,-0.0007,-0.0006,0.0379,-0.0307,9.7451,-0.0001,-0.00136,-0.00028,2.3727593434707903
2025-12-24 16:49:18.674417,-90.0,28.06899827922701,-6356748.97794518,2.3727639285171547,-0.0931588793182591,0.2608393662256365,-0.001,-0.0003,-0.0004,0.0493,-0.0312,9.8006,1e-05,0.00341,-0.00038,2.3727639285171547
2025-12-24 16:49:18.773988,-90.0,28.06899827922701,-6356748.97794518,2.3727639285171547,-0.0931588793182591,0.2608393662256365,-0.001,-0.0003,-0.0004,0.0076,-0.039,9.8113,-4e-05,-0.0011,-0.00045,2.3727639285171547
2025-12-24 16:49:18.876068,-90.0,28.06899827922701,-6356748.97794518,2.3727639285171547,-0.0931588793182591,0.2608393662256365,-0.001,-0.0003,-0.0004,0.0088,-0.0601,9.813,0.00082,-0.00042,-0.0005,2.3727639285171547
2025-12-24 16:49:18.976134,-90.0,28.06900724855502,-6356748.97794518,2.372753319352589,-0.0979405411312312,0.25890502929465675,0.0006,-0.0013,-0.0004,0.0098,-0.0464,9.805,0.00036,0.00012,-9e-05,2.372753319352589
2025-12-24 16:49:19.073765,-90.0,28.06900724855502,-6356748.97794518,2.372753319352589,-0.0979405411312312,0.25890502929465675,0.0006,-0.0013,-0.0004,0.0358,-0.0477,9.8105,0.0005,-0.0005,-0.00025,2.372753319352589
2025-12-24 16:49:19.173935,-90.0,28.06900724855502,-6356748.97794518,2.372753319352589,-0.0979405411312312,0.25890502929465675,0.0006,-0.0013,-0.0004,0.1074,-0.0898,9.7798,-0.0005,0.00333,0.0005,2.372753319352589
2025-12-24 16:49:19.275993,-90.0,28.0690159196019,-6356748.978645179,2.3727596615856816,-0.09845301486779179,0.25956304042454353,-0.001,-0.002,-0.0002,0.0599,-0.0359,9.846,0.0002,-0.00213,-0.00012,2.3727596615856816
2025-12-24 16:49:19.374180,-90.0,28.0690159196019,-6356748.978645179,2.3727596615856816,-0.09845301486779179,0.25956304042454353,-0.001,-0.002,-0.0002,0.0553,-0.0683,9.8409,-0.00053,0.0044,0.00028,2.3727596615856816
2025-12-24 16:49:19.474965,-90.0,28.06902997015085,-6356748.97904518,2.372817909547064,-0.09872469023887455,0.2547556988821041,0.0007,-0.0004,-0.0003,-0.084,-0.1073,9.7808,0.00049,-0.00015,-0.00138,2.372817909547064
2025-12-24 16:49:19.573760,-90.0,28.06902997015085,-6356748.97904518,2.372817909547064,-0.09872469023887455,0.2547556988821041,0.0007,-0.0004,-0.0003,0.0777,-0.0299,9.8766,-0.00032,-0.00153,0.00118,2.372817909547064
2025-12-24 16:49:19.674587,-90.0,28.06902997015085,-6356748.97904518,2.372817909547064,-0.09872469023887455,0.2547556988821041,0.0007,-0.0004,-0.0003,0.2255,-0.0303,9.8443,-0.00101,0.00436,0.0005,2.372817909547064
