time,pos,vel,vel_gps,accel
1686463391.4929051,-34.81651942633719,-1.6138009896583963e-05,0.006672576786562986,"[0, -2.082731755301633e-10, nan]"
1686463391.5055594,-34.81651942633719,-1.497300548500838e-05,0.006672576786562986,"[0, -2.082731755301633e-10, nan]"
1686463391.5174282,-34.81651942633719,0.7182071444747955,0.006672576786562986,"[0, -2.082731755301633e-10, nan]"
1686463391.5285943,-34.81651942633719,0.7956222636670569,0.006672576786562986,"[0, -2.082731755301633e-10, nan]"
1686463391.540329,-34.81651942633719,1.082460292386776,0.006672576786562986,"[0, -2.082731755301633e-10, nan]"
1686463391.550484,-34.81651942633719,1.3486127774034973,0.006672576786562986,"[0, -2.082731755301633e-10, nan]"
1686463391.5618603,-34.81651942633719,1.635667108186844,0.006672576786562986,"[0, -2.082731755301633e-10, nan]"
1686463391.572205,-34.81651942633719,1.931713580204522,0.006672576786562986,"[0, -2.082731755301633e-10, nan]"
1686463391.5839565,-34.81651942633719,2.231129238290093,0.006672576786562986,"[0, -2.082731755301633e-10, nan]"
1686463391.594034,-34.85339941488083,2.531707278465252,0.7421647776472959,"[0, -6.45816806329181e-10, nan]"
1686463391.6032495,-34.85339941488083,2.832596214965333,0.7421647776472959,"[0, -6.45816806329181e-10, nan]"
1686463391.613062,-34.85339941488083,3.1334681080458875,0.7421647776472959,"[0, -6.45816806329181e-10, nan]"
1686463391.6213784,-34.85339941488083,3.434196762907878,0.7421647776472959,"[0, -6.45816806329181e-10, nan]"
1686463391.630534,-34.85339941488083,3.734733762779481,0.7421647776472959,"[0, -6.45816806329181e-10, nan]"
1686463391.639227,-34.85339941488083,4.035060734065265,0.7421647776472959,"[0, -6.45816806329181e-10, nan]"
1686463391.6480823,-34.85339941488083,4.335170965216554,0.7421647776472959,"[0, -6.45816806329181e-10, nan]"
1686463391.658107,-34.85339941488083,4.635062327213609,0.7421647776472959,"[0, -6.45816806329181e-10, nan]"
1686463391.6673756,-34.85339941488083,4.934734544882895,0.7421647776472959,"[0, -6.45816806329181e-10, nan]"
1686463391.677094,-34.85339941488083,5.234188142843658,0.7421647776472959,"[0, -6.45816806329181e-10, nan]"
1686463391.6889415,-34.973159276282956,5.533424035740322,1.5713443840264796,"[0, 1.0054115218517649e-09, nan]"
1686463391.6992922,-34.973159276282956,5.8324433661395245,1.5713443840264796,"[0, 1.0054115218517649e-09, nan]"
1686463391.7103431,-34.973159276282956,6.131247437486556,1.5713443840264796,"[0, 1.0054115218517649e-09, nan]"
1686463391.722188,-34.973159276282956,6.429837683402932,1.5713443840264796,"[0, 1.0054115218517649e-09, nan]"
1686463391.7331924,-34.973159276282956,6.728215650833473,1.5713443840264796,"[0, 1.0054115218517649e-09, nan]"
1686463391.7444556,-34.973159276282956,7.026382988427371,1.5713443840264796,"[0, 1.0054115218517649e-09, nan]"
1686463391.7571344,-34.973159276282956,7.324341436883368,1.5713443840264796,"[0, 1.0054115218517649e-09, nan]"
1686463391.7681804,-34.973159276282956,7.622092820061943,1.5713443840264796,"[0, 1.0054115218517649e-09, nan]"
1686463391.7806556,-34.973159276282956,7.919639036451097,1.5713443840264796,"[0, 1.0054115218517649e-09, nan]"
1686463391.792422,-34.973159276282956,8.216982050827779,1.5713443840264796,"[0, 1.0054115218517649e-09, nan]"
1686463391.8032787,-35.17564388003777,8.514123886131394,2.3970820847080496,"[0, 1.3530790935943627e-09, nan]"
1686463391.8133764,-35.17564388003777,8.81106661554004,2.3970820847080496,"[0, 1.3530790935943627e-09, nan]"
1686463391.823258,-35.17564388003777,9.107812354780284,2.3970820847080496,"[0, 1.3530790935943627e-09, nan]"
1686463391.8340871,-35.17564388003777,9.404363254708597,2.3970820847080496,"[0, 1.3530790935943627e-09, nan]"
1686463391.843245,-35.17564388003777,9.70072149417087,2.3970820847080496,"[0, 1.3530790935943627e-09, nan]"
1686463391.8521373,-35.17564388003777,9.99688927316915,2.3970820847080496,"[0, 1.3530790935943627e-09, nan]"
1686463391.8624084,-35.17564388003777,10.292868806348434,2.3970820847080496,"[0, 1.3530790935943627e-09, nan]"
1686463391.8703234,-35.17564388003777,10.588662316802566,2.3970820847080496,"[0, 1.3530790935943627e-09, nan]"
1686463391.8790646,-35.17564388003777,10.884272030233063,2.3970820847080496,"[0, 1.3530790935943627e-09, nan]"
1686463391.8890684,-35.17564388003777,11.179700169423255,2.3970820847080496,"[0, 1.3530790935943627e-09, nan]"
1686463391.898372,-35.46054994377108,11.474948949069223,3.2196055047190244,"[0, 7.575546612103369e-10, nan]"
1686463391.9073133,-35.46054994377108,11.770020570940133,3.2196055047190244,"[0, 7.575546612103369e-10, nan]"
1686463391.9190233,-35.46054994377108,12.064917219370248,3.2196055047190244,"[0, 7.575546612103369e-10, nan]"
1686463391.9298515,-35.46054994377108,12.359641057089947,3.2196055047190244,"[0, 7.575546612103369e-10, nan]"
1686463391.9405363,-35.46054994377108,12.654194221367286,3.2196055047190244,"[0, 7.575546612103369e-10, nan]"
1686463391.9506044,-35.46054994377108,12.948578820467452,3.2196055047190244,"[0, 7.575546612103369e-10, nan]"
1686463391.9613895,-35.46054994377108,13.242796930419223,3.2196055047190244,"[0, 7.575546612103369e-10, nan]"
1686463391.9742408,-35.46054994377108,13.536850592072783,3.2196055047190244,"[0, 7.575546612103369e-10, nan]"
1686463391.9852045,-35.46054994377108,13.830741808443491,3.2196055047190244,"[0, 7.575546612103369e-10, nan]"
1686463391.9973695,-35.46054994377108,14.12447254232354,3.2196055047190244,"[0, 7.575546612103369e-10, nan]"
1686463392.009076,-35.82756112165535,14.418044714166728,4.038899424744751,"[0, -9.009216649242893e-11, nan]"
1686463392.0203502,-35.82756112165535,14.711460200199083,4.038899424744751,"[0, -9.009216649242893e-11, nan]"
1686463392.0312288,-35.82756112165535,15.004720830795375,4.038899424744751,"[0, -9.009216649242893e-11, nan]"
1686463392.0471547,-35.82756112165535,15.297828389048323,4.038899424744751,"[0, -9.009216649242893e-11, nan]"
1686463392.0587552,-35.82756112165535,15.590784609575685,4.038899424744751,"[0, -9.009216649242893e-11, nan]"
1686463392.0682197,-35.82756112165535,15.883591177495788,4.038899424744751,"[0, -9.009216649242893e-11, nan]"
1686463392.0789032,-35.82756112165535,16.17624972762131,4.038899424744751,"[0, -9.009216649242893e-11, nan]"
1686463392.0887437,-35.82756112165535,16.46876184380059,4.038899424744751,"[0, -9.009216649242893e-11, nan]"
1686463392.0981238,-35.82756112165535,16.76112905841329,4.038899424744751,"[0, -9.009216649242893e-11, nan]"
1686463392.1079793,-35.82756112165535,17.05335285204946,4.038899424744751,"[0, -9.009216649242893e-11, nan]"
1686463392.1159272,-36.27633660482027,17.345434653271663,4.85475079162776,"[0, -6.757442833787357e-10, nan]"
1686463392.1246388,-36.27633660482027,17.637375838546443,4.85475079162776,"[0, -6.757442833787357e-10, nan]"
1686463392.1329925,-36.27633660482027,17.92917773224333,4.85475079162776,"[0, -6.757442833787357e-10, nan]"
1686463392.1406503,-36.27633660482027,18.220841606770698,4.85475079162776,"[0, -6.757442833787357e-10, nan]"
1686463392.1496296,-36.27633660482027,18.512368682772788,4.85475079162776,"[0, -6.757442833787357e-10, nan]"
1686463392.1589317,-36.27633660482027,18.803760129410914,4.85475079162776,"[0, -6.757442833787357e-10, nan]"
1686463392.1682954,-36.27633660482027,19.095017064711055,4.85475079162776,"[0, -6.757442833787357e-10, nan]"
1686463392.177657,-36.27633660482027,19.38614055596971,4.85475079162776,"[0, -6.757442833787357e-10, nan]"
1686463392.1879737,-36.27633660482027,19.677131620201003,4.85475079162776,"[0, -6.757442833787357e-10, nan]"
1686463392.1975665,-36.27633660482027,19.96799122463789,4.85475079162776,"[0, -6.757442833787357e-10, nan]"
1686463392.208593,-36.806505203219096,20.258720287250558,5.6668507847955345,"[0, -8.638289917930603e-10, nan]"
1686463392.221096,-36.806505203219096,20.549319677287603,5.6668507847955345,"[0, -8.638289917930603e-10, nan]"
1686463392.2306201,-36.806505203219096,20.839790215864205,5.6668507847955345,"[0, -8.638289917930603e-10, nan]"
1686463392.2433248,-36.806505203219096,21.1301326765406,5.6668507847955345,"[0, -8.638289917930603e-10, nan]"
1686463392.2551615,-36.806505203219096,21.42034778593647,5.6668507847955345,"[0, -8.638289917930603e-10, nan]"
1686463392.265396,-36.806505203219096,21.710436224340103,5.6668507847955345,"[0, -8.638289917930603e-10, nan]"
1686463392.2773867,-36.806505203219096,22.0003986263618,5.6668507847955345,"[0, -8.638289917930603e-10, nan]"
1686463392.2887416,-36.806505203219096,22.290235581569952,5.6668507847955345,"[0, -8.638289917930603e-10, nan]"
1686463392.3002462,-36.806505203219096,22.579947635176573,5.6668507847955345,"[0, -8.638289917930603e-10, nan]"
1686463392.3119967,-36.806505203219096,22.86953528872749,5.6668507847955345,"[0, -8.638289917930603e-10, nan]"
1686463392.3228416,-37.41766770204682,23.158999000836097,6.474915152564843,"[0, -7.541858338445238e-10, nan]"
1686463392.3330386,-37.41766770204682,23.448339187950136,6.474915152564843,"[0, -7.541858338445238e-10, nan]"
1686463392.342973,-37.41766770204682,23.737556225151256,6.474915152564843,"[0, -7.541858338445238e-10, nan]"
1686463392.3525982,-37.41766770204682,24.026650447016973,6.474915152564843,"[0, -7.541858338445238e-10, nan]"
1686463392.3627481,-37.41766770204682,24.31562214852021,6.474915152564843,"[0, -7.541858338445238e-10, nan]"
1686463392.3730147,-37.41766770204682,24.60447158600642,6.474915152564843,"[0, -7.541858338445238e-10, nan]"
1686463392.3816857,-37.41766770204682,24.89319897822153,6.474915152564843,"[0, -7.541858338445238e-10, nan]"
1686463392.3901267,-37.41766770204682,25.181804507398926,6.474915152564843,"[0, -7.541858338445238e-10, nan]"
1686463392.3981814,-37.41766770204682,25.47028832041719,6.474915152564843,"[0, -7.541858338445238e-10, nan]"
1686463392.4071772,-37.41766770204682,25.758650530016816,6.474915152564843,"[0, -7.541858338445238e-10, nan]"
1686463392.4170268,-38.10940572875163,26.046891216048863,7.278765177748248,"[0, -5.113673740691845e-10, nan]"
1686463392.4265764,-38.10940572875163,26.33501042678326,7.278765177748248,"[0, -5.113673740691845e-10, nan]"
1686463392.437986,-38.10940572875163,26.623008180236358,7.278765177748248,"[0, -5.113673740691845e-10, nan]"
1686463392.447948,-38.10940572875163,26.910884465495116,7.278765177748248,"[0, -5.113673740691845e-10, nan]"
1686463392.458716,-38.10940572875163,27.198639244041086,7.278765177748248,"[0, -5.113673740691845e-10, nan]"
1686463392.4693186,-38.10940572875163,27.48627245103973,7.278765177748248,"[0, -5.113673740691845e-10, nan]"
1686463392.4814224,-38.10940572875163,27.77378399656759,7.278765177748248,"[0, -5.113673740691845e-10, nan]"
1686463392.492884,-38.10940572875163,28.06117376677188,7.278765177748248,"[0, -5.113673740691845e-10, nan]"
1686463392.505604,-38.10940572875163,28.348441624922685,7.278765177748248,"[0, -5.113673740691845e-10, nan]"
1686463392.5179927,-38.10940572875163,28.635587412359737,7.278765177748248,"[0, -5.113673740691845e-10, nan]"
1686463392.5294013,-38.88129307396419,28.92261094932601,8.078348888576457,"[0, -2.642147950635976e-10, nan]"
1686463392.5410542,-38.88129307396419,29.209512035640657,8.078348888576457,"[0, -2.642147950635976e-10, nan]"
1686463392.553226,-38.88129307396419,29.49629045128616,8.078348888576457,"[0, -2.642147950635976e-10, nan]"
1686463392.563615,-38.88129307396419,29.782945956857954,8.078348888576457,"[0, -2.642147950635976e-10, nan]"
1686463392.5748947,-38.88129307396419,30.069478293934377,8.078348888576457,"[0, -2.642147950635976e-10, nan]"
1686463392.5850353,-38.88129307396419,30.35588718538424,8.078348888576457,"[0, -2.642147950635976e-10, nan]"
1686463392.595776,-38.88129307396419,30.64217233565057,8.078348888576457,"[0, -2.642147950635976e-10, nan]"
1686463392.6058884,-38.88129307396419,30.928333431068996,8.078348888576457,"[0, -2.642147950635976e-10, nan]"
1686463392.6159258,-38.88129307396419,31.214370140265792,8.078348888576457,"[0, -2.642147950635976e-10, nan]"
1686463392.6253524,-38.88129307396419,31.500282114671606,8.078348888576457,"[0, -2.642147950635976e-10, nan]"
1686463392.6330035,-39.73290570780914,31.786068989234895,8.87371660319382,"[0, -7.849800476341827e-11, nan]"
1686463392.6415417,-39.73290570780914,32.07173038335419,8.87371660319382,"[0, -7.849800476341827e-11, nan]"
1686463392.6507404,-39.73290570780914,32.35726590206958,8.87371660319382,"[0, -7.849800476341827e-11, nan]"
1686463392.6600163,-39.73290570780914,32.6426751375455,8.87371660319382,"[0, -7.849800476341827e-11, nan]"
1686463392.669108,-39.73290570780914,32.927957670828505,8.87371660319382,"[0, -7.849800476341827e-11, nan]"
1686463392.6787133,-39.73290570780914,33.21311307387261,8.87371660319382,"[0, -7.849800476341827e-11, nan]"
1686463392.6892273,-39.73290570780914,33.49784314562558,8.87371660319382,"[0, -7.849800476341827e-11, nan]"
1686463392.6993084,-39.73290570780914,33.77656053865937,8.87371660319382,"[0, -7.849800476341827e-11, nan]"
1686463392.7112918,-39.73290570780914,34.05405139545976,8.87371660319382,"[0, -7.849800476341827e-11, nan]"
1686463392.720906,-39.73290570780914,34.32960573268178,8.87371660319382,"[0, -7.849800476341827e-11, nan]"
1686463392.7335339,-40.66358113451842,34.602918096230994,9.654555073633498,"[0, 5.78723381597371e-11, nan]"
1686463392.7442644,-40.66358113451842,34.873902066406664,9.654555073633498,"[0, 5.78723381597371e-11, nan]"
1686463392.7564642,-40.66358113451842,35.142557562654076,9.654555073633498,"[0, 5.78723381597371e-11, nan]"
1686463392.767858,-40.66358113451842,35.40891709375567,9.654555073633498,"[0, 5.78723381597371e-11, nan]"
1686463392.780257,-40.66358113451842,35.673024688065475,9.654555073633498,"[0, 5.78723381597371e-11, nan]"
1686463392.791661,-40.66358113451842,35.934927697872865,9.654555073633498,"[0, 5.78723381597371e-11, nan]"
1686463392.8035185,-40.66358113451842,36.19467365075472,9.654555073633498,"[0, 5.78723381597371e-11, nan]"
1686463392.8148868,-40.66358113451842,36.4523090746196,9.654555073633498,"[0, 5.78723381597371e-11, nan]"
1686463392.8251598,-40.66358113451842,36.707879091482845,9.654555073633498,"[0, 5.78723381597371e-11, nan]"
1686463392.8364267,-40.66358113451842,36.96142730836921,9.654555073633498,"[0, 5.78723381597371e-11, nan]"
1686463392.8467422,-41.6692069948325,37.21299582110304,10.376071280517618,"[0, 1.2053647442288303e-10, nan]"
1686463392.8567328,-41.6692069948325,37.462625259414565,10.376071280517618,"[0, 1.2053647442288303e-10, nan]"
1686463392.8659992,-41.6692069948325,37.7103548457114,10.376071280517618,"[0, 1.2053647442288303e-10, nan]"
1686463392.8760574,-41.6692069948325,37.95622245707363,10.376071280517618,"[0, 1.2053647442288303e-10, nan]"
1686463392.885017,-41.6692069948325,38.20026468660862,10.376071280517618,"[0, 1.2053647442288303e-10, nan]"
1686463392.893526,-41.6692069948325,38.44251690292339,10.376071280517618,"[0, 1.2053647442288303e-10, nan]"
1686463392.9028592,-41.6692069948325,38.68301330733369,10.376071280517618,"[0, 1.2053647442288303e-10, nan]"
1686463392.9119782,-41.6692069948325,38.92178698873894,10.376071280517618,"[0, 1.2053647442288303e-10, nan]"
1686463392.9210613,-41.6692069948325,39.158869976168575,10.376071280517618,"[0, 1.2053647442288303e-10, nan]"
1686463392.9312859,-41.6692069948325,39.3942932889163,10.376071280517618,"[0, 1.2053647442288303e-10, nan]"
1686463392.9408858,-42.74395149713593,39.628086984212366,11.044069665625756,"[0, 5.3097639429520464e-11, nan]"
1686463392.9512587,-42.74395149713593,39.86028020221042,11.044069665625756,"[0, 5.3097639429520464e-11, nan]"
1686463392.962714,-42.74395149713593,40.090901208162876,11.044069665625756,"[0, 5.3097639429520464e-11, nan]"
1686463392.9727662,-42.74395149713593,40.319977431611456,11.044069665625756,"[0, 5.3097639429520464e-11, nan]"
1686463392.9836447,-42.74395149713593,40.54753550245466,11.044069665625756,"[0, 5.3097639429520464e-11, nan]"
1686463392.9951353,-42.74395149713593,40.77360128389002,11.044069665625756,"[0, 5.3097639429520464e-11, nan]"
1686463393.0070918,-42.74395149713593,40.99819990227517,11.044069665625756,"[0, 5.3097639429520464e-11, nan]"
1686463393.0200005,-42.74395149713593,41.22135577410596,11.044069665625756,"[0, 5.3097639429520464e-11, nan]"
1686463393.032131,-42.74395149713593,41.443092630465785,11.044069665625756,"[0, 5.3097639429520464e-11, nan]"
1686463393.0428457,-42.74395149713593,41.66343353933837,11.044069665625756,"[0, 5.3097639429520464e-11, nan]"
1686463393.0540247,-43.882997461421525,41.88240092638289,11.667818514513302,"[0, -2.4355877645472728e-11, nan]"
1686463393.0662653,-43.882997461421525,42.100016594691105,11.667818514513302,"[0, -2.4355877645472728e-11, nan]"
1686463393.0776236,-43.882997461421525,42.316301744193645,11.667818514513302,"[0, -2.4355877645472728e-11, nan]"
1686463393.087762,-43.882997461421525,42.531276991185955,11.667818514513302,"[0, -2.4355877645472728e-11, nan]"
1686463393.0984495,-43.882997461421525,42.74496238846694,11.667818514513302,"[0, -2.4355877645472728e-11, nan]"
1686463393.1099122,-43.882997461421525,42.957377446313195,11.667818514513302,"[0, -2.4355877645472728e-11, nan]"
1686463393.1203184,-43.882997461421525,43.16854115439814,11.667818514513302,"[0, -2.4355877645472728e-11, nan]"
1686463393.1301415,-43.882997461421525,43.3784720045009,11.667818514513302,"[0, -2.4355877645472728e-11, nan]"
1686463393.1395385,-43.882997461421525,43.5871880136776,11.667818514513302,"[0, -2.4355877645472728e-11, nan]"
1686463393.147972,-43.882997461421525,43.79470674734319,11.667818514513302,"[0, -2.4355877645472728e-11, nan]"
1686463393.1572237,-45.082311646211664,44.00104534164577,12.254146879927173,"[0, -6.195686703918163e-11, nan]"
1686463393.1649573,-45.082311646211664,44.206220524387795,12.254146879927173,"[0, -6.195686703918163e-11, nan]"
1686463393.1731153,-45.082311646211664,44.41024863386357,12.254146879927173,"[0, -6.195686703918163e-11, nan]"
1686463393.1825635,-45.082311646211664,44.61314563501623,12.254146879927173,"[0, -6.195686703918163e-11, nan]"
1686463393.1920846,-45.082311646211664,44.81492713258607,12.254146879927173,"[0, -6.195686703918163e-11, nan]"
1686463393.2012131,-45.082311646211664,45.01560838115713,12.254146879927173,"[0, -6.195686703918163e-11, nan]"
1686463393.212349,-45.082311646211664,45.21520429229945,12.254146879927173,"[0, -6.195686703918163e-11, nan]"
1686463393.223079,-45.082311646211664,45.413729439313805,12.254146879927173,"[0, -6.195686703918163e-11, nan]"
1686463393.2341576,-45.082311646211664,45.61119806038176,12.254146879927173,"[0, -6.195686703918163e-11, nan]"
1686463393.244772,-45.082311646211664,45.80762406103975,12.254146879927173,"[0, -6.195686703918163e-11, nan]"
1686463393.2572906,-46.33844958701745,46.003021017050656,12.808265967104644,"[0, -5.781319723206539e-11, nan]"
1686463393.2677176,-46.33844958701745,46.197402178683866,12.808265967104644,"[0, -5.781319723206539e-11, nan]"
1686463393.27984,-46.33844958701745,46.390780477204,12.808265967104644,"[0, -5.781319723206539e-11, nan]"
1686463393.2923615,-46.33844958701745,46.58316853417619,12.808265967104644,"[0, -5.781319723206539e-11, nan]"
1686463393.3044817,-46.33844958701745,46.77457867370481,12.808265967104644,"[0, -5.781319723206539e-11, nan]"
1686463393.3159554,-46.33844958701745,46.96502293741758,12.808265967104644,"[0, -5.781319723206539e-11, nan]"
1686463393.3284035,-46.33844958701745,47.154513101452665,12.808265967104644,"[0, -5.781319723206539e-11, nan]"
1686463393.3376794,-46.33844958701745,47.34306069452194,12.808265967104644,"[0, -5.781319723206539e-11, nan]"
1686463393.348799,-46.33844958701745,47.5306770157057,12.808265967104644,"[0, -5.781319723206539e-11, nan]"
1686463393.359418,-46.33844958701745,47.71737315066495,12.808265967104644,"[0, -5.781319723206539e-11, nan]"
1686463393.3702333,-47.64842293439794,47.90315998502706,13.334263330124477,"[0, -3.3529430203719625e-11, nan]"
1686463393.379963,-47.64842293439794,48.088048213932375,13.334263330124477,"[0, -3.3529430203719625e-11, nan]"
1686463393.3893514,-47.64842293439794,48.272048347213136,13.334263330124477,"[0, -3.3529430203719625e-11, nan]"
1686463393.3997931,-47.64842293439794,48.455170710170215,13.334263330124477,"[0, -3.3529430203719625e-11, nan]"
1686463393.4083388,-47.64842293439794,48.637425440513574,13.334263330124477,"[0, -3.3529430203719625e-11, nan]"
1686463393.4165063,-47.64842293439794,48.818822482546544,13.334263330124477,"[0, -3.3529430203719625e-11, nan]"
1686463393.4262297,-47.64842293439794,48.99937158011339,13.334263330124477,"[0, -3.3529430203719625e-11, nan]"
1686463393.4347026,-47.64842293439794,49.17908227001604,13.334263330124477,"[0, -3.3529430203719625e-11, nan]"
1686463393.44364,-47.64842293439794,49.35796387768284,13.334263330124477,"[0, -3.3529430203719625e-11, nan]"
1686463393.454036,-47.64842293439794,49.536025516521164,13.334263330124477,"[0, -3.3529430203719625e-11, nan]"
1686463393.4646268,-49.00960545281169,49.71327609199776,13.835416484554509,"[0, -9.788967357811286e-12, nan]"
1686463393.4758408,-49.00960545281169,49.88972431075669,13.835416484554509,"[0, -9.788967357811286e-12, nan]"
1686463393.486209,-49.00960545281169,50.06537869440925,13.835416484554509,"[0, -9.788967357811286e-12, nan]"
1686463393.4976094,-49.00960545281169,50.24024759683606,13.835416484554509,"[0, -9.788967357811286e-12, nan]"
1686463393.5088847,-49.00960545281169,50.414339223317135,13.835416484554509,"[0, -9.788967357811286e-12, nan]"
1686463393.5206954,-49.00960545281169,50.587661649315564,13.835416484554509,"[0, -9.788967357811286e-12, nan]"
1686463393.5321074,-49.00960545281169,50.760222836740965,13.835416484554509,"[0, -9.788967357811286e-12, nan]"
1686463393.5456781,-49.00960545281169,50.93203064578069,13.835416484554509,"[0, -9.788967357811286e-12, nan]"
1686463393.5570168,-49.00960545281169,51.10309284080074,13.835416484554509,"[0, -9.788967357811286e-12, nan]"
1686463393.5693312,-49.00960545281169,51.273417089848024,13.835416484554509,"[0, -9.788967357811286e-12, nan]"
1686463393.5808337,-50.41966412334862,51.44301095797041,14.314400736015783,"[0, 2.396682717669968e-12, nan]"
1686463393.5913298,-50.41966412334862,51.61188189576996,14.314400736015783,"[0, 2.396682717669968e-12, nan]"
1686463393.60209,-50.41966412334862,51.78003722518662,14.314400736015783,"[0, 2.396682717669968e-12, nan]"
1686463393.6130884,-50.41966412334862,51.94748412514334,14.314400736015783,"[0, 2.396682717669968e-12, nan]"
1686463393.6234207,-50.41966412334862,52.11422961981014,14.314400736015783,"[0, 2.396682717669968e-12, nan]"
1686463393.6337318,-50.41966412334862,52.28028057187305,14.314400736015783,"[0, 2.396682717669968e-12, nan]"
1686463393.6434665,-50.41966412334862,52.445643682589846,14.314400736015783,"[0, 2.396682717669968e-12, nan]"
1686463393.653006,-50.41966412334862,52.61032549934109,14.314400736015783,"[0, 2.396682717669968e-12, nan]"
1686463393.6616702,-50.41966412334862,52.77433243021065,14.314400736015783,"[0, 2.396682717669968e-12, nan]"
1686463393.670473,-50.41966412334862,52.93767076397442,14.314400736015783,"[0, 2.396682717669968e-12, nan]"
1686463393.6787336,-51.87650724294045,53.100346692890746,14.773432611163427,"[0, 3.20218209749685e-12, nan]"
1686463393.6892712,-51.87650724294045,53.26236633507559,14.773432611163427,"[0, 3.20218209749685e-12, nan]"
1686463393.698702,-51.87650724294045,53.423735753211695,14.773432611163427,"[0, 3.20218209749685e-12, nan]"
1686463393.7084944,-51.87650724294045,53.5844609667169,14.773432611163427,"[0, 3.20218209749685e-12, nan]"
1686463393.7199094,-51.87650724294045,53.74454795546897,14.773432611163427,"[0, 3.20218209749685e-12, nan]"
1686463393.7304468,-51.87650724294045,53.90400265454156,14.773432611163427,"[0, 3.20218209749685e-12, nan]"
1686463393.7417047,-51.87650724294045,54.06283094079363,14.773432611163427,"[0, 3.20218209749685e-12, nan]"
1686463393.7526803,-51.87650724294045,54.22103861362434,14.773432611163427,"[0, 3.20218209749685e-12, nan]"
1686463393.7647686,-51.87650724294045,54.37863137329361,14.773432611163427,"[0, 3.20218209749685e-12, nan]"
1686463393.7760067,-51.87650724294045,54.53561480070365,14.773432611163427,"[0, 3.20218209749685e-12, nan]"
1686463393.7868793,-53.37824443517568,54.691994342492045,15.214371998917827,"[0, -2.4070870298534878e-12, nan]"
1686463393.8003209,-53.37824443517568,54.847775304544705,15.214371998917827,"[0, -2.4070870298534878e-12, nan]"
1686463393.8115275,-53.37824443517568,55.00296285562129,15.214371998917827,"[0, -2.4070870298534878e-12, nan]"
1686463393.8235896,-53.37824443517568,55.15756204117513,15.214371998917827,"[0, -2.4070870298534878e-12, nan]"
1686463393.8346643,-53.37824443517568,55.311577805592464,15.214371998917827,"[0, -2.4070870298534878e-12, nan]"
1686463393.8458133,-53.37824443517568,55.46501501953707,15.214371998917827,"[0, -2.4070870298534878e-12, nan]"
1686463393.856595,-53.37824443517568,55.617878508029655,15.214371998917827,"[0, -2.4070870298534878e-12, nan]"
1686463393.8679702,-53.37824443517568,55.77017307457404,15.214371998917827,"[0, -2.4070870298534878e-12, nan]"
1686463393.8783662,-53.37824443517568,55.92190351712632,15.214371998917827,"[0, -2.4070870298534878e-12, nan]"
1686463393.8873324,-53.37824443517568,56.07307463303064,15.214371998917827,"[0, -2.4070870298534878e-12, nan]"
1686463393.8970354,-54.92315529017745,56.223691211892714,15.638796935246887,"[0, -1.1497771053977155e-11, nan]"
1686463393.9075193,-54.92315529017745,56.373758017481556,15.638796935246887,"[0, -1.1497771053977155e-11, nan]"
1686463393.9155324,-54.92315529017745,56.52327976184498,15.638796935246887,"[0, -1.1497771053977155e-11, nan]"
1686463393.9238734,-54.92315529017745,56.67226107634568,15.638796935246887,"[0, -1.1497771053977155e-11, nan]"
1686463393.9331853,-54.92315529017745,56.82070648502569,15.638796935246887,"[0, -1.1497771053977155e-11, nan]"
1686463393.94283,-54.92315529017745,56.96862038560532,15.638796935246887,"[0, -1.1497771053977155e-11, nan]"
1686463393.952073,-54.92315529017745,57.1160070420421,15.638796935246887,"[0, -1.1497771053977155e-11, nan]"
1686463393.9620204,-54.92315529017745,57.26287059070334,15.638796935246887,"[0, -1.1497771053977155e-11, nan]"
1686463393.9728563,-54.92315529017745,57.40921505963703,15.638796935246887,"[0, -1.1497771053977155e-11, nan]"
1686463393.9827547,-54.92315529017745,57.55504439793679,15.638796935246887,"[0, -1.1497771053977155e-11, nan]"
1686463393.9940577,-56.50966440730812,57.70036251020288,16.04805997221996,"[0, -2.04019982916507e-11, nan]"
1686463394.0037396,-56.50966440730812,57.84517328987609,16.04805997221996,"[0, -2.04019982916507e-11, nan]"
1686463394.0164638,-56.50966440730812,57.98948064526453,16.04805997221996,"[0, -2.04019982916507e-11, nan]"
1686463394.0275133,-56.50966440730812,58.13328851317015,16.04805997221996,"[0, -2.04019982916507e-11, nan]"
1686463394.039187,-56.50966440730812,58.27660085731679,16.04805997221996,"[0, -2.04019982916507e-11, nan]"
1686463394.0524755,-56.50966440730812,58.41942165155225,16.04805997221996,"[0, -2.04019982916507e-11, nan]"
1686463394.0639772,-56.50966440730812,58.56175485080153,16.04805997221996,"[0, -2.04019982916507e-11, nan]"
1686463394.0761695,-56.50966440730812,58.70360435521113,16.04805997221996,"[0, -2.04019982916507e-11, nan]"
1686463394.088062,-56.50966440730812,58.8449739745462,16.04805997221996,"[0, -2.04019982916507e-11, nan]"
1686463394.0978646,-56.50966440730812,58.98586739997253,16.04805997221996,"[0, -2.04019982916507e-11, nan]"
1686463394.1090384,-58.13632129271538,59.12628818925867,16.443331136362293,"[0, -2.773223211340643e-11, nan]"
1686463394.1188467,-58.13632129271538,59.26623976891199,16.443331136362293,"[0, -2.773223211340643e-11, nan]"
1686463394.1287978,-58.13632129271538,59.40572545347478,16.443331136362293,"[0, -2.773223211340643e-11, nan]"
1686463394.138602,-58.13632129271538,59.54474847881495,16.443331136362293,"[0, -2.773223211340643e-11, nan]"
1686463394.1471684,-58.13632129271538,59.683312043247575,16.443331136362293,"[0, -2.773223211340643e-11, nan]"
1686463394.1569924,-58.13632129271538,59.821419348562166,16.443331136362293,"[0, -2.773223211340643e-11, nan]"
1686463394.1659007,-58.13632129271538,59.95907363271973,16.443331136362293,"[0, -2.773223211340643e-11, nan]"
1686463394.175202,-58.13632129271538,60.09627818746708,16.443331136362293,"[0, -2.773223211340643e-11, nan]"
1686463394.1831503,-58.13632129271538,60.23303635691775,16.443331136362293,"[0, -2.773223211340643e-11, nan]"
1686463394.1936126,-58.13632129271538,60.36935151699191,16.443331136362293,"[0, -2.773223211340643e-11, nan]"
1686463394.2041976,-59.80178401059126,60.50522703954504,16.82563123919213,"[0, -3.436915140277313e-11, nan]"
1686463394.2140617,-59.80178401059126,60.64066624830459,16.82563123919213,"[0, -3.436915140277313e-11, nan]"
1686463394.225257,-59.80178401059126,60.77567237576443,16.82563123919213,"[0, -3.436915140277313e-11, nan]"
1686463394.2347763,-59.80178401059126,60.91024853017643,16.82563123919213,"[0, -3.436915140277313e-11, nan]"
1686463394.2463064,-59.80178401059126,61.044397680020154,16.82563123919213,"[0, -3.436915140277313e-11, nan]"
1686463394.2572813,-59.80178401059126,61.17812265988622,16.82563123919213,"[0, -3.436915140277313e-11, nan]"
1686463394.269415,-59.80178401059126,61.311426197208064,16.82563123919213,"[0, -3.436915140277313e-11, nan]"
1686463394.2803848,-59.80178401059126,61.44431095489053,16.82563123919213,"[0, -3.436915140277313e-11, nan]"
1686463394.2927172,-59.80178401059126,61.57677958127412,16.82563123919213,"[0, -3.436915140277313e-11, nan]"
1686463394.30337,-59.80178401059126,61.70883475699857,16.82563123919213,"[0, -3.436915140277313e-11, nan]"
1686463394.3157625,-61.50480576009381,61.84047922874613,17.19585816038564,"[0, -3.779024716411791e-11, nan]"
1686463394.3267539,-61.50480576009381,61.971715822250566,17.19585816038564,"[0, -3.779024716411791e-11, nan]"
1686463394.3380682,-61.50480576009381,62.10254743134716,17.19585816038564,"[0, -3.779024716411791e-11, nan]"
1686463394.3488996,-61.50480576009381,62.232976984844676,17.19585816038564,"[0, -3.779024716411791e-11, nan]"
1686463394.3599217,-61.50480576009381,62.36300739807688,17.19585816038564,"[0, -3.779024716411791e-11, nan]"
1686463394.3698208,-61.50480576009381,62.49264151938288,17.19585816038564,"[0, -3.779024716411791e-11, nan]"
1686463394.3793268,-61.50480576009381,62.621882083402795,17.19585816038564,"[0, -3.779024716411791e-11, nan]"
1686463394.3896244,-61.50480576009381,62.750731681751,17.19585816038564,"[0, -3.779024716411791e-11, nan]"
1686463394.3981814,-61.50480576009381,62.87919275820553,17.19585816038564,"[0, -3.779024716411791e-11, nan]"
1686463394.4063754,-61.50480576009381,63.00726763021394,17.19585816038564,"[0, -3.779024716411791e-11, nan]"
1686463394.4157076,-63.24422375127408,63.13495853268497,17.55480750805909,"[0, -4.134360396307158e-11, nan]"
1686463394.423915,-63.24422375127408,63.26226767491999,17.55480750805909,"[0, -4.134360396307158e-11, nan]"
1686463394.432559,-63.24422375127408,63.38919729821114,17.55480750805909,"[0, -4.134360396307158e-11, nan]"
1686463394.4427967,-63.24422375127408,63.515749721239025,17.55480750805909,"[0, -4.134360396307158e-11, nan]"
1686463394.452628,-63.24422375127408,63.641927362627385,17.55480750805909,"[0, -4.134360396307158e-11, nan]"
1686463394.463613,-63.24422375127408,63.76773273510851,17.55480750805909,"[0, -4.134360396307158e-11, nan]"
1686463394.475137,-63.24422375127408,63.89316841192647,17.55480750805909,"[0, -4.134360396307158e-11, nan]"
1686463394.4851294,-63.24422375127408,64.01823697265074,17.55480750805909,"[0, -4.134360396307158e-11, nan]"
1686463394.495885,-63.24422375127408,64.14294094048569,17.55480750805909,"[0, -4.134360396307158e-11, nan]"
1686463394.508019,-63.24422375127408,64.26728272542655,17.55480750805909,"[0, -4.134360396307158e-11, nan]"
1686463394.518951,-65.01894990380693,64.39126458681442,17.903188899087585,"[0, -4.2360324717730506e-11, nan]"
1686463394.5309453,-65.01894990380693,64.5148886245097,17.903188899087585,"[0, -4.2360324717730506e-11, nan]"
1686463394.5440402,-65.01894990380693,64.63815680160621,17.903188899087585,"[0, -4.2360324717730506e-11, nan]"
1686463394.5559587,-65.01894990380693,64.76107099415593,17.903188899087585,"[0, -4.2360324717730506e-11, nan]"
1686463394.5673692,-65.01894990380693,64.88363305695816,17.903188899087585,"[0, -4.2360324717730506e-11, nan]"
1686463394.5795093,-65.01894990380693,65.00584489029188,17.903188899087585,"[0, -4.2360324717730506e-11, nan]"
1686463394.5900247,-65.01894990380693,65.12770849181734,17.903188899087585,"[0, -4.2360324717730506e-11, nan]"
1686463394.600807,-65.01894990380693,65.2492259810471,17.903188899087585,"[0, -4.2360324717730506e-11, nan]"
1686463394.6119542,-65.01894990380693,65.37039958989895,17.903188899087585,"[0, -4.2360324717730506e-11, nan]"
1686463394.6221588,-65.01894990380693,65.49123162089509,17.903188899087585,"[0, -4.2360324717730506e-11, nan]"
1686463394.631424,-66.82796299361804,65.6117243824052,18.241638992448003,"[0, -4.3117574170724964e-11, nan]"
1686463394.6408997,-66.82796299361804,65.73188011608977,18.241638992448003,"[0, -4.3117574170724964e-11, nan]"
1686463394.649044,-66.82796299361804,65.85170093406319,18.241638992448003,"[0, -4.3117574170724964e-11, nan]"
1686463394.6580877,-66.82796299361804,65.97118878136847,18.241638992448003,"[0, -4.3117574170724964e-11, nan]"
1686463394.6666408,-66.82796299361804,66.09034543358034,18.241638992448003,"[0, -4.3117574170724964e-11, nan]"
1686463394.6747854,-66.82796299361804,66.20917253100788,18.241638992448003,"[0, -4.3117574170724964e-11, nan]"
1686463394.6854062,-66.82796299361804,66.32767164204259,18.241638992448003,"[0, -4.3117574170724964e-11, nan]"
1686463394.6944184,-66.82796299361804,66.44584434067296,18.241638992448003,"[0, -4.3117574170724964e-11, nan]"
1686463394.7043157,-66.82796299361804,66.56369227949425,18.241638992448003,"[0, -4.3117574170724964e-11, nan]"
1686463394.7153633,-66.82796299361804,66.6812172399581,18.241638992448003,"[0, -4.3117574170724964e-11, nan]"
1686463394.7267053,-68.67030195239677,66.79842114692316,18.570731976347876,"[0, -4.150120488341279e-11, nan]"
1686463394.7367454,-68.67030195239677,66.91530604315265,18.570731976347876,"[0, -4.150120488341279e-11, nan]"
1686463394.747273,-68.67030195239677,67.03187402932564,18.570731976347876,"[0, -4.150120488341279e-11, nan]"
1686463394.7594929,-68.67030195239677,67.14812718388144,18.570731976347876,"[0, -4.150120488341279e-11, nan]"
1686463394.7715707,-68.67030195239677,67.26406748266139,18.570731976347876,"[0, -4.150120488341279e-11, nan]"
1686463394.783593,-68.67030195239677,67.37969673865392,18.570731976347876,"[0, -4.150120488341279e-11, nan]"
1686463394.7960584,-68.67030195239677,67.49501657770044,18.570731976347876,"[0, -4.150120488341279e-11, nan]"
1686463394.8074098,-68.67030195239677,67.61002845717225,18.570731976347876,"[0, -4.150120488341279e-11, nan]"
1686463394.8188372,-68.67030195239677,67.72473372387992,18.570731976347876,"[0, -4.150120488341279e-11, nan]"
1686463394.8304737,-68.67030195239677,67.83913369723284,18.570731976347876,"[0, -4.150120488341279e-11, nan]"
1686463394.8405268,-70.54506009421125,67.95322975689064,18.890987992482497,"[0, -4.122129192675562e-11, nan]"
1686463394.851204,-70.54506009421125,68.06702341242648,18.890987992482497,"[0, -4.122129192675562e-11, nan]"
1686463394.8618405,-70.54506009421125,68.18051633667805,18.890987992482497,"[0, -4.122129192675562e-11, nan]"
1686463394.873068,-70.54506009421125,68.29371035337292,18.890987992482497,"[0, -4.122129192675562e-11, nan]"
1686463394.88237,-70.54506009421125,68.40660738134174,18.890987992482497,"[0, -4.122129192675562e-11, nan]"
1686463394.8919523,-70.54506009421125,68.51920934908149,18.890987992482497,"[0, -4.122129192675562e-11, nan]"
1686463394.9015076,-70.54506009421125,68.63151810140383,18.890987992482497,"[0, -4.122129192675562e-11, nan]"
1686463394.9112227,-70.54506009421125,68.74353532268391,18.890987992482497,"[0, -4.122129192675562e-11, nan]"
1686463394.9199517,-70.54506009421125,68.85526249726972,18.890987992482497,"[0, -4.122129192675562e-11, nan]"
1686463394.928468,-70.54506009421125,68.96670091835367,18.890987992482497,"[0, -4.122129192675562e-11, nan]"
1686463394.9383807,-72.45138009717469,69.07785174406969,19.20287998427633,"[0, -3.856993569637072e-11, nan]"
1686463394.9482813,-72.45138009717469,69.18871608678118,19.20287998427633,"[0, -3.856993569637072e-11, nan]"
1686463394.9578893,-72.45138009717469,69.29929511261703,19.20287998427633,"[0, -3.856993569637072e-11, nan]"
1686463394.968447,-72.45138009717469,69.40959012479324,19.20287998427633,"[0, -3.856993569637072e-11, nan]"
1686463394.9791508,-72.45138009717469,69.51960260805652,19.20287998427633,"[0, -3.856993569637072e-11, nan]"
1686463394.9905958,-72.45138009717469,69.62933422165443,19.20287998427633,"[0, -3.856993569637072e-11, nan]"
1686463395.0006106,-72.45138009717469,69.7387867416221,19.20287998427633,"[0, -3.856993569637072e-11, nan]"
1686463395.012156,-72.45138009717469,69.84796196713232,19.20287998427633,"[0, -3.856993569637072e-11, nan]"
1686463395.0237224,-72.45138009717469,69.95686161562288,19.20287998427633,"[0, -3.856993569637072e-11, nan]"
1686463395.0353305,-72.45138009717469,70.06548723508911,19.20287998427633,"[0, -3.856993569637072e-11, nan]"
1686463395.0476615,-74.38844960752222,70.17384015787574,19.506839395507047,"[0, -3.815952859595882e-11, nan]"
1686463395.0597644,-74.38844960752222,70.28192150948134,19.506839395507047,"[0, -3.815952859595882e-11, nan]"
1686463395.0709383,-74.38844960752222,70.38973227108676,19.506839395507047,"[0, -3.815952859595882e-11, nan]"
1686463395.0823946,-74.38844960752222,70.49727337962999,19.506839395507047,"[0, -3.815952859595882e-11, nan]"
1686463395.0940056,-74.38844960752222,70.60454583865044,19.506839395507047,"[0, -3.815952859595882e-11, nan]"
1686463395.1040044,-74.38844960752222,70.71155080932554,19.506839395507047,"[0, -3.815952859595882e-11, nan]"
1686463395.1152837,-74.38844960752222,70.81828965619064,19.506839395507047,"[0, -3.815952859595882e-11, nan]"
1686463395.1252265,-74.38844960752222,70.92476393389613,19.506839395507047,"[0, -3.815952859595882e-11, nan]"
1686463395.1356645,-74.38844960752222,71.03097531765826,19.506839395507047,"[0, -3.815952859595882e-11, nan]"
1686463395.1443365,-74.38844960752222,71.13692549584412,19.506839395507047,"[0, -3.815952859595882e-11, nan]"
1686463395.1542315,-76.35549736390062,71.24261605413813,19.803261003250366,"[0, -3.609301382660553e-11, nan]"
1686463395.1632957,-76.35549736390062,71.34804838388011,19.803261003250366,"[0, -3.609301382660553e-11, nan]"
1686463395.1716201,-76.35549736390062,71.45322364082638,19.803261003250366,"[0, -3.609301382660553e-11, nan]"
1686463395.1809418,-76.35549736390062,71.55814276712424,19.803261003250366,"[0, -3.609301382660553e-11, nan]"
1686463395.1890147,-76.35549736390062,71.66280657134145,19.803261003250366,"[0, -3.609301382660553e-11, nan]"
1686463395.1982453,-76.35549736390062,71.7672158449776,19.803261003250366,"[0, -3.609301382660553e-11, nan]"
1686463395.2080395,-76.35549736390062,71.8713714828421,19.803261003250366,"[0, -3.609301382660553e-11, nan]"
1686463395.2180207,-76.35549736390062,71.97527457299763,19.803261003250366,"[0, -3.609301382660553e-11, nan]"
1686463395.2292173,-76.35549736390062,72.07892642990488,19.803261003250366,"[0, -3.609301382660553e-11, nan]"
1686463395.2401414,-76.35549736390062,72.18232856019394,19.803261003250366,"[0, -3.609301382660553e-11, nan]"
1686463395.2506876,-78.35178976355041,72.285482569857,20.09250706007563,"[0, -3.4583587072313416e-11, nan]"
1686463395.2616177,-78.35178976355041,72.38839003850535,20.09250706007563,"[0, -3.4583587072313416e-11, nan]"
1686463395.2736077,-78.35178976355041,72.49105239682275,20.09250706007563,"[0, -3.4583587072313416e-11, nan]"
1686463395.285579,-78.35178976355041,72.5934708426913,20.09250706007563,"[0, -3.4583587072313416e-11, nan]"
1686463395.2979927,-78.35178976355041,72.69564632140215,20.09250706007563,"[0, -3.4583587072313416e-11, nan]"
1686463395.3098392,-78.35178976355041,72.79757957669796,20.09250706007563,"[0, -3.4583587072313416e-11, nan]"
1686463395.3224666,-78.35178976355041,72.89927125912727,20.09250706007563,"[0, -3.4583587072313416e-11, nan]"
1686463395.3346303,-78.35178976355041,73.00072206083404,20.09250706007563,"[0, -3.4583587072313416e-11, nan]"
1686463395.346165,-78.35178976355041,73.1019328375858,20.09250706007563,"[0, -3.4583587072313416e-11, nan]"
1686463395.3564272,-78.35178976355041,73.20290468184334,20.09250706007563,"[0, -3.4583587072313416e-11, nan]"
1686463395.3671708,-80.37662780960756,73.30363892434814,20.374910873575473,"[0, -3.49922408704362e-11, nan]"
1686463395.3769248,-80.37662780960756,73.40413706258616,20.374910873575473,"[0, -3.49922408704362e-11, nan]"
1686463395.3883512,-80.37662780960756,73.50440063616821,20.374910873575473,"[0, -3.49922408704362e-11, nan]"
1686463395.3982408,-80.37662780960756,73.60443108540845,20.374910873575473,"[0, -3.49922408704362e-11, nan]"
1686463395.4073608,-80.37662780960756,73.70422963513161,20.374910873575473,"[0, -3.49922408704362e-11, nan]"
1686463395.4167676,-80.37662780960756,73.80379723901511,20.374910873575473,"[0, -3.49922408704362e-11, nan]"
1686463395.4259722,-80.37662780960756,73.90313460223126,20.374910873575473,"[0, -3.49922408704362e-11, nan]"
1686463395.434495,-80.37662780960756,74.00224227693714,20.374910873575473,"[0, -3.49922408704362e-11, nan]"
1686463395.4428627,-80.37662780960756,74.10112080301099,20.374910873575473,"[0, -3.49922408704362e-11, nan]"
1686463395.4539714,-80.37662780960756,74.19977085226317,20.374910873575473,"[0, -3.49922408704362e-11, nan]"
1686463395.463517,-82.4293443907734,74.29819333231322,20.650779928039082,"[0, -3.554237132230861e-11, nan]"
1686463395.4731202,-82.4293443907734,74.39638941800047,20.650779928039082,"[0, -3.554237132230861e-11, nan]"
1686463395.4831412,-82.4293443907734,74.49436049951002,20.650779928039082,"[0, -3.554237132230861e-11, nan]"
1686463395.4931118,-82.4293443907734,74.5921080616899,20.650779928039082,"[0, -3.554237132230861e-11, nan]"
1686463395.5041072,-82.4293443907734,74.68963353046941,20.650779928039082,"[0, -3.554237132230861e-11, nan]"
1686463395.5145776,-82.4293443907734,74.78693813306108,20.650779928039082,"[0, -3.554237132230861e-11, nan]"
1686463395.527019,-82.4293443907734,74.88402281515111,20.650779928039082,"[0, -3.554237132230861e-11, nan]"
1686463395.5386288,-82.4293443907734,74.98088824174651,20.650779928039082,"[0, -3.554237132230861e-11, nan]"
1686463395.550367,-82.4293443907734,75.07753488266995,20.650779928039082,"[0, -3.554237132230861e-11, nan]"
1686463395.562954,-82.4293443907734,75.17396315761042,20.650779928039082,"[0, -3.554237132230861e-11, nan]"
1686463395.5741913,-84.50930185267747,75.27017359667214,20.920398627690908,"[0, -3.4408645141825616e-11, nan]"
1686463395.5852478,-84.50930185267747,75.36616696658807,20.920398627690908,"[0, -3.4408645141825616e-11, nan]"
1686463395.596089,-84.50930185267747,75.46194432270818,20.920398627690908,"[0, -3.4408645141825616e-11, nan]"
1686463395.6060572,-84.50930185267747,75.55750696925679,20.920398627690908,"[0, -3.4408645141825616e-11, nan]"
1686463395.6170845,-84.50930185267747,75.65285633895921,20.920398627690908,"[0, -3.4408645141825616e-11, nan]"
1686463395.627837,-84.50930185267747,75.74799382856261,20.920398627690908,"[0, -3.4408645141825616e-11, nan]"
1686463395.6376731,-84.50930185267747,75.84292064149545,20.920398627690908,"[0, -3.4408645141825616e-11, nan]"
1686463395.6480656,-84.50930185267747,75.93763768749157,20.920398627690908,"[0, -3.4408645141825616e-11, nan]"
1686463395.6573443,-84.50930185267747,76.03214557185105,20.920398627690908,"[0, -3.4408645141825616e-11, nan]"
1686463395.666144,-84.50930185267747,76.12644467924245,20.920398627690908,"[0, -3.4408645141825616e-11, nan]"
1686463395.6749215,-86.61588982587725,76.22053532677799,21.184030715258633,"[0, -3.5654374245984953e-11, nan]"
1686463395.6834798,-86.61588982587725,76.3144179387068,21.184030715258633,"[0, -3.5654374245984953e-11, nan]"
1686463395.6937828,-86.61588982587725,76.4080931872536,21.184030715258633,"[0, -3.5654374245984953e-11, nan]"
1686463395.7031872,-86.61588982587725,76.50156205394644,21.184030715258633,"[0, -3.5654374245984953e-11, nan]"
1686463395.7130225,-86.61588982587725,76.59482579056464,21.184030715258633,"[0, -3.5654374245984953e-11, nan]"
1686463395.7225747,-86.61588982587725,76.68788579075942,21.184030715258633,"[0, -3.5654374245984953e-11, nan]"
1686463395.7340019,-86.61588982587725,76.78074341238069,21.184030715258633,"[0, -3.5654374245984953e-11, nan]"
1686463395.745339,-86.61588982587725,76.8733998072333,21.184030715258633,"[0, -3.5654374245984953e-11, nan]"
1686463395.7553282,-86.61588982587725,76.96585581348343,21.184030715258633,"[0, -3.5654374245984953e-11, nan]"
1686463395.76735,-86.61588982587725,77.05811194667092,21.184030715258633,"[0, -3.5654374245984953e-11, nan]"
1686463395.7789223,-88.74852327960247,77.15016849370181,21.441921401792985,"[0, -3.5739446330523357e-11, nan]"
1686463395.7906742,-88.74852327960247,77.24202568070517,21.441921401792985,"[0, -3.5739446330523357e-11, nan]"
1686463395.803832,-88.74852327960247,77.3336838611157,21.441921401792985,"[0, -3.5739446330523357e-11, nan]"
1686463395.8161075,-88.74852327960247,77.42514366264363,21.441921401792985,"[0, -3.5739446330523357e-11, nan]"
1686463395.8274055,-88.74852327960247,77.51640604434056,21.441921401792985,"[0, -3.5739446330523357e-11, nan]"
1686463395.839037,-88.74852327960247,77.60747224362585,21.441921401792985,"[0, -3.5739446330523357e-11, nan]"
1686463395.8495777,-88.74852327960247,77.69834362924875,21.441921401792985,"[0, -3.5739446330523357e-11, nan]"
1686463395.859643,-88.74852327960247,77.78902150724035,21.441921401792985,"[0, -3.5739446330523357e-11, nan]"
1686463395.8707256,-88.74852327960247,77.87950694353681,21.441921401792985,"[0, -3.5739446330523357e-11, nan]"
1686463395.8813562,-88.74852327960247,77.96980066229223,21.441921401792985,"[0, -3.5739446330523357e-11, nan]"
1686463395.8905556,-90.90664077367161,78.05990305481646,21.694299235399026,"[0, -3.577502401922282e-11, nan]"
1686463395.8995597,-90.90664077367161,78.14981429779371,21.694299235399026,"[0, -3.577502401922282e-11, nan]"
1686463395.9096286,-90.90664077367161,78.23953454286622,21.694299235399026,"[0, -3.577502401922282e-11, nan]"
1686463395.918119,-90.90664077367161,78.32906411524246,21.694299235399026,"[0, -3.577502401922282e-11, nan]"
1686463395.9264996,-90.90664077367161,78.41840365490218,21.694299235399026,"[0, -3.577502401922282e-11, nan]"
1686463395.9356968,-90.90664077367161,78.50755415216952,21.694299235399026,"[0, -3.577502401922282e-11, nan]"
1686463395.9448264,-90.90664077367161,78.59651686413902,21.694299235399026,"[0, -3.577502401922282e-11, nan]"
1686463395.9542694,-90.90664077367161,78.68529313855686,21.694299235399026,"[0, -3.577502401922282e-11, nan]"
1686463395.964654,-90.90664077367161,78.77388420332623,21.694299235399026,"[0, -3.577502401922282e-11, nan]"
1686463395.9754877,-90.90664077367161,78.86229099250279,21.694299235399026,"[0, -3.577502401922282e-11, nan]"
1686463395.9864407,-93.0897028838852,78.95051406829207,21.941377734541728,"[0, -3.704041593890123e-11, nan]"
1686463395.9977589,-93.0897028838852,79.03855366703365,21.941377734541728,"[0, -3.704041593890123e-11, nan]"
1686463396.0079467,-93.0897028838852,79.12640985510704,21.941377734541728,"[0, -3.704041593890123e-11, nan]"
1686463396.019947,-93.0897028838852,79.21408274320741,21.941377734541728,"[0, -3.704041593890123e-11, nan]"
1686463396.0318415,-93.0897028838852,79.30157268638281,21.941377734541728,"[0, -3.704041593890123e-11, nan]"
1686463396.0432255,-93.0897028838852,79.38888040115523,21.941377734541728,"[0, -3.704041593890123e-11, nan]"
1686463396.056167,-93.0897028838852,79.47600695832303,21.941377734541728,"[0, -3.704041593890123e-11, nan]"
1686463396.0673244,-93.0897028838852,79.5629536522628,21.941377734541728,"[0, -3.704041593890123e-11, nan]"
1686463396.0790284,-93.0897028838852,79.64972179009412,21.941377734541728,"[0, -3.704041593890123e-11, nan]"
1686463396.0905182,-93.0897028838852,79.7363124725526,21.941377734541728,"[0, -3.704041593890123e-11, nan]"
1686463396.10088,-95.29719077888811,79.8227264422943,22.183356811954603,"[0, -3.6880968415937453e-11, nan]"
1686463396.1119554,-95.29719077888811,79.9089640531849,22.183356811954603,"[0, -3.6880968415937453e-11, nan]"
1686463396.1224697,-95.29719077888811,79.99502537293736,22.183356811954603,"[0, -3.6880968415937453e-11, nan]"
1686463396.133408,-95.29719077888811,80.08091038508294,22.183356811954603,"[0, -3.6880968415937453e-11, nan]"
1686463396.1424794,-95.29719077888811,80.16661922118355,22.183356811954603,"[0, -3.6880968415937453e-11, nan]"
1686463396.1518064,-95.29719077888811,80.25215234250152,22.183356811954603,"[0, -3.6880968415937453e-11, nan]"
1686463396.1614842,-95.29719077888811,80.33751060680818,22.183356811954603,"[0, -3.6880968415937453e-11, nan]"
1686463396.171193,-95.29719077888811,80.42269519536683,22.183356811954603,"[0, -3.6880968415937453e-11, nan]"
1686463396.1792595,-95.29719077888811,80.50770742396786,22.183356811954603,"[0, -3.6880968415937453e-11, nan]"
1686463396.187957,-95.29719077888811,80.5925485030567,22.183356811954603,"[0, -3.6880968415937453e-11, nan]"
1686463396.198602,-97.52860492911533,80.67721933097981,22.42042401555096,"[0, -3.629452232789546e-11, nan]"
1686463396.209143,-97.52860492911533,80.7617203940046,22.42042401555096,"[0, -3.629452232789546e-11, nan]"
1686463396.218722,-97.52860492911533,80.84605180982297,22.42042401555096,"[0, -3.629452232789546e-11, nan]"
1686463396.230043,-97.52860492911533,80.93021350104736,22.42042401555096,"[0, -3.629452232789546e-11, nan]"
1686463396.23977,-97.52860492911533,81.01420543870009,22.42042401555096,"[0, -3.629452232789546e-11, nan]"
1686463396.2508821,-97.52860492911533,81.09802786970695,22.42042401555096,"[0, -3.629452232789546e-11, nan]"
1686463396.261562,-97.52860492911533,81.18168144714244,22.42042401555096,"[0, -3.629452232789546e-11, nan]"
1686463396.2738814,-97.52860492911533,81.265167215238,22.42042401555096,"[0, -3.629452232789546e-11, nan]"
1686463396.2854383,-97.52860492911533,81.34848645280397,22.42042401555096,"[0, -3.629452232789546e-11, nan]"
1686463396.2972333,-97.52860492911533,81.43164042937579,22.42042401555096,"[0, -3.629452232789546e-11, nan]"
1686463396.3088453,-99.78346393100855,81.51463016087203,22.65275561220207,"[0, -3.734274793446028e-11, nan]"
1686463396.3206239,-99.78346393100855,81.5974562526646,22.65275561220207,"[0, -3.734274793446028e-11, nan]"
1686463396.330624,-99.78346393100855,81.68011888797585,22.65275561220207,"[0, -3.734274793446028e-11, nan]"
1686463396.3416922,-99.78346393100855,81.7626179675367,22.65275561220207,"[0, -3.734274793446028e-11, nan]"
1686463396.351766,-99.78346393100855,81.84495335187687,22.65275561220207,"[0, -3.734274793446028e-11, nan]"
1686463396.3625326,-99.78346393100855,81.92712511948339,22.65275561220207,"[0, -3.734274793446028e-11, nan]"
1686463396.373116,-99.78346393100855,82.00913374729535,22.65275561220207,"[0, -3.734274793446028e-11, nan]"
1686463396.3822193,-99.78346393100855,82.09098014659362,22.65275561220207,"[0, -3.734274793446028e-11, nan]"
1686463396.3924472,-99.78346393100855,82.17266553961993,22.65275561220207,"[0, -3.734274793446028e-11, nan]"
1686463396.4009783,-99.78346393100855,82.2541912199221,22.65275561220207,"[0, -3.734274793446028e-11, nan]"
1686463396.4099915,-102.06130343215655,82.33555828293163,22.880517538668556,"[0, -3.679340538260034e-11, nan]"
1686463396.4181306,-102.06130343215655,82.4167674252227,22.880517538668556,"[0, -3.679340538260034e-11, nan]"
1686463396.427611,-102.06130343215655,82.49781888714804,22.880517538668556,"[0, -3.679340538260034e-11, nan]"
1686463396.437869,-102.06130343215655,82.57871256170331,22.880517538668556,"[0, -3.679340538260034e-11, nan]"
1686463396.4486368,-102.06130343215655,82.65944823152793,22.880517538668556,"[0, -3.679340538260034e-11, nan]"
1686463396.4595413,-102.06130343215655,82.74002584794322,22.880517538668556,"[0, -3.679340538260034e-11, nan]"
1686463396.4707463,-102.06130343215655,82.82044574927436,22.880517538668556,"[0, -3.679340538260034e-11, nan]"
1686463396.4811926,-102.06130343215655,82.90070873672595,22.880517538668556,"[0, -3.679340538260034e-11, nan]"
1686463396.4918892,-102.06130343215655,82.98081597791405,22.880517538668556,"[0, -3.679340538260034e-11, nan]"
1686463396.5042825,-102.06130343215655,83.06076877191538,22.880517538668556,"[0, -3.679340538260034e-11, nan]"
1686463396.51472,-104.36167514529238,83.14056826181793,23.10386624152912,"[0, -3.6533220618978076e-11, nan]"
1686463396.5275552,-104.36167514529238,83.22021520151414,23.10386624152912,"[0, -3.6533220618978076e-11, nan]"
1686463396.5384696,-104.36167514529238,83.29970986466802,23.10386624152912,"[0, -3.6533220618978076e-11, nan]"
1686463396.5506053,-104.36167514529238,83.37905213162074,23.10386624152912,"[0, -3.6533220618978076e-11, nan]"
1686463396.5614505,-104.36167514529238,83.45824172379456,23.10386624152912,"[0, -3.6533220618978076e-11, nan]"
1686463396.5727327,-104.36167514529238,83.53727849903946,23.10386624152912,"[0, -3.6533220618978076e-11, nan]"
1686463396.5820575,-104.36167514529238,83.61616269754612,23.10386624152912,"[0, -3.6533220618978076e-11, nan]"
1686463396.592315,-104.36167514529238,83.69489504477436,23.10386624152912,"[0, -3.6533220618978076e-11, nan]"
1686463396.6029873,-104.36167514529238,83.77347667095508,23.10386624152912,"[0, -3.6533220618978076e-11, nan]"
1686463396.6131504,-104.36167514529238,83.85190887545967,23.10386624152912,"[0, -3.6533220618978076e-11, nan]"
1686463396.623074,-106.68414594109511,83.93019282367757,23.322949424922125,"[0, -3.659139466925615e-11, nan]"
1686463396.6328926,-106.68414594109511,84.00832929076027,23.322949424922125,"[0, -3.659139466925615e-11, nan]"
1686463396.641438,-106.68414594109511,84.08631855038838,23.322949424922125,"[0, -3.659139466925615e-11, nan]"
1686463396.651638,-106.68414594109511,84.16416045255141,23.322949424922125,"[0, -3.659139466925615e-11, nan]"
1686463396.6610968,-106.68414594109511,84.24185466285624,23.322949424922125,"[0, -3.659139466925615e-11, nan]"
1686463396.6712897,-106.68414594109511,84.31940097365921,23.322949424922125,"[0, -3.659139466925615e-11, nan]"
1686463396.6829865,-106.68414594109511,84.39679956864127,23.322949424922125,"[0, -3.659139466925615e-11, nan]"
1686463396.6937802,-106.68414594109511,84.47405113877963,23.322949424922125,"[0, -3.659139466925615e-11, nan]"
1686463396.7039342,-106.68414594109511,84.55115680341687,23.322949424922125,"[0, -3.659139466925615e-11, nan]"
1686463396.7142313,-106.68414594109511,84.62811786467594,23.322949424922125,"[0, -3.659139466925615e-11, nan]"
1686463396.7266996,-109.02829701144792,84.70493548808993,23.537906721630403,"[0, -3.626447577385023e-11, nan]"
1686463396.7383397,-109.02829701144792,84.7816104319567,23.537906721630403,"[0, -3.626447577385023e-11, nan]"
1686463396.7499988,-109.02829701144792,84.85814293072067,23.537906721630403,"[0, -3.626447577385023e-11, nan]"
1686463396.7618937,-109.02829701144792,84.93453277934428,23.537906721630403,"[0, -3.626447577385023e-11, nan]"
1686463396.7731395,-109.02829701144792,85.01077958804444,23.537906721630403,"[0, -3.626447577385023e-11, nan]"
1686463396.7856197,-109.02829701144792,85.08688311035762,23.537906721630403,"[0, -3.626447577385023e-11, nan]"
1686463396.7953403,-109.02829701144792,85.16284351747969,23.537906721630403,"[0, -3.626447577385023e-11, nan]"
1686463396.8062716,-109.02829701144792,85.23866151137372,23.537906721630403,"[0, -3.626447577385023e-11, nan]"
1686463396.8159518,-109.02829701144792,85.31433823060998,23.537906721630403,"[0, -3.626447577385023e-11, nan]"
1686463396.827444,-109.02829701144792,85.38987498358061,23.537906721630403,"[0, -3.626447577385023e-11, nan]"
1686463396.8364086,-111.39372309618132,85.46527291174918,23.74887029980915,"[0, -3.5535519790847194e-11, nan]"
1686463396.8462107,-111.39372309618132,85.540532714447,23.74887029980915,"[0, -3.5535519790847194e-11, nan]"
1686463396.8558276,-111.39372309618132,85.61565454400143,23.74887029980915,"[0, -3.5535519790847194e-11, nan]"
1686463396.8653123,-111.39372309618132,85.69063811444387,23.74887029980915,"[0, -3.5535519790847194e-11, nan]"
1686463396.8739467,-111.39372309618132,85.76548298316133,23.74887029980915,"[0, -3.5535519790847194e-11, nan]"
1686463396.8823407,-111.39372309618132,85.84018889610604,23.74887029980915,"[0, -3.5535519790847194e-11, nan]"
1686463396.8914752,-111.39372309618132,85.9147560606472,23.74887029980915,"[0, -3.5535519790847194e-11, nan]"
1686463396.8997283,-111.39372309618132,85.98918523719699,23.74887029980915,"[0, -3.5535519790847194e-11, nan]"
1686463396.908164,-111.39372309618132,86.06347761129332,23.74887029980915,"[0, -3.5535519790847194e-11, nan]"
1686463396.91939,-111.39372309618132,86.13763449464163,23.74887029980915,"[0, -3.5535519790847194e-11, nan]"
1686463396.9287176,-113.78003176740035,86.21165697241865,23.955965414747222,"[0, -3.530450666378256e-11, nan]"
1686463396.9394016,-113.78003176740035,86.28554563682057,23.955965414747222,"[0, -3.530450666378256e-11, nan]"
1686463396.9509168,-113.78003176740035,86.35930051429091,23.955965414747222,"[0, -3.530450666378256e-11, nan]"
1686463396.9618514,-113.78003176740035,86.43292121750531,23.955965414747222,"[0, -3.530450666378256e-11, nan]"
1686463396.9717495,-113.78003176740035,86.50640726358142,23.955965414747222,"[0, -3.530450666378256e-11, nan]"
1686463396.983806,-113.78003176740035,86.57975843261708,23.955965414747222,"[0, -3.530450666378256e-11, nan]"
1686463396.9952538,-113.78003176740035,86.6529750229352,23.955965414747222,"[0, -3.530450666378256e-11, nan]"
1686463397.0070693,-113.78003176740035,86.72605789916018,23.955965414747222,"[0, -3.530450666378256e-11, nan]"
1686463397.019836,-113.78003176740035,86.79900831170846,23.955965414747222,"[0, -3.530450666378256e-11, nan]"
1686463397.0321143,-113.78003176740035,86.87182755813183,23.955965414747222,"[0, -3.530450666378256e-11, nan]"
1686463397.0439706,-116.18684276629718,86.94451662163242,24.15931091264039,"[0, -3.538597440967852e-11, nan]"
1686463397.0559447,-116.18684276629718,87.01707593289989,24.15931091264039,"[0, -3.538597440967852e-11, nan]"
1686463397.0666044,-116.18684276629718,87.08950535302752,24.15931091264039,"[0, -3.538597440967852e-11, nan]"
1686463397.077444,-116.18684276629718,87.1618043868247,24.15931091264039,"[0, -3.538597440967852e-11, nan]"
1686463397.088488,-116.18684276629718,87.23397254199604,24.15931091264039,"[0, -3.538597440967852e-11, nan]"
1686463397.0990305,-116.18684276629718,87.30600968944937,24.15931091264039,"[0, -3.538597440967852e-11, nan]"
1686463397.1077383,-116.18684276629718,87.37791627783854,24.15931091264039,"[0, -3.538597440967852e-11, nan]"
1686463397.118202,-116.18684276629718,87.44969331311104,24.15931091264039,"[0, -3.538597440967852e-11, nan]"
1686463397.1294,-116.18684276629718,87.52134210913816,24.15931091264039,"[0, -3.538597440967852e-11, nan]"
1686463397.1375642,-116.18684276629718,87.59286390933964,24.15931091264039,"[0, -3.538597440967852e-11, nan]"
1686463397.1451604,-118.61378738794217,87.6642595331605,24.35901969152123,"[0, -3.443199802475394e-11, nan]"
1686463397.154756,-118.61378738794217,87.73552919302733,24.35901969152123,"[0, -3.443199802475394e-11, nan]"
1686463397.1627834,-118.61378738794217,87.80667255871302,24.35901969152123,"[0, -3.443199802475394e-11, nan]"
1686463397.1709957,-118.61378738794217,87.87768904513594,24.35901969152123,"[0, -3.443199802475394e-11, nan]"
1686463397.1809826,-118.61378738794217,87.948578206915,24.35901969152123,"[0, -3.443199802475394e-11, nan]"
1686463397.1906664,-118.61378738794217,88.01934007783669,24.35901969152123,"[0, -3.443199802475394e-11, nan]"
1686463397.1995068,-118.61378738794217,88.08997531405298,24.35901969152123,"[0, -3.443199802475394e-11, nan]"
1686463397.2102811,-118.61378738794217,88.16048507983173,24.35901969152123,"[0, -3.443199802475394e-11, nan]"
1686463397.2197216,-118.61378738794217,88.23087072068142,24.35901969152123,"[0, -3.443199802475394e-11, nan]"
1686463397.2314162,-118.61378738794217,88.30113335777348,24.35901969152123,"[0, -3.443199802475394e-11, nan]"
1686463397.2418723,-121.06050790998482,88.3712735715631,24.555199123222522,"[0, -3.518454596662044e-11, nan]"
1686463397.2531786,-121.06050790998482,88.44129130753515,24.555199123222522,"[0, -3.518454596662044e-11, nan]"
1686463397.265365,-121.06050790998482,88.51118604541288,24.555199123222522,"[0, -3.518454596662044e-11, nan]"
1686463397.2778955,-121.06050790998482,88.5809571637498,24.555199123222522,"[0, -3.518454596662044e-11, nan]"
1686463397.2900977,-121.06050790998482,88.65060434913926,24.555199123222522,"[0, -3.518454596662044e-11, nan]"
1686463397.3017335,-121.06050790998482,88.72012787892136,24.555199123222522,"[0, -3.518454596662044e-11, nan]"
1686463397.3131218,-121.06050790998482,88.78952865752761,24.555199123222522,"[0, -3.518454596662044e-11, nan]"
1686463397.3242946,-121.06050790998482,88.85880798879558,24.555199123222522,"[0, -3.518454596662044e-11, nan]"
1686463397.3350801,-121.06050790998482,88.92796717764394,24.555199123222522,"[0, -3.518454596662044e-11, nan]"
1686463397.3456442,-121.06050790998482,88.99700712735125,24.555199123222522,"[0, -3.518454596662044e-11, nan]"
1686463397.3566568,-123.52665706153519,89.06592810243924,24.74795143946374,"[0, -3.436200392679121e-11, nan]"
1686463397.367258,-123.52665706153519,89.1347297589691,24.74795143946374,"[0, -3.436200392679121e-11, nan]"
1686463397.3778381,-123.52665706153519,89.2034114318988,24.74795143946374,"[0, -3.436200392679121e-11, nan]"
1686463397.3878016,-123.52665706153519,89.27197256017578,24.74795143946374,"[0, -3.436200392679121e-11, nan]"
1686463397.39806,-123.52665706153519,89.34041307039062,24.74795143946374,"[0, -3.436200392679121e-11, nan]"
1686463397.4055777,-123.52665706153519,89.40873355555912,24.74795143946374,"[0, -3.436200392679121e-11, nan]"
1686463397.4153802,-123.52665706153519,89.47693517102039,24.74795143946374,"[0, -3.436200392679121e-11, nan]"
1686463397.4241211,-123.52665706153519,89.5450192891795,24.74795143946374,"[0, -3.436200392679121e-11, nan]"
1686463397.4337535,-123.52665706153519,89.61298705827024,24.74795143946374,"[0, -3.436200392679121e-11, nan]"
1686463397.443953,-123.52665706153519,89.68083905271058,24.74795143946374,"[0, -3.436200392679121e-11, nan]"
1686463397.4544048,-126.01189752877919,89.7485751656859,24.93737408471546,"[0, -3.473631890278974e-11, nan]"
1686463397.465613,-126.01189752877919,89.81619479203611,24.93737408471546,"[0, -3.473631890278974e-11, nan]"
1686463397.4758835,-126.01189752877919,89.88369722581444,24.93737408471546,"[0, -3.473631890278974e-11, nan]"
1686463397.486291,-126.01189752877919,89.951082103534,24.93737408471546,"[0, -3.473631890278974e-11, nan]"
1686463397.497456,-126.01189752877919,90.01834970291064,24.93737408471546,"[0, -3.473631890278974e-11, nan]"
1686463397.5097175,-126.01189752877919,90.08550096706313,24.93737408471546,"[0, -3.473631890278974e-11, nan]"
1686463397.5205832,-126.01189752877919,90.1525372412274,24.93737408471546,"[0, -3.473631890278974e-11, nan]"
1686463397.5317502,-126.01189752877919,90.21945983311234,24.93737408471546,"[0, -3.473631890278974e-11, nan]"
1686463397.5439453,-126.01189752877919,90.28626958548844,24.93737408471546,"[0, -3.473631890278974e-11, nan]"
1686463397.5561616,-126.01189752877919,90.35296664625002,24.93737408471546,"[0, -3.473631890278974e-11, nan]"
1686463397.5675178,-128.51590149414,90.41955053735114,25.123560038280367,"[0, -3.4494144247960284e-11, nan]"
1686463397.5787337,-128.51590149414,90.4860204954955,25.123560038280367,"[0, -3.4494144247960284e-11, nan]"
1686463397.5901303,-128.51590149414,90.55237593877109,25.123560038280367,"[0, -3.4494144247960284e-11, nan]"
1686463397.6016698,-128.51590149414,90.6186168572584,25.123560038280367,"[0, -3.4494144247960284e-11, nan]"
1686463397.6118677,-128.51590149414,90.68474395665922,25.123560038280367,"[0, -3.4494144247960284e-11, nan]"
1686463397.6213422,-128.51590149414,90.75075849001814,25.123560038280367,"[0, -3.4494144247960284e-11, nan]"
1686463397.630485,-128.51590149414,90.81666184838404,25.123560038280367,"[0, -3.4494144247960284e-11, nan]"
1686463397.6406436,-128.51590149414,90.88245508739787,25.123560038280367,"[0, -3.4494144247960284e-11, nan]"
1686463397.6492946,-128.51590149414,90.94813859669902,25.123560038280367,"[0, -3.4494144247960284e-11, nan]"
1686463397.6587472,-128.51590149414,91.01371205847545,25.123560038280367,"[0, -3.4494144247960284e-11, nan]"
1686463397.6662362,-131.03835020604697,91.07917471585479,25.306598107924533,"[0, -3.4554038940121066e-11, nan]"
1686463397.6757288,-131.03835020604697,91.14452583586295,25.306598107924533,"[0, -3.4554038940121066e-11, nan]"
1686463397.685034,-131.03835020604697,91.20976516464735,25.306598107924533,"[0, -3.4554038940121066e-11, nan]"
1686463397.6952372,-131.03835020604697,91.27489317426098,25.306598107924533,"[0, -3.4554038940121066e-11, nan]"
1686463397.7042444,-131.03835020604697,91.33991099011678,25.306598107924533,"[0, -3.4554038940121066e-11, nan]"
1686463397.7142673,-131.03835020604697,91.40482002849159,25.306598107924533,"[0, -3.4554038940121066e-11, nan]"
1686463397.724586,-131.03835020604697,91.4696215020851,25.306598107924533,"[0, -3.4554038940121066e-11, nan]"
1686463397.7353296,-131.03835020604697,91.53431601155444,25.306598107924533,"[0, -3.4554038940121066e-11, nan]"
1686463397.7461054,-131.03835020604697,91.5989034051413,25.306598107924533,"[0, -3.4554038940121066e-11, nan]"
1686463397.7563813,-131.03835020604697,91.66338297102565,25.306598107924533,"[0, -3.4554038940121066e-11, nan]"
1686463397.7685747,-133.57893357662635,91.72775387965326,25.486573197355064,"[0, -3.456989307876109e-11, nan]"
1686463397.7805314,-133.57893357662635,91.79201568111235,25.486573197355064,"[0, -3.456989307876109e-11, nan]"
1686463397.7917829,-133.57893357662635,91.85616863633878,25.486573197355064,"[0, -3.456989307876109e-11, nan]"
1686463397.8034701,-133.57893357662635,91.9202137326049,25.486573197355064,"[0, -3.456989307876109e-11, nan]"
1686463397.8144534,-133.57893357662635,91.98415237389959,25.486573197355064,"[0, -3.456989307876109e-11, nan]"
1686463397.8252218,-133.57893357662635,92.04798588196381,25.486573197355064,"[0, -3.456989307876109e-11, nan]"
1686463397.8363457,-133.57893357662635,92.1117150301092,25.486573197355064,"[0, -3.456989307876109e-11, nan]"
1686463397.8472753,-133.57893357662635,92.17533981922342,25.486573197355064,"[0, -3.456989307876109e-11, nan]"
1686463397.8584754,-133.57893357662635,92.23885959876075,25.486573197355064,"[0, -3.456989307876109e-11, nan]"
1686463397.8674674,-133.57893357662635,92.30227348096832,25.486573197355064,"[0, -3.456989307876109e-11, nan]"
1686463397.8774266,-136.13734980487874,92.36558086448186,25.66356654989941,"[0, -3.378911153765845e-11, nan]"
1686463397.8868136,-136.13734980487874,92.42878183184753,25.66356654989941,"[0, -3.378911153765845e-11, nan]"
1686463397.8958707,-136.13734980487874,92.49187724058439,25.66356654989941,"[0, -3.378911153765845e-11, nan]"
1686463397.9043508,-136.13734980487874,92.55486846402019,25.66356654989941,"[0, -3.378911153765845e-11, nan]"
1686463397.9128864,-136.13734980487874,92.6177568963421,25.66356654989941,"[0, -3.378911153765845e-11, nan]"
1686463397.9234958,-136.13734980487874,92.68054344422485,25.66356654989941,"[0, -3.378911153765845e-11, nan]"
1686463397.9332628,-136.13734980487874,92.74322823555795,25.66356654989941,"[0, -3.378911153765845e-11, nan]"
1686463397.9431396,-136.13734980487874,92.80581067933495,25.66356654989941,"[0, -3.378911153765845e-11, nan]"
1686463397.953587,-136.13734980487874,92.86828985241242,25.66356654989941,"[0, -3.378911153765845e-11, nan]"
1686463397.9636035,-136.13734980487874,92.93066503957785,25.66356654989941,"[0, -3.378911153765845e-11, nan]"
1686463397.9747055,-138.7133050231574,92.99293618213542,25.83765597096015,"[0, -3.391495767480501e-11, nan]"
1686463397.9851456,-138.7133050231574,93.05510402939903,25.83765597096015,"[0, -3.391495767480501e-11, nan]"
1686463397.9971023,-138.7133050231574,93.11716992153802,25.83765597096015,"[0, -3.391495767480501e-11, nan]"
1686463398.0084517,-138.7133050231574,93.17913530020083,25.83765597096015,"[0, -3.391495767480501e-11, nan]"
1686463398.0189052,-138.7133050231574,93.24100116867548,25.83765597096015,"[0, -3.391495767480501e-11, nan]"
1686463398.0332046,-138.7133050231574,93.30276774902636,25.83765597096015,"[0, -3.391495767480501e-11, nan]"
1686463398.0450687,-138.7133050231574,93.3644344949531,25.83765597096015,"[0, -3.391495767480501e-11, nan]"
1686463398.0567937,-138.7133050231574,93.42600045738072,25.83765597096015,"[0, -3.391495767480501e-11, nan]"
1686463398.0687687,-138.7133050231574,93.48746483741239,25.83765597096015,"[0, -3.391495767480501e-11, nan]"
1686463398.0796733,-138.7133050231574,93.54882747332972,25.83765597096015,"[0, -3.391495767480501e-11, nan]"
1686463398.0906036,-141.30651296500358,93.61008903646056,26.0089160321911,"[0, -3.316738499864281e-11, nan]"
1686463398.100998,-141.30651296500358,93.67125084335593,26.0089160321911,"[0, -3.316738499864281e-11, nan]"
1686463398.1111972,-141.30651296500358,93.73231436778033,26.0089160321911,"[0, -3.316738499864281e-11, nan]"
1686463398.1216922,-141.30651296500358,93.79328067636243,26.0089160321911,"[0, -3.316738499864281e-11, nan]"
1686463398.13087,-141.30651296500358,93.85415004851062,26.0089160321911,"[0, -3.316738499864281e-11, nan]"
1686463398.1398036,-141.30651296500358,93.91492195861079,26.0089160321911,"[0, -3.316738499864281e-11, nan]"
1686463398.148323,-141.30651296500358,93.97559543137287,26.0089160321911,"[0, -3.316738499864281e-11, nan]"
1686463398.1572835,-141.30651296500358,94.03616960823538,26.0089160321911,"[0, -3.316738499864281e-11, nan]"
1686463398.1657417,-141.30651296500358,94.09664426263281,26.0089160321911,"[0, -3.316738499864281e-11, nan]"
1686463398.1741526,-141.30651296500358,94.15702002375056,26.0089160321911,"[0, -3.316738499864281e-11, nan]"
1686463398.183952,-143.91669465262547,94.21729820203987,26.177418260636404,"[0, -3.449450743636768e-11, nan]"
1686463398.1947956,-143.91669465262547,94.27748029491669,26.177418260636404,"[0, -3.449450743636768e-11, nan]"
1686463398.2048404,-143.91669465262547,94.33756740140566,26.177418260636404,"[0, -3.449450743636768e-11, nan]"
1686463398.215616,-143.91669465262547,94.39755981894938,26.177418260636404,"[0, -3.449450743636768e-11, nan]"
1686463398.22578,-143.91669465262547,94.45745701277296,26.177418260636404,"[0, -3.449450743636768e-11, nan]"
1686463398.236995,-143.91669465262547,94.51725797504673,26.177418260636404,"[0, -3.449450743636768e-11, nan]"
1686463398.2497804,-143.91669465262547,94.57696180810568,26.177418260636404,"[0, -3.449450743636768e-11, nan]"
1686463398.2614472,-143.91669465262547,94.63656825917279,26.177418260636404,"[0, -3.449450743636768e-11, nan]"
1686463398.2737217,-143.91669465262547,94.69607795457146,26.177418260636404,"[0, -3.449450743636768e-11, nan]"
1686463398.285314,-143.91669465262547,94.75549222069121,26.177418260636404,"[0, -3.449450743636768e-11, nan]"
1686463398.297671,-146.54357810251724,94.81481257315163,26.343231315820788,"[0, -3.363591030556912e-11, nan]"
1686463398.3085418,-146.54357810251724,94.87404011278964,26.343231315820788,"[0, -3.363591030556912e-11, nan]"
1686463398.3188574,-146.54357810251724,94.93317511357314,26.343231315820788,"[0, -3.363591030556912e-11, nan]"
1686463398.3299065,-146.54357810251724,94.99221699875066,26.343231315820788,"[0, -3.363591030556912e-11, nan]"
1686463398.3404937,-146.54357810251724,95.0511647195251,26.343231315820788,"[0, -3.363591030556912e-11, nan]"
1686463398.3508914,-146.54357810251724,95.11001735962637,26.343231315820788,"[0, -3.363591030556912e-11, nan]"
1686463398.3596153,-146.54357810251724,95.16877468034086,26.343231315820788,"[0, -3.363591030556912e-11, nan]"
1686463398.369899,-146.54357810251724,95.22743734649512,26.343231315820788,"[0, -3.363591030556912e-11, nan]"
1686463398.3792157,-146.54357810251724,95.28600672337593,26.343231315820788,"[0, -3.363591030556912e-11, nan]"
1686463398.3880432,-146.54357810251724,95.34448433829417,26.343231315820788,"[0, -3.363591030556912e-11, nan]"
1686463398.3971007,-149.18689804789253,95.4028712609947,26.5064211564247,"[0, -3.3591884052654924e-11, nan]"
1686463398.4055073,-149.18689804789253,95.4611676983624,26.5064211564247,"[0, -3.3591884052654924e-11, nan]"
1686463398.4151464,-149.18689804789253,95.51937299845913,26.5064211564247,"[0, -3.3591884052654924e-11, nan]"
1686463398.4253287,-149.18689804789253,95.5774860651591,26.5064211564247,"[0, -3.3591884052654924e-11, nan]"
1686463398.4345725,-149.18689804789253,95.63550598771371,26.5064211564247,"[0, -3.3591884052654924e-11, nan]"
1686463398.4470437,-149.18689804789253,95.69343258486757,26.5064211564247,"[0, -3.3591884052654924e-11, nan]"
1686463398.4577374,-149.18689804789253,95.75126660186065,26.5064211564247,"[0, -3.3591884052654924e-11, nan]"
1686463398.467614,-149.18689804789253,95.80900946292978,26.5064211564247,"[0, -3.3591884052654924e-11, nan]"
1686463398.4788861,-149.18689804789253,95.86666269537105,26.5064211564247,"[0, -3.3591884052654924e-11, nan]"
1686463398.4914,-149.18689804789253,95.9242272999346,26.5064211564247,"[0, -3.3591884052654924e-11, nan]"
1686463398.5030215,-151.84639567673722,95.98170337082107,26.66705119578658,"[0, -3.3710733713744594e-11, nan]"
1686463398.514339,-151.84639567673722,96.03909015046561,26.66705119578658,"[0, -3.3710733713744594e-11, nan]"
1686463398.5262678,-151.84639567673722,96.09638649556477,26.66705119578658,"[0, -3.3710733713744594e-11, nan]"
1686463398.53841,-151.84639567673722,96.15359153222289,26.66705119578658,"[0, -3.3710733713744594e-11, nan]"
1686463398.549702,-151.84639567673722,96.21070518417405,26.66705119578658,"[0, -3.3710733713744594e-11, nan]"
1686463398.5596442,-151.84639567673722,96.26772831733557,26.66705119578658,"[0, -3.3710733713744594e-11, nan]"
1686463398.5702333,-151.84639567673722,96.3246624278268,26.66705119578658,"[0, -3.3710733713744594e-11, nan]"
1686463398.582078,-151.84639567673722,96.38150902166458,26.66705119578658,"[0, -3.3710733713744594e-11, nan]"
1686463398.5918021,-151.84639567673722,96.43826898551511,26.66705119578658,"[0, -3.3710733713744594e-11, nan]"
1686463398.6019018,-151.84639567673722,96.49494225470062,26.66705119578658,"[0, -3.3710733713744594e-11, nan]"
1686463398.6118135,-154.5218183843633,96.55152794219025,26.82518244328833,"[0, -3.253663852193305e-11, nan]"
1686463398.6212993,-154.5218183843633,96.60802486894367,26.82518244328833,"[0, -3.253663852193305e-11, nan]"
1686463398.6303222,-154.5218183843633,96.66443223957435,26.82518244328833,"[0, -3.253663852193305e-11, nan]"
1686463398.639713,-154.5218183843633,96.72075013420476,26.82518244328833,"[0, -3.253663852193305e-11, nan]"
1686463398.6492455,-154.5218183843633,96.77697957464703,26.82518244328833,"[0, -3.253663852193305e-11, nan]"
1686463398.6589365,-154.5218183843633,96.8331221295919,26.82518244328833,"[0, -3.253663852193305e-11, nan]"
1686463398.6707675,-154.5218183843633,96.88917924901249,26.82518244328833,"[0, -3.253663852193305e-11, nan]"
1686463398.6817217,-154.5218183843633,96.94515165254138,26.82518244328833,"[0, -3.253663852193305e-11, nan]"
1686463398.6929407,-154.5218183843633,97.0010390725794,26.82518244328833,"[0, -3.253663852193305e-11, nan]"
1686463398.7031295,-154.5218183843633,97.05684048071736,26.82518244328833,"[0, -3.253663852193305e-11, nan]"
1686463398.7154937,-157.2129195393944,97.11255468960871,26.980873629045544,"[0, -3.3747466991074596e-11, nan]"
1686463398.7264884,-157.2129195393944,97.16818103617662,26.980873629045544,"[0, -3.3747466991074596e-11, nan]"
1686463398.7388484,-157.2129195393944,97.22371981003258,26.980873629045544,"[0, -3.3747466991074596e-11, nan]"
1686463398.7505012,-157.2129195393944,97.27917221373946,26.980873629045544,"[0, -3.3747466991074596e-11, nan]"
1686463398.762364,-157.2129195393944,97.33453987150506,26.980873629045544,"[0, -3.3747466991074596e-11, nan]"
1686463398.7738755,-157.2129195393944,97.3898241261029,26.980873629045544,"[0, -3.3747466991074596e-11, nan]"
1686463398.7848985,-157.2129195393944,97.44502547067373,26.980873629045544,"[0, -3.3747466991074596e-11, nan]"
1686463398.7957494,-157.2129195393944,97.50014339797285,26.980873629045544,"[0, -3.3747466991074596e-11, nan]"
1686463398.8054824,-157.2129195393944,97.55517674454096,26.980873629045544,"[0, -3.3747466991074596e-11, nan]"
1686463398.8165069,-157.2129195393944,97.6101243623708,26.980873629045544,"[0, -3.3747466991074596e-11, nan]"
1686463398.8261728,-159.9194582621812,97.6649857862643,27.134181313894892,"[0, -3.2658134934327866e-11, nan]"
1686463398.8362122,-159.9194582621812,97.71976156513706,27.134181313894892,"[0, -3.2658134934327866e-11, nan]"
1686463398.8464587,-159.9194582621812,97.77445308974698,27.134181313894892,"[0, -3.2658134934327866e-11, nan]"
1686463398.8551428,-159.9194582621812,97.82906199946292,27.134181313894892,"[0, -3.2658134934327866e-11, nan]"
1686463398.8640242,-159.9194582621812,97.88358946134663,27.134181313894892,"[0, -3.2658134934327866e-11, nan]"
1686463398.8725374,-159.9194582621812,97.93803568062908,27.134181313894892,"[0, -3.2658134934327866e-11, nan]"
1686463398.8818042,-159.9194582621812,97.99239988894556,27.134181313894892,"[0, -3.2658134934327866e-11, nan]"
1686463398.890579,-159.9194582621812,98.04668081933168,27.134181313894892,"[0, -3.2658134934327866e-11, nan]"
1686463398.9000509,-159.9194582621812,98.10087743332247,27.134181313894892,"[0, -3.2658134934327866e-11, nan]"
1686463398.9099185,-159.9194582621812,98.15498953715351,27.134181313894892,"[0, -3.2658134934327866e-11, nan]"
1686463398.920476,-162.641199214791,98.20901797730453,27.2851599934927,"[0, -3.129719767737933e-11, nan]"
1686463398.9312048,-162.641199214791,98.26296431408646,27.2851599934927,"[0, -3.129719767737933e-11, nan]"
1686463398.9423099,-162.641199214791,98.31683013422058,27.2851599934927,"[0, -3.129719767737933e-11, nan]"
1686463398.9532232,-162.641199214791,98.37061634597653,27.2851599934927,"[0, -3.129719767737933e-11, nan]"
1686463398.9648006,-162.641199214791,98.42432281180682,27.2851599934927,"[0, -3.129719767737933e-11, nan]"
1686463398.9762464,-162.641199214791,98.47794850600958,27.2851599934927,"[0, -3.129719767737933e-11, nan]"
1686463398.9890547,-162.641199214791,98.53149212125349,27.2851599934927,"[0, -3.129719767737933e-11, nan]"
1686463399.0014837,-162.641199214791,98.58495282033009,27.2851599934927,"[0, -3.129719767737933e-11, nan]"
1686463399.0131907,-162.641199214791,98.63833075401048,27.2851599934927,"[0, -3.129719767737933e-11, nan]"
1686463399.023583,-162.641199214791,98.69162708138542,27.2851599934927,"[0, -3.129719767737933e-11, nan]"
1686463399.0337782,-165.37791240191328,98.74484347902299,27.4338622078719,"[0, -3.2002921200685783e-11, nan]"
1686463399.0456917,-165.37791240191328,98.79798138472611,27.4338622078719,"[0, -3.2002921200685783e-11, nan]"
1686463399.0556586,-165.37791240191328,98.8510413580777,27.4338622078719,"[0, -3.2002921200685783e-11, nan]"
1686463399.0653188,-165.37791240191328,98.9040228833353,27.4338622078719,"[0, -3.2002921200685783e-11, nan]"
1686463399.0760455,-165.37791240191328,98.95692471783063,27.4338622078719,"[0, -3.2002921200685783e-11, nan]"
1686463399.0851293,-165.37791240191328,99.00974561198892,27.4338622078719,"[0, -3.2002921200685783e-11, nan]"
1686463399.0945182,-165.37791240191328,99.06248503638368,27.4338622078719,"[0, -3.2002921200685783e-11, nan]"
1686463399.102453,-165.37791240191328,99.11514354520523,27.4338622078719,"[0, -3.2002921200685783e-11, nan]"
1686463399.1111894,-165.37791240191328,99.16772258820934,27.4338622078719,"[0, -3.2002921200685783e-11, nan]"
1686463399.1204727,-165.37791240191328,99.22022386376644,27.4338622078719,"[0, -3.2002921200685783e-11, nan]"
1686463399.1301749,-168.12937298216536,99.27264854097153,27.58033865941736,"[0, -3.232429128010819e-11, nan]"
1686463399.1400054,-168.12937298216536,99.32499674826663,27.58033865941736,"[0, -3.232429128010819e-11, nan]"
1686463399.1503978,-168.12937298216536,99.3772675921196,27.58033865941736,"[0, -3.232429128010819e-11, nan]"
1686463399.1605935,-168.12937298216536,99.4294596995931,27.58033865941736,"[0, -3.232429128010819e-11, nan]"
1686463399.1710815,-168.12937298216536,99.48157200957257,27.58033865941736,"[0, -3.232429128010819e-11, nan]"
1686463399.1812816,-168.12937298216536,99.5336044076868,27.58033865941736,"[0, -3.232429128010819e-11, nan]"
1686463399.1928413,-168.12937298216536,99.58555787741784,27.58033865941736,"[0, -3.232429128010819e-11, nan]"
1686463399.2047942,-168.12937298216536,99.63743408675505,27.58033865941736,"[0, -3.232429128010819e-11, nan]"
1686463399.2170057,-168.12937298216536,99.68923461960922,27.58033865941736,"[0, -3.232429128010819e-11, nan]"
1686463399.2287946,-168.12937298216536,99.7409602463636,27.58033865941736,"[0, -3.232429128010819e-11, nan]"
1686463399.2411423,-170.89536108921368,99.7926106100621,27.72463832549418,"[0, -3.2008544437636764e-11, nan]"
1686463399.2522073,-170.89536108921368,99.84418449300283,27.72463832549418,"[0, -3.2008544437636764e-11, nan]"
1686463399.2636616,-170.89536108921368,99.89568052947912,27.72463832549418,"[0, -3.2008544437636764e-11, nan]"
1686463399.275437,-170.89536108921368,99.94709799840703,27.72463832549418,"[0, -3.2008544437636764e-11, nan]"
1686463399.2862215,-170.89536108921368,99.9984372860777,27.72463832549418,"[0, -3.2008544437636764e-11, nan]"
1686463399.2975826,-170.89536108921368,100.04969977686191,27.72463832549418,"[0, -3.2008544437636764e-11, nan]"
1686463399.3073933,-170.89536108921368,100.1008872251407,27.72463832549418,"[0, -3.2008544437636764e-11, nan]"
1686463399.319358,-170.89536108921368,100.15200093168883,27.72463832549418,"[0, -3.2008544437636764e-11, nan]"
1686463399.3288097,-170.89536108921368,100.20304115113241,27.72463832549418,"[0, -3.2008544437636764e-11, nan]"
1686463399.3381586,-170.89536108921368,100.25400704045046,27.72463832549418,"[0, -3.2008544437636764e-11, nan]"
1686463399.3481202,-173.6756616618698,100.30489717840456,27.866808543079443,"[0, -3.380350399939788e-11, nan]"
1686463399.3571663,-173.6756616618698,100.35571038869116,27.866808543079443,"[0, -3.380350399939788e-11, nan]"
1686463399.3656564,-173.6756616618698,100.40644643928218,27.866808543079443,"[0, -3.380350399939788e-11, nan]"
1686463399.3739028,-173.6756616618698,100.45710625207971,27.866808543079443,"[0, -3.380350399939788e-11, nan]"
1686463399.383163,-173.6756616618698,100.50769151034102,27.866808543079443,"[0, -3.380350399939788e-11, nan]"
1686463399.392129,-173.6756616618698,100.55820386562719,27.866808543079443,"[0, -3.380350399939788e-11, nan]"
1686463399.4016564,-173.6756616618698,100.60864415710999,27.866808543079443,"[0, -3.380350399939788e-11, nan]"
1686463399.411774,-173.6756616618698,100.65901205220302,27.866808543079443,"[0, -3.380350399939788e-11, nan]"
1686463399.4221256,-173.6756616618698,100.70930629954505,27.866808543079443,"[0, -3.380350399939788e-11, nan]"
1686463399.4318318,-173.6756616618698,100.75952546515656,27.866808543079443,"[0, -3.380350399939788e-11, nan]"
1686463399.4429436,-176.4700642821669,100.80966876797224,28.00689505900612,"[0, -3.1968534897501926e-11, nan]"
1686463399.4527278,-176.4700642821669,100.85973657603914,28.00689505900612,"[0, -3.1968534897501926e-11, nan]"
1686463399.4639897,-176.4700642821669,100.90973030028199,28.00689505900612,"[0, -3.1968534897501926e-11, nan]"
1686463399.476266,-176.4700642821669,100.95965173820036,28.00689505900612,"[0, -3.1968534897501926e-11, nan]"
1686463399.4876888,-176.4700642821669,101.00950221035656,28.00689505900612,"[0, -3.1968534897501926e-11, nan]"
1686463399.499354,-176.4700642821669,101.059281943806,28.00689505900612,"[0, -3.1968534897501926e-11, nan]"
1686463399.5119832,-176.4700642821669,101.10899002961233,28.00689505900612,"[0, -3.1968534897501926e-11, nan]"
1686463399.5239115,-176.4700642821669,101.15862498013549,28.00689505900612,"[0, -3.1968534897501926e-11, nan]"
1686463399.5351944,-176.4700642821669,101.2081855949306,28.00689505900612,"[0, -3.1968534897501926e-11, nan]"
1686463399.5469224,-176.4700642821669,101.25767167856098,28.00689505900612,"[0, -3.1968534897501926e-11, nan]"
1686463399.557463,-179.27836302071918,101.3070842293641,28.144942073899976,"[0, -3.1218837876106094e-11, nan]"
1686463399.56754,-179.27836302071918,101.356424995728,28.144942073899976,"[0, -3.1218837876106094e-11, nan]"
1686463399.5787082,-179.27836302071918,101.40569563208324,28.144942073899976,"[0, -3.1218837876106094e-11, nan]"
1686463399.5895216,-179.27836302071918,101.45489690020482,28.144942073899976,"[0, -3.1218837876106094e-11, nan]"
1686463399.5997717,-179.27836302071918,101.50402834106444,28.144942073899976,"[0, -3.1218837876106094e-11, nan]"
1686463399.6098032,-179.27836302071918,101.55308859409384,28.144942073899976,"[0, -3.1218837876106094e-11, nan]"
1686463399.6197965,-179.27836302071918,101.60207619801172,28.144942073899976,"[0, -3.1218837876106094e-11, nan]"
1686463399.6288273,-179.27836302071918,101.6509904487812,28.144942073899976,"[0, -3.1218837876106094e-11, nan]"
1686463399.6381245,-179.27836302071918,101.69983185763249,28.144942073899976,"[0, -3.1218837876106094e-11, nan]"
1686463399.6466413,-179.27836302071918,101.74860196240743,28.144942073899976,"[0, -3.1218837876106094e-11, nan]"
1686463399.6552837,-182.10035628931465,101.79730258918549,28.28099232152777,"[0, -3.224251779276349e-11, nan]"
1686463399.665183,-182.10035628931465,101.84593495600738,28.28099232152777,"[0, -3.224251779276349e-11, nan]"
1686463399.6758518,-182.10035628931465,101.89449909742761,28.28099232152777,"[0, -3.224251779276349e-11, nan]"
1686463399.685661,-182.10035628931465,101.9429939198988,28.28099232152777,"[0, -3.224251779276349e-11, nan]"
1686463399.697119,-182.10035628931465,101.99141786180977,28.28099232152777,"[0, -3.224251779276349e-11, nan]"
1686463399.708231,-182.10035628931465,102.03976980757503,28.28099232152777,"[0, -3.224251779276349e-11, nan]"
1686463399.7197335,-182.10035628931465,102.08804976628535,28.28099232152777,"[0, -3.224251779276349e-11, nan]"
1686463399.7319207,-182.10035628931465,102.13625894913025,28.28099232152777,"[0, -3.224251779276349e-11, nan]"
1686463399.743759,-182.10035628931465,102.18439920035966,28.28099232152777,"[0, -3.224251779276349e-11, nan]"
1686463399.755109,-182.10035628931465,102.23247208467151,28.28099232152777,"[0, -3.224251779276349e-11, nan]"
1686463399.7677867,-184.93584670099025,102.2804781205929,28.415087185788874,"[0, -3.0243763433146644e-11, nan]"
1686463399.7800782,-184.93584670099025,102.32841657393787,28.415087185788874,"[0, -3.0243763433146644e-11, nan]"
1686463399.7915864,-184.93584670099025,102.37628592596698,28.415087185788874,"[0, -3.0243763433146644e-11, nan]"
1686463399.801696,-184.93584670099025,102.4240847670962,28.415087185788874,"[0, -3.0243763433146644e-11, nan]"
1686463399.812999,-184.93584670099025,102.4718126355715,28.415087185788874,"[0, -3.0243763433146644e-11, nan]"
1686463399.823392,-184.93584670099025,102.51947034720784,28.415087185788874,"[0, -3.0243763433146644e-11, nan]"
1686463399.8349767,-184.93584670099025,102.56705963499644,28.415087185788874,"[0, -3.0243763433146644e-11, nan]"
1686463399.8444242,-184.93584670099025,102.61458228984716,28.415087185788874,"[0, -3.0243763433146644e-11, nan]"
1686463399.8542607,-184.93584670099025,102.66203926575604,28.415087185788874,"[0, -3.0243763433146644e-11, nan]"
1686463399.8636668,-184.93584670099025,102.7094302346784,28.415087185788874,"[0, -3.0243763433146644e-11, nan]"
1686463399.872604,-187.784640937207,102.75675383519138,28.54726679703653,"[0, -3.097987119544614e-11, nan]"
1686463399.880494,-187.784640937207,102.8040084836936,28.54726679703653,"[0, -3.097987119544614e-11, nan]"
1686463399.8889544,-187.784640937207,102.85119330988073,28.54726679703653,"[0, -3.097987119544614e-11, nan]"
1686463399.8980322,-187.784640937207,102.8983087081328,28.54726679703653,"[0, -3.097987119544614e-11, nan]"
1686463399.9081702,-187.784640937207,102.94535620224666,28.54726679703653,"[0, -3.097987119544614e-11, nan]"
1686463399.9164815,-187.784640937207,102.9923376936431,28.54726679703653,"[0, -3.097987119544614e-11, nan]"
1686463399.9261563,-187.784640937207,103.03925449982717,28.54726679703653,"[0, -3.097987119544614e-11, nan]"
1686463399.9371898,-187.784640937207,103.08610670712429,28.54726679703653,"[0, -3.097987119544614e-11, nan]"
1686463399.9485917,-187.784640937207,103.13289319290989,28.54726679703653,"[0, -3.097987119544614e-11, nan]"
1686463399.9595473,-187.784640937207,103.17961230891588,28.54726679703653,"[0, -3.097987119544614e-11, nan]"
1686463399.9713376,-190.64654962077182,103.22626285506203,28.67757005289924,"[0, -2.9521331086105415e-11, nan]"
1686463399.9827216,-190.64654962077182,103.27284481196234,28.67757005289924,"[0, -2.9521331086105415e-11, nan]"
1686463399.9953346,-190.64654962077182,103.31935942944574,28.67757005289924,"[0, -2.9521331086105415e-11, nan]"
1686463400.006657,-190.64654962077182,103.3658086188268,28.67757005289924,"[0, -2.9521331086105415e-11, nan]"
1686463400.017979,-190.64654962077182,103.41219397917745,28.67757005289924,"[0, -2.9521331086105415e-11, nan]"
1686463400.029418,-190.64654962077182,103.45851599049216,28.67757005289924,"[0, -2.9521331086105415e-11, nan]"
1686463400.040429,-190.64654962077182,103.50477381838031,28.67757005289924,"[0, -2.9521331086105415e-11, nan]"
1686463400.0516305,-190.64654962077182,103.55096584085895,28.67757005289924,"[0, -2.9521331086105415e-11, nan]"
1686463400.0627847,-190.64654962077182,103.59709061105278,28.67757005289924,"[0, -2.9521331086105415e-11, nan]"
1686463400.07357,-190.64654962077182,103.64314772743955,28.67757005289924,"[0, -2.9521331086105415e-11, nan]"
1686463400.083903,-193.5213871933119,103.68913813123378,28.806034601648353,"[0, -3.056336574650858e-11, nan]"
1686463400.094355,-193.5213871933119,103.73506366369807,28.806034601648353,"[0, -3.056336574650858e-11, nan]"
1686463400.1033947,-193.5213871933119,103.78092612410005,28.806034601648353,"[0, -3.056336574650858e-11, nan]"
1686463400.112845,-193.5213871933119,103.82672634652094,28.806034601648353,"[0, -3.056336574650858e-11, nan]"
1686463400.121411,-193.5213871933119,103.87246380633015,28.806034601648353,"[0, -3.056336574650858e-11, nan]"
1686463400.1304681,-193.5213871933119,103.91813697689086,28.806034601648353,"[0, -3.056336574650858e-11, nan]"
1686463400.138724,-193.5213871933119,103.96374424290188,28.806034601648353,"[0, -3.056336574650858e-11, nan]"
1686463400.1469967,-193.5213871933119,104.00928486657854,28.806034601648353,"[0, -3.056336574650858e-11, nan]"
1686463400.1571476,-193.5213871933119,104.05475947101013,28.806034601648353,"[0, -3.056336574650858e-11, nan]"
1686463400.1663492,-193.5213871933119,104.1001697697061,28.806034601648353,"[0, -3.056336574650858e-11, nan]"
1686463400.1770399,-196.40897179769098,104.14551768865958,28.93269689358746,"[0, -3.004805820257687e-11, nan]"
1686463400.1891024,-196.40897179769098,104.19080436634135,28.93269689358746,"[0, -3.004805820257687e-11, nan]"
1686463400.198647,-196.40897179769098,104.2360295873541,28.93269689358746,"[0, -3.004805820257687e-11, nan]"
1686463400.209311,-196.40897179769098,104.28119196750386,28.93269689358746,"[0, -3.004805820257687e-11, nan]"
1686463400.221647,-196.40897179769098,104.32628979099009,28.93269689358746,"[0, -3.004805820257687e-11, nan]"
1686463400.2335606,-196.40897179769098,104.37132203588281,28.93269689358746,"[0, -3.004805820257687e-11, nan]"
1686463400.2460616,-196.40897179769098,104.41628901667896,28.93269689358746,"[0, -3.004805820257687e-11, nan]"
1686463400.2575529,-196.40897179769098,104.46119228257649,28.93269689358746,"[0, -3.004805820257687e-11, nan]"
1686463400.2691727,-196.40897179769098,104.50603382507506,28.93269689358746,"[0, -3.004805820257687e-11, nan]"
1686463400.281253,-196.40897179769098,104.55081503438741,28.93269689358746,"[0, -3.004805820257687e-11, nan]"
1686463400.292245,-199.30912516669426,104.59553598782922,29.057592320240932,"[0, -3.195095588810884e-11, nan]"
1686463400.3025928,-199.30912516669426,104.64019547064909,29.057592320240932,"[0, -3.195095588810884e-11, nan]"
1686463400.3135767,-199.30912516669426,104.68479172110642,29.057592320240932,"[0, -3.195095588810884e-11, nan]"
1686463400.323958,-199.30912516669426,104.72932348548257,29.057592320240932,"[0, -3.195095588810884e-11, nan]"
1686463400.3347087,-199.30912516669426,104.77379079213274,29.057592320240932,"[0, -3.195095588810884e-11, nan]"
1686463400.343251,-199.30912516669426,104.81819500812654,29.057592320240932,"[0, -3.195095588810884e-11, nan]"
1686463400.353257,-199.30912516669426,104.86253814319302,29.057592320240932,"[0, -3.195095588810884e-11, nan]"
1686463400.3619173,-199.30912516669426,104.90682178878306,29.057592320240932,"[0, -3.195095588810884e-11, nan]"
1686463400.370935,-199.30912516669426,104.95104628808399,29.057592320240932,"[0, -3.195095588810884e-11, nan]"
1686463400.3801475,-199.30912516669426,104.99521060576176,29.057592320240932,"[0, -3.195095588810884e-11, nan]"
1686463400.3895757,-202.22167251772123,105.03931297448798,29.18075531092458,"[0, -2.959908272234091e-11, nan]"
1686463400.4002514,-202.22167251772123,105.08335195696436,29.18075531092458,"[0, -2.959908272234091e-11, nan]"
1686463400.4104092,-202.22167251772123,105.12732732594759,29.18075531092458,"[0, -2.959908272234091e-11, nan]"
1686463400.4210007,-202.22167251772123,105.17124026374891,29.18075531092458,"[0, -2.959908272234091e-11, nan]"
1686463400.4324422,-202.22167251772123,105.2150927651794,29.18075531092458,"[0, -2.959908272234091e-11, nan]"
1686463400.4422464,-202.22167251772123,105.25888657790152,29.18075531092458,"[0, -2.959908272234091e-11, nan]"
1686463400.4537728,-202.22167251772123,105.302622278221,29.18075531092458,"[0, -2.959908272234091e-11, nan]"
1686463400.465853,-202.22167251772123,105.34629900674027,29.18075531092458,"[0, -2.959908272234091e-11, nan]"
1686463400.4762678,-202.22167251772123,105.3899150171303,29.18075531092458,"[0, -2.959908272234091e-11, nan]"
1686463400.4881947,-202.22167251772123,105.43346873031301,29.18075531092458,"[0, -2.959908272234091e-11, nan]"
1686463400.4996042,-205.1464424510772,105.4769596979163,29.30221929005793,"[0, -3.017069107755898e-11, nan]"
1686463400.5107136,-205.1464424510772,105.52038892669803,29.30221929005793,"[0, -3.017069107755898e-11, nan]"
1686463400.5217335,-205.1464424510772,105.56375837647279,29.30221929005793,"[0, -3.017069107755898e-11, nan]"
1686463400.5321424,-205.1464424510772,105.60706991320448,29.30221929005793,"[0, -3.017069107755898e-11, nan]"
1686463400.5434685,-205.1464424510772,105.65032431119558,29.30221929005793,"[0, -3.017069107755898e-11, nan]"
1686463400.55374,-205.1464424510772,105.69352087322355,29.30221929005793,"[0, -3.017069107755898e-11, nan]"
1686463400.5640469,-205.1464424510772,105.73665788830581,29.30221929005793,"[0, -3.017069107755898e-11, nan]"
1686463400.5733242,-205.1464424510772,105.77973366987372,29.30221929005793,"[0, -3.017069107755898e-11, nan]"
1686463400.5836165,-205.1464424510772,105.8227475839607,29.30221929005793,"[0, -3.017069107755898e-11, nan]"
1686463400.5911794,-205.1464424510772,105.8657004797833,29.30221929005793,"[0, -3.017069107755898e-11, nan]"
1686463400.6004112,-208.08326685057327,105.90859427337828,29.42201662192675,"[0, -3.082251113317963e-11, nan]"
1686463400.6097257,-208.08326685057327,105.95143091875512,29.42201662192675,"[0, -3.082251113317963e-11, nan]"
1686463400.6184382,-208.08326685057327,105.99421135303228,29.42201662192675,"[0, -3.082251113317963e-11, nan]"
1686463400.6276731,-208.08326685057327,106.03693501989042,29.42201662192675,"[0, -3.082251113317963e-11, nan]"
1686463400.638233,-208.08326685057327,106.0796002477562,29.42201662192675,"[0, -3.082251113317963e-11, nan]"
1686463400.6488612,-208.08326685057327,106.1222052692534,29.42201662192675,"[0, -3.082251113317963e-11, nan]"
1686463400.6588814,-208.08326685057327,106.16474929972901,29.42201662192675,"[0, -3.082251113317963e-11, nan]"
1686463400.670128,-208.08326685057327,106.20723305502175,29.42201662192675,"[0, -3.082251113317963e-11, nan]"
1686463400.6803293,-208.08326685057327,106.24965840803144,29.42201662192675,"[0, -3.082251113317963e-11, nan]"
1686463400.6909997,-208.08326685057327,106.29202737778787,29.42201662192675,"[0, -3.082251113317963e-11, nan]"
1686463400.7014945,-211.03198078856389,106.33434103020886,29.540178720879062,"[0, -3.04050119109304e-11, nan]"
1686463400.713612,-211.03198078856389,106.37659892358202,29.540178720879062,"[0, -3.04050119109304e-11, nan]"
1686463400.72553,-211.03198078856389,106.41879942126789,29.540178720879062,"[0, -3.04050119109304e-11, nan]"
1686463400.737349,-211.03198078856389,106.46094069503589,29.540178720879062,"[0, -3.04050119109304e-11, nan]"
1686463400.7486343,-211.03198078856389,106.50302184285242,29.540178720879062,"[0, -3.04050119109304e-11, nan]"
1686463400.760935,-211.03198078856389,106.54504347561829,29.540178720879062,"[0, -3.04050119109304e-11, nan]"
1686463400.7718616,-211.03198078856389,106.58700743112631,29.540178720879062,"[0, -3.04050119109304e-11, nan]"
1686463400.7830744,-211.03198078856389,106.62891577665219,29.540178720879062,"[0, -3.04050119109304e-11, nan]"
1686463400.794091,-211.03198078856389,106.67076967464595,29.540178720879062,"[0, -3.04050119109304e-11, nan]"
1686463400.8051429,-211.03198078856389,106.71256876811468,29.540178720879062,"[0, -3.04050119109304e-11, nan]"
1686463400.8150134,-213.99242243733903,106.75431144454551,29.656736224813994,"[0, -2.9037047420228045e-11, nan]"
1686463400.8249104,-213.99242243733903,106.79599582914166,29.656736224813994,"[0, -2.9037047420228045e-11, nan]"
1686463400.8350508,-213.99242243733903,106.83762093404876,29.656736224813994,"[0, -2.9037047420228045e-11, nan]"
1686463400.84437,-213.99242243733903,106.87918729655745,29.656736224813994,"[0, -2.9037047420228045e-11, nan]"
1686463400.8522966,-213.99242243733903,106.92069673285341,29.656736224813994,"[0, -2.9037047420228045e-11, nan]"
1686463400.8615878,-213.99242243733903,106.96215134660856,29.656736224813994,"[0, -2.9037047420228045e-11, nan]"
1686463400.8704603,-213.99242243733903,107.00355236612204,29.656736224813994,"[0, -2.9037047420228045e-11, nan]"
1686463400.8791869,-213.99242243733903,107.04489948694167,29.656736224813994,"[0, -2.9037047420228045e-11, nan]"
1686463400.8893173,-213.99242243733903,107.08619110517762,29.656736224813994,"[0, -2.9037047420228045e-11, nan]"
1686463400.8995845,-213.99242243733903,107.12742530963315,29.656736224813994,"[0, -2.9037047420228045e-11, nan]"
1686463400.9087687,-216.96443298427195,107.16860105684114,29.771718976883797,"[0, -2.850627537341074e-11, nan]"
1686463400.918837,-216.96443298427195,107.20971884371788,29.771718976883797,"[0, -2.850627537341074e-11, nan]"
1686463400.9293916,-216.96443298427195,107.2507804821726,29.771718976883797,"[0, -2.850627537341074e-11, nan]"
1686463400.9403927,-216.96443298427195,107.29178810365411,29.771718976883797,"[0, -2.850627537341074e-11, nan]"
1686463400.9510632,-216.96443298427195,107.33274297269936,29.771718976883797,"[0, -2.850627537341074e-11, nan]"
1686463400.9632156,-216.96443298427195,107.37364480359393,29.771718976883797,"[0, -2.850627537341074e-11, nan]"
1686463400.974523,-216.96443298427195,107.41449198266837,29.771718976883797,"[0, -2.850627537341074e-11, nan]"
1686463400.9861364,-216.96443298427195,107.45528256996559,29.771718976883797,"[0, -2.850627537341074e-11, nan]"
1686463400.998416,-216.96443298427195,107.49601549603904,29.771718976883797,"[0, -2.850627537341074e-11, nan]"
1686463401.0100822,-216.96443298427195,107.53669125191519,29.771718976883797,"[0, -2.850627537341074e-11, nan]"
1686463401.021594,-219.94785654734778,107.57731166470485,29.8851558895277,"[0, -2.956263511035321e-11, nan]"
1686463401.0336394,-219.94785654734778,107.61787888667205,29.8851558895277,"[0, -2.956263511035321e-11, nan]"
1686463401.0436034,-219.94785654734778,107.65839418913129,29.8851558895277,"[0, -2.956263511035321e-11, nan]"
1686463401.0544355,-219.94785654734778,107.69885727022357,29.8851558895277,"[0, -2.956263511035321e-11, nan]"
1686463401.06496,-219.94785654734778,107.73926648664238,29.8851558895277,"[0, -2.956263511035321e-11, nan]"
1686463401.0751987,-219.94785654734778,107.77961987670561,29.8851558895277,"[0, -2.956263511035321e-11, nan]"
1686463401.0857646,-219.94785654734778,107.81991637486381,29.8851558895277,"[0, -2.956263511035321e-11, nan]"
1686463401.0944138,-219.94785654734778,107.86015650163317,29.8851558895277,"[0, -2.956263511035321e-11, nan]"
1686463401.104652,-219.94785654734778,107.90034211941202,29.8851558895277,"[0, -2.956263511035321e-11, nan]"
1686463401.1128407,-219.94785654734778,107.94047539410049,29.8851558895277,"[0, -2.956263511035321e-11, nan]"
1686463401.1214383,-222.94254009338604,107.98055757349057,29.997075021285802,"[0, -3.0022732784913554e-11, nan]"
1686463401.130243,-222.94254009338604,108.02058830405913,29.997075021285802,"[0, -3.0022732784913554e-11, nan]"
1686463401.139819,-222.94254009338604,108.06056589321507,29.997075021285802,"[0, -3.0022732784913554e-11, nan]"
1686463401.1497014,-222.94254009338604,108.10048836563274,29.997075021285802,"[0, -3.0022732784913554e-11, nan]"
1686463401.159684,-222.94254009338604,108.14035469079973,29.997075021285802,"[0, -3.0022732784913554e-11, nan]"
1686463401.1706834,-222.94254009338604,108.18016545463561,29.997075021285802,"[0, -3.0022732784913554e-11, nan]"
1686463401.181626,-222.94254009338604,108.21992257390649,29.997075021285802,"[0, -3.0022732784913554e-11, nan]"
1686463401.1929214,-222.94254009338604,108.2596282190063,29.997075021285802,"[0, -3.0022732784913554e-11, nan]"
1686463401.203454,-222.94254009338604,108.29928358211428,29.997075021285802,"[0, -3.0022732784913554e-11, nan]"
1686463401.2155006,-222.94254009338604,108.33888822222525,29.997075021285802,"[0, -3.0022732784913554e-11, nan]"
1686463401.227895,-225.94833336293377,108.37844037962823,30.107503805885194,"[0, -2.9149316724560563e-11, nan]"
1686463401.2384503,-225.94833336293377,108.41793807627182,30.107503805885194,"[0, -2.9149316724560563e-11, nan]"
1686463401.252121,-225.94833336293377,108.4573803501853,30.107503805885194,"[0, -2.9149316724560563e-11, nan]"
1686463401.262918,-225.94833336293377,108.49676788850957,30.107503805885194,"[0, -2.9149316724560563e-11, nan]"
1686463401.2748933,-225.94833336293377,108.53610267882141,30.107503805885194,"[0, -2.9149316724560563e-11, nan]"
1686463401.285651,-225.94833336293377,108.57538688302812,30.107503805885194,"[0, -2.9149316724560563e-11, nan]"
1686463401.2959058,-225.94833336293377,108.61462160293904,30.107503805885194,"[0, -2.9149316724560563e-11, nan]"
1686463401.3067408,-225.94833336293377,108.65380627473533,30.107503805885194,"[0, -2.9149316724560563e-11, nan]"
1686463401.3170612,-225.94833336293377,108.69293905713221,30.107503805885194,"[0, -2.9149316724560563e-11, nan]"
1686463401.3282902,-225.94833336293377,108.73201798513983,30.107503805885194,"[0, -2.9149316724560563e-11, nan]"
1686463401.3385446,-228.96508879877635,108.77104220173642,30.216469026396133,"[0, -3.129936869750243e-11, nan]"
1686463401.347415,-228.96508879877635,108.81001253017385,30.216469026396133,"[0, -3.129936869750243e-11, nan]"
1686463401.3574245,-228.96508879877635,108.84893104092134,30.216469026396133,"[0, -3.129936869750243e-11, nan]"
1686463401.36614,-228.96508879877635,108.88779986879808,30.216469026396133,"[0, -3.129936869750243e-11, nan]"
1686463401.3750656,-228.96508879877635,108.92661998729663,30.216469026396133,"[0, -3.129936869750243e-11, nan]"
1686463401.3840086,-228.96508879877635,108.96539067575668,30.216469026396133,"[0, -3.129936869750243e-11, nan]"
1686463401.3947706,-228.96508879877635,109.00411000253098,30.216469026396133,"[0, -3.129936869750243e-11, nan]"
1686463401.4048502,-228.96508879877635,109.04277603764459,30.216469026396133,"[0, -3.129936869750243e-11, nan]"
1686463401.4142218,-228.96508879877635,109.08138806883544,30.216469026396133,"[0, -3.129936869750243e-11, nan]"
1686463401.4251528,-228.96508879877635,109.11994708839647,30.216469026396133,"[0, -3.129936869750243e-11, nan]"
1686463401.4354591,-231.99266147298596,109.15845525512614,30.323996617747667,"[0, -2.848426742204641e-11, nan]"
1686463401.445833,-231.99266147298596,109.19691465103024,30.323996617747667,"[0, -2.848426742204641e-11, nan]"
1686463401.4569976,-231.99266147298596,109.23532608004462,30.323996617747667,"[0, -2.848426742204641e-11, nan]"
1686463401.4678648,-231.99266147298596,109.27368863353495,30.323996617747667,"[0, -2.848426742204641e-11, nan]"
1686463401.4798856,-231.99266147298596,109.31200028810655,30.323996617747667,"[0, -2.848426742204641e-11, nan]"
1686463401.4916947,-231.99266147298596,109.35025917888579,30.323996617747667,"[0, -2.848426742204641e-11, nan]"
1686463401.502674,-231.99266147298596,109.38846478115002,30.323996617747667,"[0, -2.848426742204641e-11, nan]"
1686463401.5151958,-231.99266147298596,109.4266182853693,30.323996617747667,"[0, -2.848426742204641e-11, nan]"
1686463401.5260324,-231.99266147298596,109.4647219353783,30.323996617747667,"[0, -2.848426742204641e-11, nan]"
1686463401.5358412,-231.99266147298596,109.50277772624595,30.323996617747667,"[0, -2.848426742204641e-11, nan]"
1686463401.5472643,-235.03090901624645,109.54078624826779,30.430111782396473,"[0, -2.935475970731512e-11, nan]"
1686463401.5575452,-235.03090901624645,109.57874637854302,30.430111782396473,"[0, -2.935475970731512e-11, nan]"
1686463401.5680602,-235.03090901624645,109.61665601064452,30.430111782396473,"[0, -2.935475970731512e-11, nan]"
1686463401.5768504,-235.03090901624645,109.65451338353523,30.430111782396473,"[0, -2.935475970731512e-11, nan]"
1686463401.5871115,-235.03090901624645,109.69231820522046,30.430111782396473,"[0, -2.935475970731512e-11, nan]"
1686463401.5966322,-235.03090901624645,109.73007188728062,30.430111782396473,"[0, -2.935475970731512e-11, nan]"
1686463401.60444,-235.03090901624645,109.76777674428004,30.430111782396473,"[0, -2.935475970731512e-11, nan]"
1686463401.6136177,-235.03090901624645,109.80543464091552,30.430111782396473,"[0, -2.935475970731512e-11, nan]"
1686463401.6223767,-235.03090901624645,109.84304590827797,30.430111782396473,"[0, -2.935475970731512e-11, nan]"
1686463401.6324575,-235.03090901624645,109.88060919057652,30.430111782396473,"[0, -2.935475970731512e-11, nan]"
1686463401.6418476,-238.07969155466265,109.91812231914847,30.534839253849338,"[0, -2.6763888635315735e-11, nan]"
1686463401.6523943,-238.07969155466265,109.9555836850097,30.534839253849338,"[0, -2.6763888635315735e-11, nan]"
1686463401.6625972,-238.07969155466265,109.99299327445779,30.534839253849338,"[0, -2.6763888635315735e-11, nan]"
1686463401.673609,-238.07969155466265,110.03035273402593,30.534839253849338,"[0, -2.6763888635315735e-11, nan]"
1686463401.6835563,-238.07969155466265,110.06766442131594,30.534839253849338,"[0, -2.6763888635315735e-11, nan]"
1686463401.6948216,-238.07969155466265,110.10493001797168,30.534839253849338,"[0, -2.6763888635315735e-11, nan]"
1686463401.705875,-238.07969155466265,110.14214955122861,30.534839253849338,"[0, -2.6763888635315735e-11, nan]"
1686463401.7186756,-238.07969155466265,110.1793214244938,30.534839253849338,"[0, -2.6763888635315735e-11, nan]"
1686463401.7299888,-238.07969155466265,110.21644344206798,30.534839253849338,"[0, -2.6763888635315735e-11, nan]"
1686463401.7429714,-238.07969155466265,110.25351420412827,30.534839253849338,"[0, -2.6763888635315735e-11, nan]"
1686463401.7546716,-241.1388716483369,110.29053401844195,30.638203163718497,"[0, -2.7118267258032498e-11, nan]"
1686463401.7664201,-241.1388716483369,110.32750476765897,30.638203163718497,"[0, -2.7118267258032498e-11, nan]"
1686463401.777883,-241.1388716483369,110.36442880953582,30.638203163718497,"[0, -2.7118267258032498e-11, nan]"
1686463401.7874033,-241.1388716483369,110.40130758171709,30.638203163718497,"[0, -2.7118267258032498e-11, nan]"
1686463401.7986858,-241.1388716483369,110.4381407671458,30.638203163718497,"[0, -2.7118267258032498e-11, nan]"
1686463401.8098075,-241.1388716483369,110.47492653510872,30.638203163718497,"[0, -2.7118267258032498e-11, nan]"
1686463401.8212488,-241.1388716483369,110.51166271398161,30.638203163718497,"[0, -2.7118267258032498e-11, nan]"
1686463401.8306875,-241.1388716483369,110.5483481774675,30.638203163718497,"[0, -2.7118267258032498e-11, nan]"
1686463401.8412044,-241.1388716483369,110.58498359157902,30.638203163718497,"[0, -2.7118267258032498e-11, nan]"
1686463401.8496869,-241.1388716483369,110.62157105974494,30.638203163718497,"[0, -2.7118267258032498e-11, nan]"
1686463401.85931,-244.20831422671117,110.65811288052127,30.7402268399644,"[0, -2.9080154885962054e-11, nan]"
1686463401.867416,-244.20831422671117,110.69461018086068,30.7402268399644,"[0, -2.9080154885962054e-11, nan]"
1686463401.8752306,-244.20831422671117,110.73106226774344,30.7402268399644,"[0, -2.9080154885962054e-11, nan]"
1686463401.8840532,-244.20831422671117,110.76746710147191,30.7402268399644,"[0, -2.9080154885962054e-11, nan]"
1686463401.8939345,-244.20831422671117,110.80382260220613,30.7402268399644,"[0, -2.9080154885962054e-11, nan]"
1686463401.9033666,-244.20831422671117,110.84012798551785,30.7402268399644,"[0, -2.9080154885962054e-11, nan]"
1686463401.9131732,-244.20831422671117,110.87638430088191,30.7402268399644,"[0, -2.9080154885962054e-11, nan]"
1686463401.9251702,-244.20831422671117,110.91259383692378,30.7402268399644,"[0, -2.9080154885962054e-11, nan]"
1686463401.9350445,-244.20831422671117,110.94875875736298,30.7402268399644,"[0, -2.9080154885962054e-11, nan]"
1686463401.9458458,-244.20831422671117,110.98487980984483,30.7402268399644,"[0, -2.9080154885962054e-11, nan]"
1686463401.9561462,-247.28788652853456,111.02095590829568,30.840933077426886,"[0, -2.7803795128937812e-11, nan]"
1686463401.9669983,-247.28788652853456,111.05698485109325,30.840933077426886,"[0, -2.7803795128937812e-11, nan]"
1686463401.9794521,-247.28788652853456,111.09296473355316,30.840933077426886,"[0, -2.7803795128937812e-11, nan]"
1686463401.9906712,-247.28788652853456,111.12889518055991,30.840933077426886,"[0, -2.7803795128937812e-11, nan]"
1686463402.0032694,-247.28788652853456,111.16477763273424,30.840933077426886,"[0, -2.7803795128937812e-11, nan]"
1686463402.0158365,-247.28788652853456,111.20061450480834,30.840933077426886,"[0, -2.7803795128937812e-11, nan]"
1686463402.027443,-247.28788652853456,111.23640773547959,30.840933077426886,"[0, -2.7803795128937812e-11, nan]"
1686463402.0393085,-247.28788652853456,111.27215762864762,30.840933077426886,"[0, -2.7803795128937812e-11, nan]"
1686463402.049757,-247.28788652853456,111.30786270885356,30.840933077426886,"[0, -2.7803795128937812e-11, nan]"
1686463402.060526,-247.28788652853456,111.34352068423787,30.840933077426886,"[0, -2.7803795128937812e-11, nan]"
1686463402.0707824,-250.37745804924305,111.37912992144675,30.94034431187443,"[0, -2.786331130392927e-11, nan]"
1686463402.082128,-250.37745804924305,111.41469051429776,30.94034431187443,"[0, -2.786331130392927e-11, nan]"
1686463402.0921392,-250.37745804924305,111.45020427814416,30.94034431187443,"[0, -2.786331130392927e-11, nan]"
1686463402.1027632,-250.37745804924305,111.48567366940006,30.94034431187443,"[0, -2.786331130392927e-11, nan]"
1686463402.1111665,-250.37745804924305,111.52110030118239,30.94034431187443,"[0, -2.786331130392927e-11, nan]"
1686463402.1203668,-250.37745804924305,111.55648398125167,30.94034431187443,"[0, -2.786331130392927e-11, nan]"
1686463402.1293268,-250.37745804924305,111.59182287554277,30.94034431187443,"[0, -2.786331130392927e-11, nan]"
1686463402.1379693,-250.37745804924305,111.62711469926835,30.94034431187443,"[0, -2.786331130392927e-11, nan]"
1686463402.1467946,-250.37745804924305,111.66235819367448,30.94034431187443,"[0, -2.786331130392927e-11, nan]"
1686463402.1557589,-250.37745804924305,111.69755396472611,30.94034431187443,"[0, -2.786331130392927e-11, nan]"
1686463402.1652427,-253.47690048534986,111.7327041558985,31.038482297254212,"[0, -2.9033169337486636e-11, nan]"
1686463402.175109,-253.47690048534986,111.76781115583026,31.038482297254212,"[0, -2.9033169337486636e-11, nan]"
1686463402.185687,-253.47690048534986,111.80287614826548,31.038482297254212,"[0, -2.9033169337486636e-11, nan]"
1686463402.1952062,-253.47690048534986,111.83789841345734,31.038482297254212,"[0, -2.9033169337486636e-11, nan]"
1686463402.206244,-253.47690048534986,111.87287582262016,31.038482297254212,"[0, -2.9033169337486636e-11, nan]"
1686463402.217537,-253.47690048534986,111.90780621890035,31.038482297254212,"[0, -2.9033169337486636e-11, nan]"
1686463402.2287776,-253.47690048534986,111.94268882025654,31.038482297254212,"[0, -2.9033169337486636e-11, nan]"
1686463402.240747,-253.47690048534986,111.97752476172282,31.038482297254212,"[0, -2.9033169337486636e-11, nan]"
1686463402.252728,-253.47690048534986,112.01231643310176,31.038482297254212,"[0, -2.9033169337486636e-11, nan]"
1686463402.2642424,-253.47690048534986,112.04706602438328,31.038482297254212,"[0, -2.9033169337486636e-11, nan]"
1686463402.2757266,-256.58608767704646,112.08177419265867,31.1353681184931,"[0, -2.7503394233046505e-11, nan]"
1686463402.2869017,-256.58608767704646,112.11643969084317,31.1353681184931,"[0, -2.7503394233046505e-11, nan]"
1686463402.2969058,-256.58608767704646,112.15106019585629,31.1353681184931,"[0, -2.7503394233046505e-11, nan]"
1686463402.3072953,-256.58608767704646,112.18563381801269,31.1353681184931,"[0, -2.7503394233046505e-11, nan]"
1686463402.31806,-256.58608767704646,112.22016034129993,31.1353681184931,"[0, -2.7503394233046505e-11, nan]"
1686463402.3295908,-256.58608767704646,112.25464141038002,31.1353681184931,"[0, -2.7503394233046505e-11, nan]"
1686463402.3384116,-256.58608767704646,112.28907954221567,31.1353681184931,"[0, -2.7503394233046505e-11, nan]"
1686463402.3481007,-256.58608767704646,112.32347658332957,31.1353681184931,"[0, -2.7503394233046505e-11, nan]"
1686463402.358693,-256.58608767704646,112.35783258624033,31.1353681184931,"[0, -2.7503394233046505e-11, nan]"
1686463402.3662114,-256.58608767704646,112.392145817861,31.1353681184931,"[0, -2.7503394233046505e-11, nan]"
1686463402.3754702,-259.7048955600108,112.42641389827541,31.23102258755818,"[0, -2.739609139933677e-11, nan]"
1686463402.3842628,-259.7048955600108,112.46063535260664,31.23102258755818,"[0, -2.739609139933677e-11, nan]"
1686463402.3938599,-259.7048955600108,112.49481059382143,31.23102258755818,"[0, -2.739609139933677e-11, nan]"
1686463402.4036489,-259.7048955600108,112.52894171115986,31.23102258755818,"[0, -2.739609139933677e-11, nan]"
1686463402.4143016,-259.7048955600108,112.56303119429768,31.23102258755818,"[0, -2.739609139933677e-11, nan]"
1686463402.425244,-259.7048955600108,112.59708039945299,31.23102258755818,"[0, -2.739609139933677e-11, nan]"
1686463402.436428,-259.7048955600108,112.63108873072406,31.23102258755818,"[0, -2.739609139933677e-11, nan]"
1686463402.4465914,-259.7048955600108,112.66505405930312,31.23102258755818,"[0, -2.739609139933677e-11, nan]"
1686463402.4574754,-259.7048955600108,112.6989741183118,31.23102258755818,"[0, -2.739609139933677e-11, nan]"
1686463402.469631,-259.7048955600108,112.73284798957566,31.23102258755818,"[0, -2.739609139933677e-11, nan]"
1686463402.480768,-262.83320211890555,112.76667673627199,31.325466050747675,"[0, -3.044825648127439e-11, nan]"
1686463402.4922132,-262.83320211890555,112.80046277582925,31.325466050747675,"[0, -3.044825648127439e-11, nan]"
1686463402.502956,-262.83320211890555,112.83420838812836,31.325466050747675,"[0, -3.044825648127439e-11, nan]"
1686463402.5155938,-262.83320211890555,112.86791430698695,31.325466050747675,"[0, -3.044825648127439e-11, nan]"
1686463402.5277123,-262.83320211890555,112.90157929318812,31.325466050747675,"[0, -3.044825648127439e-11, nan]"
1686463402.5384555,-262.83320211890555,112.9352009650992,31.325466050747675,"[0, -3.044825648127439e-11, nan]"
1686463402.5487902,-262.83320211890555,112.96877736056659,31.325466050747675,"[0, -3.044825648127439e-11, nan]"
1686463402.5595284,-262.83320211890555,113.00230823569409,31.325466050747675,"[0, -3.044825648127439e-11, nan]"
1686463402.5708568,-262.83320211890555,113.03579526913464,31.325466050747675,"[0, -3.044825648127439e-11, nan]"
1686463402.5809598,-262.83320211890555,113.06924103795018,31.325466050747675,"[0, -3.044825648127439e-11, nan]"
1686463402.5913575,-265.9708873343741,113.10264741583988,31.418718121677603,"[0, -2.7606271517336024e-11, nan]"
1686463402.6003563,-265.9708873343741,113.13601441657984,31.418718121677603,"[0, -2.7606271517336024e-11, nan]"
1686463402.6096473,-265.9708873343741,113.1693402250452,31.418718121677603,"[0, -2.7606271517336024e-11, nan]"
1686463402.6190584,-265.9708873343741,113.20262239939358,31.418718121677603,"[0, -2.7606271517336024e-11, nan]"
1686463402.6269732,-265.9708873343741,113.23585947836946,31.418718121677603,"[0, -2.7606271517336024e-11, nan]"
1686463402.6358962,-265.9708873343741,113.2690519644696,31.418718121677603,"[0, -2.7606271517336024e-11, nan]"
1686463402.6449628,-265.9708873343741,113.3022020500487,31.418718121677603,"[0, -2.7606271517336024e-11, nan]"
1686463402.654454,-265.9708873343741,113.33531225791886,31.418718121677603,"[0, -2.7606271517336024e-11, nan]"
1686463402.6642144,-265.9708873343741,113.36838386587006,31.418718121677603,"[0, -2.7606271517336024e-11, nan]"
1686463402.6738577,-265.9708873343741,113.40141612643383,31.418718121677603,"[0, -2.7606271517336024e-11, nan]"
1686463402.6834571,-269.11783313689284,113.43440678601438,31.510798110388308,"[0, -2.717484570425992e-11, nan]"
1686463402.6947243,-269.11783313689284,113.4673535739099,31.510798110388308,"[0, -2.717484570425992e-11, nan]"
1686463402.7049499,-269.11783313689284,113.50025570642883,31.510798110388308,"[0, -2.717484570425992e-11, nan]"
1686463402.7153685,-269.11783313689284,113.53311443813337,31.510798110388308,"[0, -2.717484570425992e-11, nan]"
1686463402.7272024,-269.11783313689284,113.56593230183981,31.510798110388308,"[0, -2.717484570425992e-11, nan]"
1686463402.7395833,-269.11783313689284,113.59871152269298,31.510798110388308,"[0, -2.717484570425992e-11, nan]"
1686463402.7503815,-269.11783313689284,113.6314526262333,31.510798110388308,"[0, -2.717484570425992e-11, nan]"
1686463402.763075,-269.11783313689284,113.66415413826162,31.510798110388308,"[0, -2.717484570425992e-11, nan]"
1686463402.7741592,-269.11783313689284,113.69681357448745,31.510798110388308,"[0, -2.717484570425992e-11, nan]"
1686463402.7855291,-269.11783313689284,113.72942908449104,31.510798110388308,"[0, -2.717484570425992e-11, nan]"
1686463402.7971687,-272.2739233674238,113.76200069105826,31.6017250545445,"[0, -2.8136718345757042e-11, nan]"
1686463402.8073943,-272.2739233674238,113.79453032244756,31.6017250545445,"[0, -2.8136718345757042e-11, nan]"
1686463402.8179135,-272.2739233674238,113.8270206127113,31.6017250545445,"[0, -2.8136718345757042e-11, nan]"
1686463402.8293974,-272.2739233674238,113.85947324212312,31.6017250545445,"[0, -2.8136718345757042e-11, nan]"
1686463402.838958,-272.2739233674238,113.89188789011942,31.6017250545445,"[0, -2.8136718345757042e-11, nan]"
1686463402.8486803,-272.2739233674238,113.92426248052162,31.6017250545445,"[0, -2.8136718345757042e-11, nan]"
1686463402.8587656,-272.2739233674238,113.95659456452559,31.6017250545445,"[0, -2.8136718345757042e-11, nan]"
1686463402.8672438,-272.2739233674238,113.9888829489134,31.6017250545445,"[0, -2.8136718345757042e-11, nan]"
1686463402.876455,-272.2739233674238,114.02112851456823,31.6017250545445,"[0, -2.8136718345757042e-11, nan]"
1686463402.8851538,-272.2739233674238,114.05333369189903,31.6017250545445,"[0, -2.8136718345757042e-11, nan]"
1686463402.8943508,-275.4390437299037,114.08550092910582,31.691517275779276,"[0, -2.977140281993404e-11, nan]"
1686463402.9043527,-275.4390437299037,114.11763114454725,31.691517275779276,"[0, -2.977140281993404e-11, nan]"
1686463402.9142203,-275.4390437299037,114.14972316861632,31.691517275779276,"[0, -2.977140281993404e-11, nan]"
1686463402.9712927,-275.4390437299037,114.18177454078814,31.691517275779276,"[0, -2.977140281993404e-11, nan]"
1686463402.9816153,-275.4390437299037,114.21378314801278,31.691517275779276,"[0, -2.977140281993404e-11, nan]"
1686463402.9915664,-275.4390437299037,114.2457486416808,31.691517275779276,"[0, -2.977140281993404e-11, nan]"
1686463403.0000217,-275.4390437299037,114.2776727098527,31.691517275779276,"[0, -2.977140281993404e-11, nan]"
1686463403.0090806,-275.4390437299037,114.30955802429199,31.691517275779276,"[0, -2.977140281993404e-11, nan]"
1686463403.0173833,-275.4390437299037,114.34140654362355,31.691517275779276,"[0, -2.977140281993404e-11, nan]"
1686463403.0257404,-275.4390437299037,114.373218276614,31.691517275779276,"[0, -2.977140281993404e-11, nan]"
1686463403.0339494,-278.6130817467499,114.40499131333372,31.780192733510596,"[0, -2.790986106919656e-11, nan]"
1686463403.0422072,-278.6130817467499,114.4367231077723,31.780192733510596,"[0, -2.790986106919656e-11, nan]"
1686463403.0500143,-278.6130817467499,114.4684121790193,31.780192733510596,"[0, -2.790986106919656e-11, nan]"
1686463403.0563858,-278.6130817467499,114.5000591215473,31.780192733510596,"[0, -2.790986106919656e-11, nan]"
1686463403.0636709,-278.6130817467499,114.53166626238544,31.780192733510596,"[0, -2.790986106919656e-11, nan]"
1686463403.0703168,-278.6130817467499,114.56323618512279,31.780192733510596,"[0, -2.790986106919656e-11, nan]"
1686463403.0767288,-278.6130817467499,114.59477008208587,31.780192733510596,"[0, -2.790986106919656e-11, nan]"
1686463403.0835254,-278.6130817467499,114.62626701201971,31.780192733510596,"[0, -2.790986106919656e-11, nan]"
1686463403.0917947,-278.6130817467499,114.65772455204433,31.780192733510596,"[0, -2.790986106919656e-11, nan]"
1686463403.0991323,-278.6130817467499,114.68914042110747,31.780192733510596,"[0, -2.790986106919656e-11, nan]"
1686463403.107195,-281.79592672476343,114.72051401493854,31.8677692486011,"[0, -2.619020707012002e-11, nan]"
1686463403.1170478,-281.79592672476343,114.75184684614779,31.8677692486011,"[0, -2.619020707012002e-11, nan]"
1686463403.1254408,-281.79592672476343,114.78314159751226,31.8677692486011,"[0, -2.619020707012002e-11, nan]"
1686463403.1346247,-281.79592672476343,114.81440040525823,31.8677692486011,"[0, -2.619020707012002e-11, nan]"
1686463403.1443548,-281.79592672476343,114.84562349611697,31.8677692486011,"[0, -2.619020707012002e-11, nan]"
1686463403.1546257,-281.79592672476343,114.87680907460381,31.8677692486011,"[0, -2.619020707012002e-11, nan]"
1686463403.165231,-281.79592672476343,114.9079545378726,31.8677692486011,"[0, -2.619020707012002e-11, nan]"
1686463403.1758776,-281.79592672476343,114.93905822416274,31.8677692486011,"[0, -2.619020707012002e-11, nan]"
1686463403.1869075,-281.79592672476343,114.97012054739126,31.8677692486011,"[0, -2.619020707012002e-11, nan]"
1686463403.1978927,-281.79592672476343,115.00114376912498,31.8677692486011,"[0, -2.619020707012002e-11, nan]"
1686463403.2088463,-284.9874697128557,115.0321305544162,31.954263971674553,"[0, -2.6582256673673252e-11, nan]"
1686463403.22149,-284.9874697128557,115.063082257936,31.954263971674553,"[0, -2.6582256673673252e-11, nan]"
1686463403.232395,-284.9874697128557,115.09399806870579,31.954263971674553,"[0, -2.6582256673673252e-11, nan]"
1686463403.2446547,-284.9874697128557,115.12487557930136,31.954263971674553,"[0, -2.6582256673673252e-11, nan]"
1686463403.256108,-284.9874697128557,115.15571240881937,31.954263971674553,"[0, -2.6582256673673252e-11, nan]"
1686463403.2682395,-284.9874697128557,115.18650781248762,31.954263971674553,"[0, -2.6582256673673252e-11, nan]"
1686463403.2786293,-284.9874697128557,115.21726321592787,31.954263971674553,"[0, -2.6582256673673252e-11, nan]"
1686463403.2892883,-284.9874697128557,115.24798131813914,31.954263971674553,"[0, -2.6582256673673252e-11, nan]"
1686463403.3002772,-284.9874697128557,115.27866435119113,31.954263971674553,"[0, -2.6582256673673252e-11, nan]"
1686463403.310927,-284.9874697128557,115.30931264381734,31.954263971674553,"[0, -2.6582256673673252e-11, nan]"
1686463403.3213232,-288.18760345960067,115.33992443911357,32.03969365883922,"[0, -2.4334246710811115e-11, nan]"
1686463403.3303125,-288.18760345960067,115.37049709093836,32.03969365883922,"[0, -2.4334246710811115e-11, nan]"
1686463403.3389153,-288.18760345960067,115.40102885136776,32.03969365883922,"[0, -2.4334246710811115e-11, nan]"
1686463403.3474355,-288.18760345960067,115.43152006829659,32.03969365883922,"[0, -2.4334246710811115e-11, nan]"
1686463403.3567288,-288.18760345960067,115.46197299845899,32.03969365883922,"[0, -2.4334246710811115e-11, nan]"
1686463403.3651805,-288.18760345960067,115.49239035532992,32.03969365883922,"[0, -2.4334246710811115e-11, nan]"
1686463403.3742902,-288.18760345960067,115.52277355056349,32.03969365883922,"[0, -2.4334246710811115e-11, nan]"
1686463403.3843107,-288.18760345960067,115.5531217941326,32.03969365883922,"[0, -2.4334246710811115e-11, nan]"
1686463403.3943343,-288.18760345960067,115.58343265212898,32.03969365883922,"[0, -2.4334246710811115e-11, nan]"
1686463403.4046233,-288.18760345960067,115.61370369683264,32.03969365883922,"[0, -2.4334246710811115e-11, nan]"
1686463403.4156904,-291.3962223833532,115.64393415686209,32.124075014377986,"[0, -2.5362337428845283e-11, nan]"
1686463403.4255853,-291.3962223833532,115.67412547125423,32.124075014377986,"[0, -2.5362337428845283e-11, nan]"
1686463403.4365475,-291.3962223833532,115.70428037632146,32.124075014377986,"[0, -2.5362337428845283e-11, nan]"
1686463403.4490051,-291.3962223833532,115.73440112766339,32.124075014377986,"[0, -2.5362337428845283e-11, nan]"
1686463403.4610343,-291.3962223833532,115.76448803746744,32.124075014377986,"[0, -2.5362337428845283e-11, nan]"
1686463403.4719427,-291.3962223833532,115.79453930076033,32.124075014377986,"[0, -2.5362337428845283e-11, nan]"
1686463403.4845006,-291.3962223833532,115.82455223047009,32.124075014377986,"[0, -2.5362337428845283e-11, nan]"
1686463403.4951856,-291.3962223833532,115.85452508272456,32.124075014377986,"[0, -2.5362337428845283e-11, nan]"
1686463403.5081067,-291.3962223833532,115.88445825843083,32.124075014377986,"[0, -2.5362337428845283e-11, nan]"
1686463403.5190687,-291.3962223833532,115.91435407842246,32.124075014377986,"[0, -2.5362337428845283e-11, nan]"
1686463403.529127,-294.6132225340665,115.9442152777816,32.207424101817004,"[0, -2.5721496250119943e-11, nan]"
1686463403.5398078,-294.6132225340665,115.97404322014482,32.207424101817004,"[0, -2.5721496250119943e-11, nan]"
1686463403.5512633,-294.6132225340665,116.00383702257359,32.207424101817004,"[0, -2.5721496250119943e-11, nan]"
1686463403.5611413,-294.6132225340665,116.03359417792527,32.207424101817004,"[0, -2.5721496250119943e-11, nan]"
1686463403.5705667,-294.6132225340665,116.06331226347457,32.207424101817004,"[0, -2.5721496250119943e-11, nan]"
1686463403.580331,-294.6132225340665,116.09299059732585,32.207424101817004,"[0, -2.5721496250119943e-11, nan]"
1686463403.589539,-294.6132225340665,116.12263073513414,32.207424101817004,"[0, -2.5721496250119943e-11, nan]"
1686463403.5992599,-294.6132225340665,116.15223547177139,32.207424101817004,"[0, -2.5721496250119943e-11, nan]"
1686463403.607889,-294.6132225340665,116.18180701133515,32.207424101817004,"[0, -2.5721496250119943e-11, nan]"
1686463403.616149,-294.6132225340665,116.21134552794966,32.207424101817004,"[0, -2.5721496250119943e-11, nan]"
1686463403.6261485,-297.83850155340133,116.2408490822324,32.28975660678174,"[0, -2.719693844170685e-11, nan]"
1686463403.6359353,-297.83850155340133,116.27031495312049,32.28975660678174,"[0, -2.719693844170685e-11, nan]"
1686463403.645062,-297.83850155340133,116.29974149685805,32.28975660678174,"[0, -2.719693844170685e-11, nan]"
1686463403.6572046,-297.83850155340133,116.32912928806381,32.28975660678174,"[0, -2.719693844170685e-11, nan]"
1686463403.6669803,-297.83850155340133,116.3584807757924,32.28975660678174,"[0, -2.719693844170685e-11, nan]"
1686463403.6773925,-297.83850155340133,116.38779868083411,32.28975660678174,"[0, -2.719693844170685e-11, nan]"
1686463403.6877804,-297.83850155340133,116.41708420669111,32.28975660678174,"[0, -2.719693844170685e-11, nan]"
1686463403.6998947,-297.83850155340133,116.446336265006,32.28975660678174,"[0, -2.719693844170685e-11, nan]"
1686463403.7106097,-297.83850155340133,116.47555223883974,32.28975660678174,"[0, -2.719693844170685e-11, nan]"
1686463403.722378,-297.83850155340133,116.50472977492964,32.28975660678174,"[0, -2.719693844170685e-11, nan]"
1686463403.734488,-301.0719586487253,116.53386840313442,32.37108821713556,"[0, -3.093763712366155e-11, nan]"
1686463403.746703,-301.0719586487253,116.5629698929115,32.37108821713556,"[0, -3.093763712366155e-11, nan]"
1686463403.7579045,-301.0719586487253,116.59203710338697,32.37108821713556,"[0, -3.093763712366155e-11, nan]"
1686463403.7692242,-301.0719586487253,116.62107209711803,32.37108821713556,"[0, -3.093763712366155e-11, nan]"
1686463403.7796712,-301.0719586487253,116.65007478559865,32.37108821713556,"[0, -3.093763712366155e-11, nan]"
1686463403.7902675,-301.0719586487253,116.67904302085972,32.37108821713556,"[0, -3.093763712366155e-11, nan]"
1686463403.800955,-301.0719586487253,116.70797407534074,32.37108821713556,"[0, -3.093763712366155e-11, nan]"
1686463403.81215,-301.0719586487253,116.73686651618564,32.37108821713556,"[0, -3.093763712366155e-11, nan]"
1686463403.820815,-301.0719586487253,116.76572121043519,32.37108821713556,"[0, -3.093763712366155e-11, nan]"
1686463403.8301451,-301.0719586487253,116.79454078041363,32.37108821713556,"[0, -3.093763712366155e-11, nan]"
1686463403.840551,-304.31349455743975,116.82332787261603,32.45143397205596,"[0, -2.9074605505649067e-11, nan]"
1686463403.8491428,-304.31349455743975,116.85208340598301,32.45143397205596,"[0, -2.9074605505649067e-11, nan]"
1686463403.8573089,-304.31349455743975,116.88080598344696,32.45143397205596,"[0, -2.9074605505649067e-11, nan]"
1686463403.866344,-304.31349455743975,116.90949286747255,32.45143397205596,"[0, -2.9074605505649067e-11, nan]"
1686463403.8745317,-304.31349455743975,116.9381418643864,32.45143397205596,"[0, -2.9074605505649067e-11, nan]"
1686463403.8838384,-304.31349455743975,116.96675284527501,32.45143397205596,"[0, -2.9074605505649067e-11, nan]"
1686463403.893634,-304.31349455743975,116.99532787276185,32.45143397205596,"[0, -2.9074605505649067e-11, nan]"
1686463403.903386,-304.31349455743975,117.02386984422938,32.45143397205596,"[0, -2.9074605505649067e-11, nan]"
1686463403.913847,-304.31349455743975,117.05238056627896,32.45143397205596,"[0, -2.9074605505649067e-11, nan]"
1686463403.9259791,-304.31349455743975,117.08085956374508,32.45143397205596,"[0, -2.9074605505649067e-11, nan]"
1686463403.9355958,-307.56301151033284,117.10930443271755,32.530808611617005,"[0, -2.937243055254615e-11, nan]"
1686463403.9473627,-307.56301151033284,117.13771250233894,32.530808611617005,"[0, -2.937243055254615e-11, nan]"
1686463403.958414,-307.56301151033284,117.166082681644,32.530808611617005,"[0, -2.937243055254615e-11, nan]"
1686463403.9709249,-307.56301151033284,117.19441623816802,32.530808611617005,"[0, -2.937243055254615e-11, nan]"
1686463403.9816358,-307.56301151033284,117.22271597697136,32.530808611617005,"[0, -2.937243055254615e-11, nan]"
1686463403.9947248,-307.56301151033284,117.25098437326115,32.530808611617005,"[0, -2.937243055254615e-11, nan]"
1686463404.0055854,-307.56301151033284,117.27922192453934,32.530808611617005,"[0, -2.937243055254615e-11, nan]"
1686463404.0175447,-307.56301151033284,117.30742684366797,32.530808611617005,"[0, -2.937243055254615e-11, nan]"
1686463404.0282886,-307.56301151033284,117.33559630467936,32.530808611617005,"[0, -2.937243055254615e-11, nan]"
1686463404.0387928,-307.56301151033284,117.36372839822589,32.530808611617005,"[0, -2.937243055254615e-11, nan]"
1686463404.048958,-310.82041320924503,117.3918234678191,32.60922689107876,"[0, -2.457192346264972e-11, nan]"
1686463404.0593278,-310.82041320924503,117.41988391476126,32.60922689107876,"[0, -2.457192346264972e-11, nan]"
1686463404.071323,-310.82041320924503,117.44791260111052,32.60922689107876,"[0, -2.457192346264972e-11, nan]"
1686463404.0805652,-310.82041320924503,117.47591093466072,32.60922689107876,"[0, -2.457192346264972e-11, nan]"
1686463404.090366,-310.82041320924503,117.50387794112366,32.60922689107876,"[0, -2.457192346264972e-11, nan]"
1686463404.1011271,-310.82041320924503,117.53181095837172,32.60922689107876,"[0, -2.457192346264972e-11, nan]"
1686463404.1089594,-310.82041320924503,117.55970748396967,32.60922689107876,"[0, -2.457192346264972e-11, nan]"
1686463404.1174634,-310.82041320924503,117.58756691774298,32.60922689107876,"[0, -2.457192346264972e-11, nan]"
1686463404.1258614,-310.82041320924503,117.61539100953097,32.60922689107876,"[0, -2.457192346264972e-11, nan]"
1686463404.136342,-310.82041320924503,117.64318270255299,32.60922689107876,"[0, -2.457192346264972e-11, nan]"
1686463404.1463706,-314.0856047922012,117.67094415870898,32.68670287978373,"[0, -2.4425966085079828e-11, nan]"
1686463404.1562238,-314.0856047922012,117.698675313288,32.68670287978373,"[0, -2.4425966085079828e-11, nan]"
1686463404.167609,-314.0856047922012,117.72637394916784,32.68670287978373,"[0, -2.4425966085079828e-11, nan]"
1686463404.1788728,-314.0856047922012,117.75403724354855,32.68670287978373,"[0, -2.4425966085079828e-11, nan]"
1686463404.1894848,-314.0856047922012,117.78166373266995,32.68670287978373,"[0, -2.4425966085079828e-11, nan]"
1686463404.199903,-314.0856047922012,117.80925435047166,32.68670287978373,"[0, -2.4425966085079828e-11, nan]"
1686463404.2119083,-314.0856047922012,117.83681182721784,32.68670287978373,"[0, -2.4425966085079828e-11, nan]"
1686463404.2234473,-314.0856047922012,117.8643388559035,32.68670287978373,"[0, -2.4425966085079828e-11, nan]"
1686463404.234447,-314.0856047922012,117.89183627991424,32.68670287978373,"[0, -2.4425966085079828e-11, nan]"
1686463404.2460518,-314.0856047922012,117.9193025450537,32.68670287978373,"[0, -2.4425966085079828e-11, nan]"
1686463404.2568722,-317.35849280123415,117.94673479475205,32.76325049812912,"[0, -2.318882431252935e-11, nan]"
1686463404.2670624,-317.35849280123415,117.97413086156949,32.76325049812912,"[0, -2.318882431252935e-11, nan]"
1686463404.2776968,-317.35849280123415,118.0014907900537,32.76325049812912,"[0, -2.318882431252935e-11, nan]"
1686463404.2888088,-317.35849280123415,118.02881684359845,32.76325049812912,"[0, -2.318882431252935e-11, nan]"
1686463404.2981203,-317.35849280123415,118.05611198698607,32.76325049812912,"[0, -2.318882431252935e-11, nan]"
1686463404.3076675,-317.35849280123415,118.08337788318532,32.76325049812912,"[0, -2.318882431252935e-11, nan]"
1686463404.3170598,-317.35849280123415,118.11061378103686,32.76325049812912,"[0, -2.318882431252935e-11, nan]"
1686463404.3269653,-317.35849280123415,118.13781706054442,32.76325049812912,"[0, -2.318882431252935e-11, nan]"
1686463404.3353026,-317.35849280123415,118.1649850655549,32.76325049812912,"[0, -2.318882431252935e-11, nan]"
1686463404.3461237,-317.35849280123415,118.1921169651254,32.76325049812912,"[0, -2.318882431252935e-11, nan]"
1686463404.3557353,-320.63898516281665,118.21921436223593,32.83888361737722,"[0, -2.16759425327151e-11, nan]"
1686463404.3654482,-320.63898516281665,118.24628022694351,32.83888361737722,"[0, -2.16759425327151e-11, nan]"
1686463404.376708,-320.63898516281665,118.27331688506175,32.83888361737722,"[0, -2.16759425327151e-11, nan]"
1686463404.3865566,-320.63898516281665,118.30032444657854,32.83888361737722,"[0, -2.16759425327151e-11, nan]"
1686463404.3976967,-320.63898516281665,118.32730075853742,32.83888361737722,"[0, -2.16759425327151e-11, nan]"
1686463404.4078348,-320.63898516281665,118.35424291913579,32.83888361737722,"[0, -2.16759425327151e-11, nan]"
1686463404.419105,-320.63898516281665,118.38114931194896,32.83888361737722,"[0, -2.16759425327151e-11, nan]"
1686463404.4314227,-320.63898516281665,118.40802075695792,32.83888361737722,"[0, -2.16759425327151e-11, nan]"
1686463404.4421756,-320.63898516281665,118.43485998128854,32.83888361737722,"[0, -2.16759425327151e-11, nan]"
1686463404.4552543,-320.63898516281665,118.46166977092089,32.83888361737722,"[0, -2.16759425327151e-11, nan]"
1686463404.4672532,-323.9269911525496,118.48845107759307,32.913615404957426,"[0, -1.8810900428134898e-11, nan]"
1686463404.4791555,-323.9269911525496,118.5152023900062,32.913615404957426,"[0, -1.8810900428134898e-11, nan]"
1686463404.490899,-323.9269911525496,118.54192080710173,32.913615404957426,"[0, -1.8810900428134898e-11, nan]"
1686463404.5018492,-323.9269911525496,118.56860407557852,32.913615404957426,"[0, -1.8810900428134898e-11, nan]"
1686463404.5116208,-323.9269911525496,118.59525218322224,32.913615404957426,"[0, -1.8810900428134898e-11, nan]"
1686463404.522125,-323.9269911525496,118.62186740367406,32.913615404957426,"[0, -1.8810900428134898e-11, nan]"
1686463404.5331602,-323.9269911525496,118.64845275764583,32.913615404957426,"[0, -1.8810900428134898e-11, nan]"
1686463404.5431545,-323.9269911525496,118.67500995302971,32.913615404957426,"[0, -1.8810900428134898e-11, nan]"
1686463404.5527894,-323.9269911525496,118.70153823065857,32.913615404957426,"[0, -1.8810900428134898e-11, nan]"
1686463404.5620403,-323.9269911525496,118.72803491854047,32.913615404957426,"[0, -1.8810900428134898e-11, nan]"
1686463404.571588,-327.22242136929174,118.75449731422869,32.98745908214921,"[0, -2.26850613208823e-11, nan]"
1686463404.5799367,-327.22242136929174,118.78092459240125,32.98745908214921,"[0, -2.26850613208823e-11, nan]"
1686463404.5884244,-327.22242136929174,118.80731841316856,32.98745908214921,"[0, -2.26850613208823e-11, nan]"
1686463404.5979562,-327.22242136929174,118.8336818052724,32.98745908214921,"[0, -2.26850613208823e-11, nan]"
1686463404.6081111,-327.22242136929174,118.86001709594821,32.98745908214921,"[0, -2.26850613208823e-11, nan]"
1686463404.6174548,-327.22242136929174,118.88632432392379,32.98745908214921,"[0, -2.26850613208823e-11, nan]"
1686463404.6293995,-327.22242136929174,118.9126012401487,32.98745908214921,"[0, -2.26850613208823e-11, nan]"
1686463404.6392365,-327.22242136929174,118.93884489983448,32.98745908214921,"[0, -2.26850613208823e-11, nan]"
1686463404.6493497,-327.22242136929174,118.96505374193349,32.98745908214921,"[0, -2.26850613208823e-11, nan]"
1686463404.6602697,-327.22242136929174,118.99122870973397,32.98745908214921,"[0, -2.26850613208823e-11, nan]"
1686463404.6721485,-330.52518771595317,119.01737262997713,33.060427638457504,"[0, -2.7900068297419806e-11, nan]"
1686463404.683522,-330.52518771595317,119.04348827849144,33.060427638457504,"[0, -2.7900068297419806e-11, nan]"
1686463404.6959112,-330.52518771595317,119.06957647732061,33.060427638457504,"[0, -2.7900068297419806e-11, nan]"
1686463404.7076066,-330.52518771595317,119.09563554960187,33.060427638457504,"[0, -2.7900068297419806e-11, nan]"
1686463404.719355,-330.52518771595317,119.12166251590752,33.060427638457504,"[0, -2.7900068297419806e-11, nan]"
1686463404.7309635,-330.52518771595317,119.14765520166657,33.060427638457504,"[0, -2.7900068297419806e-11, nan]"
1686463404.7430022,-330.52518771595317,119.1736137873314,33.060427638457504,"[0, -2.7900068297419806e-11, nan]"
1686463404.752456,-330.52518771595317,119.1995407176396,33.060427638457504,"[0, -2.7900068297419806e-11, nan]"
1686463404.7634826,-330.52518771595317,119.22543902942179,33.060427638457504,"[0, -2.7900068297419806e-11, nan]"
1686463404.7732928,-330.52518771595317,119.25131026215531,33.060427638457504,"[0, -2.7900068297419806e-11, nan]"
1686463404.7834358,-333.8352033641792,119.27715341058148,33.13253345416607,"[0, -2.5510416663392388e-11, nan]"
1686463404.79371,-333.8352033641792,119.30296565411045,33.13253345416607,"[0, -2.5510416663392388e-11, nan]"
1686463404.803133,-333.8352033641792,119.32874435711338,33.13253345416607,"[0, -2.5510416663392388e-11, nan]"
1686463404.813283,-333.8352033641792,119.35448894405063,33.13253345416607,"[0, -2.5510416663392388e-11, nan]"
1686463404.8223665,-333.8352033641792,119.38020133663886,33.13253345416607,"[0, -2.5510416663392388e-11, nan]"
1686463404.8307283,-333.8352033641792,119.40588464351394,33.13253345416607,"[0, -2.5510416663392388e-11, nan]"
1686463404.8395712,-333.8352033641792,119.4315410159159,33.13253345416607,"[0, -2.5510416663392388e-11, nan]"
1686463404.849057,-333.8352033641792,119.45717016960735,33.13253345416607,"[0, -2.5510416663392388e-11, nan]"
1686463404.8589087,-333.8352033641792,119.48276961055872,33.13253345416607,"[0, -2.5510416663392388e-11, nan]"
1686463404.8691173,-333.8352033641792,119.50833641032868,33.13253345416607,"[0, -2.5510416663392388e-11, nan]"
1686463404.8801591,-337.1523827361854,119.53386928966857,33.203789128085745,"[0, -3.146334071203533e-11, nan]"
1686463404.8905394,-337.1523827361854,119.55936954925737,33.203789128085745,"[0, -3.146334071203533e-11, nan]"
1686463404.90117,-337.1523827361854,119.5848401918096,33.203789128085745,"[0, -3.146334071203533e-11, nan]"
1686463404.9121118,-337.1523827361854,119.61028384712691,33.203789128085745,"[0, -3.146334071203533e-11, nan]"
1686463404.9241269,-337.1523827361854,119.6357009548884,33.203789128085745,"[0, -3.146334071203533e-11, nan]"
1686463404.9360662,-337.1523827361854,119.66108948243182,33.203789128085745,"[0, -3.146334071203533e-11, nan]"
1686463404.9473202,-337.1523827361854,119.68644637934194,33.203789128085745,"[0, -3.146334071203533e-11, nan]"
1686463404.9600012,-337.1523827361854,119.71176975057033,33.203789128085745,"[0, -3.146334071203533e-11, nan]"
1686463404.9712358,-337.1523827361854,119.73706022136848,33.203789128085745,"[0, -3.146334071203533e-11, nan]"
1686463404.9836211,-337.1523827361854,119.762320531747,33.203789128085745,"[0, -3.146334071203533e-11, nan]"
1686463404.9945524,-340.47664148205985,119.78755364163335,33.274206748700415,"[0, -2.859147875583964e-11, nan]"
1686463405.0047598,-340.47664148205985,119.81276067745712,33.274206748700415,"[0, -2.859147875583964e-11, nan]"
1686463405.0161355,-340.47664148205985,119.83794016571164,33.274206748700415,"[0, -2.859147875583964e-11, nan]"
1686463405.0270655,-340.47664148205985,119.8630890966765,33.274206748700415,"[0, -2.859147875583964e-11, nan]"
1686463405.037405,-340.47664148205985,119.8882050729023,33.274206748700415,"[0, -2.859147875583964e-11, nan]"
1686463405.0470402,-340.47664148205985,119.91328803020114,33.274206748700415,"[0, -2.859147875583964e-11, nan]"
1686463405.0561595,-340.47664148205985,119.93834031673786,33.274206748700415,"[0, -2.859147875583964e-11, nan]"
1686463405.0653381,-340.47664148205985,119.96336507002661,33.274206748700415,"[0, -2.859147875583964e-11, nan]"
1686463405.0747633,-340.47664148205985,119.98836403375536,33.274206748700415,"[0, -2.859147875583964e-11, nan]"
1686463405.0833118,-340.47664148205985,120.01333635412166,33.274206748700415,"[0, -2.859147875583964e-11, nan]"
1686463405.0922647,-343.8078964479648,120.03827920807517,33.34379808791244,"[0, -1.9611218257641027e-11, nan]"
1686463405.1018934,-343.8078964479648,120.0631898241044,33.34379808791244,"[0, -1.9611218257641027e-11, nan]"
1686463405.1126206,-343.8078964479648,120.0880674703366,33.34379808791244,"[0, -1.9611218257641027e-11, nan]"
1686463405.1215699,-343.8078964479648,120.11291400489726,33.34379808791244,"[0, -1.9611218257641027e-11, nan]"
1686463405.132653,-343.8078964479648,120.13773259546069,33.34379808791244,"[0, -1.9611218257641027e-11, nan]"
1686463405.1430237,-343.8078964479648,120.16252550991449,33.34379808791244,"[0, -1.9611218257641027e-11, nan]"
1686463405.155126,-343.8078964479648,120.18729253929632,33.34379808791244,"[0, -1.9611218257641027e-11, nan]"
1686463405.165388,-343.8078964479648,120.21203117101204,33.34379808791244,"[0, -1.9611218257641027e-11, nan]"
1686463405.1776862,-343.8078964479648,120.23673839353633,33.34379808791244,"[0, -1.9611218257641027e-11, nan]"
1686463405.1887975,-343.8078964479648,120.26141285813583,33.34379808791244,"[0, -1.9611218257641027e-11, nan]"
1686463405.200147,-347.1460656640557,120.28605586648409,33.41257509295071,"[0, -2.6350056199184098e-11, nan]"
1686463405.2120907,-347.1460656640557,120.31067048138011,33.41257509295071,"[0, -2.6350056199184098e-11, nan]"
1686463405.2235906,-347.1460656640557,120.33525938680178,33.41257509295071,"[0, -2.6350056199184098e-11, nan]"
1686463405.2341554,-347.1460656640557,120.3598230124755,33.41257509295071,"[0, -2.6350056199184098e-11, nan]"
1686463405.2459767,-347.1460656640557,120.3843592543095,33.41257509295071,"[0, -2.6350056199184098e-11, nan]"
1686463405.2563448,-347.1460656640557,120.40886499271328,33.41257509295071,"[0, -2.6350056199184098e-11, nan]"
1686463405.266393,-347.1460656640557,120.43333833488532,33.41257509295071,"[0, -2.6350056199184098e-11, nan]"
1686463405.2773623,-347.1460656640557,120.4577799901409,33.41257509295071,"[0, -2.6350056199184098e-11, nan]"
1686463405.2883496,-347.1460656640557,120.48219279885734,33.41257509295071,"[0, -2.6350056199184098e-11, nan]"
1686463405.298686,-347.1460656640557,120.50657974584756,33.41257509295071,"[0, -2.6350056199184098e-11, nan]"
1686463405.308138,-350.4910683155235,120.53094186705339,33.48054899880177,"[0, -2.4383781087972228e-11, nan]"
1686463405.3177454,-350.4910683155235,120.55527753831494,33.48054899880177,"[0, -2.4383781087972228e-11, nan]"
1686463405.3260372,-350.4910683155235,120.57958365528384,33.48054899880177,"[0, -2.4383781087972228e-11, nan]"
1686463405.3353016,-350.4910683155235,120.6038578690218,33.48054899880177,"[0, -2.4383781087972228e-11, nan]"
1686463405.3441,-350.4910683155235,120.62810028801387,33.48054899880177,"[0, -2.4383781087972228e-11, nan]"
1686463405.353748,-350.4910683155235,120.652313433363,33.48054899880177,"[0, -2.4383781087972228e-11, nan]"
1686463405.3656986,-350.4910683155235,120.67650047499038,33.48054899880177,"[0, -2.4383781087972228e-11, nan]"
1686463405.374707,-350.4910683155235,120.70066300201889,33.48054899880177,"[0, -2.4383781087972228e-11, nan]"
1686463405.385498,-350.4910683155235,120.72479991573327,33.48054899880177,"[0, -2.4383781087972228e-11, nan]"
1686463405.39573,-350.4910683155235,120.74890823723626,33.48054899880177,"[0, -2.4383781087972228e-11, nan]"
1686463405.4066238,-353.84282472011836,120.77298525764245,33.54773114749351,"[0, -2.312520478008107e-11, nan]"
1686463405.4179242,-353.84282472011836,120.797030499812,33.54773114749351,"[0, -2.312520478008107e-11, nan]"
1686463405.4290102,-353.84282472011836,120.82104609068146,33.54773114749351,"[0, -2.312520478008107e-11, nan]"
1686463405.4412818,-353.84282472011836,120.84503527466623,33.54773114749351,"[0, -2.312520478008107e-11, nan]"
1686463405.4524536,-353.84282472011836,120.8690001261547,33.54773114749351,"[0, -2.312520478008107e-11, nan]"
1686463405.463866,-353.84282472011836,120.89294009354971,33.54773114749351,"[0, -2.312520478008107e-11, nan]"
1686463405.4759476,-353.84282472011836,120.91685241736259,33.54773114749351,"[0, -2.312520478008107e-11, nan]"
1686463405.485778,-353.84282472011836,120.9407341277868,33.54773114749351,"[0, -2.312520478008107e-11, nan]"
1686463405.49704,-353.84282472011836,120.96458419621796,33.54773114749351,"[0, -2.312520478008107e-11, nan]"
1686463405.506515,-353.84282472011836,120.98840430222245,33.54773114749351,"[0, -2.312520478008107e-11, nan]"
1686463405.517671,-357.2012563153376,121.0121976635106,33.61413269424595,"[0, -2.412260689192943e-11, nan]"
1686463405.5262146,-357.2012563153376,121.03596676253119,33.61413269424595,"[0, -2.412260689192943e-11, nan]"
1686463405.5355525,-357.2012563153376,121.05971159535765,33.61413269424595,"[0, -2.412260689192943e-11, nan]"
1686463405.547068,-357.2012563153376,121.08342969832684,33.61413269424595,"[0, -2.412260689192943e-11, nan]"
1686463405.5558372,-357.2012563153376,121.10711793739438,33.61413269424595,"[0, -2.412260689192943e-11, nan]"
1686463405.564232,-357.2012563153376,121.13077478122341,33.61413269424595,"[0, -2.412260689192943e-11, nan]"
1686463405.5733476,-357.2012563153376,121.15440142944108,33.61413269424595,"[0, -2.412260689192943e-11, nan]"
1686463405.5818226,-357.2012563153376,121.17800098378784,33.61413269424595,"[0, -2.412260689192943e-11, nan]"
1686463405.5920115,-357.2012563153376,121.20157625310331,33.61413269424595,"[0, -2.412260689192943e-11, nan]"
1686463405.6027849,-357.2012563153376,121.22512776428339,33.61413269424595,"[0, -2.412260689192943e-11, nan]"
1686463405.613251,-360.56628562645017,121.24865340786583,33.679764235895036,"[0, -2.35548394347532e-11, nan]"
1686463405.6244075,-360.56628562645017,121.27214997643186,33.679764235895036,"[0, -2.35548394347532e-11, nan]"
1686463405.6350877,-360.56628562645017,121.29561549456012,33.679764235895036,"[0, -2.35548394347532e-11, nan]"
1686463405.6461246,-360.56628562645017,121.3190506676614,33.679764235895036,"[0, -2.35548394347532e-11, nan]"
1686463405.6580825,-360.56628562645017,121.342458406246,33.679764235895036,"[0, -2.35548394347532e-11, nan]"
1686463405.6698844,-360.56628562645017,121.36584176350644,33.679764235895036,"[0, -2.35548394347532e-11, nan]"
1686463405.6815426,-360.56628562645017,121.38920176641169,33.679764235895036,"[0, -2.35548394347532e-11, nan]"
1686463405.693309,-360.56628562645017,121.41253670080032,33.679764235895036,"[0, -2.35548394347532e-11, nan]"
1686463405.705608,-360.56628562645017,121.4358433681602,33.679764235895036,"[0, -2.35548394347532e-11, nan]"
1686463405.7162864,-360.56628562645017,121.45911941339428,33.679764235895036,"[0, -2.35548394347532e-11, nan]"
1686463405.729036,-363.93783625566965,121.48236504943561,33.744636694872554,"[0, -2.4110817404646023e-11, nan]"
1686463405.739441,-363.93783625566965,121.50558293463264,33.744636694872554,"[0, -2.4110817404646023e-11, nan]"
1686463405.7494702,-363.93783625566965,121.52877628752076,33.744636694872554,"[0, -2.4110817404646023e-11, nan]"
1686463405.7603757,-363.93783625566965,121.55194659427771,33.744636694872554,"[0, -2.4110817404646023e-11, nan]"
1686463405.7713711,-363.93783625566965,121.5750925611641,33.744636694872554,"[0, -2.4110817404646023e-11, nan]"
1686463405.7811718,-363.93783625566965,121.59821107041644,33.744636694872554,"[0, -2.4110817404646023e-11, nan]"
1686463405.7902932,-363.93783625566965,121.62129945410197,33.744636694872554,"[0, -2.4110817404646023e-11, nan]"
1686463405.8015652,-363.93783625566965,121.64435744724042,33.744636694872554,"[0, -2.4110817404646023e-11, nan]"
1686463405.8099005,-363.93783625566965,121.66738740954052,33.744636694872554,"[0, -2.4110817404646023e-11, nan]"
1686463405.8172684,-363.93783625566965,121.69039265149141,33.744636694872554,"[0, -2.4110817404646023e-11, nan]"
1686463405.826641,-367.31583286012864,121.71337507069047,33.808760348815625,"[0, -2.3012482195569893e-11, nan]"
1686463405.835055,-367.31583286012864,121.73633380477496,33.808760348815625,"[0, -2.3012482195569893e-11, nan]"
1686463405.844768,-367.31583286012864,121.7592658773744,33.808760348815625,"[0, -2.3012482195569893e-11, nan]"
1686463405.8548138,-367.31583286012864,121.78216837380887,33.808760348815625,"[0, -2.3012482195569893e-11, nan]"
1686463405.8655677,-367.31583286012864,121.8050405760775,33.808760348815625,"[0, -2.3012482195569893e-11, nan]"
1686463405.8761475,-367.31583286012864,121.82788451217193,33.808760348815625,"[0, -2.3012482195569893e-11, nan]"
1686463405.8868847,-367.31583286012864,121.85070351846126,33.808760348815625,"[0, -2.3012482195569893e-11, nan]"
1686463405.8979433,-367.31583286012864,121.8734998523868,33.808760348815625,"[0, -2.3012482195569893e-11, nan]"
1686463405.9101527,-367.31583286012864,121.89627308201207,33.808760348815625,"[0, -2.3012482195569893e-11, nan]"
1686463405.9226851,-367.31583286012864,121.91902042134961,33.808760348815625,"[0, -2.3012482195569893e-11, nan]"
1686463405.933361,-370.7002011275819,121.94173877213616,33.87214546922957,"[0, -2.760720559111724e-11, nan]"
1686463405.946909,-370.7002011275819,121.96442699558047,33.87214546922957,"[0, -2.760720559111724e-11, nan]"
1686463405.9577582,-370.7002011275819,121.9870867672561,33.87214546922957,"[0, -2.760720559111724e-11, nan]"
1686463405.9699283,-370.7002011275819,122.00972139192072,33.87214546922957,"[0, -2.760720559111724e-11, nan]"
1686463405.982075,-370.7002011275819,122.03233343387683,33.87214546922957,"[0, -2.760720559111724e-11, nan]"
1686463405.9927845,-370.7002011275819,122.05492288083643,33.87214546922957,"[0, -2.760720559111724e-11, nan]"
1686463406.0024545,-370.7002011275819,122.07748717500199,33.87214546922957,"[0, -2.760720559111724e-11, nan]"
1686463406.014296,-370.7002011275819,122.1000230929023,33.87214546922957,"[0, -2.760720559111724e-11, nan]"
1686463406.0242677,-370.7002011275819,122.12252911215865,33.87214546922957,"[0, -2.760720559111724e-11, nan]"
1686463406.0335884,-370.7002011275819,122.14500654620215,33.87214546922957,"[0, -2.760720559111724e-11, nan]"
1686463406.0431862,-374.0908677687712,122.1674586193365,33.93480231076856,"[0, -2.6497960628459263e-11, nan]"
1686463406.052754,-374.0908677687712,122.18988815091389,33.93480231076856,"[0, -2.6497960628459263e-11, nan]"
1686463406.0615585,-374.0908677687712,122.21229552975228,33.93480231076856,"[0, -2.6497960628459263e-11, nan]"
1686463406.070496,-374.0908677687712,122.23467845345749,33.93480231076856,"[0, -2.6497960628459263e-11, nan]"
1686463406.0787532,-374.0908677687712,122.25703362589111,33.93480231076856,"[0, -2.6497960628459263e-11, nan]"
1686463406.0895915,-374.0908677687712,122.2793591810082,33.93480231076856,"[0, -2.6497960628459263e-11, nan]"
1686463406.098303,-374.0908677687712,122.30165606936816,33.93480231076856,"[0, -2.6497960628459263e-11, nan]"
1686463406.1079006,-374.0908677687712,122.32392739547404,33.93480231076856,"[0, -2.6497960628459263e-11, nan]"
1686463406.1195536,-374.0908677687712,122.34617618408211,33.93480231076856,"[0, -2.6497960628459263e-11, nan]"
1686463406.130199,-374.0908677687712,122.36840320100445,33.93480231076856,"[0, -2.6497960628459263e-11, nan]"
1686463406.141303,-377.487760487257,122.39060641693077,33.99674049980996,"[0, -2.4426652309917003e-11, nan]"
1686463406.1509101,-377.487760487257,122.41278250886289,33.99674049980996,"[0, -2.4426652309917003e-11, nan]"
1686463406.163184,-377.487760487257,122.43492930787288,33.99674049980996,"[0, -2.4426652309917003e-11, nan]"
1686463406.1749125,-377.487760487257,122.45704740879428,33.99674049980996,"[0, -2.4426652309917003e-11, nan]"
1686463406.1866696,-377.487760487257,122.47913976536638,33.99674049980996,"[0, -2.4426652309917003e-11, nan]"
1686463406.1975112,-377.487760487257,122.50120956202318,33.99674049980996,"[0, -2.4426652309917003e-11, nan]"
1686463406.2094383,-377.487760487257,122.52325791358399,33.99674049980996,"[0, -2.4426652309917003e-11, nan]"
1686463406.2210326,-377.487760487257,122.54528307308256,33.99674049980996,"[0, -2.4426652309917003e-11, nan]"
1686463406.2318702,-377.487760487257,122.56728172947724,33.99674049980996,"[0, -2.4426652309917003e-11, nan]"
1686463406.242141,-377.487760487257,122.58925145112144,33.99674049980996,"[0, -2.4426652309917003e-11, nan]"
1686463406.2525811,-380.89080797026753,122.61119249019175,34.0579700481185,"[0, -2.5103259063460437e-11, nan]"
1686463406.26313,-380.89080797026753,122.63310762708416,34.0579700481185,"[0, -2.5103259063460437e-11, nan]"
1686463406.2728145,-380.89080797026753,122.65500016458937,34.0579700481185,"[0, -2.5103259063460437e-11, nan]"
1686463406.2818394,-380.89080797026753,122.67687153640327,34.0579700481185,"[0, -2.5103259063460437e-11, nan]"
1686463406.2916236,-380.89080797026753,122.6987202797307,34.0579700481185,"[0, -2.5103259063460437e-11, nan]"
1686463406.300901,-380.89080797026753,122.7205431274294,34.0579700481185,"[0, -2.5103259063460437e-11, nan]"
1686463406.3095083,-380.89080797026753,122.74233742357465,34.0579700481185,"[0, -2.5103259063460437e-11, nan]"
1686463406.318851,-380.89080797026753,122.76410309518988,34.0579700481185,"[0, -2.5103259063460437e-11, nan]"
1686463406.3285663,-380.89080797026753,122.78584273429188,34.0579700481185,"[0, -2.5103259063460437e-11, nan]"
1686463406.3384361,-380.89080797026753,122.80755972579765,34.0579700481185,"[0, -2.5103259063460437e-11, nan]"
1686463406.3491323,-384.29993986975575,122.82925579108814,34.1185003324916,"[0, -2.578043044859725e-11, nan]"
1686463406.3598661,-384.29993986975575,122.85092974748014,34.1185003324916,"[0, -2.578043044859725e-11, nan]"
1686463406.3711615,-384.29993986975575,122.8725783967635,34.1185003324916,"[0, -2.578043044859725e-11, nan]"
1686463406.3817892,-384.29993986975575,122.89419889445753,34.1185003324916,"[0, -2.578043044859725e-11, nan]"
1686463406.3938806,-384.29993986975575,122.91579086342081,34.1185003324916,"[0, -2.578043044859725e-11, nan]"
1686463406.4058332,-384.29993986975575,122.93735669875268,34.1185003324916,"[0, -2.578043044859725e-11, nan]"
1686463406.4167712,-384.29993986975575,122.95889983659963,34.1185003324916,"[0, -2.578043044859725e-11, nan]"
1686463406.4299715,-384.29993986975575,122.98042225498357,34.1185003324916,"[0, -2.578043044859725e-11, nan]"
1686463406.4412863,-384.29993986975575,123.00192304229395,34.1185003324916,"[0, -2.578043044859725e-11, nan]"
1686463406.4533527,-384.29993986975575,123.02339908791319,34.1185003324916,"[0, -2.578043044859725e-11, nan]"
1686463406.4644735,-387.7150867798621,123.04484739143264,34.17834076863566,"[0, -2.3886751532067065e-11, nan]"
1686463406.4759421,-387.7150867798621,123.06626729445706,34.17834076863566,"[0, -2.3886751532067065e-11, nan]"
1686463406.4859324,-387.7150867798621,123.08766099260474,34.17834076863566,"[0, -2.3886751532067065e-11, nan]"
1686463406.4974916,-387.7150867798621,123.10903194751164,34.17834076863566,"[0, -2.3886751532067065e-11, nan]"
1686463406.5074544,-387.7150867798621,123.13038236385728,34.17834076863566,"[0, -2.3886751532067065e-11, nan]"
1686463406.5168555,-387.7150867798621,123.1517115880939,34.17834076863566,"[0, -2.3886751532067065e-11, nan]"
1686463406.5270839,-387.7150867798621,123.17301661012534,34.17834076863566,"[0, -2.3886751532067065e-11, nan]"
1686463406.5360162,-387.7150867798621,123.19429430251539,34.17834076863566,"[0, -2.3886751532067065e-11, nan]"
1686463406.5450513,-387.7150867798621,123.2155437498006,34.17834076863566,"[0, -2.3886751532067065e-11, nan]"
1686463406.5533822,-387.7150867798621,123.23676695050499,34.17834076863566,"[0, -2.3886751532067065e-11, nan]"
1686463406.5615067,-391.1361802316838,123.25796737113406,34.23750073277123,"[0, -2.1613813201123193e-11, nan]"
1686463406.5722363,-391.1361802316838,123.27914741458872,34.23750073277123,"[0, -2.1613813201123193e-11, nan]"
1686463406.5810323,-391.1361802316838,123.30030666944931,34.23750073277123,"[0, -2.1613813201123193e-11, nan]"
1686463406.5899358,-391.1361802316838,123.32144223373643,34.23750073277123,"[0, -2.1613813201123193e-11, nan]"
1686463406.6016126,-391.1361802316838,123.34255087821057,34.23750073277123,"[0, -2.1613813201123193e-11, nan]"
1686463406.6130004,-391.1361802316838,123.36363145488659,34.23750073277123,"[0, -2.1613813201123193e-11, nan]"
1686463406.623973,-391.1361802316838,123.38468577177291,34.23750073277123,"[0, -2.1613813201123193e-11, nan]"
1686463406.6335063,-391.1361802316838,123.4057172844794,34.23750073277123,"[0, -2.1613813201123193e-11, nan]"
1686463406.645663,-391.1361802316838,123.42672856771797,34.23750073277123,"[0, -2.1613813201123193e-11, nan]"
1686463406.6572788,-391.1361802316838,123.44771943402293,34.23750073277123,"[0, -2.1613813201123193e-11, nan]"
1686463406.6691806,-394.56315266423195,123.46868709243418,34.29598903086778,"[0, -2.3963705214740304e-11, nan]"
1686463406.6816218,-394.56315266423195,123.4896282334129,34.29598903086778,"[0, -2.3963705214740304e-11, nan]"
1686463406.694357,-394.56315266423195,123.51054150094724,34.29598903086778,"[0, -2.3963705214740304e-11, nan]"
1686463406.7052112,-394.56315266423195,123.53142852246064,34.29598903086778,"[0, -2.3963705214740304e-11, nan]"
1686463406.717785,-394.56315266423195,123.55229273132964,34.29598903086778,"[0, -2.3963705214740304e-11, nan]"
1686463406.7274997,-394.56315266423195,123.57313684984739,34.29598903086778,"[0, -2.3963705214740304e-11, nan]"
1686463406.737953,-394.56315266423195,123.59396089497987,34.29598903086778,"[0, -2.3963705214740304e-11, nan]"
1686463406.7485228,-394.56315266423195,123.61476218555599,34.29598903086778,"[0, -2.3963705214740304e-11, nan]"
1686463406.7603264,-394.56315266423195,123.63553734963925,34.29598903086778,"[0, -2.3963705214740304e-11, nan]"
1686463406.7691398,-394.56315266423195,123.65628484700092,34.29598903086778,"[0, -2.3963705214740304e-11, nan]"
1686463406.7791462,-397.9959374195028,123.67700613725366,34.35381488729942,"[0, -2.171214468544065e-11, nan]"
1686463406.7890851,-397.9959374195028,123.69770462427687,34.35381488729942,"[0, -2.171214468544065e-11, nan]"
1686463406.7968965,-397.9959374195028,123.71838315608738,34.35381488729942,"[0, -2.171214468544065e-11, nan]"
1686463406.805632,-397.9959374195028,123.73904193344079,34.35381488729942,"[0, -2.171214468544065e-11, nan]"
1686463406.8144617,-397.9959374195028,123.75967838038751,34.35381488729942,"[0, -2.171214468544065e-11, nan]"
1686463406.8228014,-397.9959374195028,123.78028907696617,34.35381488729942,"[0, -2.171214468544065e-11, nan]"
1686463406.8321319,-397.9959374195028,123.80087232175275,34.35381488729942,"[0, -2.171214468544065e-11, nan]"
1686463406.8420544,-397.9959374195028,123.82142942153341,34.35381488729942,"[0, -2.171214468544065e-11, nan]"
1686463406.851556,-397.9959374195028,123.84196374694811,34.35381488729942,"[0, -2.171214468544065e-11, nan]"
1686463406.86266,-397.9959374195028,123.8624782522371,34.35381488729942,"[0, -2.171214468544065e-11, nan]"
1686463406.8722482,-401.434468721901,123.88297330079513,34.41098680765014,"[0, -1.9890294124815903e-11, nan]"
1686463406.8827002,-401.434468721901,123.90344641427683,34.41098680765014,"[0, -1.9890294124815903e-11, nan]"
1686463406.8924878,-401.434468721901,123.9238941360778,34.41098680765014,"[0, -1.9890294124815903e-11, nan]"
1686463406.9043422,-401.434468721901,123.94431462553212,34.41098680765014,"[0, -1.9890294124815903e-11, nan]"
1686463406.9161477,-401.434468721901,123.96470905320449,34.41098680765014,"[0, -1.9890294124815903e-11, nan]"
1686463406.9270685,-401.434468721901,123.98508075597229,34.41098680765014,"[0, -1.9890294124815903e-11, nan]"
1686463406.9401717,-401.434468721901,124.00543277703119,34.41098680765014,"[0, -1.9890294124815903e-11, nan]"
1686463406.9521422,-401.434468721901,124.02576562088908,34.41098680765014,"[0, -1.9890294124815903e-11, nan]"
1686463406.9640722,-401.434468721901,124.04607689694039,34.41098680765014,"[0, -1.9890294124815903e-11, nan]"
1686463406.9749188,-401.434468721901,124.066363120395,34.41098680765014,"[0, -1.9890294124815903e-11, nan]"
1686463406.9870613,-404.8786816616003,124.08662233217129,34.46751355280202,"[0, -2.2425308287079225e-11, nan]"
1686463406.997074,-404.8786816616003,124.1068555846172,34.46751355280202,"[0, -2.2425308287079225e-11, nan]"
1686463407.0072951,-404.8786816616003,124.12706618296924,34.46751355280202,"[0, -2.2425308287079225e-11, nan]"
1686463407.0188687,-404.8786816616003,124.14725724410691,34.46751355280202,"[0, -2.2425308287079225e-11, nan]"
1686463407.0294955,-404.8786816616003,124.1674293923019,34.46751355280202,"[0, -2.2425308287079225e-11, nan]"
1686463407.039489,-404.8786816616003,124.1875803124889,34.46751355280202,"[0, -2.2425308287079225e-11, nan]"
1686463407.0494323,-404.8786816616003,124.20770649793177,34.46751355280202,"[0, -2.2425308287079225e-11, nan]"
1686463407.0592139,-404.8786816616003,124.22780589087652,34.46751355280202,"[0, -2.2425308287079225e-11, nan]"
1686463407.0683868,-404.8786816616003,124.24787944445362,34.46751355280202,"[0, -2.2425308287079225e-11, nan]"
1686463407.0772707,-404.8786816616003,124.26793043650942,34.46751355280202,"[0, -2.2425308287079225e-11, nan]"
1686463407.0861824,-408.3285121880836,124.28796204419942,34.52340360577651,"[0, -2.081947858491831e-11, nan]"
1686463407.0952032,-408.3285121880836,124.30797499029086,34.52340360577651,"[0, -2.081947858491831e-11, nan]"
1686463407.1045194,-408.3285121880836,124.32796702158576,34.52340360577651,"[0, -2.081947858491831e-11, nan]"
1686463407.115587,-408.3285121880836,124.34793461344634,34.52340360577651,"[0, -2.081947858491831e-11, nan]"
1686463407.1246269,-408.3285121880836,124.36787562821719,34.52340360577651,"[0, -2.081947858491831e-11, nan]"
1686463407.1353018,-408.3285121880836,124.38779093949562,34.52340360577651,"[0, -2.081947858491831e-11, nan]"
1686463407.1465545,-408.3285121880836,124.40768380395548,34.52340360577651,"[0, -2.081947858491831e-11, nan]"
1686463407.1575959,-408.3285121880836,124.42755744710867,34.52340360577651,"[0, -2.081947858491831e-11, nan]"
1686463407.1692214,-408.3285121880836,124.44741266898654,34.52340360577651,"[0, -2.081947858491831e-11, nan]"
1686463407.1812737,-408.3285121880836,124.46724726340672,34.52340360577651,"[0, -2.081947858491831e-11, nan]"
1686463407.193228,-411.78389708336437,124.48705769024619,34.578665139292966,"[0, -2.2754304877848594e-11, nan]"
1686463407.2038815,-411.78389708336437,124.50684174983489,34.578665139292966,"[0, -2.2754304877848594e-11, nan]"
1686463407.2162185,-411.78389708336437,124.5266002565255,34.578665139292966,"[0, -2.2754304877848594e-11, nan]"
1686463407.2283647,-411.78389708336437,124.54633645333361,34.578665139292966,"[0, -2.2754304877848594e-11, nan]"
1686463407.2396092,-411.78389708336437,124.56605360350441,34.578665139292966,"[0, -2.2754304877848594e-11, nan]"
1686463407.2505326,-411.78389708336437,124.58575256321983,34.578665139292966,"[0, -2.2754304877848594e-11, nan]"
1686463407.2617123,-411.78389708336437,124.6054311576363,34.578665139292966,"[0, -2.2754304877848594e-11, nan]"
1686463407.272569,-411.78389708336437,124.62508583214749,34.578665139292966,"[0, -2.2754304877848594e-11, nan]"
1686463407.283921,-411.78389708336437,124.64471434241041,34.578665139292966,"[0, -2.2754304877848594e-11, nan]"
1686463407.2936747,-411.78389708336437,124.66431746405725,34.578665139292966,"[0, -2.2754304877848594e-11, nan]"
1686463407.3033347,-415.2447739617567,124.6838984351236,34.633306616208074,"[0, -2.457094544985502e-11, nan]"
1686463407.3129866,-415.2447739617567,124.70346054684887,34.633306616208074,"[0, -2.457094544985502e-11, nan]"
1686463407.322051,-415.2447739617567,124.72300469062884,34.633306616208074,"[0, -2.457094544985502e-11, nan]"
1686463407.3310728,-415.2447739617567,124.7425287063832,34.633306616208074,"[0, -2.457094544985502e-11, nan]"
1686463407.339731,-415.2447739617567,124.76202902539062,34.633306616208074,"[0, -2.457094544985502e-11, nan]"
1686463407.3486476,-415.2447739617567,124.78150337544649,34.633306616208074,"[0, -2.457094544985502e-11, nan]"
1686463407.3560448,-415.2447739617567,124.80095251426665,34.633306616208074,"[0, -2.457094544985502e-11, nan]"
1686463407.365312,-415.2447739617567,124.82037968421847,34.633306616208074,"[0, -2.457094544985502e-11, nan]"
1686463407.375071,-415.2447739617567,124.83978819528275,34.633306616208074,"[0, -2.457094544985502e-11, nan]"
1686463407.3856902,-415.2447739617567,124.85917895327967,34.633306616208074,"[0, -2.457094544985502e-11, nan]"
1686463407.3959224,-418.71108124445294,124.87854979600725,34.68733577600515,"[0, -2.0916765320591144e-11, nan]"
1686463407.4068146,-418.71108124445294,124.8978971403787,34.68733577600515,"[0, -2.0916765320591144e-11, nan]"
1686463407.4173028,-418.71108124445294,124.91721870293277,34.68733577600515,"[0, -2.0916765320591144e-11, nan]"
1686463407.428034,-418.71108124445294,124.93651524450888,34.68733577600515,"[0, -2.0916765320591144e-11, nan]"
1686463407.439347,-418.71108124445294,124.95579002144204,34.68733577600515,"[0, -2.0916765320591144e-11, nan]"
1686463407.452259,-418.71108124445294,124.97504635334899,34.68733577600515,"[0, -2.0916765320591144e-11, nan]"
1686463407.4627395,-418.71108124445294,124.99428513967014,34.68733577600515,"[0, -2.0916765320591144e-11, nan]"
1686463407.4758434,-418.71108124445294,125.01350419903484,34.68733577600515,"[0, -2.0916765320591144e-11, nan]"
1686463407.4880338,-418.71108124445294,125.0326999336372,34.68733577600515,"[0, -2.0916765320591144e-11, nan]"
1686463407.4998949,-418.71108124445294,125.05187006540855,34.68733577600515,"[0, -2.0916765320591144e-11, nan]"
1686463407.510331,-422.18275815337563,125.07101537938125,34.74076084524654,"[0, -2.2042134326771222e-11, nan]"
1686463407.5214,-422.18275815337563,125.09013915542019,34.74076084524654,"[0, -2.2042134326771222e-11, nan]"
1686463407.5314794,-422.18275815337563,125.1092447137462,34.74076084524654,"[0, -2.2042134326771222e-11, nan]"
1686463407.5420718,-422.18275815337563,125.1283329263064,34.74076084524654,"[0, -2.2042134326771222e-11, nan]"
1686463407.5534246,-422.18275815337563,125.14740157567648,34.74076084524654,"[0, -2.2042134326771222e-11, nan]"
1686463407.563152,-422.18275815337563,125.16644704930205,34.74076084524654,"[0, -2.2042134326771222e-11, nan]"
1686463407.5733922,-422.18275815337563,125.18546709134772,34.74076084524654,"[0, -2.2042134326771222e-11, nan]"
1686463407.5830128,-422.18275815337563,125.20446253215232,34.74076084524654,"[0, -2.2042134326771222e-11, nan]"
1686463407.5928798,-422.18275815337563,125.22343668434878,34.74076084524654,"[0, -2.2042134326771222e-11, nan]"
1686463407.6002889,-422.18275815337563,125.24239285905242,34.74076084524654,"[0, -2.2042134326771222e-11, nan]"
1686463407.6086879,-425.65974469694436,125.2613318795593,34.79358939822564,"[0, -2.3914785295823573e-11, nan]"
1686463407.6180806,-425.65974469694436,125.28025147583067,34.79358939822564,"[0, -2.3914785295823573e-11, nan]"
1686463407.6286702,-425.65974469694436,125.29914802106451,34.79358939822564,"[0, -2.3914785295823573e-11, nan]"
1686463407.638138,-425.65974469694436,125.3180192991773,34.79358939822564,"[0, -2.3914785295823573e-11, nan]"
1686463407.6481886,-425.65974469694436,125.33686620670687,34.79358939822564,"[0, -2.3914785295823573e-11, nan]"
1686463407.659046,-425.65974469694436,125.35569209757033,34.79358939822564,"[0, -2.3914785295823573e-11, nan]"
1686463407.6702201,-425.65974469694436,125.37450026330171,34.79358939822564,"[0, -2.3914785295823573e-11, nan]"
1686463407.680223,-425.65974469694436,125.39329145722623,34.79358939822564,"[0, -2.3914785295823573e-11, nan]"
1686463407.6903958,-425.65974469694436,125.41206334045401,34.79358939822564,"[0, -2.3914785295823573e-11, nan]"
1686463407.7024722,-425.65974469694436,125.43081227374769,34.79358939822564,"[0, -2.3914785295823573e-11, nan]"
1686463407.7145147,-429.1419816522637,125.44953609880977,34.84582920861409,"[0, -2.475301319583098e-11, nan]"
1686463407.7258403,-429.1419816522637,125.46823579913708,34.84582920861409,"[0, -2.475301319583098e-11, nan]"
1686463407.7384558,-429.1419816522637,125.48691477731245,34.84582920861409,"[0, -2.475301319583098e-11, nan]"
1686463407.7494009,-429.1419816522637,125.50557629382584,34.84582920861409,"[0, -2.475301319583098e-11, nan]"
1686463407.7613015,-429.1419816522637,125.52422101010761,34.84582920861409,"[0, -2.475301319583098e-11, nan]"
1686463407.7724495,-429.1419816522637,125.54284650338832,34.84582920861409,"[0, -2.475301319583098e-11, nan]"
1686463407.7838173,-429.1419816522637,125.56144912495675,34.84582920861409,"[0, -2.475301319583098e-11, nan]"
1686463407.7936978,-429.1419816522637,125.58002679336697,34.84582920861409,"[0, -2.475301319583098e-11, nan]"
1686463407.8055532,-429.1419816522637,125.59858059940744,34.84582920861409,"[0, -2.475301319583098e-11, nan]"
1686463407.814772,-429.1419816522637,125.61711400036766,34.84582920861409,"[0, -2.475301319583098e-11, nan]"
1686463407.8248444,-432.6294105628442,125.6356302125656,34.89748785519039,"[0, -2.090968177919857e-11, nan]"
1686463407.8346999,-432.6294105628442,125.65412978365713,34.89748785519039,"[0, -2.090968177919857e-11, nan]"
1686463407.8441353,-432.6294105628442,125.67261019277502,34.89748785519039,"[0, -2.090968177919857e-11, nan]"
1686463407.8533797,-432.6294105628442,125.6910677867143,34.89748785519039,"[0, -2.090968177919857e-11, nan]"
1686463407.86196,-432.6294105628442,125.70950058083018,34.89748785519039,"[0, -2.090968177919857e-11, nan]"
1686463407.8700721,-432.6294105628442,125.72790979306392,34.89748785519039,"[0, -2.090968177919857e-11, nan]"
1686463407.879513,-432.6294105628442,125.74629893958137,34.89748785519039,"[0, -2.090968177919857e-11, nan]"
1686463407.888594,-432.6294105628442,125.7646711778536,34.89748785519039,"[0, -2.090968177919857e-11, nan]"
1686463407.8990076,-432.6294105628442,125.78302691933713,34.89748785519039,"[0, -2.090968177919857e-11, nan]"
1686463407.9091604,-432.6294105628442,125.80136353264643,34.89748785519039,"[0, -2.090968177919857e-11, nan]"
1686463407.920155,-436.1219737128532,125.81967736693387,34.94857260278351,"[0, -2.064641163491975e-11, nan]"
1686463407.9306574,-436.1219737128532,125.83796655567566,34.94857260278351,"[0, -2.064641163491975e-11, nan]"
1686463407.9415426,-436.1219737128532,125.85623246285468,34.94857260278351,"[0, -2.064641163491975e-11, nan]"
1686463407.9511867,-436.1219737128532,125.8744786655905,34.94857260278351,"[0, -2.064641163491975e-11, nan]"
1686463407.9631631,-436.1219737128532,125.8927082457698,34.94857260278351,"[0, -2.064641163491975e-11, nan]"
1686463407.9750936,-436.1219737128532,125.91092145625426,34.94857260278351,"[0, -2.064641163491975e-11, nan]"
1686463407.9871714,-436.1219737128532,125.92911554439907,34.94857260278351,"[0, -2.064641163491975e-11, nan]"
1686463407.9987748,-436.1219737128532,125.9472868711584,34.94857260278351,"[0, -2.064641163491975e-11, nan]"
1686463408.0118089,-436.1219737128532,125.96543371046592,34.94857260278351,"[0, -2.064641163491975e-11, nan]"
1686463408.0227792,-436.1219737128532,125.98355759039497,34.94857260278351,"[0, -2.064641163491975e-11, nan]"
1686463408.0348325,-439.619614129625,126.00166214828224,34.999091018965565,"[0, -2.1464836823312816e-11, nan]"
1686463408.0448637,-439.619614129625,126.0197503716885,34.999091018965565,"[0, -2.1464836823312816e-11, nan]"
1686463408.0553093,-439.619614129625,126.03782233247057,34.999091018965565,"[0, -2.1464836823312816e-11, nan]"
1686463408.0658839,-439.619614129625,126.05587514820819,34.999091018965565,"[0, -2.1464836823312816e-11, nan]"
1686463408.0764837,-439.619614129625,126.07390520390109,34.999091018965565,"[0, -2.1464836823312816e-11, nan]"
1686463408.0867906,-439.619614129625,126.09191093754399,34.999091018965565,"[0, -2.1464836823312816e-11, nan]"
1686463408.0964932,-439.619614129625,126.10989405765523,34.999091018965565,"[0, -2.1464836823312816e-11, nan]"
1686463408.1065538,-439.619614129625,126.1278582582967,34.999091018965565,"[0, -2.1464836823312816e-11, nan]"
1686463408.1158628,-439.619614129625,126.14580641163393,34.999091018965565,"[0, -2.1464836823312816e-11, nan]"
1686463408.1242425,-439.619614129625,126.16373838635919,34.999091018965565,"[0, -2.1464836823312816e-11, nan]"
1686463408.1328807,-443.1222755588251,126.18165116444216,35.04904997442756,"[0, -2.5458671698842607e-11, nan]"
1686463408.1421978,-443.1222755588251,126.19954117029556,35.04904997442756,"[0, -2.5458671698842607e-11, nan]"
1686463408.1524682,-443.1222755588251,126.21740703049218,35.04904997442756,"[0, -2.5458671698842607e-11, nan]"
1686463408.1631327,-443.1222755588251,126.23525064871447,35.04904997442756,"[0, -2.5458671698842607e-11, nan]"
1686463408.173122,-443.1222755588251,126.25307576866253,35.04904997442756,"[0, -2.5458671698842607e-11, nan]"
1686463408.183247,-443.1222755588251,126.27088512376831,35.04904997442756,"[0, -2.5458671698842607e-11, nan]"
1686463408.193637,-443.1222755588251,126.28867835801866,35.04904997442756,"[0, -2.5458671698842607e-11, nan]"
1686463408.2051795,-443.1222755588251,126.3064523151359,35.04904997442756,"[0, -2.5458671698842607e-11, nan]"
1686463408.2160547,-443.1222755588251,126.32420347753978,35.04904997442756,"[0, -2.5458671698842607e-11, nan]"
1686463408.2278244,-443.1222755588251,126.34193068584118,35.04904997442756,"[0, -2.5458671698842607e-11, nan]"
1686463408.239348,-446.62990246277593,126.35963605114522,35.098456878755094,"[0, -1.8601981515099742e-11, nan]"
1686463408.2523365,-446.62990246277593,126.37732335606397,35.098456878755094,"[0, -1.8601981515099742e-11, nan]"
1686463408.2639272,-446.62990246277593,126.3949951695411,35.098456878755094,"[0, -1.8601981515099742e-11, nan]"
1686463408.2763684,-446.62990246277593,126.412650890437,35.098456878755094,"[0, -1.8601981515099742e-11, nan]"
1686463408.2874362,-446.62990246277593,126.43028722525797,35.098456878755094,"[0, -1.8601981515099742e-11, nan]"
1686463408.29869,-446.62990246277593,126.44790073638414,35.098456878755094,"[0, -1.8601981515099742e-11, nan]"
1686463408.308634,-446.62990246277593,126.46549050458762,35.098456878755094,"[0, -1.8601981515099742e-11, nan]"
1686463408.3189738,-446.62990246277593,126.48305885767842,35.098456878755094,"[0, -1.8601981515099742e-11, nan]"
1686463408.3300877,-446.62990246277593,126.50060960232895,35.098456878755094,"[0, -1.8601981515099742e-11, nan]"
1686463408.3399677,-446.62990246277593,126.51814511513294,35.098456878755094,"[0, -1.8601981515099742e-11, nan]"
1686463408.3484333,-450.1424400040878,126.53566453092081,35.147318397591214,"[0, -2.1804532651260988e-11, nan]"
1686463408.3579948,-450.1424400040878,126.55316442411022,35.147318397591214,"[0, -2.1804532651260988e-11, nan]"
1686463408.3667955,-450.1424400040878,126.57064146273751,35.147318397591214,"[0, -2.1804532651260988e-11, nan]"
1686463408.3755555,-450.1424400040878,126.58809499369691,35.147318397591214,"[0, -2.1804532651260988e-11, nan]"
1686463408.383887,-450.1424400040878,126.6055275676179,35.147318397591214,"[0, -2.1804532651260988e-11, nan]"
1686463408.3938925,-450.1424400040878,126.62294299571094,35.147318397591214,"[0, -2.1804532651260988e-11, nan]"
1686463408.4039352,-450.1424400040878,126.64034343256063,35.147318397591214,"[0, -2.1804532651260988e-11, nan]"
1686463408.4136376,-450.1424400040878,126.6577277321414,35.147318397591214,"[0, -2.1804532651260988e-11, nan]"
1686463408.4249754,-450.1424400040878,126.67509234668341,35.147318397591214,"[0, -2.1804532651260988e-11, nan]"
1686463408.4356377,-450.1424400040878,126.69243407900795,35.147318397591214,"[0, -2.1804532651260988e-11, nan]"
1686463408.446776,-453.65983403453293,126.70975256782712,35.1956416184088,"[0, -2.2129096197580497e-11, nan]"
1686463408.4574697,-453.65983403453293,126.72705058829906,35.1956416184088,"[0, -2.2129096197580497e-11, nan]"
1686463408.469718,-453.65983403453293,126.74433193224449,35.1956416184088,"[0, -2.2129096197580497e-11, nan]"
1686463408.4811292,-453.65983403453293,126.7615985008706,35.1956416184088,"[0, -2.2129096197580497e-11, nan]"
1686463408.493308,-453.65983403453293,126.77884885346084,35.1956416184088,"[0, -2.2129096197580497e-11, nan]"
1686463408.5048025,-453.65983403453293,126.79607933505686,35.1956416184088,"[0, -2.2129096197580497e-11, nan]"
1686463408.5155065,-453.65983403453293,126.81328691572344,35.1956416184088,"[0, -2.2129096197580497e-11, nan]"
1686463408.52719,-453.65983403453293,126.83047155068452,35.1956416184088,"[0, -2.2129096197580497e-11, nan]"
1686463408.537361,-453.65983403453293,126.84763623659164,35.1956416184088,"[0, -2.2129096197580497e-11, nan]"
1686463408.547678,-453.65983403453293,126.86478471693863,35.1956416184088,"[0, -2.2129096197580497e-11, nan]"
1686463408.5584855,-457.182031089553,126.88191860725874,35.243433156195984,"[0, -2.6996951614476154e-11, nan]"
1686463408.5683236,-457.182031089553,126.89903616205174,35.243433156195984,"[0, -2.6996951614476154e-11, nan]"
1686463408.5786347,-457.182031089553,126.91613363962134,35.243433156195984,"[0, -2.6996951614476154e-11, nan]"
1686463408.5868585,-457.182031089553,126.93320821300532,35.243433156195984,"[0, -2.6996951614476154e-11, nan]"
1686463408.5958247,-457.182031089553,126.9502601766295,35.243433156195984,"[0, -2.6996951614476154e-11, nan]"
1686463408.6047094,-457.182031089553,126.96729274009321,35.243433156195984,"[0, -2.6996951614476154e-11, nan]"
1686463408.6141798,-457.182031089553,126.98430956489665,35.243433156195984,"[0, -2.6996951614476154e-11, nan]"
1686463408.6239605,-457.182031089553,127.00131194821952,35.243433156195984,"[0, -2.6996951614476154e-11, nan]"
1686463408.6339583,-457.182031089553,127.01829783404646,35.243433156195984,"[0, -2.6996951614476154e-11, nan]"
1686463408.6442254,-457.182031089553,127.03526342058194,35.243433156195984,"[0, -2.6996951614476154e-11, nan]"
1686463408.6553981,-460.7089783680051,127.05220612210051,35.29069968339357,"[0, -2.0041650397143357e-11, nan]"
1686463408.6658533,-460.7089783680051,127.06912659217942,35.29069968339357,"[0, -2.0041650397143357e-11, nan]"
1686463408.677578,-460.7089783680051,127.08602823863203,35.29069968339357,"[0, -2.0041650397143357e-11, nan]"
1686463408.6887085,-460.7089783680051,127.10291460249482,35.29069968339357,"[0, -2.0041650397143357e-11, nan]"
1686463408.7002234,-460.7089783680051,127.11978663040064,35.29069968339357,"[0, -2.0041650397143357e-11, nan]"
1686463408.7114358,-460.7089783680051,127.13664195576003,35.29069968339357,"[0, -2.0041650397143357e-11, nan]"
1686463408.7240663,-460.7089783680051,127.1534767493431,35.29069968339357,"[0, -2.0041650397143357e-11, nan]"
1686463408.7360008,-460.7089783680051,127.17028870698759,35.29069968339357,"[0, -2.0041650397143357e-11, nan]"
1686463408.74819,-460.7089783680051,127.18707885748209,35.29069968339357,"[0, -2.0041650397143357e-11, nan]"
1686463408.7589495,-460.7089783680051,127.20385078534255,35.29069968339357,"[0, -2.0041650397143357e-11, nan]"
1686463408.7702796,-464.2406237347844,127.22060786826641,35.337447825045814,"[0, -2.1975805874430552e-11, nan]"
1686463408.780132,-464.2406237347844,127.23735067173747,35.337447825045814,"[0, -2.1975805874430552e-11, nan]"
1686463408.7907252,-464.2406237347844,127.25407652483936,35.337447825045814,"[0, -2.1975805874430552e-11, nan]"
1686463408.801774,-464.2406237347844,127.27078160989349,35.337447825045814,"[0, -2.1975805874430552e-11, nan]"
1686463408.8105254,-464.2406237347844,127.28746394580594,35.337447825045814,"[0, -2.1975805874430552e-11, nan]"
1686463408.8205335,-464.2406237347844,127.30412494764168,35.337447825045814,"[0, -2.1975805874430552e-11, nan]"
1686463408.8299177,-464.2406237347844,127.32076834782947,35.337447825045814,"[0, -2.1975805874430552e-11, nan]"
1686463408.8393261,-464.2406237347844,127.3373973139478,35.337447825045814,"[0, -2.1975805874430552e-11, nan]"
1686463408.8473842,-464.2406237347844,127.35401200241085,35.337447825045814,"[0, -2.1975805874430552e-11, nan]"
1686463408.855683,-464.2406237347844,127.3706094515157,35.337447825045814,"[0, -2.1975805874430552e-11, nan]"
1686463408.8667192,-467.77691569590445,127.38718590030895,35.38368384420196,"[0, -2.1865763263466403e-11, nan]"
1686463408.8764017,-467.77691569590445,127.40373973247642,35.38368384420196,"[0, -2.1865763263466403e-11, nan]"
1686463408.8853164,-467.77691569590445,127.42027275425117,35.38368384420196,"[0, -2.1865763263466403e-11, nan]"
1686463408.896638,-467.77691569590445,127.43678880931694,35.38368384420196,"[0, -2.1865763263466403e-11, nan]"
1686463408.9063087,-467.77691569590445,127.45329080531829,35.38368384420196,"[0, -2.1865763263466403e-11, nan]"
1686463408.91747,-467.77691569590445,127.46977846571626,35.38368384420196,"[0, -2.1865763263466403e-11, nan]"
1686463408.9277956,-467.77691569590445,127.4862485597685,35.38368384420196,"[0, -2.1865763263466403e-11, nan]"
1686463408.9398088,-467.77691569590445,127.50269743432891,35.38368384420196,"[0, -2.1865763263466403e-11, nan]"
1686463408.951117,-467.77691569590445,127.51912387827797,35.38368384420196,"[0, -2.1865763263466403e-11, nan]"
1686463408.963079,-467.77691569590445,127.53553008654144,35.38368384420196,"[0, -2.1865763263466403e-11, nan]"
1686463408.975677,-471.31780340371955,127.55191996954727,35.42941434438006,"[0, -1.816176309271712e-11, nan]"
1686463408.9879048,-471.31780340371955,127.5682961229957,35.42941434438006,"[0, -1.816176309271712e-11, nan]"
1686463408.9996507,-471.31780340371955,127.58465781911,35.42941434438006,"[0, -1.816176309271712e-11, nan]"
1686463409.0112135,-471.31780340371955,127.60100158866626,35.42941434438006,"[0, -1.816176309271712e-11, nan]"
1686463409.0212147,-471.31780340371955,127.6173239427857,35.42941434438006,"[0, -1.816176309271712e-11, nan]"
1686463409.032256,-471.31780340371955,127.63362411332092,35.42941434438006,"[0, -1.816176309271712e-11, nan]"
1686463409.0427828,-471.31780340371955,127.64990467261906,35.42941434438006,"[0, -1.816176309271712e-11, nan]"
1686463409.052975,-471.31780340371955,127.66616954562087,35.42941434438006,"[0, -1.816176309271712e-11, nan]"
1686463409.0634484,-471.31780340371955,127.68242096318791,35.42941434438006,"[0, -1.816176309271712e-11, nan]"
1686463409.072918,-471.31780340371955,127.69865773506372,35.42941434438006,"[0, -1.816176309271712e-11, nan]"
1686463409.082176,-474.86323663308957,127.71487619376622,35.47464525979485,"[0, -2.0451444728697705e-11, nan]"
1686463409.0909634,-474.86323663308957,127.73107307534302,35.47464525979485,"[0, -2.0451444728697705e-11, nan]"
1686463409.0997915,-474.86323663308957,127.74724808803512,35.47464525979485,"[0, -2.0451444728697705e-11, nan]"
1686463409.109046,-474.86323663308957,127.76340416068906,35.47464525979485,"[0, -2.0451444728697705e-11, nan]"
1686463409.117498,-474.86323663308957,127.77954517277703,35.47464525979485,"[0, -2.0451444728697705e-11, nan]"
1686463409.128485,-474.86323663308957,127.79567293835571,35.47464525979485,"[0, -2.0451444728697705e-11, nan]"
1686463409.1379697,-474.86323663308957,127.81178580222841,35.47464525979485,"[0, -2.0451444728697705e-11, nan]"
1686463409.1479554,-474.86323663308957,127.82787994854353,35.47464525979485,"[0, -2.0451444728697705e-11, nan]"
1686463409.158186,-474.86323663308957,127.84395240202831,35.47464525979485,"[0, -2.0451444728697705e-11, nan]"
1686463409.168329,-474.86323663308957,127.86000337465812,35.47464525979485,"[0, -2.0451444728697705e-11, nan]"
1686463409.1800869,-478.4131657837531,127.87603611989489,35.519383086764186,"[0, -1.9455565310323394e-11, nan]"
1686463409.1916926,-478.4131657837531,127.89205440499809,35.519383086764186,"[0, -1.9455565310323394e-11, nan]"
1686463409.2036426,-478.4131657837531,127.90805957803805,35.519383086764186,"[0, -1.9455565310323394e-11, nan]"
1686463409.214618,-478.4131657837531,127.92404952643629,35.519383086764186,"[0, -1.9455565310323394e-11, nan]"
1686463409.2268927,-478.4131657837531,127.94002034583518,35.519383086764186,"[0, -1.9455565310323394e-11, nan]"
1686463409.238604,-478.4131657837531,127.95596941497134,35.519383086764186,"[0, -1.9455565310323394e-11, nan]"
1686463409.2509193,-478.4131657837531,127.97189746853165,35.519383086764186,"[0, -1.9455565310323394e-11, nan]"
1686463409.2608745,-478.4131657837531,127.9878080412318,35.519383086764186,"[0, -1.9455565310323394e-11, nan]"
1686463409.2708976,-478.4131657837531,128.0037047156282,35.519383086764186,"[0, -1.9455565310323394e-11, nan]"
1686463409.2820678,-478.4131657837531,128.01958832933815,35.519383086764186,"[0, -1.9455565310323394e-11, nan]"
1686463409.2934196,-481.96754186216685,128.03545633189424,35.56363354125412,"[0, -2.519465187014797e-11, nan]"
1686463409.303061,-481.96754186216685,128.0513047996081,35.56363354125412,"[0, -2.519465187014797e-11, nan]"
1686463409.311653,-481.96754186216685,128.06713153006913,35.56363354125412,"[0, -2.519465187014797e-11, nan]"
1686463409.321602,-481.96754186216685,128.08293778941297,35.56363354125412,"[0, -2.519465187014797e-11, nan]"
1686463409.329009,-481.96754186216685,128.09872733825415,35.56363354125412,"[0, -2.519465187014797e-11, nan]"
1686463409.3372548,-481.96754186216685,128.1145034978301,35.56363354125412,"[0, -2.519465187014797e-11, nan]"
1686463409.3465128,-481.96754186216685,128.13026655777813,35.56363354125412,"[0, -2.519465187014797e-11, nan]"
1686463409.3568728,-481.96754186216685,128.14601356240675,35.56363354125412,"[0, -2.519465187014797e-11, nan]"
1686463409.3657026,-481.96754186216685,128.16174064649132,35.56363354125412,"[0, -2.519465187014797e-11, nan]"
1686463409.3755002,-481.96754186216685,128.177446088533,35.56363354125412,"[0, -2.519465187014797e-11, nan]"
1686463409.3859372,-485.5263164775149,128.1931316825505,35.607402917668594,"[0, -1.6533189466448727e-11, nan]"
1686463409.3975377,-485.5263164775149,128.20880134764994,35.607402917668594,"[0, -1.6533189466448727e-11, nan]"
1686463409.407231,-485.5263164775149,128.22445806477663,35.607402917668594,"[0, -1.6533189466448727e-11, nan]"
1686463409.418179,-485.5263164775149,128.2401015480209,35.607402917668594,"[0, -1.6533189466448727e-11, nan]"
1686463409.4306035,-485.5263164775149,128.2557284828934,35.607402917668594,"[0, -1.6533189466448727e-11, nan]"
1686463409.4422894,-485.5263164775149,128.27133514776526,35.607402917668594,"[0, -1.6533189466448727e-11, nan]"
1686463409.4529846,-485.5263164775149,128.2869203585682,35.607402917668594,"[0, -1.6533189466448727e-11, nan]"
1686463409.4666412,-485.5263164775149,128.30248641968555,35.607402917668594,"[0, -1.6533189466448727e-11, nan]"
1686463409.4775314,-485.5263164775149,128.31803732955032,35.607402917668594,"[0, -1.6533189466448727e-11, nan]"
1686463409.489395,-485.5263164775149,128.33357565024016,35.607402917668594,"[0, -1.6533189466448727e-11, nan]"
1686463409.4999187,-489.08944183145064,128.3491005047101,35.65069681418437,"[0, -2.0292391740647887e-11, nan]"
1686463409.511501,-489.08944183145064,128.36460828086237,35.65069681418437,"[0, -2.0292391740647887e-11, nan]"
1686463409.5227797,-489.08944183145064,128.38009549105593,35.65069681418437,"[0, -2.0292391740647887e-11, nan]"
1686463409.5330493,-489.08944183145064,128.3955615368621,35.65069681418437,"[0, -2.0292391740647887e-11, nan]"
1686463409.5440621,-489.08944183145064,128.4110091997598,35.65069681418437,"[0, -2.0292391740647887e-11, nan]"
1686463409.5540607,-489.08944183145064,128.42644246785366,35.65069681418437,"[0, -2.0292391740647887e-11, nan]"
1686463409.5639493,-489.08944183145064,128.44186340875459,35.65069681418437,"[0, -2.0292391740647887e-11, nan]"
1686463409.5731697,-489.08944183145064,128.45727055348652,35.65069681418437,"[0, -2.0292391740647887e-11, nan]"
1686463409.5820932,-489.08944183145064,128.47266006810477,35.65069681418437,"[0, -2.0292391740647887e-11, nan]"
1686463409.5909069,-489.08944183145064,128.4880287923241,35.65069681418437,"[0, -2.0292391740647887e-11, nan]"
1686463409.5993505,-492.65687070671237,128.50337675002794,35.69352125179707,"[0, -2.018117369863877e-11, nan]"
1686463409.6089687,-492.65687070671237,128.5187071495633,35.69352125179707,"[0, -2.018117369863877e-11, nan]"
1686463409.6188006,-492.65687070671237,128.5340238702256,35.69352125179707,"[0, -2.018117369863877e-11, nan]"
1686463409.628174,-492.65687070671237,128.54932841605734,35.69352125179707,"[0, -2.018117369863877e-11, nan]"
1686463409.6393328,-492.65687070671237,128.56461874222606,35.69352125179707,"[0, -2.018117369863877e-11, nan]"
1686463409.649688,-492.65687070671237,128.57989088269844,35.69352125179707,"[0, -2.018117369863877e-11, nan]"
1686463409.6607153,-492.65687070671237,128.59514209769222,35.69352125179707,"[0, -2.018117369863877e-11, nan]"
1686463409.6706693,-492.65687070671237,128.6103730556217,35.69352125179707,"[0, -2.018117369863877e-11, nan]"
1686463409.6816633,-492.65687070671237,128.62558732395573,35.69352125179707,"[0, -2.018117369863877e-11, nan]"
1686463409.6937788,-492.65687070671237,128.64078856808428,35.69352125179707,"[0, -2.018117369863877e-11, nan]"
1686463409.7056158,-496.22855646464166,128.6559776695167,35.735881778366924,"[0, -2.150295026360672e-11, nan]"
1686463409.7176707,-496.22855646464166,128.67115204229177,35.735881778366924,"[0, -2.150295026360672e-11, nan]"
1686463409.730649,-496.22855646464166,128.68630769089378,35.735881778366924,"[0, -2.150295026360672e-11, nan]"
1686463409.7422183,-496.22855646464166,128.7014423854189,35.735881778366924,"[0, -2.150295026360672e-11, nan]"
1686463409.7544086,-496.22855646464166,128.71655744330585,35.735881778366924,"[0, -2.150295026360672e-11, nan]"
1686463409.7656677,-496.22855646464166,128.73165670599883,35.735881778366924,"[0, -2.150295026360672e-11, nan]"
1686463409.7764745,-496.22855646464166,128.7467435165414,35.735881778366924,"[0, -2.150295026360672e-11, nan]"
1686463409.787196,-496.22855646464166,128.76181808858857,35.735881778366924,"[0, -2.150295026360672e-11, nan]"
1686463409.7972965,-496.22855646464166,128.77687735021374,35.735881778366924,"[0, -2.150295026360672e-11, nan]"
1686463409.808381,-496.22855646464166,128.79191738936825,35.735881778366924,"[0, -2.150295026360672e-11, nan]"
1686463409.8181152,-499.80445302742737,128.8069365674899,35.77778410674706,"[0, -2.209709381206454e-11, nan]"
1686463409.828727,-499.80445302742737,128.82193683549778,35.77778410674706,"[0, -2.209709381206454e-11, nan]"
1686463409.8378575,-499.80445302742737,128.83692220682389,35.77778410674706,"[0, -2.209709381206454e-11, nan]"
1686463409.8464425,-499.80445302742737,128.85189559428437,35.77778410674706,"[0, -2.209709381206454e-11, nan]"
1686463409.855287,-499.80445302742737,128.8668565159067,35.77778410674706,"[0, -2.209709381206454e-11, nan]"
1686463409.8636532,-499.80445302742737,128.88180148964858,35.77778410674706,"[0, -2.209709381206454e-11, nan]"
1686463409.8732836,-499.80445302742737,128.89672680739204,35.77778410674706,"[0, -2.209709381206454e-11, nan]"
1686463409.883922,-499.80445302742737,128.91163149134226,35.77778410674706,"[0, -2.209709381206454e-11, nan]"
1686463409.8930345,-499.80445302742737,128.92651808767914,35.77778410674706,"[0, -2.209709381206454e-11, nan]"
1686463409.9043255,-499.80445302742737,128.94139066521913,35.77778410674706,"[0, -2.209709381206454e-11, nan]"
1686463409.9136894,-503.3845148816368,128.95625160339952,35.81923376387639,"[0, -2.5850673057287318e-11, nan]"
1686463409.9248817,-503.3845148816368,128.97109971796053,35.81923376387639,"[0, -2.5850673057287318e-11, nan]"
1686463409.9347587,-503.3845148816368,128.98593121328014,35.81923376387639,"[0, -2.5850673057287318e-11, nan]"
1686463409.947423,-503.3845148816368,129.00074270918557,35.81923376387639,"[0, -2.5850673057287318e-11, nan]"
1686463409.957969,-503.3845148816368,129.015533941146,35.81923376387639,"[0, -2.5850673057287318e-11, nan]"
1686463409.969536,-503.3845148816368,129.0303079886464,35.81923376387639,"[0, -2.5850673057287318e-11, nan]"
1686463409.9815912,-503.3845148816368,129.0450688471141,35.81923376387639,"[0, -2.5850673057287318e-11, nan]"
1686463409.9935596,-503.3845148816368,129.05981826951938,35.81923376387639,"[0, -2.5850673057287318e-11, nan]"
1686463410.0043063,-503.3845148816368,129.07455438676007,35.81923376387639,"[0, -2.5850673057287318e-11, nan]"
1686463410.0167594,-503.3845148816368,129.08927320542736,35.81923376387639,"[0, -2.5850673057287318e-11, nan]"
1686463410.026987,-506.9686970562914,129.10397179607062,35.86023615477177,"[0, -2.053463865767199e-11, nan]"
1686463410.0382519,-506.9686970562914,129.11865063883542,35.86023615477177,"[0, -2.053463865767199e-11, nan]"
1686463410.0475967,-506.9686970562914,129.13331325998024,35.86023615477177,"[0, -2.053463865767199e-11, nan]"
1686463410.059498,-506.9686970562914,129.14796344485768,35.86023615477177,"[0, -2.053463865767199e-11, nan]"
1686463410.0682015,-506.9686970562914,129.1626022419554,35.86023615477177,"[0, -2.053463865767199e-11, nan]"
1686463410.078238,-506.9686970562914,129.1772271413387,35.86023615477177,"[0, -2.053463865767199e-11, nan]"
1686463410.0883431,-506.9686970562914,129.19183408446062,35.86023615477177,"[0, -2.053463865767199e-11, nan]"
1686463410.096076,-506.9686970562914,129.20642070863616,35.86023615477177,"[0, -2.053463865767199e-11, nan]"
1686463410.104994,-506.9686970562914,129.22098824477234,35.86023615477177,"[0, -2.053463865767199e-11, nan]"
1686463410.113393,-506.9686970562914,129.23554055560382,35.86023615477177,"[0, -2.053463865767199e-11, nan]"
1686463410.123103,-510.5569551299212,129.2500810766729,35.9007967835881,"[0, -1.8813441620615273e-11, nan]"
1686463410.1330283,-510.5569551299212,129.26461009430187,35.9007967835881,"[0, -1.8813441620615273e-11, nan]"
1686463410.1432748,-510.5569551299212,129.27912452997808,35.9007967835881,"[0, -1.8813441620615273e-11, nan]"
1686463410.1543312,-510.5569551299212,129.2936204056159,35.9007967835881,"[0, -1.8813441620615273e-11, nan]"
1686463410.164192,-510.5569551299212,129.30809602856536,35.9007967835881,"[0, -1.8813441620615273e-11, nan]"
1686463410.1745682,-510.5569551299212,129.32255335793744,35.9007967835881,"[0, -1.8813441620615273e-11, nan]"
1686463410.185247,-510.5569551299212,129.33699646079532,35.9007967835881,"[0, -1.8813441620615273e-11, nan]"
1686463410.1977818,-510.5569551299212,129.35142828580248,35.9007967835881,"[0, -1.8813441620615273e-11, nan]"
1686463410.2091572,-510.5569551299212,129.36584832536428,35.9007967835881,"[0, -1.8813441620615273e-11, nan]"
1686463410.2209046,-510.5569551299212,129.38025303263913,35.9007967835881,"[0, -1.8813441620615273e-11, nan]"
1686463410.2334561,-514.1492452069948,129.39463866376482,35.94092077280439,"[0, -1.8347273139576045e-11, nan]"
1686463410.2456105,-514.1492452069948,129.4090042802858,35.94092077280439,"[0, -1.8347273139576045e-11, nan]"
1686463410.2572749,-514.1492452069948,129.42335251567985,35.94092077280439,"[0, -1.8347273139576045e-11, nan]"
1686463410.2687235,-514.1492452069948,129.43768749086212,35.94092077280439,"[0, -1.8347273139576045e-11, nan]"
1686463410.2801301,-514.1492452069948,129.45201154018451,35.94092077280439,"[0, -1.8347273139576045e-11, nan]"
1686463410.2904565,-514.1492452069948,129.46632336050007,35.94092077280439,"[0, -1.8347273139576045e-11, nan]"
1686463410.301432,-514.1492452069948,129.48061906389412,35.94092077280439,"[0, -1.8347273139576045e-11, nan]"
1686463410.3124585,-514.1492452069948,129.49489529609602,35.94092077280439,"[0, -1.8347273139576045e-11, nan]"
1686463410.322954,-514.1492452069948,129.50915193194197,35.94092077280439,"[0, -1.8347273139576045e-11, nan]"
1686463410.3325596,-514.1492452069948,129.52339219292153,35.94092077280439,"[0, -1.8347273139576045e-11, nan]"
1686463410.343426,-517.7455239260324,129.53762008990307,35.980613582430436,"[0, -2.0795709916316332e-11, nan]"
1686463410.3519502,-517.7455239260324,129.55183723220216,35.980613582430436,"[0, -2.0795709916316332e-11, nan]"
1686463410.361249,-517.7455239260324,129.56604155357817,35.980613582430436,"[0, -2.0795709916316332e-11, nan]"
1686463410.369618,-517.7455239260324,129.58022897605025,35.980613582430436,"[0, -2.0795709916316332e-11, nan]"
1686463410.3791168,-517.7455239260324,129.59439668488523,35.980613582430436,"[0, -2.0795709916316332e-11, nan]"
1686463410.3885174,-517.7455239260324,129.6085453959844,35.980613582430436,"[0, -2.0795709916316332e-11, nan]"
1686463410.3961742,-517.7455239260324,129.62267880080182,35.980613582430436,"[0, -2.0795709916316332e-11, nan]"
1686463410.405987,-517.7455239260324,129.6368006293056,35.980613582430436,"[0, -2.0795709916316332e-11, nan]"
1686463410.4158037,-517.7455239260324,129.6509116791698,35.980613582430436,"[0, -2.0795709916316332e-11, nan]"
1686463410.4250336,-517.7455239260324,129.66500918939548,35.980613582430436,"[0, -2.0795709916316332e-11, nan]"
1686463410.4367938,-521.3457484366223,129.67908906255306,36.019880090609924,"[0, -1.4220634623097704e-11, nan]"
1686463410.4465559,-521.3457484366223,129.6931491595138,36.019880090609924,"[0, -1.4220634623097704e-11, nan]"
1686463410.4572601,-521.3457484366223,129.70719102916993,36.019880090609924,"[0, -1.4220634623097704e-11, nan]"
1686463410.4687464,-521.3457484366223,129.7212186851155,36.019880090609924,"[0, -1.4220634623097704e-11, nan]"
1686463410.4806042,-521.3457484366223,129.73523540650822,36.019880090609924,"[0, -1.4220634623097704e-11, nan]"
1686463410.4921956,-521.3457484366223,129.74924112390764,36.019880090609924,"[0, -1.4220634623097704e-11, nan]"
1686463410.5037885,-521.3457484366223,129.76323248685912,36.019880090609924,"[0, -1.4220634623097704e-11, nan]"
1686463410.5157883,-521.3457484366223,129.77720556141958,36.019880090609924,"[0, -1.4220634623097704e-11, nan]"
1686463410.5282948,-521.3457484366223,129.79115899832524,36.019880090609924,"[0, -1.4220634623097704e-11, nan]"
1686463410.5395966,-521.3457484366223,129.80509513161851,36.019880090609924,"[0, -1.4220634623097704e-11, nan]"
1686463410.5510974,-524.9498764066115,129.81901812414708,36.05872568386479,"[0, -1.7928337304190645e-11, nan]"
1686463410.5613983,-524.9498764066115,129.83293064379214,36.05872568386479,"[0, -1.7928337304190645e-11, nan]"
1686463410.571972,-524.9498764066115,129.84683173637714,36.05872568386479,"[0, -1.7928337304190645e-11, nan]"
1686463410.583745,-524.9498764066115,129.86071760244923,36.05872568386479,"[0, -1.7928337304190645e-11, nan]"
1686463410.5944629,-524.9498764066115,129.8745846588774,36.05872568386479,"[0, -1.7928337304190645e-11, nan]"
1686463410.6048424,-524.9498764066115,129.88843242981838,36.05872568386479,"[0, -1.7928337304190645e-11, nan]"
1686463410.6148627,-524.9498764066115,129.90226394553156,36.05872568386479,"[0, -1.7928337304190645e-11, nan]"
1686463410.6250563,-524.9498764066115,129.9160833262249,36.05872568386479,"[0, -1.7928337304190645e-11, nan]"
1686463410.6328347,-524.9498764066115,129.92989248801624,36.05872568386479,"[0, -1.7928337304190645e-11, nan]"
1686463410.6420166,-524.9498764066115,129.94368961615638,36.05872568386479,"[0, -1.7928337304190645e-11, nan]"
1686463410.6511323,-528.5578660013381,129.9574706342115,36.09715503689455,"[0, -2.481417220444681e-11, nan]"
1686463410.6599836,-528.5578660013381,129.97123249219368,36.09715503689455,"[0, -2.481417220444681e-11, nan]"
1686463410.66888,-528.5578660013381,129.98497563282453,36.09715503689455,"[0, -2.481417220444681e-11, nan]"
1686463410.6779478,-528.5578660013381,129.99870365281967,36.09715503689455,"[0, -2.481417220444681e-11, nan]"
1686463410.6881669,-528.5578660013381,130.01242042787945,36.09715503689455,"[0, -2.481417220444681e-11, nan]"
1686463410.6980917,-528.5578660013381,130.02612701045493,36.09715503689455,"[0, -2.481417220444681e-11, nan]"
1686463410.7096574,-528.5578660013381,130.0398207953278,36.09715503689455,"[0, -2.481417220444681e-11, nan]"
1686463410.7202604,-528.5578660013381,130.05349762619227,36.09715503689455,"[0, -2.481417220444681e-11, nan]"
1686463410.7315974,-528.5578660013381,130.06715515244505,36.09715503689455,"[0, -2.481417220444681e-11, nan]"
1686463410.742534,-528.5578660013381,130.0807947359768,36.09715503689455,"[0, -2.481417220444681e-11, nan]"
1686463410.7552295,-532.1696758885822,130.09442037255377,36.13517343401429,"[0, -1.8175628058863337e-11, nan]"
1686463410.767058,-532.1696758885822,130.1080354912796,36.13517343401429,"[0, -1.8175628058863337e-11, nan]"
1686463410.7791977,-532.1696758885822,130.12164020784422,36.13517343401429,"[0, -1.8175628058863337e-11, nan]"
1686463410.7910056,-532.1696758885822,130.13523124248587,36.13517343401429,"[0, -1.8175628058863337e-11, nan]"
1686463410.8012857,-532.1696758885822,130.1488045727112,36.13517343401429,"[0, -1.8175628058863337e-11, nan]"
1686463410.8113582,-532.1696758885822,130.16235868644782,36.13517343401429,"[0, -1.8175628058863337e-11, nan]"
1686463410.8228388,-532.1696758885822,130.17589581629582,36.13517343401429,"[0, -1.8175628058863337e-11, nan]"
1686463410.833667,-532.1696758885822,130.18942015762042,36.13517343401429,"[0, -1.8175628058863337e-11, nan]"
1686463410.8434029,-532.1696758885822,130.20293450296558,36.13517343401429,"[0, -1.8175628058863337e-11, nan]"
1686463410.8521137,-532.1696758885822,130.21643800426773,36.13517343401429,"[0, -1.8175628058863337e-11, nan]"
1686463410.861491,-535.785265220975,130.2299268672603,36.17278538327663,"[0, -1.684148323558057e-11, nan]"
1686463410.8698409,-535.785265220975,130.24339742239846,36.17278538327663,"[0, -1.684148323558057e-11, nan]"
1686463410.8822854,-535.785265220975,130.25684909768606,36.17278538327663,"[0, -1.684148323558057e-11, nan]"
1686463410.8899894,-535.785265220975,130.27028489650803,36.17278538327663,"[0, -1.684148323558057e-11, nan]"
1686463410.8990982,-535.785265220975,130.28370899150997,36.17278538327663,"[0, -1.684148323558057e-11, nan]"
1686463410.9084308,-535.785265220975,130.2971233728029,36.17278538327663,"[0, -1.684148323558057e-11, nan]"
1686463410.9175355,-535.785265220975,130.31052625425073,36.17278538327663,"[0, -1.684148323558057e-11, nan]"
1686463410.9270043,-535.785265220975,130.3239135255466,36.17278538327663,"[0, -1.684148323558057e-11, nan]"
1686463410.936647,-535.785265220975,130.33728208218744,36.17278538327663,"[0, -1.684148323558057e-11, nan]"
1686463410.9465404,-535.785265220975,130.35063234612025,36.17278538327663,"[0, -1.684148323558057e-11, nan]"
1686463410.957471,-539.4045936380311,130.36396794177492,36.20999604374873,"[0, -2.545924016452013e-11, nan]"
1686463410.9670386,-539.4045936380311,130.37729278500137,36.20999604374873,"[0, -2.545924016452013e-11, nan]"
1686463410.9773884,-539.4045936380311,130.3906079342474,36.20999604374873,"[0, -2.545924016452013e-11, nan]"
1686463410.9893858,-539.4045936380311,130.40391074676774,36.20999604374873,"[0, -2.545924016452013e-11, nan]"
1686463411.0012894,-539.4045936380311,130.4171970247513,36.20999604374873,"[0, -2.545924016452013e-11, nan]"
1686463411.0126936,-539.4045936380311,130.43046441996702,36.20999604374873,"[0, -2.545924016452013e-11, nan]"
1686463411.0251026,-539.4045936380311,130.44371434680215,36.20999604374873,"[0, -2.545924016452013e-11, nan]"
1686463411.036905,-539.4045936380311,130.45695085555272,36.20999604374873,"[0, -2.545924016452013e-11, nan]"
1686463411.0485685,-539.4045936380311,130.47017737317128,36.20999604374873,"[0, -2.545924016452013e-11, nan]"
1686463411.0606449,-539.4045936380311,130.4833939453916,36.20999604374873,"[0, -2.545924016452013e-11, nan]"
1686463411.0722892,-543.0276212521122,130.4965972104288,36.24680978612995,"[0, -2.941502683927156e-11, nan]"
1686463411.082776,-543.0276212521122,130.50978312931713,36.24680978612995,"[0, -2.941502683927156e-11, nan]"
1686463411.0941243,-543.0276212521122,130.52295026654102,36.24680978612995,"[0, -2.941502683927156e-11, nan]"
1686463411.1040647,-543.0276212521122,130.53610096707544,36.24680978612995,"[0, -2.941502683927156e-11, nan]"
1686463411.1152194,-543.0276212521122,130.5492394750987,36.24680978612995,"[0, -2.941502683927156e-11, nan]"
1686463411.1258805,-543.0276212521122,130.56236851358173,36.24680978612995,"[0, -2.941502683927156e-11, nan]"
1686463411.1355789,-543.0276212521122,130.57548709210278,36.24680978612995,"[0, -2.941502683927156e-11, nan]"
1686463411.1463811,-543.0276212521122,130.58859131935841,36.24680978612995,"[0, -2.941502683927156e-11, nan]"
1686463411.1537395,-543.0276212521122,130.60167756564405,36.24680978612995,"[0, -2.941502683927156e-11, nan]"
1686463411.1635554,-543.0276212521122,130.61474541608496,36.24680978612995,"[0, -2.941502683927156e-11, nan]"
1686463411.1715715,-546.6543086473764,130.6277980227891,36.28323162891501,"[0, -2.512052692345574e-11, nan]"
1686463411.1797202,-546.6543086473764,130.64083956702143,36.28323162891501,"[0, -2.512052692345574e-11, nan]"
1686463411.188847,-546.6543086473764,130.65387188516033,36.28323162891501,"[0, -2.512052692345574e-11, nan]"
1686463411.1994438,-546.6543086473764,130.66689299191276,36.28323162891501,"[0, -2.512052692345574e-11, nan]"
1686463411.2093585,-546.6543086473764,130.6798986999582,36.28323162891501,"[0, -2.512052692345574e-11, nan]"
1686463411.2197344,-546.6543086473764,130.69288602620017,36.28323162891501,"[0, -2.512052692345574e-11, nan]"
1686463411.2300935,-546.6543086473764,130.70585562492326,36.28323162891501,"[0, -2.512052692345574e-11, nan]"
1686463411.2409854,-546.6543086473764,130.7188112730817,36.28323162891501,"[0, -2.512052692345574e-11, nan]"
1686463411.2503772,-546.6543086473764,130.73175682263974,36.28323162891501,"[0, -2.512052692345574e-11, nan]"
1686463411.2616498,-546.6543086473764,130.74469308880452,36.28323162891501,"[0, -2.512052692345574e-11, nan]"
1686463411.2727704,-550.2846168692438,130.75761719974943,36.319265826383,"[0, -3.254604211213702e-11, nan]"
1686463411.2846181,-550.2846168692438,130.7705249372277,36.319265826383,"[0, -3.254604211213702e-11, nan]"
1686463411.295651,-550.2846168692438,130.7834141724241,36.319265826383,"[0, -3.254604211213702e-11, nan]"
1686463411.308644,-550.2846168692438,130.79628660872967,36.319265826383,"[0, -3.254604211213702e-11, nan]"
1686463411.3191292,-550.2846168692438,130.80914641481195,36.319265826383,"[0, -3.254604211213702e-11, nan]"
1686463411.331421,-550.2846168692438,130.82199685481484,36.319265826383,"[0, -3.254604211213702e-11, nan]"
1686463411.3431606,-550.2846168692438,130.83483764981247,36.319265826383,"[0, -3.254604211213702e-11, nan]"
1686463411.3532848,-550.2846168692438,130.84766521481743,36.319265826383,"[0, -3.254604211213702e-11, nan]"
1686463411.3647072,-550.2846168692438,130.8604755816894,36.319265826383,"[0, -3.254604211213702e-11, nan]"
1686463411.3745606,-550.2846168692438,130.87326763603633,36.319265826383,"[0, -3.254604211213702e-11, nan]"
1686463411.385652,-553.9185074204474,130.88604403807787,36.35491724883423,"[0, -2.6654757911141438e-11, nan]"
1686463411.394777,-553.9185074204474,130.89880907634105,36.35491724883423,"[0, -2.6654757911141438e-11, nan]"
1686463411.404452,-553.9185074204474,130.91156519584348,36.35491724883423,"[0, -2.6654757911141438e-11, nan]"
1686463411.41398,-553.9185074204474,130.92431102196443,36.35491724883423,"[0, -2.6654757911141438e-11, nan]"
1686463411.422701,-553.9185074204474,130.93704248823016,36.35491724883423,"[0, -2.6654757911141438e-11, nan]"
1686463411.4315104,-553.9185074204474,130.94975615447183,36.35491724883423,"[0, -2.6654757911141438e-11, nan]"
1686463411.4397373,-553.9185074204474,130.9624520182584,36.35491724883423,"[0, -2.6654757911141438e-11, nan]"
1686463411.450554,-553.9185074204474,130.97513353256235,36.35491724883423,"[0, -2.6654757911141438e-11, nan]"
1686463411.4595017,-553.9185074204474,130.9878048117129,36.35491724883423,"[0, -2.6654757911141438e-11, nan]"
1686463411.4692698,-553.9185074204474,131.00046729676544,36.35491724883423,"[0, -2.6654757911141438e-11, nan]"
1686463411.4802487,-557.5559422536732,131.01311859346043,36.390190047401276,"[0, -1.9134074478245857e-11, nan]"
1686463411.4905517,-557.5559422536732,131.02575443133446,36.390190047401276,"[0, -1.9134074478245857e-11, nan]"
1686463411.5017762,-557.5559422536732,131.03837215174445,36.390190047401276,"[0, -1.9134074478245857e-11, nan]"
1686463411.5117733,-557.5559422536732,131.05097288693977,36.390190047401276,"[0, -1.9134074478245857e-11, nan]"
1686463411.5236766,-557.5559422536732,131.06356065344661,36.390190047401276,"[0, -1.9134074478245857e-11, nan]"
1686463411.5350184,-557.5559422536732,131.0761390956739,36.390190047401276,"[0, -1.9134074478245857e-11, nan]"
1686463411.5471632,-557.5559422536732,131.0887085293967,36.390190047401276,"[0, -1.9134074478245857e-11, nan]"
1686463411.559168,-557.5559422536732,131.10126569500918,36.390190047401276,"[0, -1.9134074478245857e-11, nan]"
1686463411.5715911,-557.5559422536732,131.11380642359327,36.390190047401276,"[0, -1.9134074478245857e-11, nan]"
1686463411.5826714,-557.5559422536732,131.12632904692765,36.390190047401276,"[0, -1.9134074478245857e-11, nan]"
1686463411.594088,-561.1968837651085,131.13883577175457,36.42508894314257,"[0, -1.4641429683291875e-11, nan]"
1686463411.6050205,-561.1968837651085,131.1513308963402,36.42508894314257,"[0, -1.4641429683291875e-11, nan]"
1686463411.6156986,-561.1968837651085,131.16381732000445,36.42508894314257,"[0, -1.4641429683291875e-11, nan]"
1686463411.625807,-561.1968837651085,131.17629419036675,36.42508894314257,"[0, -1.4641429683291875e-11, nan]"
1686463411.6358807,-561.1968837651085,131.18875760847678,36.42508894314257,"[0, -1.4641429683291875e-11, nan]"
1686463411.6461642,-561.1968837651085,131.201203819864,36.42508894314257,"[0, -1.4641429683291875e-11, nan]"
1686463411.6559753,-561.1968837651085,131.21363229035396,36.42508894314257,"[0, -1.4641429683291875e-11, nan]"
1686463411.6653357,-561.1968837651085,131.2260461570704,36.42508894314257,"[0, -1.4641429683291875e-11, nan]"
1686463411.6740935,-561.1968837651085,131.2384496833014,36.42508894314257,"[0, -1.4641429683291875e-11, nan]"
1686463411.6823735,-561.1968837651085,131.25084479219277,36.42508894314257,"[0, -1.4641429683291875e-11, nan]"
1686463411.6920297,-564.8412947897796,131.26322950760115,36.45961799108608,"[0, -1.065891190283522e-11, nan]"
1686463411.7019567,-564.8412947897796,131.2755995771857,36.45961799108608,"[0, -1.065891190283522e-11, nan]"
1686463411.7114015,-564.8412947897796,131.2879519559974,36.45961799108608,"[0, -1.065891190283522e-11, nan]"
1686463411.7213597,-564.8412947897796,131.30028730666018,36.45961799108608,"[0, -1.065891190283522e-11, nan]"
1686463411.731906,-564.8412947897796,131.3126094734029,36.45961799108608,"[0, -1.065891190283522e-11, nan]"
1686463411.7424636,-564.8412947897796,131.32492235610408,36.45961799108608,"[0, -1.065891190283522e-11, nan]"
1686463411.7540524,-564.8412947897796,131.33722673645153,36.45961799108608,"[0, -1.065891190283522e-11, nan]"
1686463411.7644334,-564.8412947897796,131.34951964904414,36.45961799108608,"[0, -1.065891190283522e-11, nan]"
1686463411.7769725,-564.8412947897796,131.36179681527065,36.45961799108608,"[0, -1.065891190283522e-11, nan]"
1686463411.788503,-564.8412947897796,131.37405615200552,36.45961799108608,"[0, -1.065891190283522e-11, nan]"
1686463411.799818,-568.4891385930905,131.38629948907055,36.493781767039216,"[0, -2.0393595303403e-11, nan]"
1686463411.8123755,-568.4891385930905,131.3985310880742,36.493781767039216,"[0, -2.0393595303403e-11, nan]"
1686463411.823303,-568.4891385930905,131.41075417127215,36.493781767039216,"[0, -2.0393595303403e-11, nan]"
1686463411.8353121,-568.4891385930905,131.42296829765183,36.493781767039216,"[0, -2.0393595303403e-11, nan]"
1686463411.8470414,-568.4891385930905,131.43516973338484,36.493781767039216,"[0, -2.0393595303403e-11, nan]"
1686463411.8572521,-568.4891385930905,131.44735451687265,36.493781767039216,"[0, -2.0393595303403e-11, nan]"
1686463411.8679132,-568.4891385930905,131.45952171260652,36.493781767039216,"[0, -2.0393595303403e-11, nan]"
1686463411.8783703,-568.4891385930905,131.4716741914701,36.493781767039216,"[0, -2.0393595303403e-11, nan]"
1686463411.8893971,-568.4891385930905,131.48381629563627,36.493781767039216,"[0, -2.0393595303403e-11, nan]"
1686463411.8988519,-568.4891385930905,131.49595029728025,36.493781767039216,"[0, -2.0393595303403e-11, nan]"
1686463411.9086783,-572.1403788683284,131.5080745486901,36.52758423232251,"[0, -1.736810962760066e-11, nan]"
1686463411.9182606,-572.1403788683284,131.52018484138753,36.52758423232251,"[0, -1.736810962760066e-11, nan]"
1686463411.928034,-572.1403788683284,131.53227786318166,36.52758423232251,"[0, -1.736810962760066e-11, nan]"
1686463411.9354568,-572.1403788683284,131.54435392433717,36.52758423232251,"[0, -1.736810962760066e-11, nan]"
1686463411.9439876,-572.1403788683284,131.55641671809082,36.52758423232251,"[0, -1.736810962760066e-11, nan]"
1686463411.9547346,-572.1403788683284,131.56847030919252,36.52758423232251,"[0, -1.736810962760066e-11, nan]"
1686463411.963305,-572.1403788683284,131.580515815099,36.52758423232251,"[0, -1.736810962760066e-11, nan]"
1686463411.9727643,-572.1403788683284,131.59255050021238,36.52758423232251,"[0, -1.736810962760066e-11, nan]"
1686463411.9843245,-572.1403788683284,131.60457002791446,36.52758423232251,"[0, -1.736810962760066e-11, nan]"
1686463411.9938185,-572.1403788683284,131.61657202694514,36.52758423232251,"[0, -1.736810962760066e-11, nan]"
1686463412.004793,-575.7949797267069,131.6285580492613,36.561029825003274,"[0, -2.158198957231442e-11, nan]"
1686463412.0154967,-575.7949797267069,131.6405323122699,36.561029825003274,"[0, -2.158198957231442e-11, nan]"
1686463412.02761,-575.7949797267069,131.65249825354658,36.561029825003274,"[0, -2.158198957231442e-11, nan]"
1686463412.038598,-575.7949797267069,131.66445572233496,36.561029825003274,"[0, -2.158198957231442e-11, nan]"
1686463412.0504982,-575.7949797267069,131.67640111282873,36.561029825003274,"[0, -2.158198957231442e-11, nan]"
1686463412.0630825,-575.7949797267069,131.6883303326962,36.561029825003274,"[0, -2.158198957231442e-11, nan]"
1686463412.0747154,-575.7949797267069,131.70024217326372,36.561029825003274,"[0, -2.158198957231442e-11, nan]"
1686463412.0865912,-575.7949797267069,131.71213931568764,36.561029825003274,"[0, -2.158198957231442e-11, nan]"
1686463412.098567,-575.7949797267069,131.72402614470684,36.561029825003274,"[0, -2.158198957231442e-11, nan]"
1686463412.1081553,-575.7949797267069,131.73590516157785,36.561029825003274,"[0, -2.158198957231442e-11, nan]"
1686463412.1189432,-579.452905696513,131.74777494095142,36.59412241188798,"[0, -1.8959067267116598e-11, nan]"
1686463412.1296902,-579.452905696513,131.7596313106682,36.59412241188798,"[0, -1.8959067267116598e-11, nan]"
1686463412.1408768,-579.452905696513,131.77147078884792,36.59412241188798,"[0, -1.8959067267116598e-11, nan]"
1686463412.1497662,-579.452905696513,131.7832934566739,36.59412241188798,"[0, -1.8959067267116598e-11, nan]"
1686463412.1591265,-579.452905696513,131.79510290616165,36.59412241188798,"[0, -1.8959067267116598e-11, nan]"
1686463412.1695263,-579.452905696513,131.8069033027814,36.59412241188798,"[0, -1.8959067267116598e-11, nan]"
1686463412.178354,-579.452905696513,131.81869597410878,36.59412241188798,"[0, -1.8959067267116598e-11, nan]"
1686463412.1869867,-579.452905696513,131.83047832867214,36.59412241188798,"[0, -1.8959067267116598e-11, nan]"
1686463412.196012,-579.452905696513,131.84224599552346,36.59412241188798,"[0, -1.8959067267116598e-11, nan]"
1686463412.2056427,-579.452905696513,131.85399642868907,36.59412241188798,"[0, -1.8959067267116598e-11, nan]"
1686463412.2149878,-583.1141217121503,131.86573101401683,36.62686630304524,"[0, -1.90565380228523e-11, nan]"
1686463412.2250311,-583.1141217121503,131.87745394383674,36.62686630304524,"[0, -1.90565380228523e-11, nan]"
1686463412.2349255,-583.1141217121503,131.88916878221426,36.62686630304524,"[0, -1.90565380228523e-11, nan]"
1686463412.2461863,-583.1141217121503,131.9008755442368,36.62686630304524,"[0, -1.90565380228523e-11, nan]"
1686463412.2572188,-583.1141217121503,131.91257069299337,36.62686630304524,"[0, -1.90565380228523e-11, nan]"
1686463412.2687125,-583.1141217121503,131.92425005943332,36.62686630304524,"[0, -1.90565380228523e-11, nan]"
1686463412.2802844,-583.1141217121503,131.93591228492224,36.62686630304524,"[0, -1.90565380228523e-11, nan]"
1686463412.2927625,-583.1141217121503,131.94755995340276,36.62686630304524,"[0, -1.90565380228523e-11, nan]"
1686463412.304176,-583.1141217121503,131.95919747841836,36.62686630304524,"[0, -1.90565380228523e-11, nan]"
1686463412.3150387,-583.1141217121503,131.9708274820723,36.62686630304524,"[0, -1.90565380228523e-11, nan]"
1686463412.3272626,-586.778593114432,131.98244864626287,36.6592652679251,"[0, -8.945224903989161e-12, nan]"
1686463412.3377833,-586.778593114432,131.99405680721412,36.6592652679251,"[0, -8.945224903989161e-12, nan]"
1686463412.3486397,-586.778593114432,132.00564839515866,36.6592652679251,"[0, -8.945224903989161e-12, nan]"
1686463412.359974,-586.778593114432,132.01722338714117,36.6592652679251,"[0, -8.945224903989161e-12, nan]"
1686463412.3703308,-586.778593114432,132.02878534008124,36.6592652679251,"[0, -8.945224903989161e-12, nan]"
1686463412.38112,-586.778593114432,132.04033847368427,36.6592652679251,"[0, -8.945224903989161e-12, nan]"
1686463412.3908968,-586.778593114432,132.05188420462127,36.6592652679251,"[0, -8.945224903989161e-12, nan]"
1686463412.4004588,-586.778593114432,132.06341998850985,36.6592652679251,"[0, -8.945224903989161e-12, nan]"
1686463412.421488,-586.778593114432,132.07494142652558,36.6592652679251,"[0, -8.945224903989161e-12, nan]"
1686463412.4300349,-586.778593114432,132.08644590254718,36.6592652679251,"[0, -8.945224903989161e-12, nan]"
1686463412.4384437,-590.4462856390865,132.09793475335883,36.691323499558145,"[0, -2.4327857712045145e-11, nan]"
1686463412.446281,-590.4462856390865,132.10941218033713,36.691323499558145,"[0, -2.4327857712045145e-11, nan]"
1686463412.4542253,-590.4462856390865,132.12088179721522,36.691323499558145,"[0, -2.4327857712045145e-11, nan]"
1686463412.4618497,-590.4462856390865,132.13234366008473,36.691323499558145,"[0, -2.4327857712045145e-11, nan]"
1686463412.4704685,-590.4462856390865,132.14379423013398,36.691323499558145,"[0, -2.4327857712045145e-11, nan]"
1686463412.4784033,-590.4462856390865,132.15522930306906,36.691323499558145,"[0, -2.4327857712045145e-11, nan]"
1686463412.48636,-590.4462856390865,132.16664748997755,36.691323499558145,"[0, -2.4327857712045145e-11, nan]"
1686463412.4947212,-590.4462856390865,132.17805137713003,36.691323499558145,"[0, -2.4327857712045145e-11, nan]"
1686463412.5047207,-590.4462856390865,132.18944540509185,36.691323499558145,"[0, -2.4327857712045145e-11, nan]"
1686463412.5136454,-590.4462856390865,132.20083221478126,36.691323499558145,"[0, -2.4327857712045145e-11, nan]"
1686463412.5230584,-594.1171654177291,132.21221047710515,36.723044666064304,"[0, -2.9080000613970142e-11, nan]"
1686463412.534966,-594.1171654177291,132.22357599929146,36.723044666064304,"[0, -2.9080000613970142e-11, nan]"
1686463412.5447972,-594.1171654177291,132.2349251976788,36.723044666064304,"[0, -2.9080000613970142e-11, nan]"
1686463412.5554733,-594.1171654177291,132.24625806990971,36.723044666064304,"[0, -2.9080000613970142e-11, nan]"
1686463412.5658243,-594.1171654177291,132.25757821072548,36.723044666064304,"[0, -2.9080000613970142e-11, nan]"
1686463412.5785372,-594.1171654177291,132.26888985513997,36.723044666064304,"[0, -2.9080000613970142e-11, nan]"
1686463412.589829,-594.1171654177291,132.28019439022393,36.723044666064304,"[0, -2.9080000613970142e-11, nan]"
1686463412.6023247,-594.1171654177291,132.291489218067,36.723044666064304,"[0, -2.9080000613970142e-11, nan]"
1686463412.6147394,-594.1171654177291,132.30276991205685,36.723044666064304,"[0, -2.9080000613970142e-11, nan]"
1686463412.6267784,-594.1171654177291,132.3140338868363,36.723044666064304,"[0, -2.9080000613970142e-11, nan]"
1686463412.6387703,-597.7911989662693,132.32528254865957,36.75443285483897,"[0, -3.1112621399567815e-11, nan]"
1686463412.649838,-597.7911989662693,132.33652014618403,36.75443285483897,"[0, -3.1112621399567815e-11, nan]"
1686463412.6609766,-597.7911989662693,132.34775026964235,36.75443285483897,"[0, -3.1112621399567815e-11, nan]"
1686463412.6717584,-597.7911989662693,132.35897289148235,36.75443285483897,"[0, -3.1112621399567815e-11, nan]"
1686463412.6827755,-597.7911989662693,132.37018439817712,36.75443285483897,"[0, -3.1112621399567815e-11, nan]"
1686463412.6942842,-597.7911989662693,132.381380589131,36.75443285483897,"[0, -3.1112621399567815e-11, nan]"
1686463412.7033126,-597.7911989662693,132.39256016362816,36.75443285483897,"[0, -3.1112621399567815e-11, nan]"
1686463412.7119453,-597.7911989662693,132.40372581063386,36.75443285483897,"[0, -3.1112621399567815e-11, nan]"
1686463412.7219646,-597.7911989662693,132.41488199661543,36.75443285483897,"[0, -3.1112621399567815e-11, nan]"
1686463412.7299895,-597.7911989662693,132.42603128005558,36.75443285483897,"[0, -3.1112621399567815e-11, nan]"
1686463412.7385633,-601.468353186121,132.43717220295494,36.785491628272176,"[0, -2.2120479132261465e-11, nan]"
1686463412.747609,-601.468353186121,132.44830050687287,36.785491628272176,"[0, -2.2120479132261465e-11, nan]"
1686463412.7570572,-601.468353186121,132.4594126689839,36.785491628272176,"[0, -2.2120479132261465e-11, nan]"
1686463412.7654793,-601.468353186121,132.47050883189658,36.785491628272176,"[0, -2.2120479132261465e-11, nan]"
1686463412.7751884,-601.468353186121,132.4815926989404,36.785491628272176,"[0, -2.2120479132261465e-11, nan]"
1686463412.7859325,-601.468353186121,132.49266847913879,36.785491628272176,"[0, -2.2120479132261465e-11, nan]"
1686463412.7960382,-601.468353186121,132.50373741070672,36.785491628272176,"[0, -2.2120479132261465e-11, nan]"
1686463412.8071253,-601.468353186121,132.5147967439609,36.785491628272176,"[0, -2.2120479132261465e-11, nan]"
1686463412.8173165,-601.468353186121,132.52584202912732,36.785491628272176,"[0, -2.2120479132261465e-11, nan]"
1686463412.8287132,-601.468353186121,132.53687081488243,36.785491628272176,"[0, -2.2120479132261465e-11, nan]"
1686463412.8409963,-605.1485953529252,132.54788469331797,36.81622497934729,"[0, -1.572708115853233e-11, nan]"
1686463412.8516324,-605.1485953529252,132.55888799312544,36.81622497934729,"[0, -1.572708115853233e-11, nan]"
1686463412.864398,-605.1485953529252,132.56988420259424,36.81622497934729,"[0, -1.572708115853233e-11, nan]"
1686463412.8755763,-605.1485953529252,132.58087308677895,36.81622497934729,"[0, -1.572708115853233e-11, nan]"
1686463412.8867393,-605.1485953529252,132.59185089079656,36.81622497934729,"[0, -1.572708115853233e-11, nan]"
1686463412.896907,-605.1485953529252,132.60281346404318,36.81622497934729,"[0, -1.572708115853233e-11, nan]"
1686463412.9074862,-605.1485953529252,132.6137597146695,36.81622497934729,"[0, -1.572708115853233e-11, nan]"
1686463412.9181488,-605.1485953529252,132.62469252860248,36.81622497934729,"[0, -1.572708115853233e-11, nan]"
1686463412.9287636,-605.1485953529252,132.63561638779467,36.81622497934729,"[0, -1.572708115853233e-11, nan]"
1686463412.9385037,-605.1485953529252,132.64653366167914,36.81622497934729,"[0, -1.572708115853233e-11, nan]"
1686463412.9489644,-608.8318931175737,132.65744264967907,36.84663636049757,"[0, -1.5405153630973964e-11, nan]"
1686463412.9577773,-608.8318931175737,132.66833900145903,36.84663636049757,"[0, -1.5405153630973964e-11, nan]"
1686463412.9671059,-608.8318931175737,132.67921933867328,36.84663636049757,"[0, -1.5405153630973964e-11, nan]"
1686463412.9746578,-608.8318931175737,132.6900840722479,36.84663636049757,"[0, -1.5405153630973964e-11, nan]"
1686463412.9843853,-608.8318931175737,132.7009370742293,36.84663636049757,"[0, -1.5405153630973964e-11, nan]"
1686463412.9934535,-608.8318931175737,132.71178247413718,36.84663636049757,"[0, -1.5405153630973964e-11, nan]"
1686463413.0019019,-608.8318931175737,132.72262123908442,36.84663636049757,"[0, -1.5405153630973964e-11, nan]"
1686463413.0118663,-608.8318931175737,132.7334503788139,36.84663636049757,"[0, -1.5405153630973964e-11, nan]"
1686463413.020721,-608.8318931175737,132.74426543924946,36.84663636049757,"[0, -1.5405153630973964e-11, nan]"
1686463413.0309434,-608.8318931175737,132.7550642142087,36.84663636049757,"[0, -1.5405153630973964e-11, nan]"
1686463413.0423777,-612.5182144956603,132.76584859160886,36.876729680769394,"[0, -1.5503454347042797e-11, nan]"
1686463413.0520225,-612.5182144956603,132.7766229972962,36.876729680769394,"[0, -1.5503454347042797e-11, nan]"
1686463413.063003,-612.5182144956603,132.78739072715126,36.876729680769394,"[0, -1.5503454347042797e-11, nan]"
1686463413.075376,-612.5182144956603,132.79815121641224,36.876729680769394,"[0, -1.5503454347042797e-11, nan]"
1686463413.0870805,-612.5182144956603,132.80890051769876,36.876729680769394,"[0, -1.5503454347042797e-11, nan]"
1686463413.0988767,-612.5182144956603,132.81963459301753,36.876729680769394,"[0, -1.5503454347042797e-11, nan]"
1686463413.1116095,-612.5182144956603,132.83035268356235,36.876729680769394,"[0, -1.5503454347042797e-11, nan]"
1686463413.1228561,-612.5182144956603,132.84105795389132,36.876729680769394,"[0, -1.5503454347042797e-11, nan]"
1686463413.1348848,-612.5182144956603,132.85175487160632,36.876729680769394,"[0, -1.5503454347042797e-11, nan]"
1686463413.147064,-612.5182144956603,132.86244550085576,36.876729680769394,"[0, -1.5503454347042797e-11, nan]"
1686463413.1580384,-616.207527867886,132.87312779331532,36.90650827917441,"[0, -2.012420724901125e-11, nan]"
1686463413.1674175,-616.207527867886,132.8837973014506,36.90650827917441,"[0, -2.012420724901125e-11, nan]"
1686463413.178247,-616.207527867886,132.89445089042167,36.90650827917441,"[0, -2.012420724901125e-11, nan]"
1686463413.189372,-616.207527867886,132.90508935965573,36.90650827917441,"[0, -2.012420724901125e-11, nan]"
1686463413.1988454,-616.207527867886,132.9157167900805,36.90650827917441,"[0, -2.012420724901125e-11, nan]"
1686463413.2093413,-616.207527867886,132.9263371581019,36.90650827917441,"[0, -2.012420724901125e-11, nan]"
1686463413.217677,-616.207527867886,132.93695103360915,36.90650827917441,"[0, -2.012420724901125e-11, nan]"
1686463413.2270832,-616.207527867886,132.94755511378207,36.90650827917441,"[0, -2.012420724901125e-11, nan]"
1686463413.2352326,-616.207527867886,132.95814498316176,36.90650827917441,"[0, -2.012420724901125e-11, nan]"
1686463413.2439795,-616.207527867886,132.96871880270302,36.90650827917441,"[0, -2.012420724901125e-11, nan]"
1686463413.2529728,-619.8998019706619,132.9792788544821,36.93597598995046,"[0, -7.80725480992535e-12, nan]"
1686463413.2615647,-619.8998019706619,132.98982965280703,36.93597598995046,"[0, -7.80725480992535e-12, nan]"
1686463413.2706676,-619.8998019706619,133.00037419269393,36.93597598995046,"[0, -7.80725480992535e-12, nan]"
1686463413.28111,-619.8998019706619,133.01091146262226,36.93597598995046,"[0, -7.80725480992535e-12, nan]"
1686463413.2909465,-619.8998019706619,133.0214372960314,36.93597598995046,"[0, -7.80725480992535e-12, nan]"
1686463413.3012,-619.8998019706619,133.031947854144,36.93597598995046,"[0, -7.80725480992535e-12, nan]"
1686463413.312079,-619.8998019706619,133.04244283842345,36.93597598995046,"[0, -7.80725480992535e-12, nan]"
1686463413.3227088,-619.8998019706619,133.0529257520846,36.93597598995046,"[0, -7.80725480992535e-12, nan]"
1686463413.3345654,-619.8998019706619,133.06340099029785,36.93597598995046,"[0, -7.80725480992535e-12, nan]"
1686463413.346964,-619.8998019706619,133.07387018421431,36.93597598995046,"[0, -7.80725480992535e-12, nan]"
1686463413.3582475,-623.5950058954559,133.08433084850478,36.96513603663616,"[0, -2.078788751575353e-11, nan]"
1686463413.3708005,-623.5950058954559,133.09477846343907,36.96513603663616,"[0, -2.078788751575353e-11, nan]"
1686463413.3827145,-623.5950058954559,133.10521025620184,36.96513603663616,"[0, -2.078788751575353e-11, nan]"
1686463413.3951912,-623.5950058954559,133.11562752709634,36.96513603663616,"[0, -2.078788751575353e-11, nan]"
1686463413.4064367,-623.5950058954559,133.1260345765988,36.96513603663616,"[0, -2.078788751575353e-11, nan]"
1686463413.4164627,-623.5950058954559,133.1364351268685,36.96513603663616,"[0, -2.078788751575353e-11, nan]"
1686463413.4270945,-623.5950058954559,133.14682922359498,36.96513603663616,"[0, -2.078788751575353e-11, nan]"
1686463413.4380822,-623.5950058954559,133.15721320582324,36.96513603663616,"[0, -2.078788751575353e-11, nan]"
1686463413.4490023,-623.5950058954559,133.16758277192784,36.96513603663616,"[0, -2.078788751575353e-11, nan]"
1686463413.4585447,-623.5950058954559,133.17793658289975,36.96513603663616,"[0, -2.078788751575353e-11, nan]"
1686463413.468177,-627.2931090809768,133.18827739307818,36.99399218575726,"[0, -2.4693027089825785e-11, nan]"
1686463413.4780123,-627.2931090809768,133.19860976138517,36.99399218575726,"[0, -2.4693027089825785e-11, nan]"
1686463413.4868283,-627.2931090809768,133.20893625296304,36.99399218575726,"[0, -2.4693027089825785e-11, nan]"
1686463413.4952865,-627.2931090809768,133.21925530421524,36.99399218575726,"[0, -2.4693027089825785e-11, nan]"
1686463413.5034516,-627.2931090809768,133.22956253776974,36.99399218575726,"[0, -2.4693027089825785e-11, nan]"
1686463413.5129943,-627.2931090809768,133.2398544301086,36.99399218575726,"[0, -2.4693027089825785e-11, nan]"
1686463413.523139,-627.2931090809768,133.25013126837914,36.99399218575726,"[0, -2.4693027089825785e-11, nan]"
1686463413.533104,-627.2931090809768,133.2603969226975,36.99399218575726,"[0, -2.4693027089825785e-11, nan]"
1686463413.5433335,-627.2931090809768,133.27065562186,36.99399218575726,"[0, -2.4693027089825785e-11, nan]"
1686463413.5527232,-627.2931090809768,133.2809084269811,36.99399218575726,"[0, -2.4693027089825785e-11, nan]"
1686463413.5639527,-630.9940813110176,133.29115235197352,37.022547545500316,"[0, -1.3944025343351288e-11, nan]"
1686463413.5734582,-630.9940813110176,133.30138286953388,37.022547545500316,"[0, -1.3944025343351288e-11, nan]"
1686463413.5844142,-630.9940813110176,133.3115977081943,37.022547545500316,"[0, -1.3944025343351288e-11, nan]"
1686463413.5970151,-630.9940813110176,133.32179876463871,37.022547545500316,"[0, -1.3944025343351288e-11, nan]"
1686463413.608521,-630.9940813110176,133.33199052884956,37.022547545500316,"[0, -1.3944025343351288e-11, nan]"
1686463413.62009,-630.9940813110176,133.34217633757908,37.022547545500316,"[0, -1.3944025343351288e-11, nan]"
1686463413.6323864,-630.9940813110176,133.352355590719,37.022547545500316,"[0, -1.3944025343351288e-11, nan]"
1686463413.6438003,-630.9940813110176,133.36252426137054,37.022547545500316,"[0, -1.3944025343351288e-11, nan]"
1686463413.655375,-630.9940813110176,133.37267827560464,37.022547545500316,"[0, -1.3944025343351288e-11, nan]"
1686463413.6662247,-630.9940813110176,133.38281693396294,37.022547545500316,"[0, -1.3944025343351288e-11, nan]"
1686463413.6778934,-634.6978927086562,133.3929435092234,37.05080581893344,"[0, -5.982872942525586e-12, nan]"
1686463413.6876676,-634.6978927086562,133.4030625175652,37.05080581893344,"[0, -5.982872942525586e-12, nan]"
1686463413.6986027,-634.6978927086562,133.41317594596111,37.05080581893344,"[0, -5.982872942525586e-12, nan]"
1686463413.7097933,-634.6978927086562,133.42328159619976,37.05080581893344,"[0, -5.982872942525586e-12, nan]"
1686463413.7193127,-634.6978927086562,133.43337493406761,37.05080581893344,"[0, -5.982872942525586e-12, nan]"
1686463413.7292626,-634.6978927086562,133.44345289783396,37.05080581893344,"[0, -5.982872942525586e-12, nan]"
1686463413.738833,-634.6978927086562,133.45351647503267,37.05080581893344,"[0, -5.982872942525586e-12, nan]"
1686463413.7480874,-634.6978927086562,133.46356988693097,37.05080581893344,"[0, -5.982872942525586e-12, nan]"
1686463413.7569275,-634.6978927086562,133.47361706174053,37.05080581893344,"[0, -5.982872942525586e-12, nan]"
1686463413.7652433,-634.6978927086562,133.48365835093645,37.05080581893344,"[0, -5.982872942525586e-12, nan]"
1686463413.7763205,-638.4045137321507,133.49369024241952,37.07877000205781,"[0, -1.4498251647077452e-12, nan]"
1686463413.7849941,-638.4045137321507,133.50370831336386,37.07877000205781,"[0, -1.4498251647077452e-12, nan]"
1686463413.7941518,-638.4045137321507,133.51371094906136,37.07877000205781,"[0, -1.4498251647077452e-12, nan]"
1686463413.8052096,-638.4045137321507,133.52370070870185,37.07877000205781,"[0, -1.4498251647077452e-12, nan]"
1686463413.8145437,-638.4045137321507,133.5336821908708,37.07877000205781,"[0, -1.4498251647077452e-12, nan]"
1686463413.825171,-638.4045137321507,133.5436581864031,37.07877000205781,"[0, -1.4498251647077452e-12, nan]"
1686463413.8367853,-638.4045137321507,133.5536273452688,37.07877000205781,"[0, -1.4498251647077452e-12, nan]"
1686463413.8483276,-638.4045137321507,133.56358531705882,37.07877000205781,"[0, -1.4498251647077452e-12, nan]"
1686463413.8603258,-638.4045137321507,133.57352841043704,37.07877000205781,"[0, -1.4498251647077452e-12, nan]"
1686463413.8707738,-638.4045137321507,133.58345670157723,37.07877000205781,"[0, -1.4498251647077452e-12, nan]"
1686463413.884291,-642.1139151715755,133.5933739823591,37.10644373500468,"[0, -1.5283875317528186e-11, nan]"
1686463413.8958812,-642.1139151715755,133.60328458857586,37.10644373500468,"[0, -1.5283875317528186e-11, nan]"
1686463413.9071724,-642.1139151715755,133.61318976927177,37.10644373500468,"[0, -1.5283875317528186e-11, nan]"
1686463413.9184263,-642.1139151715755,133.62308664593112,37.10644373500468,"[0, -1.5283875317528186e-11, nan]"
1686463413.9296699,-642.1139151715755,133.63297063747214,37.10644373500468,"[0, -1.5283875317528186e-11, nan]"
1686463413.9432626,-642.1139151715755,133.6428393168231,37.10644373500468,"[0, -1.5283875317528186e-11, nan]"
1686463413.9534893,-642.1139151715755,133.65269446119146,37.10644373500468,"[0, -1.5283875317528186e-11, nan]"
1686463413.964042,-642.1139151715755,133.6625405706671,37.10644373500468,"[0, -1.5283875317528186e-11, nan]"
1686463413.973126,-642.1139151715755,133.6723810982372,37.10644373500468,"[0, -1.5283875317528186e-11, nan]"
1686463413.9825704,-642.1139151715755,133.68221555722923,37.10644373500468,"[0, -1.5283875317528186e-11, nan]"
1686463413.9925394,-645.8260681423627,133.692039937703,37.13382990871595,"[0, -4.400030269510388e-12, nan]"
1686463414.0013053,-645.8260681423627,133.7018500846787,37.13382990871595,"[0, -4.400030269510388e-12, nan]"
1686463414.0097303,-645.8260681423627,133.7116452008213,37.13382990871595,"[0, -4.400030269510388e-12, nan]"
1686463414.0189505,-645.8260681423627,133.7214285282329,37.13382990871595,"[0, -4.400030269510388e-12, nan]"
1686463414.0272272,-645.8260681423627,133.7312046342191,37.13382990871595,"[0, -4.400030269510388e-12, nan]"
1686463414.0361743,-645.8260681423627,133.74097558079194,37.13382990871595,"[0, -4.400030269510388e-12, nan]"
1686463414.0456243,-645.8260681423627,133.7507391986772,37.13382990871595,"[0, -4.400030269510388e-12, nan]"
1686463414.0563958,-645.8260681423627,133.7604909190959,37.13382990871595,"[0, -4.400030269510388e-12, nan]"
1686463414.066624,-645.8260681423627,133.7702276255517,37.13382990871595,"[0, -4.400030269510388e-12, nan]"
1686463414.077107,-645.8260681423627,133.77995028629195,37.13382990871595,"[0, -4.400030269510388e-12, nan]"
1686463414.0891936,-649.540944084735,133.78966315143262,37.16093209629321,"[0, -3.073053036801035e-11, nan]"
1686463414.0986798,-649.540944084735,133.79937018762595,37.16093209629321,"[0, -3.073053036801035e-11, nan]"
1686463414.111161,-649.540944084735,133.80907174913173,37.16093209629321,"[0, -3.073053036801035e-11, nan]"
1686463414.123103,-649.540944084735,133.8187642871193,37.16093209629321,"[0, -3.073053036801035e-11, nan]"
1686463414.1356492,-649.540944084735,133.82844334437414,37.16093209629321,"[0, -3.073053036801035e-11, nan]"
1686463414.147627,-649.540944084735,133.8381073171353,37.16093209629321,"[0, -3.073053036801035e-11, nan]"
1686463414.1590466,-649.540944084735,133.84775881644092,37.16093209629321,"[0, -3.073053036801035e-11, nan]"
1686463414.1698399,-649.540944084735,133.85740248123238,37.16093209629321,"[0, -3.073053036801035e-11, nan]"
1686463414.182369,-649.540944084735,133.86704108192353,37.16093209629321,"[0, -3.073053036801035e-11, nan]"
1686463414.1928291,-649.540944084735,133.8766731954489,37.16093209629321,"[0, -3.073053036801035e-11, nan]"
1686463414.202923,-653.2585147545697,133.88629441107915,37.1877530955276,"[0, -1.8375371371333166e-11, nan]"
1686463414.2137926,-653.2585147545697,133.89590105424523,37.1877530955276,"[0, -1.8375371371333166e-11, nan]"
1686463414.224274,-653.2585147545697,133.90549329263268,37.1877530955276,"[0, -1.8375371371333166e-11, nan]"
1686463414.234166,-653.2585147545697,133.91507500628833,37.1877530955276,"[0, -1.8375371371333166e-11, nan]"
1686463414.2428548,-653.2585147545697,133.92465052917834,37.1877530955276,"[0, -1.8375371371333166e-11, nan]"
1686463414.2535808,-653.2585147545697,133.93422100572226,37.1877530955276,"[0, -1.8375371371333166e-11, nan]"
1686463414.261721,-653.2585147545697,133.94378343381706,37.1877530955276,"[0, -1.8375371371333166e-11, nan]"
1686463414.2709002,-653.2585147545697,133.95333320289865,37.1877530955276,"[0, -1.8375371371333166e-11, nan]"
1686463414.2785778,-653.2585147545697,133.96286798984238,37.1877530955276,"[0, -1.8375371371333166e-11, nan]"
1686463414.2882433,-653.2585147545697,133.97238972863815,37.1877530955276,"[0, -1.8375371371333166e-11, nan]"
1686463414.2982647,-656.9787522258736,133.98190299092332,37.214296403094,"[0, -1.490665498557767e-11, nan]"
1686463414.3086257,-656.9787522258736,133.99141114097276,37.214296403094,"[0, -1.490665498557767e-11, nan]"
1686463414.3189833,-656.9787522258736,134.00091350639414,37.214296403094,"[0, -1.490665498557767e-11, nan]"
1686463414.3295174,-656.9787522258736,134.01040595249614,37.214296403094,"[0, -1.490665498557767e-11, nan]"
1686463414.3399825,-656.9787522258736,134.01988437829843,37.214296403094,"[0, -1.490665498557767e-11, nan]"
1686463414.3503268,-656.9787522258736,134.02934818634478,37.214296403094,"[0, -1.490665498557767e-11, nan]"
1686463414.363139,-656.9787522258736,134.03880079804784,37.214296403094,"[0, -1.490665498557767e-11, nan]"
1686463414.3748457,-656.9787522258736,134.04824677748658,37.214296403094,"[0, -1.490665498557767e-11, nan]"
1686463414.3868265,-656.9787522258736,134.05768798878307,37.214296403094,"[0, -1.490665498557767e-11, nan]"
1686463414.3986704,-656.9787522258736,134.067122030031,37.214296403094,"[0, -1.490665498557767e-11, nan]"
1686463414.410937,-660.701628878799,134.07654426834452,37.240564740842615,"[0, -2.322749546685255e-11, nan]"
1686463414.4217148,-660.701628878799,134.0859517597308,37.240564740842615,"[0, -2.322749546685255e-11, nan]"
1686463414.4337544,-660.701628878799,134.09534574533683,37.240564740842615,"[0, -2.322749546685255e-11, nan]"
1686463414.4433572,-660.701628878799,134.1047306147637,37.240564740842615,"[0, -2.322749546685255e-11, nan]"
1686463414.4541256,-660.701628878799,134.11411020908727,37.240564740842615,"[0, -2.322749546685255e-11, nan]"
1686463414.4646046,-660.701628878799,134.12348458515063,37.240564740842615,"[0, -2.322749546685255e-11, nan]"
1686463414.4765558,-660.701628878799,134.13284997451555,37.240564740842615,"[0, -2.322749546685255e-11, nan]"
1686463414.4853537,-660.701628878799,134.14220197482155,37.240564740842615,"[0, -2.322749546685255e-11, nan]"
1686463414.4949217,-660.701628878799,134.1515392787078,37.240564740842615,"[0, -2.322749546685255e-11, nan]"
1686463414.504123,-660.701628878799,134.16086478951658,37.240564740842615,"[0, -2.322749546685255e-11, nan]"
1686463414.5122313,-664.4271174052184,134.17018317873627,37.26656151406815,"[0, -1.2183645688985313e-11, nan]"
1686463414.5215507,-664.4271174052184,134.17949694712243,37.26656151406815,"[0, -1.2183645688985313e-11, nan]"
1686463414.5298395,-664.4271174052184,134.18880431860217,37.26656151406815,"[0, -1.2183645688985313e-11, nan]"
1686463414.5393984,-664.4271174052184,134.19810074872203,37.26656151406815,"[0, -1.2183645688985313e-11, nan]"
1686463414.5497918,-664.4271174052184,134.20738277496204,37.26656151406815,"[0, -1.2183645688985313e-11, nan]"
1686463414.5586646,-664.4271174052184,134.21665095473182,37.26656151406815,"[0, -1.2183645688985313e-11, nan]"
1686463414.569842,-664.4271174052184,134.22590940499796,37.26656151406815,"[0, -1.2183645688985313e-11, nan]"
1686463414.5815923,-664.4271174052184,134.2351623309236,37.26656151406815,"[0, -1.2183645688985313e-11, nan]"
1686463414.5916545,-664.4271174052184,134.24441047752407,37.26656151406815,"[0, -1.2183645688985313e-11, nan]"
1686463414.6016164,-664.4271174052184,134.25365050652962,37.26656151406815,"[0, -1.2183645688985313e-11, nan]"
1686463414.6134975,-668.1551907939487,134.26287782801828,37.29228939111325,"[0, -2.3088573682120373e-11, nan]"
1686463414.6251955,-668.1551907939487,134.27209049279483,37.29228939111325,"[0, -2.3088573682120373e-11, nan]"
1686463414.6357005,-668.1551907939487,134.28129085259698,37.29228939111325,"[0, -2.3088573682120373e-11, nan]"
1686463414.6492274,-668.1551907939487,134.2904835807254,37.29228939111325,"[0, -2.3088573682120373e-11, nan]"
1686463414.6610246,-668.1551907939487,134.29967172623984,37.29228939111325,"[0, -2.3088573682120373e-11, nan]"
1686463414.6730762,-668.1551907939487,134.3088541407573,37.29228939111325,"[0, -2.3088573682120373e-11, nan]"
1686463414.683668,-668.1551907939487,134.31802645773516,37.29228939111325,"[0, -2.3088573682120373e-11, nan]"
1686463414.6951184,-668.1551907939487,134.3271847968761,37.29228939111325,"[0, -2.3088573682120373e-11, nan]"
1686463414.7046819,-668.1551907939487,134.3363290598614,37.29228939111325,"[0, -2.3088573682120373e-11, nan]"
1686463414.7165067,-668.1551907939487,134.3454630242348,37.29228939111325,"[0, -2.3088573682120373e-11, nan]"
1686463414.7268937,-671.8858223392152,134.35459115485756,37.317751665891144,"[0, -1.2436864164705955e-11, nan]"
1686463414.7363803,-671.8858223392152,134.36371483041694,37.317751665891144,"[0, -1.2436864164705955e-11, nan]"
1686463414.7470763,-671.8858223392152,134.37283118304967,37.317751665891144,"[0, -1.2436864164705955e-11, nan]"
1686463414.7561128,-671.8858223392152,134.38193553476978,37.317751665891144,"[0, -1.2436864164705955e-11, nan]"
1686463414.7650788,-671.8858223392152,134.3910253697637,37.317751665891144,"[0, -1.2436864164705955e-11, nan]"
1686463414.7741253,-671.8858223392152,134.40010247651026,37.317751665891144,"[0, -1.2436864164705955e-11, nan]"
1686463414.7829413,-671.8858223392152,134.4091714430013,37.317751665891144,"[0, -1.2436864164705955e-11, nan]"
1686463414.7923698,-671.8858223392152,134.41823577787363,37.317751665891144,"[0, -1.2436864164705955e-11, nan]"
1686463414.8029747,-671.8858223392152,134.42729494406504,37.317751665891144,"[0, -1.2436864164705955e-11, nan]"
1686463414.811593,-671.8858223392152,134.4363448210581,37.317751665891144,"[0, -1.2436864164705955e-11, nan]"
1686463414.8229663,-675.6189856234478,134.4453812057671,37.34295097989714,"[0, -1.4113524129057364e-11, nan]"
1686463414.8323643,-675.6189856234478,134.45440338575318,37.34295097989714,"[0, -1.4113524129057364e-11, nan]"
1686463414.8428717,-675.6189856234478,134.4634147541401,37.34295097989714,"[0, -1.4113524129057364e-11, nan]"
1686463414.8540776,-675.6189856234478,134.47241994238448,37.34295097989714,"[0, -1.4113524129057364e-11, nan]"
1686463414.866026,-675.6189856234478,134.48142090062447,37.34295097989714,"[0, -1.4113524129057364e-11, nan]"
1686463414.8783436,-675.6189856234478,134.49041525071934,37.34295097989714,"[0, -1.4113524129057364e-11, nan]"
1686463414.8901205,-675.6189856234478,134.49939831060183,37.34295097989714,"[0, -1.4113524129057364e-11, nan]"
1686463414.9022703,-675.6189856234478,134.508367074898,37.34295097989714,"[0, -1.4113524129057364e-11, nan]"
1686463414.9142096,-675.6189856234478,134.51732277525153,37.34295097989714,"[0, -1.4113524129057364e-11, nan]"
1686463414.9261227,-675.6189856234478,134.5262698457891,37.34295097989714,"[0, -1.4113524129057364e-11, nan]"
1686463414.9383626,-679.3546545280838,134.535212169578,37.36789049219049,"[0, -7.246360790332776e-12, nan]"
1686463414.9487748,-679.3546545280838,134.54414979049542,37.36789049219049,"[0, -7.246360790332776e-12, nan]"
1686463414.9587777,-679.3546545280838,134.55307888287717,37.36789049219049,"[0, -7.246360790332776e-12, nan]"
1686463414.9698465,-679.3546545280838,134.56199500654094,37.36789049219049,"[0, -7.246360790332776e-12, nan]"
1686463414.9801354,-679.3546545280838,134.57089688589204,37.36789049219049,"[0, -7.246360790332776e-12, nan]"
1686463414.9909241,-679.3546545280838,134.57978750349648,37.36789049219049,"[0, -7.246360790332776e-12, nan]"
1686463415.001187,-679.3546545280838,134.58867157766673,37.36789049219049,"[0, -7.246360790332776e-12, nan]"
1686463415.0107222,-679.3546545280838,134.59755156382235,37.36789049219049,"[0, -7.246360790332776e-12, nan]"
1686463415.0194304,-679.3546545280838,134.60642557596148,37.36789049219049,"[0, -7.246360790332776e-12, nan]"
1686463415.028785,-679.3546545280838,134.61528899563746,37.36789049219049,"[0, -7.246360790332776e-12, nan]"
1686463415.0375724,-683.0928032146679,134.6241384036035,37.392572846108386,"[0, -9.655563035390877e-12, nan]"
1686463415.0464542,-683.0928032146679,134.63297449477997,37.392572846108386,"[0, -9.655563035390877e-12, nan]"
1686463415.0548937,-683.0928032146679,134.64180149837557,37.392572846108386,"[0, -9.655563035390877e-12, nan]"
1686463415.0663075,-683.0928032146679,134.6506235934452,37.392572846108386,"[0, -9.655563035390877e-12, nan]"
1686463415.0756285,-683.0928032146679,134.6594413647592,37.392572846108386,"[0, -9.655563035390877e-12, nan]"
1686463415.0856261,-683.0928032146679,134.66825131263886,37.392572846108386,"[0, -9.655563035390877e-12, nan]"
1686463415.0969403,-683.0928032146679,134.67704883488895,37.392572846108386,"[0, -9.655563035390877e-12, nan]"
1686463415.1069283,-683.0928032146679,134.6858321484233,37.392572846108386,"[0, -9.655563035390877e-12, nan]"
1686463415.1188188,-683.0928032146679,134.69460381567316,37.392572846108386,"[0, -9.655563035390877e-12, nan]"
1686463415.1294613,-683.0928032146679,134.70336857575512,37.392572846108386,"[0, -9.655563035390877e-12, nan]"
1686463415.1421697,-686.833406137057,134.7121293229944,37.41700104178201,"[0, -3.0508634525408206e-11, nan]"
1686463415.1537626,-686.833406137057,134.72088465238923,37.41700104178201,"[0, -3.0508634525408206e-11, nan]"
1686463415.1649873,-686.833406137057,134.72963006121228,37.41700104178201,"[0, -3.0508634525408206e-11, nan]"
1686463415.1769092,-686.833406137057,134.73836178733146,37.41700104178201,"[0, -3.0508634525408206e-11, nan]"
1686463415.1868439,-686.833406137057,134.74708001941326,37.41700104178201,"[0, -3.0508634525408206e-11, nan]"
1686463415.1975398,-686.833406137057,134.75578874691783,37.41700104178201,"[0, -3.0508634525408206e-11, nan]"
1686463415.2087004,-686.833406137057,134.76449237475464,37.41700104178201,"[0, -3.0508634525408206e-11, nan]"
1686463415.2191708,-686.833406137057,134.77319198248497,37.41700104178201,"[0, -3.0508634525408206e-11, nan]"
1686463415.2297187,-686.833406137057,134.78188441210733,37.41700104178201,"[0, -3.0508634525408206e-11, nan]"
1686463415.2388718,-686.833406137057,134.79056496300456,37.41700104178201,"[0, -3.0508634525408206e-11, nan]"
1686463415.2478032,-690.5764380219465,134.7992314022524,37.4411777515783,"[0, -1.877979788495422e-11, nan]"
1686463415.2561665,-690.5764380219465,134.80788587553616,37.4411777515783,"[0, -1.877979788495422e-11, nan]"
1686463415.2650793,-690.5764380219465,134.81653309061895,37.4411777515783,"[0, -1.877979788495422e-11, nan]"
1686463415.2739098,-690.5764380219465,134.82517631696356,37.4411777515783,"[0, -1.877979788495422e-11, nan]"
1686463415.283376,-690.5764380219465,134.83381460858547,37.4411777515783,"[0, -1.877979788495422e-11, nan]"
1686463415.2931147,-690.5764380219465,134.84244361616584,37.4411777515783,"[0, -1.877979788495422e-11, nan]"
1686463415.3035996,-690.5764380219465,134.85105929941292,37.4411777515783,"[0, -1.877979788495422e-11, nan]"
1686463415.3138998,-690.5764380219465,134.85966137826637,37.4411777515783,"[0, -1.877979788495422e-11, nan]"
1686463415.3241994,-690.5764380219465,134.86825358163352,37.4411777515783,"[0, -1.877979788495422e-11, nan]"
1686463415.3341513,-690.5764380219465,134.8768404798846,37.4411777515783,"[0, -1.877979788495422e-11, nan]"
1686463415.3459153,-694.3218738811605,134.88542359795466,37.4651057962043,"[0, -2.0450709759522806e-11, nan]"
1686463415.35693,-694.3218738811605,134.8940001224366,37.4651057962043,"[0, -2.0450709759522806e-11, nan]"
1686463415.3687081,-694.3218738811605,134.90256530612496,37.4651057962043,"[0, -2.0450709759522806e-11, nan]"
1686463415.380275,-694.3218738811605,134.9111165228942,37.4651057962043,"[0, -2.0450709759522806e-11, nan]"
1686463415.392606,-694.3218738811605,134.9196555161818,37.4651057962043,"[0, -2.0450709759522806e-11, nan]"
1686463415.4045086,-694.3218738811605,134.9281869228811,37.4651057962043,"[0, -2.0450709759522806e-11, nan]"
1686463415.4164433,-694.3218738811605,134.93671432812698,37.4651057962043,"[0, -2.0450709759522806e-11, nan]"
1686463415.4279253,-694.3218738811605,134.94523721546975,37.4651057962043,"[0, -2.0450709759522806e-11, nan]"
1686463415.438382,-694.3218738811605,134.95375141357508,37.4651057962043,"[0, -2.0450709759522806e-11, nan]"
1686463415.4493234,-694.3218738811605,134.9622526612471,37.4651057962043,"[0, -2.0450709759522806e-11, nan]"
1686463415.4590147,-698.0696889930798,134.97074025130698,37.48878789801017,"[0, -1.8215426181725605e-11, nan]"
1686463415.470786,-698.0696889930798,134.97921764396142,37.48878789801017,"[0, -1.8215426181725605e-11, nan]"
1686463415.480232,-698.0696889930798,134.98768952410666,37.48878789801017,"[0, -1.8215426181725605e-11, nan]"
1686463415.4890175,-698.0696889930798,134.99615781211853,37.48878789801017,"[0, -1.8215426181725605e-11, nan]"
1686463415.4983318,-698.0696889930798,135.00462003137545,37.48878789801017,"[0, -1.8215426181725605e-11, nan]"
1686463415.5073814,-698.0696889930798,135.01307142855748,37.48878789801017,"[0, -1.8215426181725605e-11, nan]"
1686463415.5161538,-698.0696889930798,135.02150903861713,37.48878789801017,"[0, -1.8215426181725605e-11, nan]"
1686463415.5245812,-698.0696889930798,135.0299342251983,37.48878789801017,"[0, -1.8215426181725605e-11, nan]"
1686463415.534129,-698.0696889930798,135.03835152668418,37.48878789801017,"[0, -1.8215426181725605e-11, nan]"
1686463415.544418,-698.0696889930798,135.04676479016197,37.48878789801017,"[0, -1.8215426181725605e-11, nan]"
1686463415.5529854,-701.8198589134031,135.05517389390099,37.51222668652158,"[0, -1.9152508582382956e-11, nan]"
1686463415.5641763,-701.8198589134031,135.06357485742865,37.51222668652158,"[0, -1.9152508582382956e-11, nan]"
1686463415.5741427,-701.8198589134031,135.07196324804755,37.51222668652158,"[0, -1.9152508582382956e-11, nan]"
1686463415.5850103,-701.8198589134031,135.08033797542595,37.51222668652158,"[0, -1.9152508582382956e-11, nan]"
1686463415.5964603,-701.8198589134031,135.08870223282338,37.51222668652158,"[0, -1.9152508582382956e-11, nan]"
1686463415.6085594,-701.8198589134031,135.09706077886403,37.51222668652158,"[0, -1.9152508582382956e-11, nan]"
1686463415.62002,-701.8198589134031,135.10541587988845,37.51222668652158,"[0, -1.9152508582382956e-11, nan]"
1686463415.631877,-701.8198589134031,135.1137653801039,37.51222668652158,"[0, -1.9152508582382956e-11, nan]"
1686463415.6431966,-701.8198589134031,135.12210455008864,37.51222668652158,"[0, -1.9152508582382956e-11, nan]"
1686463415.654807,-701.8198589134031,135.13043013618918,37.51222668652158,"[0, -1.9152508582382956e-11, nan]"
1686463415.6655397,-705.572359459167,135.13874315072172,37.5354249434166,"[0, -1.7696267400470848e-11, nan]"
1686463415.67713,-705.572359459167,135.1470480167036,37.5354249434166,"[0, -1.7696267400470848e-11, nan]"
1686463415.6872797,-705.572359459167,135.15534879545177,37.5354249434166,"[0, -1.7696267400470848e-11, nan]"
1686463415.6973836,-705.572359459167,135.16364572179373,37.5354249434166,"[0, -1.7696267400470848e-11, nan]"
1686463415.708596,-705.572359459167,135.171935009375,37.5354249434166,"[0, -1.7696267400470848e-11, nan]"
1686463415.7182856,-705.572359459167,135.18021209525122,37.5354249434166,"[0, -1.7696267400470848e-11, nan]"
1686463415.7286377,-705.572359459167,135.18847555022768,37.5354249434166,"[0, -1.7696267400470848e-11, nan]"
1686463415.737949,-705.572359459167,135.19672831123972,37.5354249434166,"[0, -1.7696267400470848e-11, nan]"
1686463415.746919,-705.572359459167,135.2049751785051,37.5354249434166,"[0, -1.7696267400470848e-11, nan]"
1686463415.7556388,-705.572359459167,135.2132187174755,37.5354249434166,"[0, -1.7696267400470848e-11, nan]"
1686463415.764392,-709.3271667162509,135.22145707045274,37.558385109369546,"[0, -2.221235517562578e-11, nan]"
1686463415.7747226,-709.3271667162509,135.22968555227544,37.558385109369546,"[0, -2.221235517562578e-11, nan]"
1686463415.7852998,-709.3271667162509,135.23790066672737,37.558385109369546,"[0, -2.221235517562578e-11, nan]"
1686463415.794188,-709.3271667162509,135.2461031075649,37.558385109369546,"[0, -2.221235517562578e-11, nan]"
1686463415.8055725,-709.3271667162509,135.25429717448333,37.558385109369546,"[0, -2.221235517562578e-11, nan]"
1686463415.815069,-709.3271667162509,135.262487101863,37.558385109369546,"[0, -2.221235517562578e-11, nan]"
1686463415.826432,-709.3271667162509,135.27067344116114,37.558385109369546,"[0, -2.221235517562578e-11, nan]"
1686463415.8380957,-709.3271667162509,135.2788525951759,37.558385109369546,"[0, -2.221235517562578e-11, nan]"
1686463415.849179,-709.3271667162509,135.28701990410283,37.558385109369546,"[0, -2.221235517562578e-11, nan]"
1686463415.8619237,-709.3271667162509,135.29517364390887,37.558385109369546,"[0, -2.221235517562578e-11, nan]"
1686463415.8737578,-713.0842570276726,135.3033165121491,37.58111001812702,"[0, -1.2353751632238405e-11, nan]"
1686463415.8849146,-713.0842570276726,135.31145332719333,37.58111001812702,"[0, -1.2353751632238405e-11, nan]"
1686463415.8970659,-713.0842570276726,135.3195869092704,37.58111001812702,"[0, -1.2353751632238405e-11, nan]"
1686463415.907018,-713.0842570276726,135.32771567143064,37.58111001812702,"[0, -1.2353751632238405e-11, nan]"
1686463415.9178684,-713.0842570276726,135.3358349848106,37.58111001812702,"[0, -1.2353751632238405e-11, nan]"
1686463415.9292195,-713.0842570276726,135.34394115178276,37.58111001812702,"[0, -1.2353751632238405e-11, nan]"
1686463415.9396052,-713.0842570276726,135.3520345829049,37.58111001812702,"[0, -1.2353751632238405e-11, nan]"
1686463415.9494371,-713.0842570276726,135.36011945478603,37.58111001812702,"[0, -1.2353751632238405e-11, nan]"
1686463415.9590874,-713.0842570276726,135.3682001395824,37.58111001812702,"[0, -1.2353751632238405e-11, nan]"
1686463415.9685838,-713.0842570276726,135.37627746515756,37.58111001812702,"[0, -1.2353751632238405e-11, nan]"
1686463415.978038,-716.8436069962637,135.38434801129225,37.60360194221777,"[0, -1.6691005330020108e-11, nan]"
1686463415.986915,-716.8436069962637,135.39240704816694,37.60360194221777,"[0, -1.6691005330020108e-11, nan]"
1686463415.9957683,-716.8436069962637,135.40045259901945,37.60360194221777,"[0, -1.6691005330020108e-11, nan]"
1686463416.005428,-716.8436069962637,135.40848714453787,37.60360194221777,"[0, -1.6691005330020108e-11, nan]"
1686463416.0153916,-716.8436069962637,135.41651550491898,37.60360194221777,"[0, -1.6691005330020108e-11, nan]"
1686463416.02542,-716.8436069962637,135.42454071457706,37.60360194221777,"[0, -1.6691005330020108e-11, nan]"
1686463416.0352225,-716.8436069962637,135.43256142604588,37.60360194221777,"[0, -1.6691005330020108e-11, nan]"
1686463416.0459192,-716.8436069962637,135.44057307175464,37.60360194221777,"[0, -1.6691005330020108e-11, nan]"
1686463416.0569956,-716.8436069962637,135.44857178893926,37.60360194221777,"[0, -1.6691005330020108e-11, nan]"
1686463416.067254,-716.8436069962637,135.45655774211755,37.60360194221777,"[0, -1.6691005330020108e-11, nan]"
1686463416.0795834,-720.6051934786012,135.46453499138352,37.62586374042549,"[0, -7.2243150110646e-12, nan]"
1686463416.0907784,-720.6051934786012,135.4725080175258,37.62586374042549,"[0, -7.2243150110646e-12, nan]"
1686463416.1016605,-720.6051934786012,135.4804778842521,37.62586374042549,"[0, -7.2243150110646e-12, nan]"
1686463416.115057,-720.6051934786012,135.48844133139664,37.62586374042549,"[0, -7.2243150110646e-12, nan]"
1686463416.127737,-720.6051934786012,135.49639357903015,37.62586374042549,"[0, -7.2243150110646e-12, nan]"
1686463416.1389308,-720.6051934786012,135.50433243819407,37.62586374042549,"[0, -7.2243150110646e-12, nan]"
1686463416.1502118,-720.6051934786012,135.5122601989946,37.62586374042549,"[0, -7.2243150110646e-12, nan]"
1686463416.1617754,-720.6051934786012,135.52018167395218,37.62586374042549,"[0, -7.2243150110646e-12, nan]"
1686463416.1718345,-720.6051934786012,135.52810007394802,37.62586374042549,"[0, -7.2243150110646e-12, nan]"
1686463416.1832879,-720.6051934786012,135.53601425765666,37.62586374042549,"[0, -7.2243150110646e-12, nan]"
1686463416.1936424,-724.3689935817787,135.54391971756232,37.64789755786382,"[0, -1.2063210187786536e-11, nan]"
1686463416.2046368,-724.3689935817787,135.551812457722,37.64789755786382,"[0, -1.2063210187786536e-11, nan]"
1686463416.2145946,-724.3689935817787,135.5596924344205,37.64789755786382,"[0, -1.2063210187786536e-11, nan]"
1686463416.2245286,-724.3689935817787,135.56756360323016,37.64789755786382,"[0, -1.2063210187786536e-11, nan]"
1686463416.2338576,-724.3689935817787,135.57543052936435,37.64789755786382,"[0, -1.2063210187786536e-11, nan]"
1686463416.2433853,-724.3689935817787,135.58329447305042,37.64789755786382,"[0, -1.2063210187786536e-11, nan]"
1686463416.2520394,-724.3689935817787,135.5911523124436,37.64789755786382,"[0, -1.2063210187786536e-11, nan]"
1686463416.2611146,-724.3689935817787,135.59899923231242,37.64789755786382,"[0, -1.2063210187786536e-11, nan]"
1686463416.270631,-724.3689935817787,135.60683286969197,37.64789755786382,"[0, -1.2063210187786536e-11, nan]"
1686463416.2804575,-724.3689935817787,135.61465535361842,37.64789755786382,"[0, -1.2063210187786536e-11, nan]"
1686463416.2897081,-728.1349846636629,135.6224714844715,37.66970623183629,"[0, -1.0157440609499056e-11, nan]"
1686463416.3012538,-728.1349846636629,135.63028461549058,37.66970623183629,"[0, -1.0157440609499056e-11, nan]"
1686463416.3110247,-728.1349846636629,135.63809377632134,37.66970623183629,"[0, -1.0157440609499056e-11, nan]"
1686463416.3217778,-728.1349846636629,135.64589451331486,37.66970623183629,"[0, -1.0157440609499056e-11, nan]"
1686463416.3321187,-728.1349846636629,135.6536827252403,37.66970623183629,"[0, -1.0157440609499056e-11, nan]"
1686463416.3455956,-728.1349846636629,135.66145819850155,37.66970623183629,"[0, -1.0157440609499056e-11, nan]"
1686463416.3565605,-728.1349846636629,135.6692247999734,37.66970623183629,"[0, -1.0157440609499056e-11, nan]"
1686463416.3685443,-728.1349846636629,135.67698715981587,37.66970623183629,"[0, -1.0157440609499056e-11, nan]"
1686463416.381486,-728.1349846636629,135.68474669620284,37.66970623183629,"[0, -1.0157440609499056e-11, nan]"
1686463416.393572,-728.1349846636629,135.69250040091666,37.66970623183629,"[0, -1.0157440609499056e-11, nan]"
1686463416.4042895,-731.9031443235281,135.70024343348686,37.69129183823461,"[0, -2.1028155563884392e-11, nan]"
1686463416.4168844,-731.9031443235281,135.7079732931432,37.69129183823461,"[0, -2.1028155563884392e-11, nan]"
1686463416.4265065,-731.9031443235281,135.71569197942628,37.69129183823461,"[0, -2.1028155563884392e-11, nan]"
1686463416.4379897,-731.9031443235281,135.72340428061943,37.69129183823461,"[0, -2.1028155563884392e-11, nan]"
1686463416.4472117,-731.9031443235281,135.73111366083396,37.69129183823461,"[0, -2.1028155563884392e-11, nan]"
1686463416.4575415,-731.9031443235281,135.73881928478042,37.69129183823461,"[0, -2.1028155563884392e-11, nan]"
1686463416.4673698,-731.9031443235281,135.7465167424809,37.69129183823461,"[0, -2.1028155563884392e-11, nan]"
1686463416.47758,-731.9031443235281,135.75420185199275,37.69129183823461,"[0, -2.1028155563884392e-11, nan]"
1686463416.4867852,-731.9031443235281,135.76187426777852,37.69129183823461,"[0, -2.1028155563884392e-11, nan]"
1686463416.4961832,-731.9031443235281,135.76953778744937,37.69129183823461,"[0, -2.1028155563884392e-11, nan]"
1686463416.5038667,-735.6734504083325,135.77719709018476,37.712657131983015,"[0, -2.4029813672304137e-11, nan]"
1686463416.5132334,-735.6734504083325,135.78485371440112,37.712657131983015,"[0, -2.4029813672304137e-11, nan]"
1686463416.5220537,-735.6734504083325,135.7925047386336,37.712657131983015,"[0, -2.4029813672304137e-11, nan]"
1686463416.531592,-735.6734504083325,135.80014530358184,37.712657131983015,"[0, -2.4029813672304137e-11, nan]"
1686463416.5417624,-735.6734504083325,135.80777280498532,37.712657131983015,"[0, -2.4029813672304137e-11, nan]"
1686463416.5529163,-735.6734504083325,135.8153891458487,37.712657131983015,"[0, -2.4029813672304137e-11, nan]"
1686463416.5637481,-735.6734504083325,135.82299910586553,37.712657131983015,"[0, -2.4029813672304137e-11, nan]"
1686463416.5748272,-735.6734504083325,135.83060623103756,37.712657131983015,"[0, -2.4029813672304137e-11, nan]"
1686463416.5852287,-735.6734504083325,135.83820978443836,37.712657131983015,"[0, -2.4029813672304137e-11, nan]"
1686463416.59817,-735.6734504083325,135.84580538686896,37.712657131983015,"[0, -2.4029813672304137e-11, nan]"
1686463416.6097925,-739.4458809980899,135.8533887973483,37.73380418764849,"[0, -2.4874941874353333e-11, nan]"
1686463416.6210923,-739.4458809980899,135.8609595762193,37.73380418764849,"[0, -2.4874941874353333e-11, nan]"
1686463416.633556,-739.4458809980899,135.86852147337032,37.73380418764849,"[0, -2.4874941874353333e-11, nan]"
1686463416.6455445,-739.4458809980899,135.87607920399023,37.73380418764849,"[0, -2.4874941874353333e-11, nan]"
1686463416.6575236,-739.4458809980899,135.88363439028672,37.73380418764849,"[0, -2.4874941874353333e-11, nan]"
1686463416.6685047,-739.4458809980899,135.891184168743,37.73380418764849,"[0, -2.4874941874353333e-11, nan]"
1686463416.6800535,-739.4458809980899,135.89872366491235,37.73380418764849,"[0, -2.4874941874353333e-11, nan]"
1686463416.6896374,-739.4458809980899,135.90625020395927,37.73380418764849,"[0, -2.4874941874353333e-11, nan]"
1686463416.7010527,-739.4458809980899,135.91376562615187,37.73380418764849,"[0, -2.4874941874353333e-11, nan]"
1686463416.7112272,-739.4458809980899,135.92127470853157,37.73380418764849,"[0, -2.4874941874353333e-11, nan]"
1686463416.7211828,-743.2204144166944,135.9287810519247,37.754735612881,"[0, -1.7081526149058757e-11, nan]"
1686463416.7298875,-743.2204144166944,135.93628398088896,37.754735612881,"[0, -1.7081526149058757e-11, nan]"
1686463416.7395635,-743.2204144166944,135.9437791320348,37.754735612881,"[0, -1.7081526149058757e-11, nan]"
1686463416.7494555,-743.2204144166944,135.95126222490927,37.754735612881,"[0, -1.7081526149058757e-11, nan]"
1686463416.7582064,-743.2204144166944,135.95873276336587,37.754735612881,"[0, -1.7081526149058757e-11, nan]"
1686463416.7665348,-743.2204144166944,135.96619447259908,37.754735612881,"[0, -1.7081526149058757e-11, nan]"
1686463416.7755566,-743.2204144166944,135.97365209262426,37.754735612881,"[0, -1.7081526149058757e-11, nan]"
1686463416.7846215,-743.2204144166944,135.9811072938581,37.754735612881,"[0, -1.7081526149058757e-11, nan]"
1686463416.7935278,-743.2204144166944,135.9885572410727,37.754735612881,"[0, -1.7081526149058757e-11, nan]"
1686463416.8034832,-743.2204144166944,135.99599704650208,37.754735612881,"[0, -1.7081526149058757e-11, nan]"
1686463416.8141737,-746.997029214071,136.00342399635448,37.775453545769366,"[0, -2.4529357521915942e-11, nan]"
1686463416.8250825,-746.997029214071,136.01083990272693,37.775453545769366,"[0, -2.4529357521915942e-11, nan]"
1686463416.835917,-746.997029214071,136.0182495472578,37.775453545769366,"[0, -2.4529357521915942e-11, nan]"
1686463416.8463204,-746.997029214071,136.0256565598138,37.775453545769366,"[0, -2.4529357521915942e-11, nan]"
1686463416.858443,-746.997029214071,136.03306028964653,37.775453545769366,"[0, -2.4529357521915942e-11, nan]"
1686463416.8707871,-746.997029214071,136.04045637295386,37.775453545769366,"[0, -2.4529357521915942e-11, nan]"
1686463416.8815682,-746.997029214071,136.04784050821345,37.775453545769366,"[0, -2.4529357521915942e-11, nan]"
1686463416.8944595,-746.997029214071,136.0552121798597,37.775453545769366,"[0, -2.4529357521915942e-11, nan]"
1686463416.9057121,-746.997029214071,136.0625751123209,37.775453545769366,"[0, -2.4529357521915942e-11, nan]"
1686463416.9176965,-746.997029214071,136.06993406052297,37.775453545769366,"[0, -2.4529357521915942e-11, nan]"
1686463416.9291534,-750.7757041789755,136.0772907080105,37.795960392446226,"[0, -1.7854900291534776e-11, nan]"
1686463416.9390776,-750.7757041789755,136.08464221772866,37.795960392446226,"[0, -1.7854900291534776e-11, nan]"
1686463416.9497864,-750.7757041789755,136.09198368935813,37.795960392446226,"[0, -1.7854900291534776e-11, nan]"
1686463416.9606266,-750.7757041789755,136.09931240150453,37.795960392446226,"[0, -1.7854900291534776e-11, nan]"
1686463416.9712496,-750.7757041789755,136.10663017223214,37.795960392446226,"[0, -1.7854900291534776e-11, nan]"
1686463416.981048,-750.7757041789755,136.11394179611563,37.795960392446226,"[0, -1.7854900291534776e-11, nan]"
1686463416.990635,-750.7757041789755,136.12125090679348,37.795960392446226,"[0, -1.7854900291534776e-11, nan]"
1686463417.0005252,-750.7757041789755,136.12855684146507,37.795960392446226,"[0, -1.7854900291534776e-11, nan]"
1686463417.0093682,-750.7757041789755,136.1358552193402,37.795960392446226,"[0, -1.7854900291534776e-11, nan]"
1686463417.0181625,-750.7757041789755,136.14314173574348,37.795960392446226,"[0, -1.7854900291534776e-11, nan]"
1686463417.0278955,-754.5564183209235,136.15041589250995,37.81625840051429,"[0, -1.2893436662177827e-11, nan]"
1686463417.0374851,-754.5564183209235,136.15768143733257,37.81625840051429,"[0, -1.2893436662177827e-11, nan]"
1686463417.047572,-754.5564183209235,136.16494313047096,37.81625840051429,"[0, -1.2893436662177827e-11, nan]"
1686463417.0586152,-754.5564183209235,136.17220263370783,37.81625840051429,"[0, -1.2893436662177827e-11, nan]"
1686463417.0701108,-754.5564183209235,136.17945707823694,37.81625840051429,"[0, -1.2893436662177827e-11, nan]"
1686463417.0802605,-754.5564183209235,136.18670155204038,37.81625840051429,"[0, -1.2893436662177827e-11, nan]"
1686463417.0912914,-754.5564183209235,136.1939333568558,37.81625840051429,"[0, -1.2893436662177827e-11, nan]"
1686463417.10354,-754.5564183209235,136.20115435092666,37.81625840051429,"[0, -1.2893436662177827e-11, nan]"
1686463417.114915,-754.5564183209235,136.20836934977908,37.81625840051429,"[0, -1.2893436662177827e-11, nan]"
1686463417.1264188,-754.5564183209235,136.21558196571695,37.81625840051429,"[0, -1.2893436662177827e-11, nan]"
1686463417.13794,-758.3391508816695,136.22279148740654,37.836349747015205,"[0, -2.1728549352451434e-11, nan]"
1686463417.1497605,-758.3391508816695,136.22999350080337,37.836349747015205,"[0, -2.1728549352451434e-11, nan]"
1686463417.1613193,-758.3391508816695,136.23718371617215,37.836349747015205,"[0, -2.1728549352451434e-11, nan]"
1686463417.1712792,-758.3391508816695,136.2443616894063,37.836349747015205,"[0, -2.1728549352451434e-11, nan]"
1686463417.1824152,-758.3391508816695,136.25153121503755,37.836349747015205,"[0, -2.1728549352451434e-11, nan]"
1686463417.1925516,-758.3391508816695,136.25869704856652,37.836349747015205,"[0, -2.1728549352451434e-11, nan]"
1686463417.2041373,-758.3391508816695,136.26586079521277,37.836349747015205,"[0, -2.1728549352451434e-11, nan]"
1686463417.2136972,-758.3391508816695,136.27301952493636,37.836349747015205,"[0, -2.1728549352451434e-11, nan]"
1686463417.22383,-758.3391508816695,136.28016831553833,37.836349747015205,"[0, -2.1728549352451434e-11, nan]"
1686463417.233681,-758.3391508816695,136.28730452297677,37.836349747015205,"[0, -2.1728549352451434e-11, nan]"
1686463417.2427616,-762.1238813203175,136.2944300795767,37.8562368011356,"[0, -1.5533623577862878e-11, nan]"
1686463417.251025,-762.1238813203175,136.30154982859332,37.8562368011356,"[0, -1.5533623577862878e-11, nan]"
1686463417.2606118,-762.1238813203175,136.30866733535913,37.8562368011356,"[0, -1.5533623577862878e-11, nan]"
1686463417.2703638,-762.1238813203175,136.31578180393882,37.8562368011356,"[0, -1.5533623577862878e-11, nan]"
1686463417.2811244,-762.1238813203175,136.32288877194625,37.8562368011356,"[0, -1.5533623577862878e-11, nan]"
1686463417.2919881,-762.1238813203175,136.3299839835192,37.8562368011356,"[0, -1.5533623577862878e-11, nan]"
1686463417.302599,-762.1238813203175,136.33706708520822,37.8562368011356,"[0, -1.5533623577862878e-11, nan]"
1686463417.312592,-762.1238813203175,136.3441419406172,37.8562368011356,"[0, -1.5533623577862878e-11, nan]"
1686463417.3242817,-762.1238813203175,136.35121328931947,37.8562368011356,"[0, -1.5533623577862878e-11, nan]"
1686463417.3352857,-762.1238813203175,136.35828264483135,37.8562368011356,"[0, -1.5533623577862878e-11, nan]"
1686463417.3479936,-765.910589320159,136.36534698756077,37.87592152275394,"[0, -2.2760736631141786e-11, nan]"
1686463417.3598735,-765.910589320159,136.37240138833968,37.87592152275394,"[0, -2.2760736631141786e-11, nan]"
1686463417.3713524,-765.910589320159,136.37944328892118,37.87592152275394,"[0, -2.2760736631141786e-11, nan]"
1686463417.382802,-765.910589320159,136.38647472849462,37.87592152275394,"[0, -2.2760736631141786e-11, nan]"
1686463417.3928213,-765.910589320159,136.39350058346628,37.87592152275394,"[0, -2.2760736631141786e-11, nan]"
1686463417.4035695,-765.910589320159,136.40052434530807,37.87592152275394,"[0, -2.2760736631141786e-11, nan]"
1686463417.4140103,-765.910589320159,136.40754509794516,37.87592152275394,"[0, -2.2760736631141786e-11, nan]"
1686463417.4246356,-765.910589320159,136.4145583173009,37.87592152275394,"[0, -2.2760736631141786e-11, nan]"
1686463417.4343,-765.910589320159,136.42155980207244,37.87592152275394,"[0, -2.2760736631141786e-11, nan]"
1686463417.443644,-765.910589320159,136.42854932581577,37.87592152275394,"[0, -2.2760736631141786e-11, nan]"
1686463417.4533978,-769.6992547799734,136.43553084181949,37.89540637154028,"[0, -1.5141500089140707e-11, nan]"
1686463417.4618018,-769.6992547799734,136.44250906039562,37.89540637154028,"[0, -1.5141500089140707e-11, nan]"
1686463417.4699998,-769.6992547799734,136.4494853679371,37.89540637154028,"[0, -1.5141500089140707e-11, nan]"
1686463417.4802003,-769.6992547799734,136.4564566285726,37.89540637154028,"[0, -1.5141500089140707e-11, nan]"
1686463417.490605,-769.6992547799734,136.463417911366,37.89540637154028,"[0, -1.5141500089140707e-11, nan]"
1686463417.5001724,-769.6992547799734,136.4703667768692,37.89540637154028,"[0, -1.5141500089140707e-11, nan]"
1686463417.511547,-769.6992547799734,136.4773054025778,37.89540637154028,"[0, -1.5141500089140707e-11, nan]"
1686463417.5227225,-769.6992547799734,136.48423870077497,37.89540637154028,"[0, -1.5141500089140707e-11, nan]"
1686463417.53342,-769.6992547799734,136.49117006069466,37.89540637154028,"[0, -1.5141500089140707e-11, nan]"
1686463417.5433881,-769.6992547799734,136.49809841129172,37.89540637154028,"[0, -1.5141500089140707e-11, nan]"
1686463417.5563407,-773.4898578137488,136.50501915620552,37.914693146043696,"[0, -1.430491353338766e-11, nan]"
1686463417.5672677,-773.4898578137488,136.51192817129413,37.914693146043696,"[0, -1.430491353338766e-11, nan]"
1686463417.5796576,-773.4898578137488,136.51882539349683,37.914693146043696,"[0, -1.430491353338766e-11, nan]"
1686463417.590768,-773.4898578137488,136.52571488374744,37.914693146043696,"[0, -1.430491353338766e-11, nan]"
1686463417.6014159,-773.4898578137488,136.53260130741984,37.914693146043696,"[0, -1.430491353338766e-11, nan]"
1686463417.6364114,-773.4898578137488,136.53948588753846,37.914693146043696,"[0, -1.430491353338766e-11, nan]"
1686463417.6477745,-773.4898578137488,136.54636534742096,37.914693146043696,"[0, -1.430491353338766e-11, nan]"
1686463417.6575875,-773.4898578137488,136.55323476284977,37.914693146043696,"[0, -1.430491353338766e-11, nan]"
1686463417.6683586,-773.4898578137488,136.56009184713693,37.914693146043696,"[0, -1.430491353338766e-11, nan]"
1686463417.6787798,-773.4898578137488,136.56693894590572,37.914693146043696,"[0, -1.430491353338766e-11, nan]"
1686463417.6893039,-777.2823787498857,136.57378100688877,37.93378432366958,"[0, -9.900797731530166e-12, nan]"
1686463417.6994872,-777.2823787498857,136.58062128667152,37.93378432366958,"[0, -9.900797731530166e-12, nan]"
1686463417.7082407,-777.2823787498857,136.587458525454,37.93378432366958,"[0, -9.900797731530166e-12, nan]"
1686463417.716948,-777.2823787498857,136.5942880473718,37.93378432366958,"[0, -9.900797731530166e-12, nan]"
1686463417.7267754,-777.2823787498857,136.6011058306536,37.93378432366958,"[0, -9.900797731530166e-12, nan]"
1686463417.734529,-777.2823787498857,136.6079120116461,37.93378432366958,"[0, -9.900797731530166e-12, nan]"
1686463417.7412868,-777.2823787498857,136.61471077389797,37.93378432366958,"[0, -9.900797731530166e-12, nan]"
1686463417.749117,-777.2823787498857,136.62150671851415,37.93378432366958,"[0, -9.900797731530166e-12, nan]"
1686463417.7567282,-777.2823787498857,136.62830086875803,37.93378432366958,"[0, -9.900797731530166e-12, nan]"
1686463417.7641735,-777.2823787498857,136.6350897853743,37.93378432366958,"[0, -9.900797731530166e-12, nan]"
1686463417.7723587,-781.0767981230222,136.64186856291636,37.9526816331966,"[0, -1.502176596397817e-11, nan]"
1686463417.7809026,-781.0767981230222,136.64863510284704,37.9526816331966,"[0, -1.502176596397817e-11, nan]"
1686463417.7891843,-781.0767981230222,136.65539194671985,37.9526816331966,"[0, -1.502176596397817e-11, nan]"
1686463417.7990515,-781.0767981230222,136.66214407317895,37.9526816331966,"[0, -1.502176596397817e-11, nan]"
1686463417.8082604,-781.0767981230222,136.6688945731723,37.9526816331966,"[0, -1.502176596397817e-11, nan]"
1686463417.8179371,-781.0767981230222,136.67564196627572,37.9526816331966,"[0, -1.502176596397817e-11, nan]"
1686463417.8296454,-781.0767981230222,136.6823814935262,37.9526816331966,"[0, -1.502176596397817e-11, nan]"
1686463417.839458,-781.0767981230222,136.68910926428325,37.9526816331966,"[0, -1.502176596397817e-11, nan]"
1686463417.8504913,-781.0767981230222,136.69582564945594,37.9526816331966,"[0, -1.502176596397817e-11, nan]"
1686463417.8614807,-781.0767981230222,136.7025349664349,37.9526816331966,"[0, -1.502176596397817e-11, nan]"
1686463417.873191,-784.8730966808464,136.70924172886518,37.9713874704884,"[0, -8.682850621777467e-12, nan]"
1686463417.8846898,-784.8730966808464,136.7159467233556,37.9713874704884,"[0, -8.682850621777467e-12, nan]"
1686463417.8951259,-784.8730966808464,136.72264632992594,37.9713874704884,"[0, -8.682850621777467e-12, nan]"
1686463417.908553,-784.8730966808464,136.7293356782844,37.9713874704884,"[0, -8.682850621777467e-12, nan]"
1686463417.9190125,-784.8730966808464,136.73601289496764,37.9713874704884,"[0, -8.682850621777467e-12, nan]"
1686463417.9312146,-784.8730966808464,136.7426807420943,37.9713874704884,"[0, -8.682850621777467e-12, nan]"
1686463417.943239,-784.8730966808464,136.74934421996733,37.9713874704884,"[0, -8.682850621777467e-12, nan]"
1686463417.9534717,-784.8730966808464,136.75600621906634,37.9713874704884,"[0, -8.682850621777467e-12, nan]"
1686463417.9635632,-784.8730966808464,136.7626650079619,37.9713874704884,"[0, -8.682850621777467e-12, nan]"
1686463417.9743993,-784.8730966808464,136.7693157459773,37.9713874704884,"[0, -8.682850621777467e-12, nan]"
1686463417.9852138,-788.671255369446,136.7759547056343,37.98990360010483,"[0, -1.4080181056179993e-11, nan]"
1686463417.9954512,-788.671255369446,136.78258252676352,37.98990360010483,"[0, -1.4080181056179993e-11, nan]"
1686463418.005136,-788.671255369446,136.7892036669331,37.98990360010483,"[0, -1.4080181056179993e-11, nan]"
1686463418.014894,-788.671255369446,136.7958225249822,37.98990360010483,"[0, -1.4080181056179993e-11, nan]"
1686463418.022963,-788.671255369446,136.80243961406015,37.98990360010483,"[0, -1.4080181056179993e-11, nan]"
1686463418.0327792,-788.671255369446,136.80905111908143,37.98990360010483,"[0, -1.4080181056179993e-11, nan]"
1686463418.0420263,-788.671255369446,136.8156522266563,37.98990360010483,"[0, -1.4080181056179993e-11, nan]"
1686463418.051831,-788.671255369446,136.82224132643788,37.98990360010483,"[0, -1.4080181056179993e-11, nan]"
1686463418.0616808,-788.671255369446,136.82882142226774,37.98990360010483,"[0, -1.4080181056179993e-11, nan]"
1686463418.0717757,-788.671255369446,136.83539752160942,37.98990360010483,"[0, -1.4080181056179993e-11, nan]"
1686463418.0824091,-792.4712553451964,136.84197227660843,38.0082322379284,"[0, -1.1569274964737541e-11, nan]"
1686463418.0937328,-792.4712553451964,136.8485436774252,38.0082322379284,"[0, -1.1569274964737541e-11, nan]"
1686463418.1041112,-792.4712553451964,136.85510680894768,38.0082322379284,"[0, -1.1569274964737541e-11, nan]"
1686463418.115407,-792.4712553451964,136.86165814210327,38.0082322379284,"[0, -1.1569274964737541e-11, nan]"
1686463418.127444,-792.4712553451964,136.86819861853002,38.0082322379284,"[0, -1.1569274964737541e-11, nan]"
1686463418.1387506,-792.4712553451964,136.8747328367692,38.0082322379284,"[0, -1.1569274964737541e-11, nan]"
1686463418.1506484,-792.4712553451964,136.88126504917636,38.0082322379284,"[0, -1.1569274964737541e-11, nan]"
1686463418.1616976,-792.4712553451964,136.8877954585183,38.0082322379284,"[0, -1.1569274964737541e-11, nan]"
1686463418.1739852,-792.4712553451964,136.89432004591146,38.0082322379284,"[0, -1.1569274964737541e-11, nan]"
1686463418.1846156,-792.4712553451964,136.90083408150676,38.0082322379284,"[0, -1.1569274964737541e-11, nan]"
1686463418.1945968,-796.273077957153,136.90733625720677,38.02637527252514,"[0, -2.412346481108263e-11, nan]"
1686463418.20507,-796.273077957153,136.91382983543153,38.02637527252514,"[0, -2.412346481108263e-11, nan]"
1686463418.2155123,-796.273077957153,136.92031981011897,38.02637527252514,"[0, -2.412346481108263e-11, nan]"
1686463418.2261202,-796.273077957153,136.92680855529906,38.02637527252514,"[0, -2.412346481108263e-11, nan]"
1686463418.2364528,-796.273077957153,136.9332937586176,38.02637527252514,"[0, -2.412346481108263e-11, nan]"
1686463418.2464063,-796.273077957153,136.93977044384664,38.02637527252514,"[0, -2.412346481108263e-11, nan]"
1686463418.2545223,-796.273077957153,136.94623531957004,38.02637527252514,"[0, -2.412346481108263e-11, nan]"
1686463418.2629106,-796.273077957153,136.95268965937868,38.02637527252514,"[0, -2.412346481108263e-11, nan]"
1686463418.2718103,-796.273077957153,136.95913819757115,38.02637527252514,"[0, -2.412346481108263e-11, nan]"
1686463418.2812521,-796.273077957153,136.9655850032734,38.02637527252514,"[0, -2.412346481108263e-11, nan]"
1686463418.2907495,-800.076704759719,136.97202993341998,38.04433467517246,"[0, -3.1142409127276216e-11, nan]"
1686463418.300281,-800.076704759719,136.97846876226467,38.04433467517246,"[0, -3.1142409127276216e-11, nan]"
1686463418.3114314,-800.076704759719,136.98489687611982,38.04433467517246,"[0, -3.1142409127276216e-11, nan]"
1686463418.3219583,-800.076704759719,136.99131330862403,38.04433467517246,"[0, -3.1142409127276216e-11, nan]"
1686463418.3327527,-800.076704759719,136.99772159206188,38.04433467517246,"[0, -3.1142409127276216e-11, nan]"
1686463418.3430586,-800.076704759719,137.00412667982383,38.04433467517246,"[0, -3.1142409127276216e-11, nan]"
1686463418.3553238,-800.076704759719,137.0105306260688,38.04433467517246,"[0, -3.1142409127276216e-11, nan]"
1686463418.3671591,-800.076704759719,137.01693079642027,38.04433467517246,"[0, -3.1142409127276216e-11, nan]"
1686463418.3783095,-800.076704759719,137.0233221736904,38.04433467517246,"[0, -3.1142409127276216e-11, nan]"
1686463418.3909087,-800.076704759719,137.02970174670008,38.04433467517246,"[0, -3.1142409127276216e-11, nan]"
1686463418.4023752,-803.8821174968402,137.0360711481033,38.06211249752425,"[0, -2.4689200269966295e-11, nan]"
1686463418.4139087,-803.8821174968402,137.04243523537335,38.06211249752425,"[0, -2.4689200269966295e-11, nan]"
1686463418.425296,-803.8821174968402,137.0487978530633,38.06211249752425,"[0, -2.4689200269966295e-11, nan]"
1686463418.435105,-803.8821174968402,137.05515847856478,38.06211249752425,"[0, -2.4689200269966295e-11, nan]"
1686463418.4465728,-803.8821174968402,137.0615126832763,38.06211249752425,"[0, -2.4689200269966295e-11, nan]"
1686463418.457472,-803.8821174968402,137.06785600821533,38.06211249752425,"[0, -2.4689200269966295e-11, nan]"
1686463418.468514,-803.8821174968402,137.07418786774215,38.06211249752425,"[0, -2.4689200269966295e-11, nan]"
1686463418.4783401,-803.8821174968402,137.0805120690744,38.06211249752425,"[0, -2.4689200269966295e-11, nan]"
1686463418.488657,-803.8821174968402,137.08683349110834,38.06211249752425,"[0, -2.4689200269966295e-11, nan]"
1686463418.4974895,-803.8821174968402,137.09315382510906,38.06211249752425,"[0, -2.4689200269966295e-11, nan]"
1686463418.506274,-807.6892981105958,137.0994701005333,38.07971046298122,"[0, -1.8479104056106653e-11, nan]"
1686463418.5150535,-807.6892981105958,137.1057772872864,38.07971046298122,"[0, -1.8479104056106653e-11, nan]"
1686463418.5240722,-807.6892981105958,137.11207269960033,38.07971046298122,"[0, -1.8479104056106653e-11, nan]"
1686463418.5351133,-807.6892981105958,137.11835835197053,38.07971046298122,"[0, -1.8479104056106653e-11, nan]"
1686463418.5442722,-807.6892981105958,137.12463920462397,38.07971046298122,"[0, -1.8479104056106653e-11, nan]"
1686463418.5539367,-807.6892981105958,137.13091883183662,38.07971046298122,"[0, -1.8479104056106653e-11, nan]"
1686463418.5648234,-807.6892981105958,137.1371963006339,38.07971046298122,"[0, -1.8479104056106653e-11, nan]"
1686463418.5754805,-807.6892981105958,137.14346699140515,38.07971046298122,"[0, -1.8479104056106653e-11, nan]"
1686463418.587342,-807.6892981105958,137.1497266441038,38.07971046298122,"[0, -1.8479104056106653e-11, nan]"
1686463418.5974286,-807.6892981105958,137.1559750917957,38.07971046298122,"[0, -1.8479104056106653e-11, nan]"
1686463418.609653,-811.4982287317235,137.1622164140972,38.097130756129246,"[0, -1.653785228221538e-11, nan]"
1686463418.6218479,-811.4982287317235,137.16845537445042,38.097130756129246,"[0, -1.653785228221538e-11, nan]"
1686463418.6338654,-811.4982287317235,137.17469325746717,38.097130756129246,"[0, -1.653785228221538e-11, nan]"
1686463418.6452281,-811.4982287317235,137.18092674960099,38.097130756129246,"[0, -1.653785228221538e-11, nan]"
1686463418.655276,-811.4982287317235,137.18715084332945,38.097130756129246,"[0, -1.653785228221538e-11, nan]"
1686463418.666639,-811.4982287317235,137.19336322594464,38.097130756129246,"[0, -1.653785228221538e-11, nan]"
1686463418.677943,-811.4982287317235,137.19956631084534,38.097130756129246,"[0, -1.653785228221538e-11, nan]"
1686463418.6878495,-811.4982287317235,137.20576513219277,38.097130756129246,"[0, -1.653785228221538e-11, nan]"
1686463418.697591,-811.4982287317235,137.21196294412658,38.097130756129246,"[0, -1.653785228221538e-11, nan]"
1686463418.7077386,-811.4982287317235,137.2181583768146,38.097130756129246,"[0, -1.653785228221538e-11, nan]"
1686463418.7164257,-815.3088916803506,137.2243466401171,38.11437492038912,"[0, -3.3757075250174634e-12, nan]"
1686463418.7253253,-815.3088916803506,137.23052372310667,38.11437492038912,"[0, -3.3757075250174634e-12, nan]"
1686463418.7330635,-815.3088916803506,137.23668991259183,38.11437492038912,"[0, -3.3757075250174634e-12, nan]"
1686463418.7414103,-815.3088916803506,137.24284954956676,38.11437492038912,"[0, -3.3757075250174634e-12, nan]"
1686463418.7520647,-815.3088916803506,137.24900723386926,38.11437492038912,"[0, -3.3757075250174634e-12, nan]"
1686463418.7614694,-815.3088916803506,137.255163801054,38.11437492038912,"[0, -3.3757075250174634e-12, nan]"
1686463418.770834,-815.3088916803506,137.26131559486603,38.11437492038912,"[0, -3.3757075250174634e-12, nan]"
1686463418.7815213,-815.3088916803506,137.2674576746449,38.11437492038912,"[0, -3.3757075250174634e-12, nan]"
1686463418.7918713,-815.3088916803506,137.27358814942346,38.11437492038912,"[0, -3.3757075250174634e-12, nan]"
1686463418.8030925,-815.3088916803506,137.2797098416406,38.11437492038912,"[0, -3.3757075250174634e-12, nan]"
1686463418.813137,-819.1212694654848,137.28582782120176,38.13144517651915,"[0, -1.7339563762267473e-11, nan]"
1686463418.8249075,-819.1212694654848,137.29194496936324,38.13144517651915,"[0, -1.7339563762267473e-11, nan]"
1686463418.8362365,-819.1212694654848,137.29805945863117,38.13144517651915,"[0, -1.7339563762267473e-11, nan]"
1686463418.8481846,-819.1212694654848,137.3041663584525,38.13144517651915,"[0, -1.7339563762267473e-11, nan]"
1686463418.8599598,-819.1212694654848,137.31026196179957,38.13144517651915,"[0, -1.7339563762267473e-11, nan]"
1686463418.87183,-819.1212694654848,137.3163470406358,38.13144517651915,"[0, -1.7339563762267473e-11, nan]"
1686463418.8828087,-819.1212694654848,137.32242617644079,38.13144517651915,"[0, -1.7339563762267473e-11, nan]"
1686463418.8948383,-819.1212694654848,137.32850375090348,38.13144517651915,"[0, -1.7339563762267473e-11, nan]"
1686463418.9045987,-819.1212694654848,137.33458010970864,38.13144517651915,"[0, -1.7339563762267473e-11, nan]"
1686463418.915018,-819.1212694654848,137.34065126405912,38.13144517651915,"[0, -1.7339563762267473e-11, nan]"
1686463418.9261122,-822.9353447767088,137.34671239237323,38.148343010807885,"[0, -1.2778065569726963e-11, nan]"
1686463418.936629,-822.9353447767088,137.35276207398712,38.148343010807885,"[0, -1.2778065569726963e-11, nan]"
1686463418.9468565,-822.9353447767088,137.35880354197107,38.148343010807885,"[0, -1.2778065569726963e-11, nan]"
1686463418.9561942,-822.9353447767088,137.36484185467927,38.148343010807885,"[0, -1.2778065569726963e-11, nan]"
1686463418.9656186,-822.9353447767088,137.37087946546853,38.148343010807885,"[0, -1.2778065569726963e-11, nan]"
1686463418.9749117,-822.9353447767088,137.37691407553976,38.148343010807885,"[0, -1.2778065569726963e-11, nan]"
1686463418.9821415,-822.9353447767088,137.38294065447408,38.148343010807885,"[0, -1.2778065569726963e-11, nan]"
1686463418.9915216,-822.9353447767088,137.38895585822613,38.148343010807885,"[0, -1.2778065569726963e-11, nan]"
1686463419.001145,-822.9353447767088,137.39496096913862,38.148343010807885,"[0, -1.2778065569726963e-11, nan]"
1686463419.0102086,-822.9353447767088,137.40096077817654,38.148343010807885,"[0, -1.2778065569726963e-11, nan]"
1686463419.0212505,-826.7511004921495,137.40695938770514,38.16507054646511,"[0, -1.5536019574185927e-11, nan]"
1686463419.0311024,-826.7511004921495,137.41295661702898,38.16507054646511,"[0, -1.5536019574185927e-11, nan]"
1686463419.0417664,-826.7511004921495,137.41894816528875,38.16507054646511,"[0, -1.5536019574185927e-11, nan]"
1686463419.0521832,-826.7511004921495,137.42492939009534,38.16507054646511,"[0, -1.5536019574185927e-11, nan]"
1686463419.0629463,-826.7511004921495,137.43089938803024,38.16507054646511,"[0, -1.5536019574185927e-11, nan]"
1686463419.0752094,-826.7511004921495,137.43686179430844,38.16507054646511,"[0, -1.5536019574185927e-11, nan]"
1686463419.0870864,-826.7511004921495,137.4428215988308,38.16507054646511,"[0, -1.5536019574185927e-11, nan]"
1686463419.0983002,-826.7511004921495,137.44878077177347,38.16507054646511,"[0, -1.5536019574185927e-11, nan]"
1686463419.1113613,-826.7511004921495,137.45473653849405,38.16507054646511,"[0, -1.5536019574185927e-11, nan]"
1686463419.1235595,-826.7511004921495,137.46068381965742,38.16507054646511,"[0, -1.5536019574185927e-11, nan]"
1686463419.136208,-830.568519663325,137.46661969602357,38.18162934903146,"[0, -1.4403059648764099e-11, nan]"
1686463419.1478875,-830.568519663325,137.4725459782898,38.18162934903146,"[0, -1.4403059648764099e-11, nan]"
1686463419.159471,-830.568519663325,137.47846762406044,38.18162934903146,"[0, -1.4403059648764099e-11, nan]"
1686463419.169601,-830.568519663325,137.48438839051707,38.18162934903146,"[0, -1.4403059648764099e-11, nan]"
1686463419.1808815,-830.568519663325,137.49030753967236,38.18162934903146,"[0, -1.4403059648764099e-11, nan]"
1686463419.1902695,-830.568519663325,137.49622049066565,38.18162934903146,"[0, -1.4403059648764099e-11, nan]"
1686463419.2020154,-830.568519663325,137.5021228480171,38.18162934903146,"[0, -1.4403059648764099e-11, nan]"
1686463419.210557,-830.568519663325,137.5080142684288,38.18162934903146,"[0, -1.4403059648764099e-11, nan]"
1686463419.220187,-830.568519663325,137.51389876951725,38.18162934903146,"[0, -1.4403059648764099e-11, nan]"
1686463419.230028,-830.568519663325,137.51978120663406,38.18162934903146,"[0, -1.4403059648764099e-11, nan]"
1686463419.2379882,-834.387585527818,137.5256630127311,38.19802132350949,"[0, -2.3423372272956066e-11, nan]"
1686463419.2461731,-834.387585527818,137.53154094359925,38.19802132350949,"[0, -2.3423372272956066e-11, nan]"
1686463419.2558928,-834.387585527818,137.53740993269238,38.19802132350949,"[0, -2.3423372272956066e-11, nan]"
1686463419.266089,-834.387585527818,137.54326754869544,38.19802132350949,"[0, -2.3423372272956066e-11, nan]"
1686463419.27521,-834.387585527818,137.54911613882288,38.19802132350949,"[0, -2.3423372272956066e-11, nan]"
1686463419.286407,-834.387585527818,137.55496077277385,38.19802132350949,"[0, -2.3423372272956066e-11, nan]"
1686463419.2957602,-834.387585527818,137.5608047927668,38.19802132350949,"[0, -2.3423372272956066e-11, nan]"
1686463419.307723,-834.387585527818,137.56664688062628,38.19802132350949,"[0, -2.3423372272956066e-11, nan]"
1686463419.317581,-834.387585527818,137.57248222045783,38.19802132350949,"[0, -2.3423372272956066e-11, nan]"
1686463419.3300383,-834.387585527818,137.57830673703575,38.19802132350949,"[0, -2.3423372272956066e-11, nan]"
1686463419.34152,-838.2082814923283,137.58412068469516,38.21424821054102,"[0, -1.0410071344324567e-11, nan]"
1686463419.3541534,-838.2082814923283,137.5899284304207,38.21424821054102,"[0, -1.0410071344324567e-11, nan]"
1686463419.3656256,-838.2082814923283,137.59573462075642,38.21424821054102,"[0, -1.0410071344324567e-11, nan]"
1686463419.3774917,-838.2082814923283,137.6015401008339,38.21424821054102,"[0, -1.0410071344324567e-11, nan]"
1686463419.3896909,-838.2082814923283,137.6073411757072,38.21424821054102,"[0, -1.0410071344324567e-11, nan]"
1686463419.400518,-838.2082814923283,137.61313286381483,38.21424821054102,"[0, -1.0410071344324567e-11, nan]"
1686463419.4108698,-838.2082814923283,137.618913283855,38.21424821054102,"[0, -1.0410071344324567e-11, nan]"
1686463419.421649,-838.2082814923283,137.62468531611157,38.21424821054102,"[0, -1.0410071344324567e-11, nan]"
1686463419.4321694,-838.2082814923283,137.630454075546,38.21424821054102,"[0, -1.0410071344324567e-11, nan]"
1686463419.4423916,-838.2082814923283,137.6362224181019,38.21424821054102,"[0, -1.0410071344324567e-11, nan]"
1686463419.4517899,-842.0305911441736,137.64198843268568,38.23031164186097,"[0, -1.5227901774673635e-11, nan]"
1686463419.4617488,-842.0305911441736,137.64774712653818,38.23031164186097,"[0, -1.5227901774673635e-11, nan]"
1686463419.4708157,-842.0305911441736,137.65349482304228,38.23031164186097,"[0, -1.5227901774673635e-11, nan]"
1686463419.4789422,-842.0305911441736,137.65923240269078,38.23031164186097,"[0, -1.5227901774673635e-11, nan]"
1686463419.487129,-842.0305911441736,137.6649645353071,38.23031164186097,"[0, -1.5227901774673635e-11, nan]"
1686463419.497962,-842.0305911441736,137.6706955765898,38.23031164186097,"[0, -1.5227901774673635e-11, nan]"
1686463419.507245,-842.0305911441736,137.67642573973717,38.23031164186097,"[0, -1.5227901774673635e-11, nan]"
1686463419.5154617,-842.0305911441736,137.6821509119229,38.23031164186097,"[0, -1.5227901774673635e-11, nan]"
1686463419.5276773,-842.0305911441736,137.68786627851952,38.23031164186097,"[0, -1.5227901774673635e-11, nan]"
1686463419.537766,-842.0305911441736,137.69357056693806,38.23031164186097,"[0, -1.5227901774673635e-11, nan]"
1686463419.5481696,-845.854498238654,137.6992671732638,38.24621354360919,"[0, -1.527670256874288e-11, nan]"
1686463419.5593235,-845.854498238654,137.7049611791008,38.24621354360919,"[0, -1.527670256874288e-11, nan]"
1686463419.57139,-845.854498238654,137.71065488324822,38.24621354360919,"[0, -1.527670256874288e-11, nan]"
1686463419.5826569,-845.854498238654,137.7163457817238,38.24621354360919,"[0, -1.527670256874288e-11, nan]"
1686463419.5952723,-845.854498238654,137.7220287768636,38.24621354360919,"[0, -1.527670256874288e-11, nan]"
1686463419.6064599,-845.854498238654,137.72770067095846,38.24621354360919,"[0, -1.527670256874288e-11, nan]"
1686463419.6187048,-845.854498238654,137.73336298863396,38.24621354360919,"[0, -1.527670256874288e-11, nan]"
1686463419.630609,-845.854498238654,137.73902064072936,38.24621354360919,"[0, -1.527670256874288e-11, nan]"
1686463419.6404543,-845.854498238654,137.74467760507977,38.24621354360919,"[0, -1.527670256874288e-11, nan]"
1686463419.6515367,-845.854498238654,137.75033342744175,38.24621354360919,"[0, -1.527670256874288e-11, nan]"
1686463419.662463,-849.6799867036913,137.75598362561215,38.26195531620226,"[0, -7.808664760550141e-12, nan]"
1686463419.6734564,-849.6799867036913,137.761623642216,38.26195531620226,"[0, -7.808664760550141e-12, nan]"
1686463419.6830635,-849.6799867036913,137.7672528654759,38.26195531620226,"[0, -7.808664760550141e-12, nan]"
1686463419.6932023,-849.6799867036913,137.77287517465774,38.26195531620226,"[0, -7.808664760550141e-12, nan]"
1686463419.701743,-849.6799867036913,137.77849552848565,38.26195531620226,"[0, -7.808664760550141e-12, nan]"
1686463419.7107685,-849.6799867036913,137.78411560092718,38.26195531620226,"[0, -7.808664760550141e-12, nan]"
1686463419.7196467,-849.6799867036913,137.78973231037563,38.26195531620226,"[0, -7.808664760550141e-12, nan]"
1686463419.7285683,-849.6799867036913,137.79534053909956,38.26195531620226,"[0, -7.808664760550141e-12, nan]"
1686463419.7373264,-849.6799867036913,137.8009376488328,38.26195531620226,"[0, -7.808664760550141e-12, nan]"
1686463419.7474434,-849.6799867036913,137.80652581234136,38.26195531620226,"[0, -7.808664760550141e-12, nan]"
1686463419.7555766,-853.5070406361153,137.81211010462866,38.27753898327866,"[0, -1.9791082171901413e-11, nan]"
1686463419.7660043,-853.5070406361153,137.81769403540713,38.27753898327866,"[0, -1.9791082171901413e-11, nan]"
1686463419.7757053,-853.5070406361153,137.82327645938787,38.27753898327866,"[0, -1.9791082171901413e-11, nan]"
1686463419.7865708,-853.5070406361153,137.82885258999667,38.27753898327866,"[0, -1.9791082171901413e-11, nan]"
1686463419.7977374,-853.5070406361153,137.8344182238827,38.27753898327866,"[0, -1.9791082171901413e-11, nan]"
1686463419.8083425,-853.5070406361153,137.83997345274912,38.27753898327866,"[0, -1.9791082171901413e-11, nan]"
1686463419.8209527,-853.5070406361153,137.84552258912444,38.27753898327866,"[0, -1.9791082171901413e-11, nan]"
1686463419.8322504,-853.5070406361153,137.85107036963527,38.27753898327866,"[0, -1.9791082171901413e-11, nan]"
1686463419.8443449,-853.5070406361153,137.8566177827437,38.27753898327866,"[0, -1.9791082171901413e-11, nan]"
1686463419.857009,-853.5070406361153,137.86216120110257,38.27753898327866,"[0, -1.9791082171901413e-11, nan]"
1686463419.8687773,-857.3356442964833,137.86769558483394,38.29296584411991,"[0, -1.51391853586537e-11, nan]"
1686463419.8802807,-857.3356442964833,137.87321893199552,38.29296584411991,"[0, -1.51391853586537e-11, nan]"
1686463419.8913953,-857.3356442964833,137.87873405088177,38.29296584411991,"[0, -1.51391853586537e-11, nan]"
1686463419.9013317,-857.3356442964833,137.8842460889864,38.29296584411991,"[0, -1.51391853586537e-11, nan]"
1686463419.9129727,-857.3356442964833,137.8897579974335,38.29296584411991,"[0, -1.51391853586537e-11, nan]"
1686463419.9230814,-857.3356442964833,137.89526793149054,38.29296584411991,"[0, -1.51391853586537e-11, nan]"
1686463419.933757,-857.3356442964833,137.90077088219115,38.29296584411991,"[0, -1.51391853586537e-11, nan]"
1686463419.9422057,-857.3356442964833,137.90626310045738,38.29296584411991,"[0, -1.51391853586537e-11, nan]"
1686463419.9522984,-857.3356442964833,137.91174541141228,38.29296584411991,"[0, -1.51391853586537e-11, nan]"
1686463419.961174,-857.3356442964833,137.91722249259985,38.29296584411991,"[0, -1.51391853586537e-11, nan]"
1686463419.9699895,-861.1657821151674,137.9226987518763,38.3082378648788,"[0, -3.5435431706918534e-12, nan]"
1686463419.9791903,-861.1657821151674,137.92817444172033,38.3082378648788,"[0, -3.5435431706918534e-12, nan]"
1686463419.987408,-861.1657821151674,137.93364544031792,38.3082378648788,"[0, -3.5435431706918534e-12, nan]"
1686463419.9971395,-861.1657821151674,137.93910689393815,38.3082378648788,"[0, -3.5435431706918534e-12, nan]"
1686463420.0069966,-861.1657821151674,137.944557506801,38.3082378648788,"[0, -3.5435431706918534e-12, nan]"
1686463420.0159776,-861.1657821151674,137.95000069146408,38.3082378648788,"[0, -3.5435431706918534e-12, nan]"
1686463420.0264113,-861.1657821151674,137.95544156212273,38.3082378648788,"[0, -3.5435431706918534e-12, nan]"
1686463420.0376036,-861.1657821151674,137.96088242441257,38.3082378648788,"[0, -3.5435431706918534e-12, nan]"
1686463420.0477617,-861.1657821151674,137.9663207437934,38.3082378648788,"[0, -3.5435431706918534e-12, nan]"
1686463420.057989,-861.1657821151674,137.97175138724015,38.3082378648788,"[0, -3.5435431706918534e-12, nan]"
1686463420.070227,-864.9974386787444,137.97717116105125,38.32335640992406,"[0, -5.654705502700748e-12, nan]"
1686463420.0811243,-864.9974386787444,137.98258163702994,38.32335640992406,"[0, -5.654705502700748e-12, nan]"
1686463420.0929396,-864.9974386787444,137.9879877707179,38.32335640992406,"[0, -5.654705502700748e-12, nan]"
1686463420.1054099,-864.9974386787444,137.99339353025536,38.32335640992406,"[0, -5.654705502700748e-12, nan]"
1686463420.1176765,-864.9974386787444,137.9987983956271,38.32335640992406,"[0, -5.654705502700748e-12, nan]"
1686463420.1306374,-864.9974386787444,138.0041978219524,38.32335640992406,"[0, -5.654705502700748e-12, nan]"
1686463420.142472,-864.9974386787444,138.00958725842756,38.32335640992406,"[0, -5.654705502700748e-12, nan]"
1686463420.1547182,-864.9974386787444,138.014966174429,38.32335640992406,"[0, -5.654705502700748e-12, nan]"
1686463420.1653957,-864.9974386787444,138.02033853432513,38.32335640992406,"[0, -5.654705502700748e-12, nan]"
1686463420.1758678,-864.9974386787444,138.025709300995,38.32335640992406,"[0, -5.654705502700748e-12, nan]"
1686463420.1870573,-868.8305987422843,138.03108005540636,38.33832323422948,"[0, -1.0662321815029286e-11, nan]"
1686463420.198083,-868.8305987422843,138.03644760335666,38.33832323422948,"[0, -1.0662321815029286e-11, nan]"
1686463420.2086313,-868.8305987422843,138.04180680230274,38.33832323422948,"[0, -1.0662321815029286e-11, nan]"
1686463420.2185018,-868.8305987422843,138.04715511080903,38.33832323422948,"[0, -1.0662321815029286e-11, nan]"
1686463420.2284586,-868.8305987422843,138.05249484108245,38.33832323422948,"[0, -1.0662321815029286e-11, nan]"
1686463420.237208,-868.8305987422843,138.05783112110913,38.33832323422948,"[0, -1.0662321815029286e-11, nan]"
1686463420.2464495,-868.8305987422843,138.06316736760164,38.33832323422948,"[0, -1.0662321815029286e-11, nan]"
1686463420.2554142,-868.8305987422843,138.06850226960415,38.33832323422948,"[0, -1.0662321815029286e-11, nan]"
1686463420.2642028,-868.8305987422843,138.0738309513734,38.33832323422948,"[0, -1.0662321815029286e-11, nan]"
1686463420.2732,-868.8305987422843,138.07914928714672,38.33832323422948,"[0, -1.0662321815029286e-11, nan]"
1686463420.282559,-872.665247212772,138.08445755447974,38.35313989246582,"[0, -2.147043621995322e-11, nan]"
1686463420.2919328,-872.665247212772,138.08976019511647,38.35313989246582,"[0, -2.147043621995322e-11, nan]"
1686463420.302755,-872.665247212772,138.09506189326058,38.35313989246582,"[0, -2.147043621995322e-11, nan]"
1686463420.3122365,-872.665247212772,138.10036343776048,38.35313989246582,"[0, -2.147043621995322e-11, nan]"
1686463420.322859,-872.665247212772,138.1056610283824,38.35313989246582,"[0, -2.147043621995322e-11, nan]"
1686463420.3342881,-872.665247212772,138.11094964077785,38.35313989246582,"[0, -2.147043621995322e-11, nan]"
1686463420.3449194,-872.665247212772,138.1162274749757,38.35313989246582,"[0, -2.147043621995322e-11, nan]"
1686463420.3565845,-872.665247212772,138.12149755394202,38.35313989246582,"[0, -2.147043621995322e-11, nan]"
1686463420.367227,-872.665247212772,138.12676505546332,38.35313989246582,"[0, -2.147043621995322e-11, nan]"
1686463420.3795288,-872.665247212772,138.1320327367961,38.35313989246582,"[0, -2.147043621995322e-11, nan]"
1686463420.3905861,-876.5013691608689,138.13729849955052,38.367807852623976,"[0, -2.2953687186590602e-11, nan]"
1686463420.402248,-876.5013691608689,138.14255724977556,38.367807852623976,"[0, -2.2953687186590602e-11, nan]"
1686463420.414934,-876.5013691608689,138.14780540954126,38.367807852623976,"[0, -2.2953687186590602e-11, nan]"
1686463420.4257011,-876.5013691608689,138.15304408824485,38.367807852623976,"[0, -2.2953687186590602e-11, nan]"
1686463420.4363825,-876.5013691608689,138.15827810726188,38.367807852623976,"[0, -2.2953687186590602e-11, nan]"
1686463420.4471285,-876.5013691608689,138.16351173898585,38.367807852623976,"[0, -2.2953687186590602e-11, nan]"
1686463420.4578211,-876.5013691608689,138.16874492990357,38.367807852623976,"[0, -2.2953687186590602e-11, nan]"
1686463420.4663677,-876.5013691608689,138.17397335192763,38.367807852623976,"[0, -2.2953687186590602e-11, nan]"
1686463420.4759483,-876.5013691608689,138.17919223690114,38.367807852623976,"[0, -2.2953687186590602e-11, nan]"
1686463420.485691,-876.5013691608689,138.18440060237336,38.367807852623976,"[0, -2.2953687186590602e-11, nan]"
1686463420.4944856,-880.3389498085531,138.18960212728925,38.38232887782685,"[0, -1.5586413403429525e-11, nan]"
1686463420.502715,-880.3389498085531,138.19480190100293,38.38232887782685,"[0, -1.5586413403429525e-11, nan]"
1686463420.5122888,-880.3389498085531,138.20000192277513,38.38232887782685,"[0, -1.5586413403429525e-11, nan]"
1686463420.5227113,-880.3389498085531,138.20519933530667,38.38232887782685,"[0, -1.5586413403429525e-11, nan]"
1686463420.532085,-880.3389498085531,138.2103889582475,38.38232887782685,"[0, -1.5586413403429525e-11, nan]"
1686463420.5409393,-880.3389498085531,138.21556788001908,38.38232887782685,"[0, -1.5586413403429525e-11, nan]"
1686463420.551376,-880.3389498085531,138.22073804153624,38.38232887782685,"[0, -1.5586413403429525e-11, nan]"
1686463420.5631082,-880.3389498085531,138.22590452360745,38.38232887782685,"[0, -1.5586413403429525e-11, nan]"
1686463420.5731437,-880.3389498085531,138.23107105259115,38.38232887782685,"[0, -1.5586413403429525e-11, nan]"
1686463420.583419,-880.3389498085531,138.23623670411726,38.38232887782685,"[0, -1.5586413403429525e-11, nan]"
1686463420.5955138,-884.1779745336138,138.24139672567617,38.396704197033166,"[0, -1.0071158440689049e-11, nan]"
1686463420.6076367,-884.1779745336138,138.24654675007696,38.396704197033166,"[0, -1.0071158440689049e-11, nan]"
1686463420.6183627,-884.1779745336138,138.2516866692029,38.396704197033166,"[0, -1.0071158440689049e-11, nan]"
1686463420.631772,-884.1779745336138,138.2568207361168,38.396704197033166,"[0, -1.0071158440689049e-11, nan]"
1686463420.6427763,-884.1779745336138,138.2619538026047,38.396704197033166,"[0, -1.0071158440689049e-11, nan]"
1686463420.6549602,-884.1779745336138,138.26708702532997,38.396704197033166,"[0, -1.0071158440689049e-11, nan]"
1686463420.6665666,-884.1779745336138,138.2722168446031,38.396704197033166,"[0, -1.0071158440689049e-11, nan]"
1686463420.6763105,-884.1779745336138,138.27733814230962,38.396704197033166,"[0, -1.0071158440689049e-11, nan]"
1686463420.6871305,-884.1779745336138,138.28244878184015,38.396704197033166,"[0, -1.0071158440689049e-11, nan]"
1686463420.6982245,-884.1779745336138,138.2875515074855,38.396704197033166,"[0, -1.0071158440689049e-11, nan]"
1686463420.7086318,-888.0184288668935,138.29265151810142,38.41093567503944,"[0, -9.906119938800807e-12, nan]"
1686463420.718289,-888.0184288668935,138.29775186458937,38.41093567503944,"[0, -9.906119938800807e-12, nan]"
1686463420.728396,-888.0184288668935,138.3028507498071,38.41093567503944,"[0, -9.906119938800807e-12, nan]"
1686463420.7368128,-888.0184288668935,138.30794312480066,38.41093567503944,"[0, -9.906119938800807e-12, nan]"
1686463420.7450514,-888.0184288668935,138.31302516888573,38.41093567503944,"[0, -9.906119938800807e-12, nan]"
1686463420.753731,-888.0184288668935,138.31809768178428,38.41093567503944,"[0, -9.906119938800807e-12, nan]"
1686463420.763484,-888.0184288668935,138.32316538064478,38.41093567503944,"[0, -9.906119938800807e-12, nan]"
1686463420.7729666,-888.0184288668935,138.32823272353636,38.41093567503944,"[0, -9.906119938800807e-12, nan]"
1686463420.7828767,-888.0184288668935,138.33329996081594,38.41093567503944,"[0, -9.906119938800807e-12, nan]"
1686463420.7943716,-888.0184288668935,138.33836291686166,38.41093567503944,"[0, -9.906119938800807e-12, nan]"
1686463420.805111,-891.860298486257,138.34341669645218,38.425024458735365,"[0, -1.935797147670433e-11, nan]"
1686463420.8160915,-891.860298486257,138.34846003071144,38.425024458735365,"[0, -1.935797147670433e-11, nan]"
1686463420.8267293,-891.860298486257,138.35349640822352,38.425024458735365,"[0, -1.935797147670433e-11, nan]"
1686463420.8378935,-891.860298486257,138.35853098676634,38.425024458735365,"[0, -1.935797147670433e-11, nan]"
1686463420.8499672,-891.860298486257,138.36356602347186,38.425024458735365,"[0, -1.935797147670433e-11, nan]"
1686463420.8615432,-891.860298486257,138.36859887653773,38.425024458735365,"[0, -1.935797147670433e-11, nan]"
1686463420.8745964,-891.860298486257,138.3736243520587,38.425024458735365,"[0, -1.935797147670433e-11, nan]"
1686463420.886063,-891.860298486257,138.37863931582834,38.425024458735365,"[0, -1.935797147670433e-11, nan]"
1686463420.8979023,-891.860298486257,138.3836454794444,38.425024458735365,"[0, -1.935797147670433e-11, nan]"
1686463420.9091737,-891.860298486257,138.3886478875291,38.425024458735365,"[0, -1.935797147670433e-11, nan]"
1686463420.919897,-895.7035692240379,138.3936504472542,38.43897233063042,"[0, -1.245960700014359e-11, nan]"
1686463420.930938,-895.7035692240379,138.3986524655411,38.43897233063042,"[0, -1.245960700014359e-11, nan]"
1686463420.942245,-895.7035692240379,138.4036492675863,38.43897233063042,"[0, -1.245960700014359e-11, nan]"
1686463420.951886,-895.7035692240379,138.4086363489092,38.43897233063042,"[0, -1.245960700014359e-11, nan]"
1686463420.9629054,-895.7035692240379,138.4136133781758,38.43897233063042,"[0, -1.245960700014359e-11, nan]"
1686463420.9723353,-895.7035692240379,138.4185844968255,38.43897233063042,"[0, -1.245960700014359e-11, nan]"
1686463420.9812403,-895.7035692240379,138.42355464899592,38.43897233063042,"[0, -1.245960700014359e-11, nan]"
1686463420.9910784,-895.7035692240379,138.42852519768277,38.43897233063042,"[0, -1.245960700014359e-11, nan]"
1686463420.9990077,-895.7035692240379,138.43349271845292,38.43897233063042,"[0, -1.245960700014359e-11, nan]"
1686463421.007384,-895.7035692240379,138.43845204268436,38.43897233063042,"[0, -1.245960700014359e-11, nan]"
1686463421.018019,-899.5482270527136,138.44340085074438,38.45278054509998,"[0, -1.7589589494650396e-11, nan]"
1686463421.0279107,-899.5482270527136,138.44834173655036,38.45278054509998,"[0, -1.7589589494650396e-11, nan]"
1686463421.036521,-899.5482270527136,138.45327991071574,38.45278054509998,"[0, -1.7589589494650396e-11, nan]"
1686463421.0471835,-899.5482270527136,138.45821857875853,38.45278054509998,"[0, -1.7589589494650396e-11, nan]"
1686463421.057457,-899.5482270527136,138.46315609880148,38.45278054509998,"[0, -1.7589589494650396e-11, nan]"
1686463421.0687149,-899.5482270527136,138.46808744281262,38.45278054509998,"[0, -1.7589589494650396e-11, nan]"
1686463421.0783854,-899.5482270527136,138.47300866584266,38.45278054509998,"[0, -1.7589589494650396e-11, nan]"
1686463421.0906012,-899.5482270527136,138.47792041441136,38.45278054509998,"[0, -1.7589589494650396e-11, nan]"
1686463421.101293,-899.5482270527136,138.48282735840112,38.45278054509998,"[0, -1.7589589494650396e-11, nan]"
1686463421.1136847,-899.5482270527136,138.4877340484094,38.45278054509998,"[0, -1.7589589494650396e-11, nan]"
1686463421.1260452,-903.394258097696,138.4926408781532,38.46645063741058,"[0, -2.567058345458021e-11, nan]"
1686463421.1385539,-903.394258097696,138.49754373792967,38.46645063741058,"[0, -2.567058345458021e-11, nan]"
1686463421.1504593,-903.394258097696,138.50243766939784,38.46645063741058,"[0, -2.567058345458021e-11, nan]"
1686463421.162315,-903.394258097696,138.5073212746429,38.46645063741058,"[0, -2.567058345458021e-11, nan]"
1686463421.173741,-903.394258097696,138.51219796421864,38.46645063741058,"[0, -2.567058345458021e-11, nan]"
1686463421.183756,-903.394258097696,138.51707293220716,38.46645063741058,"[0, -2.567058345458021e-11, nan]"
1686463421.1948419,-903.394258097696,138.52194854597874,38.46645063741058,"[0, -2.567058345458021e-11, nan]"
1686463421.2051914,-903.394258097696,138.52682224615202,38.46645063741058,"[0, -2.567058345458021e-11, nan]"
1686463421.2158337,-903.394258097696,138.53168882432365,38.46645063741058,"[0, -2.567058345458021e-11, nan]"
1686463421.225711,-903.394258097696,138.53654505570375,38.46645063741058,"[0, -2.567058345458021e-11, nan]"
1686463421.2345347,-907.2416486215972,138.54139257058887,38.47998408825738,"[0, -1.5031838780517855e-11, nan]"
1686463421.2438862,-907.2416486215972,138.5462364108018,38.47998408825738,"[0, -1.5031838780517855e-11, nan]"
1686463421.2533681,-907.2416486215972,138.55108055373566,38.47998408825738,"[0, -1.5031838780517855e-11, nan]"
1686463421.262624,-907.2416486215972,138.5559243808355,38.47998408825738,"[0, -1.5031838780517855e-11, nan]"
1686463421.2726357,-907.2416486215972,138.56076323073503,38.47998408825738,"[0, -1.5031838780517855e-11, nan]"
1686463421.303189,-907.2416486215972,138.5655925468549,38.47998408825738,"[0, -1.5031838780517855e-11, nan]"
1686463421.3134973,-907.2416486215972,138.57041193297337,38.47998408825738,"[0, -1.5031838780517855e-11, nan]"
1686463421.322871,-907.2416486215972,138.57522551125803,38.47998408825738,"[0, -1.5031838780517855e-11, nan]"
1686463421.331197,-907.2416486215972,138.58003826253372,38.47998408825738,"[0, -1.5031838780517855e-11, nan]"
1686463421.339491,-907.2416486215972,138.58485160192433,38.47998408825738,"[0, -1.5031838780517855e-11, nan]"
1686463421.3469665,-911.0903850343745,138.58966212391496,38.49338213535761,"[0, -1.675780942207379e-11, nan]"
1686463421.354203,-911.0903850343745,138.59446463424683,38.49338213535761,"[0, -1.675780942207379e-11, nan]"
1686463421.3630936,-911.0903850343745,138.59925677335852,38.49338213535761,"[0, -1.675780942207379e-11, nan]"
1686463421.3701918,-911.0903850343745,138.60404112040416,38.49338213535761,"[0, -1.675780942207379e-11, nan]"
1686463421.3771236,-911.0903850343745,138.60882290482695,38.49338213535761,"[0, -1.675780942207379e-11, nan]"
1686463421.3846388,-911.0903850343745,138.61360535981512,38.49338213535761,"[0, -1.675780942207379e-11, nan]"
1686463421.3916895,-911.0903850343745,138.61838685032782,38.49338213535761,"[0, -1.675780942207379e-11, nan]"
1686463421.4010334,-911.0903850343745,138.6231623305641,38.49338213535761,"[0, -1.675780942207379e-11, nan]"
1686463421.4093184,-911.0903850343745,138.62792783656806,38.49338213535761,"[0, -1.675780942207379e-11, nan]"
1686463421.4177837,-911.0903850343745,138.63268401780624,38.49338213535761,"[0, -1.675780942207379e-11, nan]"
1686463421.4273074,-914.940453884141,138.63743556481788,38.506646460744875,"[0, -2.4142085861455602e-11, nan]"
1686463421.4377077,-914.940453884141,138.64218704116612,38.506646460744875,"[0, -2.4142085861455602e-11, nan]"
1686463421.4467354,-914.940453884141,138.64693882683605,38.506646460744875,"[0, -2.4142085861455602e-11, nan]"
1686463421.456827,-914.940453884141,138.6516867835413,38.506646460744875,"[0, -2.4142085861455602e-11, nan]"
1686463421.4686089,-914.940453884141,138.65642594071178,38.506646460744875,"[0, -2.4142085861455602e-11, nan]"
1686463421.478375,-914.940453884141,138.661154923329,38.506646460744875,"[0, -2.4142085861455602e-11, nan]"
1686463421.4891648,-914.940453884141,138.6658771813156,38.506646460744875,"[0, -2.4142085861455602e-11, nan]"
1686463421.5010664,-914.940453884141,138.6705979241946,38.506646460744875,"[0, -2.4142085861455602e-11, nan]"
1686463421.512508,-914.940453884141,138.67531948904363,38.506646460744875,"[0, -2.4142085861455602e-11, nan]"
1686463421.5236375,-914.940453884141,138.6800392634985,38.506646460744875,"[0, -2.4142085861455602e-11, nan]"
1686463421.5370402,-918.7918418579319,138.6847520146388,38.5197781068379,"[0, -1.006330158187408e-11, nan]"
1686463421.5494213,-918.7918418579319,138.68945455120885,38.5197781068379,"[0, -1.006330158187408e-11, nan]"
1686463421.5614371,-918.7918418579319,138.69414856986623,38.5197781068379,"[0, -1.006330158187408e-11, nan]"
1686463421.57274,-918.7918418579319,138.69883915015234,38.5197781068379,"[0, -1.006330158187408e-11, nan]"
1686463421.584549,-918.7918418579319,138.7035302368102,38.5197781068379,"[0, -1.006330158187408e-11, nan]"
1686463421.5945237,-918.7918418579319,138.7082211313096,38.5197781068379,"[0, -1.006330158187408e-11, nan]"
1686463421.6053221,-918.7918418579319,138.71290711688525,38.5197781068379,"[0, -1.006330158187408e-11, nan]"
1686463421.616439,-918.7918418579319,138.71758366259456,38.5197781068379,"[0, -1.006330158187408e-11, nan]"
1686463421.6267607,-918.7918418579319,138.72225046274033,38.5197781068379,"[0, -1.006330158187408e-11, nan]"
1686463421.6373286,-918.7918418579319,138.7269117146032,38.5197781068379,"[0, -1.006330158187408e-11, nan]"
1686463421.6465776,-922.6445357835058,138.73157238568857,38.532778793657975,"[0, -1.1703057494349304e-11, nan]"
1686463421.6548724,-922.6445357835058,138.73623379316996,38.532778793657975,"[0, -1.1703057494349304e-11, nan]"
1686463421.662843,-922.6445357835058,138.74089243417149,38.532778793657975,"[0, -1.1703057494349304e-11, nan]"
1686463421.672369,-922.6445357835058,138.74554310924796,38.532778793657975,"[0, -1.1703057494349304e-11, nan]"
1686463421.6805403,-922.6445357835058,138.75018355840913,38.532778793657975,"[0, -1.1703057494349304e-11, nan]"
1686463421.6899464,-922.6445357835058,138.7548164795342,38.532778793657975,"[0, -1.1703057494349304e-11, nan]"
1686463421.7006056,-922.6445357835058,138.75944713026692,38.532778793657975,"[0, -1.1703057494349304e-11, nan]"
1686463421.709494,-922.6445357835058,138.76407864840877,38.532778793657975,"[0, -1.1703057494349304e-11, nan]"
1686463421.7195075,-922.6445357835058,138.76870925965486,38.532778793657975,"[0, -1.1703057494349304e-11, nan]"
1686463421.7304306,-922.6445357835058,138.7733338616559,38.532778793657975,"[0, -1.1703057494349304e-11, nan]"
1686463421.740785,-926.4985226193245,138.7779485744977,38.54564957240222,"[0, -1.8403446613691634e-11, nan]"
1686463421.7512155,-926.4985226193245,138.78255420314744,38.54564957240222,"[0, -1.8403446613691634e-11, nan]"
1686463421.7632334,-926.4985226193245,138.78715552533905,38.54564957240222,"[0, -1.8403446613691634e-11, nan]"
1686463421.774584,-926.4985226193245,138.79175703865766,38.54564957240222,"[0, -1.8403446613691634e-11, nan]"
1686463421.7868323,-926.4985226193245,138.79635895580068,38.54564957240222,"[0, -1.8403446613691634e-11, nan]"
1686463421.7996626,-926.4985226193245,138.80095701816535,38.54564957240222,"[0, -1.8403446613691634e-11, nan]"
1686463421.8114696,-926.4985226193245,138.80554629519867,38.54564957240222,"[0, -1.8403446613691634e-11, nan]"
1686463421.8220127,-926.4985226193245,138.81012558397308,38.54564957240222,"[0, -1.8403446613691634e-11, nan]"
1686463421.8345635,-926.4985226193245,138.81469848690614,38.54564957240222,"[0, -1.8403446613691634e-11, nan]"
1686463421.8447096,-926.4985226193245,138.81927020521107,38.54564957240222,"[0, -1.8403446613691634e-11, nan]"
1686463421.8551347,-930.3537894653963,138.82384290629088,38.55839199019675,"[0, -2.269076536154347e-11, nan]"
1686463421.8663821,-930.3537894653963,138.82841379458114,38.55839199019675,"[0, -2.269076536154347e-11, nan]"
1686463421.8772452,-930.3537894653963,138.83297760719287,38.55839199019675,"[0, -2.269076536154347e-11, nan]"
1686463421.8865018,-930.3537894653963,138.83753131093474,38.55839199019675,"[0, -2.269076536154347e-11, nan]"
1686463421.8962076,-930.3537894653963,138.84207681194968,38.55839199019675,"[0, -2.269076536154347e-11, nan]"
1686463421.9057777,-930.3537894653963,138.84661926117914,38.55839199019675,"[0, -2.269076536154347e-11, nan]"
1686463421.9148672,-930.3537894653963,138.85116246539874,38.55839199019675,"[0, -2.269076536154347e-11, nan]"
1686463421.9231856,-930.3537894653963,138.85570549575934,38.55839199019675,"[0, -2.269076536154347e-11, nan]"
1686463421.932231,-930.3537894653963,138.8602435192457,38.55839199019675,"[0, -2.269076536154347e-11, nan]"
1686463421.9416537,-930.3537894653963,138.86477211300263,38.55839199019675,"[0, -2.269076536154347e-11, nan]"
1686463421.9515486,-934.2103235475669,138.86929121426402,38.57100729408324,"[0, -2.4909907695394736e-11, nan]"
1686463421.9609299,-934.2103235475669,138.87380518152787,38.57100729408324,"[0, -2.4909907695394736e-11, nan]"
1686463421.9720054,-934.2103235475669,138.87831891142997,38.57100729408324,"[0, -2.4909907695394736e-11, nan]"
1686463421.9818535,-934.2103235475669,138.8828334742346,38.57100729408324,"[0, -2.4909907695394736e-11, nan]"
1686463421.9931407,-934.2103235475669,138.88734516220686,38.57100729408324,"[0, -2.4909907695394736e-11, nan]"
1686463422.0033782,-934.2103235475669,138.8918488008312,38.57100729408324,"[0, -2.4909907695394736e-11, nan]"
1686463422.0158715,-934.2103235475669,138.89634237021966,38.57100729408324,"[0, -2.4909907695394736e-11, nan]"
1686463422.027309,-934.2103235475669,138.90082881242014,38.57100729408324,"[0, -2.4909907695394736e-11, nan]"
1686463422.0392501,-934.2103235475669,138.90531341136156,38.57100729408324,"[0, -2.4909907695394736e-11, nan]"
1686463422.0517983,-934.2103235475669,138.9097990817165,38.57100729408324,"[0, -2.4909907695394736e-11, nan]"
1686463422.063329,-938.0681122298741,138.91428377121193,38.58349672907975,"[0, -2.805888644081609e-11, nan]"
1686463422.0744083,-938.0681122298741,138.91876229525442,38.58349672907975,"[0, -2.805888644081609e-11, nan]"
1686463422.086029,-938.0681122298741,138.92323096803304,38.58349672907975,"[0, -2.805888644081609e-11, nan]"
1686463422.095872,-938.0681122298741,138.92769089738323,38.58349672907975,"[0, -2.805888644081609e-11, nan]"
1686463422.10662,-938.0681122298741,138.9321470008923,38.58349672907975,"[0, -2.805888644081609e-11, nan]"
1686463422.1169777,-938.0681122298741,138.93660362099837,38.58349672907975,"[0, -2.805888644081609e-11, nan]"
1686463422.1275291,-938.0681122298741,138.94106065211892,38.58349672907975,"[0, -2.805888644081609e-11, nan]"
1686463422.1373332,-938.0681122298741,138.94551363798237,38.58349672907975,"[0, -2.805888644081609e-11, nan]"
1686463422.1463714,-938.0681122298741,138.94995775332356,38.58349672907975,"[0, -2.805888644081609e-11, nan]"
1686463422.1559346,-938.0681122298741,138.95439211685408,38.58349672907975,"[0, -2.805888644081609e-11, nan]"
1686463422.1651466,-941.9271430019592,138.95882058291028,38.595861789239315,"[0, -8.831753537528284e-12, nan]"
1686463422.173369,-941.9271430019592,138.96324830511512,38.595861789239315,"[0, -8.831753537528284e-12, nan]"
1686463422.1826012,-941.9271430019592,138.96767713807276,38.595861789239315,"[0, -8.831753537528284e-12, nan]"
1686463422.1927695,-941.9271430019592,138.97210398452918,38.595861789239315,"[0, -8.831753537528284e-12, nan]"
1686463422.2026856,-941.9271430019592,138.97652356444524,38.595861789239315,"[0, -8.831753537528284e-12, nan]"
1686463422.2131426,-941.9271430019592,138.98093313456158,38.595861789239315,"[0, -8.831753537528284e-12, nan]"
1686463422.2239292,-941.9271430019592,138.98533494355289,38.595861789239315,"[0, -8.831753537528284e-12, nan]"
1686463422.234417,-941.9271430019592,138.98973422855343,38.595861789239315,"[0, -8.831753537528284e-12, nan]"
1686463422.245546,-941.9271430019592,138.99413454159114,38.595861789239315,"[0, -8.831753537528284e-12, nan]"
1686463422.2566185,-941.9271430019592,138.99853458004947,38.595861789239315,"[0, -8.831753537528284e-12, nan]"
1686463422.268575,-945.7874034842504,139.00292935332035,38.608103458069564,"[0, -1.249263888151409e-11, nan]"
1686463422.2804806,-945.7874034842504,139.00731464464516,38.608103458069564,"[0, -1.249263888151409e-11, nan]"
1686463422.2926524,-945.7874034842504,139.0116907833246,38.608103458069564,"[0, -1.249263888151409e-11, nan]"
1686463422.3054538,-945.7874034842504,139.01606235531727,38.608103458069564,"[0, -1.249263888151409e-11, nan]"
1686463422.3170378,-945.7874034842504,139.0204341105102,38.608103458069564,"[0, -1.249263888151409e-11, nan]"
1686463422.3298965,-945.7874034842504,139.02480672232704,38.608103458069564,"[0, -1.249263888151409e-11, nan]"
1686463422.3413348,-945.7874034842504,139.0291761888577,38.608103458069564,"[0, -1.249263888151409e-11, nan]"
1686463422.3532176,-945.7874034842504,139.0335374122613,38.608103458069564,"[0, -1.249263888151409e-11, nan]"
1686463422.3629055,-945.7874034842504,139.03788875888205,38.608103458069564,"[0, -1.249263888151409e-11, nan]"
1686463422.3745236,-945.7874034842504,139.0422335241732,38.608103458069564,"[0, -1.249263888151409e-11, nan]"
1686463422.384028,-949.6488814255983,139.04657699229938,38.620223351165556,"[0, -1.1482539431367197e-11, nan]"
1686463422.394405,-949.6488814255983,139.05092171727884,38.620223351165556,"[0, -1.1482539431367197e-11, nan]"
1686463422.4029431,-949.6488814255983,139.05526524316156,38.620223351165556,"[0, -1.1482539431367197e-11, nan]"
1686463422.412306,-949.6488814255983,139.05960230255005,38.620223351165556,"[0, -1.1482539431367197e-11, nan]"
1686463422.4218972,-949.6488814255983,139.06392952876777,38.620223351165556,"[0, -1.1482539431367197e-11, nan]"
1686463422.429753,-949.6488814255983,139.06824847063328,38.620223351165556,"[0, -1.1482539431367197e-11, nan]"
1686463422.4378862,-949.6488814255983,139.07256421255008,38.620223351165556,"[0, -1.1482539431367197e-11, nan]"
1686463422.4476268,-949.6488814255983,139.07688083342728,38.620223351165556,"[0, -1.1482539431367197e-11, nan]"
1686463422.4580262,-949.6488814255983,139.08119776294845,38.620223351165556,"[0, -1.1482539431367197e-11, nan]"
1686463422.467684,-949.6488814255983,139.08551029451448,38.620223351165556,"[0, -1.1482539431367197e-11, nan]"
1686463422.477714,-953.5115646970041,139.08981379722863,38.63222238462421,"[0, -3.157499933702347e-12, nan]"
1686463422.4879897,-953.5115646970041,139.09410786137306,38.63222238462421,"[0, -3.157499933702347e-12, nan]"
1686463422.4993615,-953.5115646970041,139.0983966697597,38.63222238462421,"[0, -3.157499933702347e-12, nan]"
1686463422.5100253,-953.5115646970041,139.10268526173604,38.63222238462421,"[0, -3.157499933702347e-12, nan]"
1686463422.5205133,-953.5115646970041,139.1069750300012,38.63222238462421,"[0, -3.157499933702347e-12, nan]"
1686463422.5327072,-953.5115646970041,139.11126247783795,38.63222238462421,"[0, -3.157499933702347e-12, nan]"
1686463422.5444314,-953.5115646970041,139.11554234993056,38.63222238462421,"[0, -3.157499933702347e-12, nan]"
1686463422.5554678,-953.5115646970041,139.1198123371367,38.63222238462421,"[0, -3.157499933702347e-12, nan]"
1686463422.5682566,-953.5115646970041,139.1240751468242,38.63222238462421,"[0, -3.157499933702347e-12, nan]"
1686463422.5792782,-953.5115646970041,139.12833608596557,38.63222238462421,"[0, -3.157499933702347e-12, nan]"
1686463422.5916808,-957.3754413001274,139.13259831752768,38.64410206717286,"[0, -1.3719212303838166e-11, nan]"
1686463422.602291,-957.3754413001274,139.1368600337599,38.64410206717286,"[0, -1.3719212303838166e-11, nan]"
1686463422.6137643,-957.3754413001274,139.141116076678,38.64410206717286,"[0, -1.3719212303838166e-11, nan]"
1686463422.6235695,-957.3754413001274,139.1453625565846,38.64410206717286,"[0, -1.3719212303838166e-11, nan]"
1686463422.6343772,-957.3754413001274,139.1496003370874,38.64410206717286,"[0, -1.3719212303838166e-11, nan]"
1686463422.6452477,-957.3754413001274,139.15383426729096,38.64410206717286,"[0, -1.3719212303838166e-11, nan]"
1686463422.6554842,-957.3754413001274,139.1580688469021,38.64410206717286,"[0, -1.3719212303838166e-11, nan]"
1686463422.6648433,-957.3754413001274,139.16230420292632,38.64410206717286,"[0, -1.3719212303838166e-11, nan]"
1686463422.6739557,-957.3754413001274,139.16653597878104,38.64410206717286,"[0, -1.3719212303838166e-11, nan]"
1686463422.6830907,-957.3754413001274,139.17075923672311,38.64410206717286,"[0, -1.3719212303838166e-11, nan]"
1686463422.6918745,-961.2404993527523,139.17497288144077,38.65586347381362,"[0, -6.3768274120066556e-12, nan]"
1686463422.7001421,-961.2404993527523,139.17918064530386,38.65586347381362,"[0, -6.3768274120066556e-12, nan]"
1686463422.7109416,-961.2404993527523,139.18338775230404,38.65586347381362,"[0, -6.3768274120066556e-12, nan]"
1686463422.7196622,-961.2404993527523,139.18759624528465,38.65586347381362,"[0, -6.3768274120066556e-12, nan]"
1686463422.7291086,-961.2404993527523,139.19180316030324,38.65586347381362,"[0, -6.3768274120066556e-12, nan]"
1686463422.740475,-961.2404993527523,139.1960031831088,38.65586347381362,"[0, -6.3768274120066556e-12, nan]"
1686463422.7497878,-961.2404993527523,139.20019341057997,38.65586347381362,"[0, -6.3768274120066556e-12, nan]"
1686463422.7605522,-961.2404993527523,139.20437595466174,38.65586347381362,"[0, -6.3768274120066556e-12, nan]"
1686463422.7715356,-961.2404993527523,139.2085560563781,38.65586347381362,"[0, -6.3768274120066556e-12, nan]"
1686463422.7837152,-961.2404993527523,139.21273739697244,38.65586347381362,"[0, -6.3768274120066556e-12, nan]"
1686463422.7953565,-965.1067271015884,139.21691880472355,38.667507824982685,"[0, -1.723622431168074e-11, nan]"
1686463422.8079672,-965.1067271015884,139.22109530705748,38.667507824982685,"[0, -1.723622431168074e-11, nan]"
1686463422.8198056,-965.1067271015884,139.22526258714353,38.667507824982685,"[0, -1.723622431168074e-11, nan]"
1686463422.8316045,-965.1067271015884,139.22942085423128,38.667507824982685,"[0, -1.723622431168074e-11, nan]"
1686463422.8430502,-965.1067271015884,139.23357466115777,38.667507824982685,"[0, -1.723622431168074e-11, nan]"
1686463422.8548055,-965.1067271015884,139.23772883100756,38.667507824982685,"[0, -1.723622431168074e-11, nan]"
1686463422.8645422,-965.1067271015884,139.2418841404884,38.667507824982685,"[0, -1.723622431168074e-11, nan]"
1686463422.8758783,-965.1067271015884,139.24603662714728,38.667507824982685,"[0, -1.723622431168074e-11, nan]"
1686463422.8859944,-965.1067271015884,139.25018114181077,38.667507824982685,"[0, -1.723622431168074e-11, nan]"
1686463422.8965867,-965.1067271015884,139.25431596545533,38.667507824982685,"[0, -1.723622431168074e-11, nan]"
1686463422.9051282,-968.9741129083586,139.25844435398866,38.679036459920475,"[0, -1.9308661883733334e-11, nan]"
1686463422.9147146,-968.9741129083586,139.26257162587572,38.679036459920475,"[0, -1.9308661883733334e-11, nan]"
1686463422.9243267,-968.9741129083586,139.26670040084755,38.679036459920475,"[0, -1.9308661883733334e-11, nan]"
