Sample time,accel,throttle,speed,separation
5.25,-0.0844723026380257,0,0.5683,3.94920000000002
5.35,-0.0808264223511369,0,0.4816,3.90390000000002
4.4,-0.0798002290656557,,0.6022,4.2842
31.3,-0.0785673193634614,,0.1638,3.5949
5.3,-0.0763630431304034,,0.4816,3.90390000000002
5.2,-0.074620863171035,,0.5683,3.94920000000002
5.55,-0.0722555508269274,0,0.3406,3.86969999999997
5.4,-0.0721171384958408,,0.4014,3.87809999999996
4.25,-0.0717371347321325,0,0.769,4.39480000000003
4.2,-0.0703227434618016,,0.769,4.39480000000003
4.5,-0.0696961596880184,,0.5382,4.25580000000002
6.4,-0.0692753597235654,,0.1765,3.7364
5.45,-0.0677185675317119,0,0.4014,3.87809999999996
4.3,-0.0650589778757479,,0.6828,4.32980000000003
4.45,-0.0637429815027812,0,0.6022,4.2842
5.5,-0.0635990341446139,,0.3406,3.86969999999997
4.52,-0.062347393554261,0,0.5382,4.25580000000002
4.55,-0.0620119470426934,0.00167713845516224,0.5382,4.25580000000002
31.35,-0.061662838570823,0,0.1638,3.5949
9.4,-0.0615765360161463,,0.1337,3.62360000000001
5.54,-0.061433388869349,0,0.3406,3.86969999999997
4.53,-0.0613467199608749,0.0748142108600765,0.5382,4.25580000000002
9.3,-0.0613021116263574,,0.186,3.62090000000001
42.45,-0.0611008675505767,0,0.1544,3.59219999999999
4.51,-0.0608276489049523,0.218694491239597,0.5382,4.25580000000002
38.4,-0.0605948078285995,,0.1247,3.60180000000003
9.35,-0.0600378213049015,0,0.186,3.62090000000001
31.45,-0.0600046786040854,0,0.1117,3.59980000000002
54.4,-0.0595874423491815,,0.1275,3.61070000000001
4.35,-0.0593735997858571,0,0.6828,4.32980000000003
4.21,-0.0586907126662901,0,0.769,4.39480000000003
27.35,-0.0583536334527454,0,0.168,3.59530000000001
5.24,-0.0579597440093988,0,0.5683,3.94920000000002
4.54,-0.0578835314640831,0,0.5382,4.25580000000002
4.24,-0.0570913932018775,0,0.769,4.39480000000003
39.3,-0.0570005331781086,,0.1541,3.59440000000001
4.1,-0.0567239353180433,,0.8609,4.47489999999999
52.4,-0.0564613099511564,,0.1376,3.59910000000002
38.3,-0.0563601441504978,,0.1777,3.59819999999996
5.31,-0.0562196550258105,0,0.4816,3.90390000000002
31.4,-0.0557252535803174,,0.1117,3.59980000000002
5.23,-0.0551647899335143,0,0.5683,3.94920000000002
5.22,-0.0550646407078932,0,0.5683,3.94920000000002
4.41,-0.0549752415954259,0,0.6022,4.2842
4.23,-0.0546194469423122,0,0.769,4.39480000000003
7.5,-0.0545913216081821,,0.1743,3.68220000000002
5.21,-0.0545823024615553,0,0.5683,3.94920000000002
5.33,-0.0544530464678894,0,0.4816,3.90390000000002
5.32,-0.0543944016178635,0,0.4816,3.90390000000002
4.22,-0.0543343450951205,0,0.769,4.39480000000003
5.41,-0.0541943394049924,0,0.4014,3.87809999999996
5.34,-0.0540431602021755,0,0.4816,3.90390000000002
42.4,-0.0539049707155831,,0.1544,3.59219999999999
41.4,-0.0538649601748753,,0.1216,3.5942
38.35,-0.0532538105743552,0,0.1777,3.59819999999996
5.42,-0.0532510540404912,0,0.4014,3.87809999999996
4.65,-0.052811862632388,0.0389097547915647,0.5083,4.2398
41.25,-0.0527919622900392,0,0.233,3.6035
18.35,-0.0527779774936845,0,0.1608,3.60390000000001
18.3,-0.0526349368248273,,0.1608,3.60390000000001
48.4,-0.0525981367792421,,0.1067,3.6096
7.45,-0.0525948406889191,0,0.225,3.67349999999999
10.4,-0.0522191187781937,,0.1675,3.59990000000005
5.52,-0.0520999618362719,0,0.3406,3.86969999999997
5.44,-0.051936953167942,0,0.4014,3.87809999999996
5.43,-0.0518532899042886,0,0.4014,3.87809999999996
5.53,-0.051485464353781,0.04193952676398,0.3406,3.86969999999997
4.42,-0.0508036810103603,0,0.6022,4.2842
29.3,-0.0507635256164812,,0.1813,3.59810000000004
54.3,-0.0506194878011175,,0.1732,3.60699999999997
48.3,-0.0505382842043278,,0.1517,3.60379999999998
29.4,-0.0504966886161028,,0.1257,3.60140000000001
41.2,-0.0504324241759578,,0.233,3.6035
52.45,-0.0503803214471686,0,0.1376,3.59910000000002
29.35,-0.0502322794181692,0,0.1813,3.59810000000004
5.51,-0.0501152949962071,0.147550480947168,0.3406,3.86969999999997
7.4,-0.0500373353752764,,0.225,3.67349999999999
12.35,-0.0500177401380714,0,0.1749,3.60270000000003
6.45,-0.0493814450365597,0,0.1765,3.7364
41.3,-0.0489544784148617,,0.178,3.59049999999996
10.3,-0.0488135118024677,,0.2113,3.6003
48.45,-0.0486660994136667,0,0.1067,3.6096
38.34,-0.0485141516315221,0,0.1777,3.59819999999996
40.45,-0.048470846667443,0,0.1289,3.60630000000003
22.4,-0.0483503469753574,,0.1428,3.6019
4.43,-0.0481309755871847,0,0.6022,4.2842
4.15,-0.0479923238525,0,0.8609,4.47489999999999
29.45,-0.0475221003981855,0,0.1257,3.60140000000001
14.35,-0.047397737069289,0,0.1663,3.60129999999998
37.35,-0.0473856784521795,0,0.1813,3.60020000000003
4.31,-0.0473346300871285,0,0.6828,4.32980000000003
39.45,-0.0472744447387234,0,0.0975,3.60050000000001
6.44,-0.0472468921920826,0,0.1765,3.7364
59.3,-0.0472394387445431,,0.1775,3.60320000000002
4.44,-0.0471397598815304,0,0.6022,4.2842
26.3,-0.0471174069121836,,0.1815,3.60039999999998
9.55,-0.0468645157146442,0.0246926935445207,0.1003,3.64170000000001
4.14,-0.0465221071382492,0,0.8609,4.47489999999999
39.2,-0.0464205553485722,,0.212,3.60509999999999
6.41,-0.0463563472431269,0.0191255987776273,0.1765,3.7364
35.35,-0.0462564543700028,0,0.1762,3.60160000000002
27.45,-0.0462148055322578,0,0.1144,3.59989999999999
17.35,-0.0461317833718332,0,0.179,3.60640000000001
7.55,-0.0457524011644043,0.0264251263785199,0.1743,3.68220000000002
40.3,-0.0457350254205541,,0.1815,3.60309999999998
39.35,-0.0457101397183799,0,0.1541,3.59440000000001
28.35,-0.0456721431980079,0,0.1661,3.60079999999999
20.3,-0.0455913282250755,,0.1715,3.59809999999999
54.35,-0.0455432652094779,0,0.1732,3.60699999999997
28.3,-0.0454858632101966,,0.1661,3.60079999999999
17.4,-0.0454479648819576,,0.138,3.60929999999996
6.42,-0.0453310111828271,0,0.1765,3.7364
27.4,-0.0452145124271446,,0.1144,3.59989999999999
25.3,-0.0451226625874564,,0.1706,3.6003
49.4,-0.0450805007032213,,0.1501,3.5985
24.4,-0.0449951357953881,,0.151,3.6046
51.4,-0.0449756422980135,,0.1328,3.60730000000001
6.43,-0.0449645386709548,0,0.1765,3.7364
8.4,-0.0446935559206145,,0.1537,3.63640000000004
31.34,-0.0444974048915175,0,0.1638,3.5949
40.4,-0.0444210774035199,,0.1289,3.60630000000003
6.3,-0.044370914539086,,0.2373,3.73829999999998
4.33,-0.044363528526852,0,0.6828,4.32980000000003
4.34,-0.044262779350264,0,0.6828,4.32980000000003
10.2,-0.0442110530760995,,0.252,3.61490000000003
38.33,-0.0441884825737266,0,0.1777,3.59819999999996
35.3,-0.0441111005942052,,0.1762,3.60160000000002
39.34,-0.0439913342668389,0,0.1541,3.59440000000001
19.5,-0.0439910829600419,,0.1154,3.61170000000004
4.32,-0.043898989525166,0,0.6828,4.32980000000003
31.33,-0.0438158644926585,0,0.1638,3.5949
42.44,-0.0437938556022609,0,0.1544,3.59219999999999
31.31,-0.0435691937143823,0.00597643862715946,0.1638,3.5949
38.31,-0.0435604040270563,0.0050509942745107,0.1777,3.59819999999996
38.32,-0.0434721714708422,0,0.1777,3.59819999999996
31.32,-0.043199251886656,0,0.1638,3.5949
26.4,-0.0431712130430606,,0.1365,3.60329999999999
18.4,-0.043135514450065,,0.1104,3.60900000000004
48.35,-0.0429963173427074,0,0.1517,3.60379999999998
6.35,-0.042784746292696,0,0.2373,3.73829999999998
36.4,-0.0426930556991223,,0.1389,3.60739999999998
7.3,-0.0426843957471196,,0.268,3.67959999999999
9.34,-0.0426194673550431,0,0.186,3.62090000000001
59.35,-0.0425726738975277,0,0.1775,3.60320000000002
31.41,-0.0425661728217105,0.0254985350957527,0.1117,3.59980000000002
4.64,-0.0425440638315196,0,0.5083,4.2398
9.45,-0.042434402797982,0,0.1337,3.62360000000001
42.41,-0.0423884313590215,0.0265266482085671,0.1544,3.59219999999999
39.31,-0.0423301525348393,0,0.1541,3.59440000000001
10.25,-0.042326650303858,0,0.252,3.61490000000003
14.4,-0.0422502080015774,,0.1193,3.60579999999999
30.4,-0.0420879402179112,,0.1239,3.59769999999997
36.3,-0.0420809981945264,,0.184,3.60479999999995
54.45,-0.0420760814391237,0,0.1275,3.61070000000001
8.45,-0.0419973960047249,0,0.1537,3.63640000000004
18.45,-0.0419308101803641,0,0.1104,3.60900000000004
9.33,-0.0418389041980072,0,0.186,3.62090000000001
17.3,-0.0417698330638721,,0.179,3.60640000000001
10.35,-0.0416479230221233,0,0.2113,3.6003
41.35,-0.0414602169283166,0,0.178,3.59049999999996
19.4,-0.0414502334941233,,0.1512,3.59629999999999
7.35,-0.0414497261288561,0,0.268,3.67959999999999
6.55,-0.0414387621407183,0.0213512522157001,0.1375,3.74950000000001
47.3,-0.0414130318864508,,0.1777,3.60109999999997
47.35,-0.0413340258378335,0,0.1777,3.60109999999997
12.4,-0.0412959240832487,,0.1373,3.60589999999996
10.5,-0.0412727617285854,,0.1292,3.61379999999997
19.35,-0.0411185578456967,0,0.2008,3.59539999999998
19.3,-0.0409587500381458,,0.2008,3.59539999999998
18.31,-0.040937047089953,0.00768522067307382,0.1608,3.60390000000001
42.42,-0.0409066378758106,0,0.1544,3.59219999999999
8.3,-0.0409025737000348,,0.1921,3.63499999999999
9.31,-0.0408719543721877,0.00718937700843458,0.186,3.62090000000001
9.32,-0.0407987257401772,0,0.186,3.62090000000001
47.4,-0.0407059457942851,,0.1355,3.60320000000002
31.42,-0.040503869867584,0,0.1117,3.59980000000002
12.3,-0.0404481641756043,,0.1749,3.60270000000003
39.32,-0.0403814831640034,0,0.1541,3.59440000000001
36.35,-0.0403587133164461,0,0.184,3.60479999999995
35.45,-0.0403183522285394,0,0.1364,3.60469999999998
39.33,-0.0403010673260426,0,0.1541,3.59440000000001
42.43,-0.0402735454977076,0,0.1544,3.59219999999999
10.45,-0.0402170139098682,0,0.1675,3.59990000000005
25.35,-0.0401976738668579,0,0.1706,3.6003
21.4,-0.0401146076047125,,0.143,3.60149999999999
59.4,-0.0399973973720646,,0.1463,3.60580000000004
27.3,-0.0397230849012934,,0.168,3.59530000000001
41.21,-0.039661336392505,0,0.233,3.6035
52.41,-0.0393393349460823,0.0232236683103943,0.1376,3.59910000000002
41.22,-0.0392980643460785,0,0.233,3.6035
37.3,-0.0392927667450504,,0.1813,3.60020000000003
7.44,-0.0392773843979416,0,0.225,3.67349999999999
30.35,-0.0392369926853413,0,0.1711,3.59379999999999
29.34,-0.0390999742369388,0,0.1813,3.59810000000004
4.13,-0.0390895744070725,0,0.8609,4.47489999999999
28.2,-0.0390876889634624,,0.2163,3.61130000000003
41.23,-0.0390618227815974,0,0.233,3.6035
18.32,-0.0390588484901061,0,0.1608,3.60390000000001
4.11,-0.0389818118917713,0,0.8609,4.47489999999999
27.34,-0.0389740087700981,0,0.168,3.59530000000001
28.34,-0.0389640735778526,0,0.1661,3.60079999999999
39.25,-0.0389638845352936,0,0.212,3.60509999999999
54.44,-0.0389638012533972,0,0.1275,3.61070000000001
14.3,-0.0389053925832575,,0.1663,3.60129999999998
41.45,-0.0388631364373407,0,0.1216,3.5942
31.43,-0.0388504405367013,0,0.1117,3.59980000000002
42.5,-0.0387777744250021,,0.1218,3.60820000000001
30.55,-0.0387382563352639,0.0240728785799082,0.0951,3.6155
18.34,-0.0387241502273912,0,0.1608,3.60390000000001
41.24,-0.0386455158113012,0,0.233,3.6035
27.33,-0.0385938325226031,0,0.168,3.59530000000001
52.42,-0.0385925850146314,0,0.1376,3.59910000000002
52.44,-0.0385655027709808,0,0.1376,3.59910000000002
4.12,-0.0385517848680603,0,0.8609,4.47489999999999
49.45,-0.03853862150316,0,0.1501,3.5985
36.45,-0.0385250717190787,0,0.1389,3.60739999999998
7.34,-0.0385167029730032,0,0.268,3.67959999999999
7.54,-0.0383894768120939,0,0.1743,3.68220000000002
49.3,-0.0383313086080211,,0.1945,3.59710000000001
18.33,-0.038279754796239,0,0.1608,3.60390000000001
7.53,-0.0382661670349603,0.0878203370073328,0.1743,3.68220000000002
7.51,-0.0380890583557227,0.210325948603953,0.1743,3.68220000000002
37.45,-0.0380436774238111,0,0.1314,3.60329999999999
5.1,-0.0380001128397475,,0.6464,4.00779999999998
7.52,-0.0379368488957077,0,0.1743,3.68220000000002
48.25,-0.0378812342260771,0,0.2004,3.61270000000002
27.32,-0.0377128452360506,0,0.168,3.59530000000001
54.43,-0.037711362966548,0,0.1275,3.61070000000001
24.35,-0.0377070580217088,0,0.1914,3.60300000000001
15.4,-0.0376226433700974,,0.153,3.60590000000002
31.44,-0.0376169467238866,0,0.1117,3.59980000000002
40.35,-0.0375737988469634,0,0.1815,3.60309999999998
52.43,-0.0375694496590859,0,0.1376,3.59910000000002
29.31,-0.0375678230253366,0.00300936842421988,0.1813,3.59810000000004
28.32,-0.0375574250605135,0,0.1661,3.60079999999999
8.35,-0.0375220859704511,0,0.1921,3.63499999999999
54.42,-0.0375185592286447,0,0.1275,3.61070000000001
38.45,-0.0374958863812704,0,0.1247,3.60180000000003
48.41,-0.0374821628577556,0.0702804513137534,0.1067,3.6096
21.3,-0.0374335951790815,,0.1804,3.59899999999999
41.44,-0.0373729391691207,0,0.1216,3.5942
36.55,-0.0373601179934178,0.0232475919427022,0.1081,3.62380000000002
12.55,-0.0373359961014912,0.0240589069534002,0.1099,3.62220000000002
19.55,-0.0372987237720983,0.0260198914164666,0.1154,3.61170000000004
4.63,-0.0372905732908321,0.113341786770369,0.5083,4.2398
30.3,-0.0372078910686391,,0.1711,3.59379999999999
47.55,-0.0371951041304785,0.0236728136181843,0.1064,3.62079999999997
39.4,-0.0371783634151192,,0.0975,3.60050000000001
13.4,-0.0370511527859929,,0.1416,3.60580000000004
54.34,-0.0369405993636999,0,0.1732,3.60699999999997
28.33,-0.0367513611617779,0,0.1661,3.60079999999999
27.31,-0.0367415630628709,0.00438589912469733,0.168,3.59530000000001
29.33,-0.0367160146426866,0,0.1813,3.59810000000004
55.5,-0.0366826399331662,,0.1288,3.60739999999998
54.41,-0.0364661720540982,0.0263333243737344,0.1275,3.61070000000001
48.44,-0.0364653031889613,0,0.1067,3.6096
48.2,-0.0364513176242865,,0.2004,3.61270000000002
29.32,-0.0364465664473217,0,0.1813,3.59810000000004
48.42,-0.0364154217481145,0,0.1067,3.6096
59.55,-0.0362756004793139,0.0242212727777194,0.1201,3.62110000000001
24.3,-0.0361861354127432,,0.1914,3.60300000000001
48.43,-0.0361537760172241,0.00814200722664109,0.1067,3.6096
29.44,-0.0358954340792459,0,0.1257,3.60140000000001
40.44,-0.0358619216702374,0,0.1289,3.60630000000003
29.42,-0.0358001578746183,0,0.1257,3.60140000000001
26.5,-0.0357822887491811,,0.1059,3.61989999999997
28.31,-0.0357770567035447,0,0.1661,3.60079999999999
53.35,-0.0357729832924595,0,0.1616,3.60810000000004
4.62,-0.0357710401323484,0,0.5083,4.2398
19.45,-0.0357064971371294,0,0.1512,3.59629999999999
31.25,-0.0355764963880868,0,0.2179,3.60629999999998
29.43,-0.0355366618868603,0,0.1257,3.60140000000001
51.3,-0.0355323046681605,,0.1798,3.60419999999999
29.41,-0.0355083626795948,0.0264021764690888,0.1257,3.60140000000001
41.31,-0.03550277251524,0,0.178,3.59049999999996
28.4,-0.0354963130886584,,0.1173,3.6053
27.41,-0.0354610733529345,0.0247611230650016,0.1144,3.59989999999999
37.4,-0.0353830028993348,,0.1314,3.60329999999999
7.43,-0.0352840391899083,0,0.225,3.67349999999999
39.44,-0.0352136284939569,0,0.0975,3.60050000000001
9.41,-0.0352106663413585,0.0217374370073075,0.1337,3.62360000000001
26.45,-0.0352071987375348,0,0.1365,3.60329999999999
55.4,-0.0350764028707937,,0.1623,3.59319999999997
46.3,-0.034975555806903,,0.1771,3.60169999999999
49.2,-0.0349704987647537,,0.2369,3.61009999999999
51.35,-0.034865558104512,0,0.1798,3.60419999999999
7.32,-0.0348012559253495,0,0.268,3.67959999999999
19.25,-0.0347255258351127,0,0.2456,3.61010000000005
49.35,-0.034673198738933,0,0.1945,3.59710000000001
53.3,-0.0346040653464411,,0.1616,3.60810000000004
7.33,-0.0345966887332999,0,0.268,3.67959999999999
38.44,-0.034570141905184,0,0.1247,3.60180000000003
10.55,-0.0345598623128854,0.0242095179837247,0.1292,3.61379999999997
7.42,-0.0345597179347149,0,0.225,3.67349999999999
35.31,-0.0345135808467703,0.019147650183377,0.1762,3.60160000000002
7.2,-0.0345077393311631,,0.3147,3.70030000000003
26.35,-0.0344661062621011,0,0.1815,3.60039999999998
7.31,-0.034415663718369,0,0.268,3.67959999999999
40.34,-0.0343899171026157,0,0.1815,3.60309999999998
49.44,-0.0343042423862847,0,0.1501,3.5985
27.44,-0.0342919128542033,0,0.1144,3.59989999999999
6.25,-0.0342821431193677,0,0.3,3.75749999999999
7.41,-0.0342749390442055,0.00782331195316941,0.225,3.67349999999999
27.42,-0.0341519379958012,0,0.1144,3.59989999999999
45.3,-0.034092405583953,,0.1717,3.60140000000001
9.42,-0.0340818072382752,0,0.1337,3.62360000000001
28.25,-0.0339944051948352,0,0.2163,3.61130000000003
15.45,-0.0339887216946676,0,0.153,3.60590000000002
27.43,-0.0339241546526472,0,0.1144,3.59989999999999
4.61,-0.033874552182768,0.259553790681228,0.5083,4.2398
41.32,-0.033840960334703,0,0.178,3.59049999999996
5.7,-0.0338184692465237,,0.3087,3.87549999999999
41.34,-0.0338104570756888,0,0.178,3.59049999999996
41.33,-0.0337721456721732,0,0.178,3.59049999999996
30.25,-0.0337635503234777,0,0.2192,3.60570000000001
10.34,-0.0337514008632195,0,0.2113,3.6003
9.43,-0.0336709864049474,0,0.1337,3.62360000000001
13.3,-0.0335759830961268,,0.1873,3.6035
14.33,-0.0335694140231086,0,0.1663,3.60129999999998
23.35,-0.0335671722676561,0,0.178,3.59989999999999
9.44,-0.0335286860720334,0,0.1337,3.62360000000001
32.3,-0.0335054228843963,,0.2044,3.59520000000003
35.55,-0.0334583368191991,0.0241357949125514,0.1081,3.62119999999999
32.35,-0.0334305214754307,0,0.2044,3.59520000000003
55.55,-0.0334171722120484,0.0299590166601782,0.1288,3.60739999999998
14.32,-0.0334048391718301,0,0.1663,3.60129999999998
23.3,-0.0333954242413961,,0.178,3.59989999999999
10.31,-0.033390939459081,0,0.2113,3.6003
10.33,-0.0333885230344353,0,0.2113,3.6003
35.32,-0.0333659935791198,0,0.1762,3.60160000000002
54.32,-0.0333611431214391,0,0.1732,3.60699999999997
35.4,-0.0333483759044617,,0.1364,3.60469999999998
10.44,-0.0333235711681447,0,0.1675,3.59990000000005
10.32,-0.0333191187934645,0,0.2113,3.6003
14.34,-0.0331877171714745,0,0.1663,3.60129999999998
40.43,-0.0331390721616965,0,0.1289,3.60630000000003
54.31,-0.0331084739821679,0.012943095061253,0.1732,3.60699999999997
14.31,-0.033076869785907,0.0117344998412397,0.1663,3.60129999999998
24.34,-0.0330638772012641,0,0.1914,3.60300000000001
55.3,-0.0330439429468184,,0.1989,3.59269999999998
10.41,-0.0330164003580016,0.0171460516835799,0.1675,3.59990000000005
54.33,-0.0329912838646747,0,0.1732,3.60699999999997
41.43,-0.032977857431628,0,0.1216,3.5942
40.42,-0.0329699980423071,0,0.1289,3.60630000000003
39.21,-0.0329449568225369,0,0.212,3.60509999999999
35.34,-0.0328934920987622,0,0.1762,3.60160000000002
25.45,-0.0328730330282051,0,0.1316,3.60389999999995
59.45,-0.0328656026762169,0,0.1463,3.60580000000004
40.32,-0.0328553981305716,0,0.1815,3.60309999999998
4.6,-0.0328432600833327,,0.5083,4.2398
37.34,-0.0328297322742822,0,0.1813,3.60020000000003
39.23,-0.032792909217862,0,0.212,3.60509999999999
39.43,-0.0327764148812499,0,0.0975,3.60050000000001
39.24,-0.0327051094507314,0,0.212,3.60509999999999
41.42,-0.0326888498040538,0,0.1216,3.5942
35.33,-0.0326319727475312,0,0.1762,3.60160000000002
41.41,-0.0326253724575079,0.0233921011898731,0.1216,3.5942
55.53,-0.032609666683686,0.088038993675529,0.1288,3.60739999999998
55.52,-0.0325716434275647,0,0.1288,3.60739999999998
17.34,-0.0325171893137816,0,0.179,3.60640000000001
18.2,-0.0324813691315896,,0.2134,3.61500000000001
40.41,-0.032452860971613,0.0237046884682129,0.1289,3.60630000000003
54.5,-0.0324132973808425,,0.0997,3.62800000000004
34.35,-0.0323892724156073,0,0.1542,3.59900000000005
39.22,-0.0323662756351779,0,0.212,3.60509999999999
40.33,-0.0323035640136773,0,0.1815,3.60309999999998
10.42,-0.032203022598672,0,0.1675,3.59990000000005
40.5,-0.0321375670142588,,0.0969,3.62379999999996
40.31,-0.0320815415297358,0.00559041541411409,0.1815,3.60309999999998
46.55,-0.0320651232051055,0.0234863616034869,0.1124,3.6207
38.43,-0.0320252446933877,0,0.1247,3.60180000000003
42.55,-0.0319997543634653,0.0385933247768691,0.1218,3.60820000000001
9.5,-0.0319432671619261,,0.1003,3.64170000000001
19.51,-0.0319047259576873,0.183653500684571,0.1154,3.61170000000004
17.33,-0.0319038559791706,0,0.179,3.60640000000001
5.15,-0.0318976866163066,0,0.6464,4.00779999999998
38.41,-0.0318877038363113,0.0233215368139071,0.1247,3.60180000000003
49.43,-0.031799554939313,0,0.1501,3.5985
38.42,-0.0317947997969006,0,0.1247,3.60180000000003
58.35,-0.0317615617543542,0,0.1878,3.60630000000003
19.52,-0.0317218651658808,0,0.1154,3.61170000000004
25.34,-0.0317147684346336,0,0.1706,3.6003
28.45,-0.0316795725745665,0,0.1173,3.6053
14.45,-0.0316719077150477,0,0.1193,3.60579999999999
49.41,-0.0316580304158464,0.0207823696895692,0.1501,3.5985
49.55,-0.0316014268593585,0.0246463612456242,0.1159,3.6139
19.53,-0.0315957098067932,0.0783652927580352,0.1154,3.61170000000004
39.42,-0.031589918589271,0,0.0975,3.60050000000001
53.34,-0.0315022263583143,0,0.1616,3.60810000000004
59.31,-0.0314715419595768,0.0282578527647769,0.1775,3.60320000000002
53.25,-0.0314442306442826,0,0.1913,3.61790000000002
48.31,-0.0314427691942989,0.0130528847851012,0.1517,3.60379999999998
24.45,-0.0314342100908615,0,0.151,3.6046
18.42,-0.0314097913868318,0,0.1104,3.60900000000004
39.41,-0.0314079899874446,0.0452948909998986,0.0975,3.60050000000001
48.33,-0.0313907760304529,0,0.1517,3.60379999999998
59.32,-0.0313504670614312,0,0.1775,3.60320000000002
49.42,-0.0313070905789792,0,0.1501,3.5985
29.55,-0.0313055969291646,0.0237749913989127,0.0942,3.61920000000003
15.55,-0.031277944970206,0.0297653580324161,0.121,3.62200000000001
6.31,-0.03127717435723,0.000884335856905083,0.2373,3.73829999999998
48.32,-0.0312488686542321,0,0.1517,3.60379999999998
48.34,-0.0312460483721699,0,0.1517,3.60379999999998
18.41,-0.0312205704664781,0.0313161074834955,0.1104,3.60900000000004
26.55,-0.0311547430102777,0.0236130881830055,0.1059,3.61989999999997
17.32,-0.0311495355361426,0,0.179,3.60640000000001
6.32,-0.0311013260672116,0,0.2373,3.73829999999998
6.33,-0.0310827624566674,0,0.2373,3.73829999999998
6.34,-0.0309680514644839,0,0.2373,3.73829999999998
10.43,-0.0309571419279281,0,0.1675,3.59990000000005
17.45,-0.0309314454277286,0,0.138,3.60929999999996
59.34,-0.0309038604358831,0,0.1775,3.60320000000002
18.25,-0.0308040450963128,0,0.2134,3.61500000000001
37.33,-0.0307970602285716,0,0.1813,3.60020000000003
49.34,-0.0306223690522723,0,0.1945,3.59710000000001
19.54,-0.0306006955848338,0,0.1154,3.61170000000004
8.44,-0.0305653914297643,0,0.1537,3.63640000000004
19.2,-0.0304701629211293,,0.2456,3.61010000000005
8.43,-0.0304459050902822,0,0.1537,3.63640000000004
52.3,-0.0304216480713477,,0.1925,3.59700000000004
18.43,-0.0304152849262325,0,0.1104,3.60900000000004
57.2,-0.0303679891324856,,0.1751,3.61000000000001
17.31,-0.0303343884566417,0.0179033449141039,0.179,3.60640000000001
25.31,-0.0303210873660761,0.0200193164814754,0.1706,3.6003
18.44,-0.0301822592048979,0,0.1104,3.60900000000004
59.33,-0.0301309328348167,0,0.1775,3.60320000000002
15.5,-0.0300852290277389,,0.121,3.62200000000001
37.32,-0.0300299167214996,0,0.1813,3.60020000000003
51.45,-0.0299872507366285,0,0.1328,3.60730000000001
23.4,-0.0299553321284671,,0.142,3.60270000000003
12.34,-0.0299365514700804,0,0.1749,3.60270000000003
6.2,-0.0299278526004745,,0.3,3.75749999999999
22.35,-0.0297648423117864,0,0.181,3.59930000000003
24.44,-0.0296390801646286,0,0.151,3.6046
30.45,-0.0296199932372788,0,0.1239,3.59769999999997
55.2,-0.029609674593724,,0.2362,3.60590000000002
52.35,-0.0295804111737126,0,0.1925,3.59700000000004
45.4,-0.0295468889606387,,0.1429,3.6044
47.31,-0.0295275231054532,0.016573794930902,0.1777,3.60109999999997
12.33,-0.0294652157284529,0,0.1749,3.60270000000003
33.35,-0.0294496310001613,0,0.1733,3.589
48.24,-0.0294487941547239,0,0.2004,3.61270000000002
55.35,-0.0294384753847572,0,0.1989,3.59269999999998
34.4,-0.0294183930505471,,0.1259,3.6037
37.31,-0.0293918342924989,0.008773258384224,0.1813,3.60020000000003
36.34,-0.0293560809144574,0,0.184,3.60479999999995
24.33,-0.029316222848554,0,0.1914,3.60300000000001
28.21,-0.0293085491305207,0,0.2163,3.61130000000003
33.45,-0.0292805772947392,0,0.1448,3.59190000000001
51.31,-0.0292463773173128,0.0116847628484567,0.1798,3.60419999999999
36.31,-0.0292383103892091,0.0137859185916554,0.184,3.60479999999995
24.41,-0.0292311707829543,0.0269071155347004,0.151,3.6046
55.51,-0.0292214265363123,0.204219132119691,0.1288,3.60739999999998
34.3,-0.0292148776212625,,0.1542,3.59900000000005
36.33,-0.0291981465672952,0,0.184,3.60479999999995
47.32,-0.0291772125201793,0,0.1777,3.60109999999997
52.25,-0.0291471313629564,0,0.2283,3.60949999999997
12.45,-0.0291400816335581,0,0.1373,3.60589999999996
58.4,-0.0291171979236867,,0.157,3.6078
9.2,-0.029098820591092,,0.2404,3.63459999999998
48.23,-0.0290745949200903,0,0.2004,3.61270000000002
37.55,-0.0290606173552324,0.0231504852768832,0.1002,3.62049999999999
24.32,-0.0290590708824593,0,0.1914,3.60300000000001
58.3,-0.0290401656466162,,0.1878,3.60630000000003
36.32,-0.0290337089294524,0,0.184,3.60479999999995
50.35,-0.0290277790273598,0,0.1608,3.60540000000003
13.35,-0.0289684210526316,0,0.1873,3.6035
55.54,-0.0289398777807757,0,0.1288,3.60739999999998
33.4,-0.0288872986682197,,0.1448,3.59190000000001
49.33,-0.0288521799285503,0,0.1945,3.59710000000001
30.34,-0.0288481424432821,0,0.1711,3.59379999999999
16.4,-0.0288003288562614,,0.1339,3.61240000000004
10.23,-0.0287771056550196,0,0.252,3.61490000000003
10.24,-0.0287703805773142,0,0.252,3.61490000000003
42.52,-0.0287442947117042,0,0.1218,3.60820000000001
40.55,-0.028723252703417,0.0236630910222834,0.0969,3.62379999999996
30.33,-0.028716578140524,0,0.1711,3.59379999999999
12.32,-0.0286989901473232,0,0.1749,3.60270000000003
8.42,-0.0286963748708263,0,0.1537,3.63640000000004
8.41,-0.0286536440507599,0.0265930500119711,0.1537,3.63640000000004
24.31,-0.0286428650337522,0.0180231938231913,0.1914,3.60300000000001
25.33,-0.0285864870369517,0,0.1706,3.6003
57.3,-0.0285784014112008,,0.1498,3.60160000000002
12.31,-0.0285564447718177,0.0214857866275251,0.1749,3.60270000000003
28.22,-0.0285503953848592,0,0.2163,3.61130000000003
28.23,-0.0285037099979177,0,0.2163,3.61130000000003
47.45,-0.0285014377636791,0,0.1355,3.60320000000002
24.42,-0.0284874940066104,0,0.151,3.6046
25.32,-0.0284402291205665,0,0.1706,3.6003
47.34,-0.0284284971133629,0,0.1777,3.60109999999997
47.33,-0.0284079162403393,0,0.1777,3.60109999999997
14.2,-0.0283506670609607,,0.219,3.613
21.35,-0.0283405319701567,0,0.1804,3.59899999999999
42.53,-0.0282970779578237,0.111114004290979,0.1218,3.60820000000001
14.44,-0.0282934005795537,0,0.1193,3.60579999999999
28.24,-0.0282825170739208,0,0.2163,3.61130000000003
8.33,-0.0282817171386999,0,0.1921,3.63499999999999
15.3,-0.028217156792667,,0.2027,3.60599999999999
58.55,-0.0282071726397907,0.0235034727439625,0.1295,3.62220000000002
45.35,-0.028203427818419,0,0.1717,3.60140000000001
10.22,-0.0280959774149309,0,0.252,3.61490000000003
30.32,-0.0280834686934492,0,0.1711,3.59379999999999
51.5,-0.0280785207235196,,0.1019,3.62430000000001
42.51,-0.0280580782474155,0.254882658665051,0.1218,3.60820000000001
42.54,-0.0280555451505017,0,0.1218,3.60820000000001
10.21,-0.028000302579762,0,0.252,3.61490000000003
15.44,-0.027979028007629,0,0.153,3.60590000000002
55.25,-0.0279666341964385,0,0.2362,3.60590000000002
8.32,-0.0279254631332198,0,0.1921,3.63499999999999
50.25,-0.0278803063908233,0,0.1912,3.61420000000004
50.2,-0.0278696851100022,,0.1912,3.61420000000004
17.55,-0.0278294502577997,0.0237890470907678,0.1092,3.62560000000002
49.5,-0.0278219407544469,,0.1159,3.6139
53.4,-0.0277441275824574,,0.1324,3.6121
8.31,-0.027741478073671,0.020743685254007,0.1921,3.63499999999999
26.44,-0.0277373337173827,0,0.1365,3.60329999999999
38.5,-0.0276840292568875,,0.0928,3.61959999999999
49.32,-0.0276504805291324,0,0.1945,3.59710000000001
52.5,-0.0276383434653509,,0.1048,3.6157
24.43,-0.0276193822512135,0,0.151,3.6046
36.41,-0.0276191249220688,0.025496699623308,0.1389,3.60739999999998
16.35,-0.0275792480214225,0,0.1637,3.60859999999997
19.34,-0.027495141166882,0,0.2008,3.59539999999998
36.44,-0.0274554502730115,0,0.1389,3.60739999999998
9.54,-0.0274203515777153,0,0.1003,3.64170000000001
15.43,-0.0274005271978517,0,0.153,3.60590000000002
32.55,-0.0273880228443628,0.0302762087963688,0.1389,3.60820000000001
26.43,-0.0273795520482766,0,0.1365,3.60329999999999
52.2,-0.0273548485020965,,0.2283,3.60949999999997
5.14,-0.0273100878921451,0,0.6464,4.00779999999998
44.4,-0.0272956627990458,,0.1516,3.59679999999997
19.31,-0.0272875530706786,0,0.2008,3.59539999999998
49.25,-0.0272625461501956,0,0.2369,3.61009999999999
30.2,-0.0272131632073968,,0.2192,3.60570000000001
26.42,-0.0271852925163405,0,0.1365,3.60329999999999
26.41,-0.0271836872251835,0.0256092932914445,0.1365,3.60329999999999
59.5,-0.0271775430821281,,0.1201,3.62110000000001
15.42,-0.0271591999864502,0,0.153,3.60590000000002
10.54,-0.0271529215931199,0,0.1292,3.61379999999997
49.31,-0.0271425851914145,0,0.1945,3.59710000000001
23.31,-0.0271362719665041,0.0228551898339994,0.178,3.59989999999999
51.55,-0.0271259504464342,0.0232470885301795,0.1019,3.62430000000001
36.42,-0.0271086938714092,0,0.1389,3.60739999999998
8.34,-0.0271072109077368,0,0.1921,3.63499999999999
48.22,-0.0270983467007759,0,0.2004,3.61270000000002
19.33,-0.0270867458826752,0,0.2008,3.59539999999998
23.34,-0.0270768992407292,0,0.178,3.59989999999999
23.32,-0.0270413407158177,0,0.178,3.59989999999999
56.55,-0.0270020768013195,0.0256416694542316,0.1216,3.60899999999998
19.32,-0.0269535159450558,0,0.2008,3.59539999999998
51.32,-0.0269486710826233,0,0.1798,3.60419999999999
34.2,-0.0269480366119629,,0.1815,3.608
29.5,-0.0269373800392682,,0.0942,3.61920000000003
5.11,-0.0269372085516239,0,0.6464,4.00779999999998
16.3,-0.0268756405678665,,0.1637,3.60859999999997
57.25,-0.0268665931112762,0,0.1751,3.61000000000001
22.3,-0.0268503181979078,,0.181,3.59930000000003
15.41,-0.0268461556729218,0.0267698565608169,0.153,3.60590000000002
23.33,-0.02682345239566,0,0.178,3.59989999999999
36.43,-0.0268039304605592,0,0.1389,3.60739999999998
53.2,-0.0267903364198254,,0.1913,3.61790000000002
30.24,-0.0267555088005266,0,0.2192,3.60570000000001
30.31,-0.0267319494368623,0,0.1711,3.59379999999999
33.55,-0.0267111112508845,0.0250152309041564,0.1205,3.60730000000001
13.32,-0.0267104455861249,0,0.1873,3.6035
46.35,-0.0267021944091702,0,0.1771,3.60169999999999
25.4,-0.0266922947384911,,0.1316,3.60389999999995
16.45,-0.0266912941588491,0,0.1339,3.61240000000004
32.34,-0.0265820163091271,0,0.2044,3.59520000000003
46.4,-0.0265715219715106,,0.14,3.60360000000003
23.45,-0.026502802019195,0,0.142,3.60270000000003
35.42,-0.0264681500883945,0,0.1364,3.60469999999998
51.33,-0.0264626303556358,0,0.1798,3.60419999999999
30.44,-0.0264563678665977,0,0.1239,3.59769999999997
53.31,-0.0264261652297875,0.029226888438056,0.1616,3.60810000000004
35.43,-0.0264234473108544,0,0.1364,3.60469999999998
10.51,-0.0263975198710375,0.177702128381401,0.1292,3.61379999999997
53.33,-0.0263968224853576,0,0.1616,3.60810000000004
53.32,-0.0263724013185054,0,0.1616,3.60810000000004
13.31,-0.0263383202655517,0.0130418984476974,0.1873,3.6035
9.25,-0.0263375436938782,0,0.2404,3.63459999999998
22.45,-0.0262802295671914,0,0.1428,3.6019
9.53,-0.0262421939404384,0.0661907639543584,0.1003,3.64170000000001
48.21,-0.0262088570914611,0.00931988417499157,0.2004,3.61270000000002
15.51,-0.0261691151639936,0.204243191009647,0.121,3.62200000000001
14.43,-0.0261682923041184,0,0.1193,3.60579999999999
17.41,-0.0261524871759387,0.0258614651232817,0.138,3.60929999999996
27.2,-0.0261368207440812,,0.2214,3.60720000000003
9.52,-0.0261351728666841,0,0.1003,3.64170000000001
15.52,-0.0260853488503167,0,0.121,3.62200000000001
35.44,-0.0260568233250241,0,0.1364,3.60469999999998
35.41,-0.0260240014092873,0.0259626421843035,0.1364,3.60469999999998
10.53,-0.0260130198334046,0.0750990306460338,0.1292,3.61379999999997
21.55,-0.0260030666235518,0.0231175768217023,0.1152,3.61739999999997
46.31,-0.0260014525981531,0.0217083950454183,0.1771,3.60169999999999
14.41,-0.0259689724900442,0.0260774704579304,0.1193,3.60579999999999
30.5,-0.0259526767172202,,0.0951,3.6155
51.43,-0.0259430672553677,0,0.1328,3.60730000000001
9.51,-0.0259153358603096,0.150791713965608,0.1003,3.64170000000001
37.41,-0.0259148728870222,0.0257336316135495,0.1314,3.60329999999999
14.55,-0.0259125145450262,0.0250916680830904,0.0915,3.62400000000002
31.2,-0.0258906595917766,,0.2179,3.60629999999998
14.42,-0.0258733330445865,0,0.1193,3.60579999999999
19.44,-0.0258596123745786,0,0.1512,3.59629999999999
27.25,-0.0258593479544331,0,0.2214,3.60720000000003
51.44,-0.0258493128303574,0,0.1328,3.60730000000001
12.41,-0.0258454493369257,0.0269592813860845,0.1373,3.60589999999996
17.42,-0.0258393745651903,0,0.138,3.60929999999996
7.24,-0.025767067943658,0,0.3147,3.70030000000003
22.55,-0.0257276944754353,0.0241547226225146,0.1152,3.61770000000001
19.43,-0.0257270576887166,0,0.1512,3.59629999999999
46.32,-0.0257195886322642,0,0.1771,3.60169999999999
43.3,-0.0256916022344987,,0.1725,3.58749999999998
17.43,-0.0256825826184616,0,0.138,3.60929999999996
26.51,-0.0256640076784643,0.154434983844841,0.1059,3.61989999999997
24.5,-0.0256595662434727,,0.1215,3.61970000000002
5.12,-0.0256588174066273,0,0.6464,4.00779999999998
38.2,-0.0256498737605381,,0.228,3.61089999999996
15.53,-0.0256221382687297,0.0879558270637236,0.121,3.62200000000001
10.52,-0.0256124162671416,0,0.1292,3.61379999999997
58.34,-0.0255744849682953,0,0.1878,3.60630000000003
15.54,-0.0255703956029301,0,0.121,3.62200000000001
56.35,-0.0255613663807998,0,0.1747,3.59100000000001
19.42,-0.0254898847158084,0,0.1512,3.59629999999999
13.45,-0.0254142609129154,0,0.1416,3.60580000000004
22.42,-0.0253940379589346,0,0.1428,3.6019
50.3,-0.0253903110992519,,0.1608,3.60540000000003
51.34,-0.025382464986875,0,0.1798,3.60419999999999
19.41,-0.0253132532864798,0.020916958675711,0.1512,3.59629999999999
41.5,-0.0253006577949497,,0.0905,3.6123
37.42,-0.0252688439119327,0,0.1314,3.60329999999999
22.43,-0.0252606771815424,0,0.1428,3.6019
51.41,-0.0252556912725195,0.0243933587597328,0.1328,3.60730000000001
32.33,-0.0252352732638759,0,0.2044,3.59520000000003
51.42,-0.0252276047938675,0,0.1328,3.60730000000001
5.13,-0.0252157850715295,0,0.6464,4.00779999999998
45.55,-0.0252133947589612,0.0241633542579446,0.1203,3.61990000000003
37.44,-0.0252006301609357,0,0.1314,3.60329999999999
33.3,-0.0251892772595024,,0.1733,3.589
30.43,-0.0251413325070196,0,0.1239,3.59769999999997
32.32,-0.025129438357597,0,0.2044,3.59520000000003
43.55,-0.025129350542641,0.0247013207291176,0.119,3.60599999999999
33.5,-0.0250991408504812,,0.1205,3.60730000000001
30.22,-0.0250677947564267,0,0.2192,3.60570000000001
22.41,-0.0250676140753269,0.0274054805953476,0.1428,3.6019
21.34,-0.0250559963791026,0,0.1804,3.59899999999999
17.44,-0.0250553969213734,0,0.138,3.60929999999996
59.44,-0.025019603662442,0,0.1463,3.60580000000004
30.21,-0.0250005378885735,0,0.2192,3.60570000000001
30.54,-0.024998645557832,0,0.0951,3.6155
12.42,-0.0249798569373958,0,0.1373,3.60589999999996
35.5,-0.0249713474986325,,0.1081,3.62119999999999
52.55,-0.0249684061206304,0.0282066859865984,0.1048,3.6157
37.43,-0.0249212362992943,0,0.1314,3.60329999999999
54.2,-0.0248980997134018,,0.2186,3.61789999999996
26.32,-0.0248869470381674,0,0.1815,3.60039999999998
22.44,-0.0248736948260016,0,0.1428,3.6019
26.34,-0.0248667735406805,0,0.1815,3.60039999999998
53.24,-0.0248559203846443,0,0.1913,3.61790000000002
26.33,-0.0248003156313936,0,0.1815,3.60039999999998
58.32,-0.0247720880198505,0,0.1878,3.60630000000003
48.55,-0.0247684384344021,0.0276914739849735,0.0799,3.62890000000004
46.45,-0.0247423234544463,0,0.14,3.60360000000003
28.44,-0.0247312533091678,0,0.1173,3.6053
26.31,-0.0247297918123285,0.0138161719740125,0.1815,3.60039999999998
30.41,-0.0247188629663712,0.0252541172327426,0.1239,3.59769999999997
26.52,-0.0246812962777782,0,0.1059,3.61989999999997
55.34,-0.0245873424978744,0,0.1989,3.59269999999998
13.33,-0.024549394415391,0,0.1873,3.6035
42.3,-0.0245216485581029,,0.2086,3.59280000000001
32.31,-0.0245035891302168,0,0.2044,3.59520000000003
59.43,-0.0245010446931244,0,0.1463,3.60580000000004
58.33,-0.0244967394706103,0,0.1878,3.60630000000003
19.23,-0.0244552940827681,0,0.2456,3.61010000000005
32.45,-0.024451888494707,0,0.1716,3.59499999999997
45.45,-0.0244402045114729,0,0.1429,3.6044
59.42,-0.0244209839883551,0,0.1463,3.60580000000004
30.42,-0.0244188453136737,0,0.1239,3.59769999999997
7.25,-0.0244009507446789,0,0.3147,3.70030000000003
21.5,-0.0244003890614144,,0.1152,3.61739999999997
6.54,-0.0243707380446539,0,0.1375,3.74950000000001
55.32,-0.0243595553707864,0,0.1989,3.59269999999998
19.21,-0.0243586046145366,0,0.2456,3.61010000000005
14.25,-0.0242860823508428,0,0.219,3.613
17.5,-0.0242803987907635,,0.1092,3.62560000000002
20.31,-0.0242667592370068,0.0273274081329828,0.1715,3.59809999999999
20.55,-0.0242472181407381,0.0247657585869638,0.117,3.61700000000002
30.23,-0.0242187002543764,0,0.2192,3.60570000000001
19.22,-0.024209862692953,0,0.2456,3.61010000000005
44.55,-0.0241994716556398,0.0269649566401648,0.1272,3.61160000000001
25.55,-0.024141105092091,0.0247795817708393,0.1044,3.62079999999997
53.23,-0.0241327029852034,0,0.1913,3.61790000000002
46.34,-0.0241296481363328,0,0.1771,3.60169999999999
55.33,-0.0241116596542169,0,0.1989,3.59269999999998
44.45,-0.0241067238279516,0,0.1516,3.59679999999997
54.55,-0.0240628620367294,0.0251041010142226,0.0997,3.62800000000004
41.55,-0.0240337789176561,0.0238118496241982,0.0905,3.6123
49.21,-0.0240124748188568,0,0.2369,3.61009999999999
12.43,-0.023994691602777,0,0.1373,3.60589999999996
44.5,-0.023985819960485,,0.1272,3.61160000000001
5.72,-0.023940091324201,0,0.3087,3.87549999999999
50.4,-0.0239369419703313,,0.1313,3.60949999999997
20.4,-0.0238885018879058,,0.141,3.60120000000001
12.44,-0.0238853410312876,0,0.1373,3.60589999999996
50.23,-0.0238644026650634,0,0.1912,3.61420000000004
49.54,-0.0238539012786252,0,0.1159,3.6139
5.71,-0.0238470683668692,0.197433280573025,0.3087,3.87549999999999
25.44,-0.0238156939880527,0,0.1316,3.60389999999995
55.31,-0.023794917769737,0,0.1989,3.59269999999998
26.53,-0.0237884274090412,0.0667647338259368,0.1059,3.61989999999997
6.5,-0.023751202385896,,0.1375,3.74950000000001
56.3,-0.0237507217205004,,0.1747,3.59100000000001
25.5,-0.0237249682967153,,0.1044,3.62079999999997
20.32,-0.0237146068119426,0,0.1715,3.59809999999999
25.43,-0.0236981776300063,0,0.1316,3.60389999999995
55.45,-0.0236485923442853,0,0.1623,3.59319999999997
13.5,-0.0236193417523905,,0.1113,3.62189999999998
18.24,-0.0236088804621537,0,0.2134,3.61500000000001
49.22,-0.02360302229697,0,0.2369,3.61009999999999
49.23,-0.0235869962424273,0,0.2369,3.61009999999999
50.22,-0.0235848821778541,0,0.1912,3.61420000000004
59.41,-0.0235611298198107,0.027650335351944,0.1463,3.60580000000004
57.4,-0.0235364440627445,,0.1219,3.60669999999999
46.33,-0.023531334969673,0,0.1771,3.60169999999999
19.24,-0.0235100770166194,0,0.2456,3.61010000000005
44.35,-0.0234892838019532,0,0.1797,3.59460000000001
6.24,-0.0234787374346729,0,0.3,3.75749999999999
13.34,-0.0234744413669589,0,0.1873,3.6035
45.33,-0.0234520020564318,0,0.1717,3.60140000000001
45.32,-0.0234292744794078,0,0.1717,3.60140000000001
5.73,-0.0234256373742231,0.102778307058628,0.3087,3.87549999999999
13.55,-0.0233692170996499,0.022212936170949,0.1113,3.62189999999998
43.4,-0.0233396045683409,,0.1435,3.59050000000002
56.34,-0.0233001764681178,0,0.1747,3.59100000000001
38.25,-0.0232564679789298,0,0.228,3.61089999999996
25.41,-0.0232057914515655,0.0269692844338508,0.1316,3.60389999999995
25.42,-0.0231458664319694,0,0.1316,3.60389999999995
47.41,-0.0231455266664487,0.0257989417563089,0.1355,3.60320000000002
11.3,-0.0231215205759335,,0.1744,3.60390000000001
29.51,-0.0230945709116652,0.153977051204297,0.0942,3.61920000000003
20.35,-0.0230872341362455,0,0.1715,3.59809999999999
5.75,-0.0230712505515323,0.0554960523957179,0.3087,3.87549999999999
45.34,-0.0230575726416261,0,0.1717,3.60140000000001
23.44,-0.0229989755212641,0,0.142,3.60270000000003
30.51,-0.0229964010188813,0.155319491001075,0.0951,3.6155
28.41,-0.0229744133490027,0.0317460712721433,0.1173,3.6053
36.5,-0.0229699422660102,,0.1081,3.62380000000002
28.43,-0.0229456705107121,0,0.1173,3.6053
34.34,-0.022935486553723,0,0.1542,3.59900000000005
32.2,-0.0229319672765563,,0.2382,3.60879999999997
49.24,-0.0229149627265856,0,0.2369,3.61009999999999
47.42,-0.0228853478903414,0,0.1355,3.60320000000002
32.5,-0.0228799300692301,,0.1389,3.60820000000001
28.42,-0.0228731301726084,0,0.1173,3.6053
8.5,-0.0228448376258924,,0.1258,3.65109999999999
32.4,-0.0228256897490012,,0.1716,3.59499999999997
54.25,-0.0228167071034565,0,0.2186,3.61789999999996
53.22,-0.022787080650857,0,0.1913,3.61790000000002
5.74,-0.0227782493211553,0,0.3087,3.87549999999999
13.44,-0.0227372651657137,0,0.1416,3.60580000000004
44.3,-0.0227141869233195,,0.1797,3.59460000000001
45.31,-0.0226917940441199,0.0284923409993454,0.1717,3.60140000000001
34.32,-0.0226807603797541,0,0.1542,3.59900000000005
6.23,-0.0226774538900938,0,0.3,3.75749999999999
38.55,-0.0226723745293474,0.024450294869097,0.0928,3.61959999999999
47.43,-0.0226425336152782,0,0.1355,3.60320000000002
29.52,-0.0226251684208003,0,0.0942,3.61920000000003
52.22,-0.022617054652695,0,0.2283,3.60949999999997
52.24,-0.0226131083197895,0,0.2283,3.60949999999997
52.23,-0.022589414971955,0,0.2283,3.60949999999997
26.54,-0.0225268677039728,0,0.1059,3.61989999999997
6.21,-0.0224898041360006,0.000427542695088423,0.3,3.75749999999999
15.35,-0.022480354107886,0,0.2027,3.60599999999999
37.5,-0.0224573393168187,,0.1002,3.62049999999999
27.5,-0.0224315263241016,,0.0846,3.61869999999999
53.21,-0.0224105379955937,0.0310757080500358,0.1913,3.61790000000002
58.31,-0.0224066369096117,0.028895890106996,0.1878,3.60630000000003
8.55,-0.0223953505676294,0.0231234217166692,0.1258,3.65109999999999
11.35,-0.0223851550220723,0,0.1744,3.60390000000001
52.32,-0.022347415409939,0,0.1925,3.59700000000004
52.31,-0.0222724355401162,0.00161805552802672,0.1925,3.59700000000004
52.33,-0.0222716426951526,0,0.1925,3.59700000000004
34.25,-0.0222186732221305,0,0.1815,3.608
52.34,-0.0222161848595769,0,0.1925,3.59700000000004
13.42,-0.022195014080332,0,0.1416,3.60580000000004
6.53,-0.0221775523568195,0.0639332080954075,0.1375,3.74950000000001
47.44,-0.0221737635971181,0,0.1355,3.60320000000002
34.31,-0.0221690120753446,0.0281306620291644,0.1542,3.59900000000005
50.55,-0.0221241213783034,0.02505397349613,0.1076,3.62619999999998
30.52,-0.0221086977577589,0,0.0951,3.6155
7.21,-0.0220913864138003,0,0.3147,3.70030000000003
52.21,-0.0220868666056459,0,0.2283,3.60949999999997
23.43,-0.0220675089624854,0,0.142,3.60270000000003
6.22,-0.0220335168391764,0,0.3,3.75749999999999
23.41,-0.02203347215372,0.0271686501410496,0.142,3.60270000000003
16.34,-0.0219764238294932,0,0.1637,3.60859999999997
23.42,-0.0219660960139657,0,0.142,3.60270000000003
34.33,-0.0219642982346769,0,0.1542,3.59900000000005
31.24,-0.0219189332281235,0,0.2179,3.60629999999998
6.52,-0.0218849647599017,0,0.1375,3.74950000000001
46.44,-0.0218713706793802,0,0.14,3.60360000000003
43.5,-0.0218699742481963,,0.119,3.60599999999999
50.24,-0.021833241659567,0,0.1912,3.61420000000004
18.23,-0.0218233982656321,0,0.2134,3.61500000000001
22.34,-0.0218147899540166,0,0.181,3.59930000000003
31.23,-0.0218017553902847,0,0.2179,3.60629999999998
22.32,-0.0217976509718325,0,0.181,3.59930000000003
22.33,-0.0217559831635089,0,0.181,3.59930000000003
49.51,-0.021755216694977,0.173910513366183,0.1159,3.6139
32.54,-0.0217324205595926,0,0.1389,3.60820000000001
21.45,-0.0216898363448318,0,0.143,3.60149999999999
8.25,-0.0216860171982149,0,0.2282,3.64830000000001
20.33,-0.0215822648929871,0,0.1715,3.59809999999999
30.53,-0.021580186153203,0.0674129865388664,0.0951,3.6155
22.31,-0.0215701552498155,0.0202311530356368,0.181,3.59930000000003
18.22,-0.0215676251964005,0,0.2134,3.61500000000001
27.21,-0.0215603538331317,0.00345196258208176,0.2214,3.60720000000003
32.25,-0.0215557883115812,0,0.2382,3.60879999999997
6.51,-0.0215433580579905,0.150090252457436,0.1375,3.74950000000001
31.22,-0.0214816741964806,0,0.2179,3.60629999999998
58.5,-0.0214643812189344,,0.1295,3.62220000000002
7.23,-0.0214607162550661,0,0.3147,3.70030000000003
20.34,-0.0214376065472708,0,0.1715,3.59809999999999
29.54,-0.0214347835115772,0,0.0942,3.61920000000003
47.5,-0.0214056651397064,,0.1064,3.62079999999997
18.21,-0.0213647055459241,0.00470843171686701,0.2134,3.61500000000001
7.22,-0.0213527198145307,0,0.3147,3.70030000000003
48.5,-0.0213505723250849,,0.0799,3.62890000000004
45.5,-0.0213427997217075,,0.1203,3.61990000000003
40.53,-0.0212738749476941,0.0667664119528347,0.0969,3.62379999999996
42.35,-0.0212230167225094,0,0.2086,3.59280000000001
49.53,-0.0211938384072692,0.0741422416633848,0.1159,3.6139
40.51,-0.0211830860721455,0.154320028918734,0.0969,3.62379999999996
13.43,-0.0211775726847765,0,0.1416,3.60580000000004
21.31,-0.0211762929835442,0.0213589527034007,0.1804,3.59899999999999
13.41,-0.0211559050543357,0.0269390433157447,0.1416,3.60580000000004
57.24,-0.0211380770304123,0,0.1751,3.61000000000001
29.53,-0.0211229007889877,0.0666945993906678,0.0942,3.61920000000003
43.35,-0.0211170745993679,0,0.1725,3.58749999999998
21.32,-0.0211000894867753,0,0.1804,3.59899999999999
21.33,-0.0210899231759362,0,0.1804,3.59899999999999
53.55,-0.0210838477812618,0.0257577759470298,0.1118,3.62950000000001
35.51,-0.0210551453830762,0.154073413274145,0.1081,3.62119999999999
57.35,-0.0210506471360728,0,0.1498,3.60160000000002
40.2,-0.0210443509102932,,0.2304,3.61510000000004
35.52,-0.0210386503933044,0,0.1081,3.62119999999999
40.52,-0.0210345909061702,0,0.0969,3.62379999999996
28.55,-0.0210325611664074,0.0256008538242496,0.0948,3.62349999999998
27.55,-0.0209951571651977,0.0246865291147105,0.0846,3.61869999999999
16.31,-0.0209755099067757,0.0263516583360893,0.1637,3.60859999999997
36.52,-0.0209072370341838,0,0.1081,3.62380000000002
46.5,-0.0208916623775063,,0.1124,3.6207
24.55,-0.0208842309938461,0.0219205686518082,0.1215,3.61970000000002
55.21,-0.0208730925720954,0,0.2362,3.60590000000002
36.54,-0.0208373961755906,0,0.1081,3.62380000000002
55.22,-0.0208371265216156,0,0.2362,3.60590000000002
49.52,-0.0208166731680134,0,0.1159,3.6139
50.34,-0.0208101387431351,0,0.1608,3.60540000000003
54.54,-0.0208076411143173,0,0.0997,3.62800000000004
55.24,-0.0207050025888031,0,0.2362,3.60590000000002
50.33,-0.0206938547580328,0,0.1608,3.60540000000003
40.54,-0.0206496754490557,0,0.0969,3.62379999999996
36.51,-0.020550730449418,0.155027057698366,0.1081,3.62380000000002
31.21,-0.020497332537182,0.00270458976089951,0.2179,3.60629999999998
31.5,-0.0204816434885202,,0.0831,3.61879999999996
34.45,-0.0204546603664988,0,0.1259,3.6037
57.23,-0.0204149628927338,0,0.1751,3.61000000000001
55.23,-0.020365642146152,0,0.2362,3.60590000000002
36.53,-0.0203648395289043,0.066753544556226,0.1081,3.62380000000002
58.54,-0.0203613819351399,0,0.1295,3.62220000000002
11.45,-0.0203555165193192,0,0.1458,3.60660000000001
59.54,-0.0203405363763408,0,0.1201,3.62110000000001
16.32,-0.0203064470713708,0,0.1637,3.60859999999997
16.33,-0.0202493659806257,0,0.1637,3.60859999999997
57.22,-0.0202363219012206,0,0.1751,3.61000000000001
22.54,-0.0201836272465426,0,0.1152,3.61770000000001
51.25,-0.0201829111077968,0,0.226,3.61590000000001
11.55,-0.0201732362237186,0.0233496214963399,0.1234,3.62290000000002
11.34,-0.0201687079538446,0,0.1744,3.60390000000001
56.4,-0.0201078562636648,,0.1458,3.59370000000001
59.51,-0.0201012582725733,0.153626766049756,0.1201,3.62110000000001
32.43,-0.0200977870884519,0,0.1716,3.59499999999997
56.33,-0.0200856463633985,0,0.1747,3.59100000000001
59.52,-0.0200816059325209,0,0.1201,3.62110000000001
15.31,-0.0200693949935091,0.00801728462180316,0.2027,3.60599999999999
59.53,-0.0200425259717521,0.0668948294475294,0.1201,3.62110000000001
27.22,-0.0199996635574486,0,0.2214,3.60720000000003
57.21,-0.0199753549067668,0.0354885768935954,0.1751,3.61000000000001
43.53,-0.019963253475487,0.0714755640599138,0.119,3.60599999999999
56.5,-0.0199258649506576,,0.1216,3.60899999999998
23.55,-0.0199032904255788,0.0231696698981767,0.1151,3.61849999999998
35.54,-0.0198974780404726,0,0.1081,3.62119999999999
56.32,-0.0198822656360719,0,0.1747,3.59100000000001
20.45,-0.0198785268980949,0,0.141,3.60120000000001
31.55,-0.0198571913543972,0.0280460022984264,0.0831,3.61879999999996
43.45,-0.0198501896325502,0,0.1435,3.59050000000002
11.31,-0.0198286106746806,0.0286332527421883,0.1744,3.60390000000001
46.54,-0.0198160843293061,0,0.1124,3.6207
50.21,-0.0197815913421329,0.0306717745994066,0.1912,3.61420000000004
50.31,-0.0197719971591878,0.029162047153156,0.1608,3.60540000000003
33.44,-0.0197604799209169,0,0.1448,3.59190000000001
58.45,-0.0197080605530816,0,0.157,3.6078
11.4,-0.0196979057577867,,0.1458,3.60660000000001
55.41,-0.0196732721692159,0.0218232486063509,0.1623,3.59319999999997
43.54,-0.0196705349075818,0,0.119,3.60599999999999
50.32,-0.0196645699859194,0,0.1608,3.60540000000003
52.51,-0.0196603879110766,0.192229191881305,0.1048,3.6157
23.5,-0.0196590757200083,,0.1151,3.61849999999998
35.53,-0.0196563504065444,0.0670039633808971,0.1081,3.62119999999999
55.44,-0.019607261728988,0,0.1623,3.59319999999997
32.44,-0.0196062831009621,0,0.1716,3.59499999999997
44.53,-0.0195963238780192,0.0780450661867502,0.1272,3.61160000000001
38.24,-0.0195810770434659,0,0.228,3.61089999999996
43.52,-0.0195797587790332,0,0.119,3.60599999999999
33.43,-0.0195710243635691,0,0.1448,3.59190000000001
32.42,-0.019558896583492,0,0.1716,3.59499999999997
35.2,-0.0195461589899009,,0.2182,3.61369999999999
52.52,-0.019539312241153,0,0.1048,3.6157
22.5,-0.0195330126954773,,0.1152,3.61770000000001
32.41,-0.0195197947751664,0.0235212867167994,0.1716,3.59499999999997
52.53,-0.0195085843449949,0.0827991978044833,0.1048,3.6157
21.41,-0.0194945474113023,0.0271736721330406,0.143,3.60149999999999
51.54,-0.0194911981905025,0,0.1019,3.62430000000001
46.42,-0.0194733087135694,0,0.14,3.60360000000003
34.41,-0.0194553437500512,0.0910217896412708,0.1259,3.6037
52.54,-0.0194430475006006,0,0.1048,3.6157
32.53,-0.0194316095139326,0.0893832531338551,0.1389,3.60820000000001
16.44,-0.0194304505417632,0,0.1339,3.61240000000004
57.45,-0.0194128233602022,0,0.1219,3.60669999999999
46.43,-0.0193993854378082,0,0.14,3.60360000000003
47.54,-0.0193989393178423,0,0.1064,3.62079999999997
27.23,-0.0193937715792604,0,0.2214,3.60720000000003
44.34,-0.0193728510762695,0,0.1797,3.59460000000001
33.51,-0.0193505712240679,0.167464702127788,0.1205,3.60730000000001
33.52,-0.0193143415469804,0,0.1205,3.60730000000001
33.42,-0.0193120710072555,0,0.1448,3.59190000000001
44.54,-0.0192875362744932,0,0.1272,3.61160000000001
32.51,-0.019227168909892,0.20754608276326,0.1389,3.60820000000001
32.52,-0.0191876548750563,0,0.1389,3.60820000000001
33.53,-0.0191744120402596,0.0722389326803775,0.1205,3.60730000000001
38.51,-0.0191560215672631,0.152810944967182,0.0928,3.61959999999999
47.53,-0.0191172157656331,0.066995030441473,0.1064,3.62079999999997
4,-0.0191046601062296,,0.9142,4.56209999999999
21.52,-0.0190388071360227,0,0.1152,3.61739999999997
33.54,-0.0190235265395714,0,0.1205,3.60730000000001
21.42,-0.0190224096487814,0,0.143,3.60149999999999
56.54,-0.0190061149330587,0,0.1216,3.60899999999998
44.52,-0.0189993275114359,0,0.1272,3.61160000000001
55.42,-0.0189717615595471,0,0.1623,3.59319999999997
46.41,-0.018901086800465,0.0267720549677851,0.14,3.60360000000003
16.41,-0.0188522829933122,0.0380312019814028,0.1339,3.61240000000004
54.51,-0.0188450463280963,0.152104357536497,0.0997,3.62800000000004
51.2,-0.0188444152977898,,0.226,3.61590000000001
12.54,-0.0188409150613965,0,0.1099,3.62220000000002
56.31,-0.0188259445652677,0.0289762177205266,0.1747,3.59100000000001
16.42,-0.0188174011595434,0,0.1339,3.61240000000004
57.31,-0.0188162421736332,0.0280443626307667,0.1498,3.60160000000002
6.1,-0.0188155317316573,,0.3354,3.78660000000002
43.51,-0.0188107760601151,0.16585637162335,0.119,3.60599999999999
27.24,-0.0188077036623896,0,0.2214,3.60720000000003
21.51,-0.0187987133220693,0.155999641349355,0.1152,3.61739999999997
51.51,-0.018797680762559,0.155733674589625,0.1019,3.62430000000001
45.41,-0.0187724978670434,0.0306936067150913,0.1429,3.6044
11.33,-0.0187701760783635,0,0.1744,3.60390000000001
44.42,-0.0187699874983477,0,0.1516,3.59679999999997
21.43,-0.0187642384768221,0,0.143,3.60149999999999
18.5,-0.0186345649552977,,0.0877,3.62790000000001
9.23,-0.0186277498969007,0,0.2404,3.63459999999998
56.45,-0.0186165576640721,0,0.1458,3.59370000000001
21.53,-0.0185700397832783,0.0670171579650746,0.1152,3.61739999999997
44.41,-0.0185685746335438,0.0298450062034649,0.1516,3.59679999999997
51.52,-0.0185531021233772,0,0.1019,3.62430000000001
11.32,-0.0185494695584696,0,0.1744,3.60390000000001
34.42,-0.0185413863223485,0,0.1259,3.6037
37.54,-0.0185312984285631,0,0.1002,3.62049999999999
12.5,-0.0185018593958284,,0.1099,3.62220000000002
16.43,-0.0185015341483524,0,0.1339,3.61240000000004
9.24,-0.0184873097597374,0,0.2404,3.63459999999998
21.44,-0.0184502056649001,0,0.143,3.60149999999999
9.21,-0.0184419439332174,0.00228507911716815,0.2404,3.63459999999998
51.53,-0.0184315194300058,0.0670219918545881,0.1019,3.62430000000001
47.52,-0.0184243670797224,0,0.1064,3.62079999999997
44.43,-0.0184186378077653,0,0.1516,3.59679999999997
58.41,-0.018372340804981,0.0282717812749202,0.157,3.6078
44.51,-0.0183582857399119,0.180629992756914,0.1272,3.61160000000001
9.22,-0.0183537125056001,0,0.2404,3.63459999999998
17.54,-0.018328048953309,0,0.1092,3.62560000000002
21.54,-0.0183088357252771,0,0.1152,3.61739999999997
45.42,-0.018271383786024,0,0.1429,3.6044
46.53,-0.0182645600029031,0.0671572464155436,0.1124,3.6207
55.43,-0.0182640276117086,0,0.1623,3.59319999999997
45.43,-0.0182380592122646,0,0.1429,3.6044
54.52,-0.0181750187748714,0,0.0997,3.62800000000004
46.52,-0.0181612051118732,0,0.1124,3.6207
28.5,-0.0181157875136533,,0.0948,3.62349999999998
38.22,-0.0180916706377245,0,0.228,3.61089999999996
45.44,-0.018085880144093,0,0.1429,3.6044
44.44,-0.0180831405088015,0,0.1516,3.59679999999997
33.41,-0.018052113243962,0.0298780925115175,0.1448,3.59190000000001
38.52,-0.0180375365642235,0,0.0928,3.61959999999999
44.31,-0.0180095885903949,0.0297267449214889,0.1797,3.59460000000001
38.23,-0.0179897600967293,0,0.228,3.61089999999996
38.54,-0.0179813703107403,0,0.0928,3.61959999999999
33.32,-0.0179776622496514,0,0.1733,3.589
57.32,-0.0179594443391373,0,0.1498,3.60160000000002
33.31,-0.0179124799307459,0.0298274337034448,0.1733,3.589
37.52,-0.0178887005970998,0,0.1002,3.62049999999999
54.53,-0.017886157782516,0.0669450404582017,0.0997,3.62800000000004
47.51,-0.0178858432577626,0.154906933634694,0.1064,3.62079999999997
37.51,-0.0178055553015707,0.155740746624361,0.1002,3.62049999999999
53.41,-0.0177942164067426,0.0821921651071127,0.1324,3.6121
35.25,-0.0177814249579614,0,0.2182,3.61369999999999
53.45,-0.0177786147409861,0,0.1324,3.6121
37.53,-0.0177714126165864,0.0669420618014438,0.1002,3.62049999999999
15.32,-0.0177499751494699,0,0.2027,3.60599999999999
8.2,-0.0177486173600889,,0.2282,3.64830000000001
38.21,-0.0177280114643861,0.00652899306202155,0.228,3.61089999999996
25.51,-0.0177177139449359,0.153324486775181,0.1044,3.62079999999997
25.52,-0.0177029501226644,0,0.1044,3.62079999999997
17.51,-0.0176668395188843,0.154428265748492,0.1092,3.62560000000002
58.51,-0.0176481759441591,0.165027870107663,0.1295,3.62220000000002
17.53,-0.0176354758234058,0.0669089129374253,0.1092,3.62560000000002
44.32,-0.0176353819624318,0,0.1797,3.59460000000001
58.43,-0.0176320979653785,0,0.157,3.6078
41.54,-0.0176041942519056,0,0.0905,3.6123
46.51,-0.0175741395543721,0.155657420444943,0.1124,3.6207
58.42,-0.0175645886036795,0,0.157,3.6078
17.25,-0.017546789867142,0,0.2199,3.61869999999999
38.53,-0.0175325099325946,0.0667201477529807,0.0928,3.61959999999999
58.44,-0.0174918607362354,0,0.157,3.6078
34.44,-0.0174706077536722,0,0.1259,3.6037
32.22,-0.0174621340753026,0,0.2382,3.60879999999997
34.43,-0.0174450340967878,0.0200954824815101,0.1259,3.6037
34.24,-0.0174416048835241,0,0.1815,3.608
11.5,-0.0174409370898608,,0.1234,3.62290000000002
43.31,-0.0173910486993282,0.0297333291350431,0.1725,3.58749999999998
14.21,-0.0173797662902226,0.003133615397436,0.219,3.613
42.34,-0.0173768811029303,0,0.2086,3.59280000000001
17.52,-0.0173767375808988,0,0.1092,3.62560000000002
27.51,-0.0173525520929503,0.154213259206417,0.0846,3.61869999999999
57.33,-0.0173447527639571,0,0.1498,3.60160000000002
58.53,-0.0173445270994702,0.0704026262241928,0.1295,3.62220000000002
58.52,-0.0173366019506491,0,0.1295,3.62220000000002
27.52,-0.0173075950537962,0,0.0846,3.61869999999999
20.5,-0.0173009741576664,,0.117,3.61700000000002
22.53,-0.0172899765658955,0.0710777595133083,0.1152,3.61770000000001
25.54,-0.0172771873116449,0,0.1044,3.62079999999997
56.53,-0.0172714360000545,0.0740918807184809,0.1216,3.60899999999998
50.5,-0.0172597011131426,,0.1076,3.62619999999998
42.2,-0.0172456308506736,,0.2353,3.60640000000001
11.44,-0.0171836391061885,0,0.1458,3.60660000000001
44.33,-0.0171726655333969,0,0.1797,3.59460000000001
13.54,-0.0171634213017672,0,0.1113,3.62189999999998
33.33,-0.0171457097401449,0,0.1733,3.589
32.23,-0.0171394725052972,0,0.2382,3.60879999999997
56.51,-0.017111815634641,0.171652812971869,0.1216,3.60899999999998
34.21,-0.017106816235946,0.0329007083202168,0.1815,3.608
22.52,-0.0170955399083219,0,0.1152,3.61770000000001
20.44,-0.0170873656933722,0,0.141,3.60120000000001
5.65,-0.0170655198582107,0.0230766673239599,0.3274,3.87260000000003
33.34,-0.0170471834909877,0,0.1733,3.589
22.51,-0.0170287729311408,0.165733522756079,0.1152,3.61770000000001
14.22,-0.0170166031420592,0,0.219,3.613
53.44,-0.0169998440952751,0,0.1324,3.6121
32.24,-0.0169850628430873,0,0.2382,3.60879999999997
34.22,-0.0169801285360053,0,0.1815,3.608
20.54,-0.0169784387971441,0,0.117,3.61700000000002
12.53,-0.0169765479343592,0.0671094911609389,0.1099,3.62220000000002
56.52,-0.0169606999356677,0,0.1216,3.60899999999998
25.53,-0.0169430838072127,0.0671690876093853,0.1044,3.62079999999997
13.53,-0.0169395449195658,0.0667944322368119,0.1113,3.62189999999998
53.42,-0.0169153892411576,0,0.1324,3.6121
57.34,-0.0168942605051917,0,0.1498,3.60160000000002
15.33,-0.0168842776697697,0,0.2027,3.60599999999999
32.21,-0.0168254072900159,0,0.2382,3.60879999999997
15.34,-0.0168015782885184,0,0.2027,3.60599999999999
43.33,-0.0167581423792731,0,0.1725,3.58749999999998
27.54,-0.0167532442438069,0,0.0846,3.61869999999999
27.53,-0.0167531993330367,0.0674296453684983,0.0846,3.61869999999999
47.25,-0.0167281467694762,0,0.2198,3.6123
8.24,-0.0167148671462811,0,0.2282,3.64830000000001
14.24,-0.0166937472636816,0,0.219,3.613
24.54,-0.016686374247318,0,0.1215,3.61970000000002
43.32,-0.0166720505981826,0,0.1725,3.58749999999998
43.34,-0.0166539661433054,0,0.1725,3.58749999999998
12.52,-0.0166466190209944,0,0.1099,3.62220000000002
14.23,-0.0166418818394697,0,0.219,3.613
57.44,-0.0166193382434394,0,0.1219,3.60669999999999
34.23,-0.0166159632689632,0,0.1815,3.608
41.52,-0.0165816695967427,0,0.0905,3.6123
41.53,-0.0165497343143188,0.0669649103663384,0.0905,3.6123
54.23,-0.0165485546907057,0,0.2186,3.61789999999996
41.51,-0.0164779010210669,0.154689912193645,0.0905,3.6123
45.51,-0.016427527724006,0.154959570204797,0.1203,3.61990000000003
53.43,-0.0163864551623745,0.0150241414780187,0.1324,3.6121
43.42,-0.0163645582699433,0,0.1435,3.59050000000002
54.22,-0.0163598436683335,0,0.2186,3.61789999999996
54.24,-0.0163278475119161,0,0.2186,3.61789999999996
57.43,-0.0163053996820323,0.044618970825866,0.1219,3.60669999999999
13.52,-0.0162687087817486,0,0.1113,3.62189999999998
23.2,-0.0162388558285464,,0.2132,3.61180000000002
47.2,-0.0162014818042931,,0.2198,3.6123
43.43,-0.0161947198489636,0,0.1435,3.59050000000002
45.52,-0.0161443846941226,0,0.1203,3.61990000000003
12.51,-0.0161055104131486,0.154472982616202,0.1099,3.62220000000002
6.65,-0.0160985163968931,0.0499784165069067,0.1282,3.77249999999998
54.21,-0.0160323651414217,0.0121992472503903,0.2186,3.61789999999996
16.25,-0.0160035491346108,0,0.1913,3.61759999999998
48.51,-0.0159465891141852,0.15008711173171,0.0799,3.62890000000004
43.44,-0.0159179122095747,0,0.1435,3.59050000000002
57.41,-0.0159026284347566,0.136120651951835,0.1219,3.60669999999999
57.42,-0.0158969467874255,0,0.1219,3.60669999999999
45.53,-0.0158947613554047,0.0673723896935013,0.1203,3.61990000000003
43.41,-0.015892642480006,0.0297270307981782,0.1435,3.59050000000002
48.52,-0.0158570346462025,0,0.0799,3.62890000000004
48.53,-0.0158400523082126,0.0679736864008485,0.0799,3.62890000000004
11.43,-0.0158079978071736,0,0.1458,3.60660000000001
11.42,-0.0157924933022461,0,0.1458,3.60660000000001
48.54,-0.0157240122706424,0,0.0799,3.62890000000004
40.25,-0.0156944846066567,0,0.2304,3.61510000000004
11.41,-0.0156943908332908,0.0309707612343656,0.1458,3.60660000000001
20.42,-0.0156678500261486,0,0.141,3.60120000000001
45.54,-0.015655505927509,0,0.1203,3.61990000000003
42.33,-0.0156249927517325,0,0.2086,3.59280000000001
42.31,-0.0156225078783601,0.00170936727634361,0.2086,3.59280000000001
20.53,-0.0155926187647444,0.0671610410108359,0.117,3.61700000000002
50.45,-0.0155885740202964,0,0.1313,3.60949999999997
25.25,-0.015587246208424,0,0.2135,3.61189999999999
8.51,-0.015529882551538,0.153766018068869,0.1258,3.65109999999999
34.55,-0.0154989867444879,0.0259390910460051,0.1103,3.62060000000002
35.24,-0.0154332969326093,0,0.2182,3.61369999999999
46.2,-0.0154107522488248,,0.2147,3.61269999999996
24.51,-0.0153681589926458,0.157226444037647,0.1215,3.61970000000002
8.22,-0.0153494390844368,0,0.2282,3.64830000000001
8.23,-0.0153462951337403,0,0.2282,3.64830000000001
12.25,-0.0153370468512699,0,0.2152,3.61360000000002
53.5,-0.0153253272317707,,0.1118,3.62950000000001
25.2,-0.0153225269894058,,0.2135,3.61189999999999
20.52,-0.015305816810607,0,0.117,3.61700000000002
42.32,-0.0152919809211955,0,0.2086,3.59280000000001
6.15,-0.0152632635038755,0,0.3354,3.78660000000002
11.54,-0.0152521631054848,0,0.1234,3.62290000000002
20.43,-0.015236827674592,0,0.141,3.60120000000001
50.54,-0.0152307020785644,0,0.1076,3.62619999999998
8.52,-0.0152256412938683,0,0.1258,3.65109999999999
24.53,-0.0152187724317423,0.0666506249699582,0.1215,3.61970000000002
56.44,-0.0151884894884434,0,0.1458,3.59370000000001
50.53,-0.0151850303303418,0.067959545571859,0.1076,3.62619999999998
28.52,-0.0151789104595242,0,0.0948,3.62349999999998
56.41,-0.0151579484845226,0.0306368824067292,0.1458,3.59370000000001
23.54,-0.0151487023409126,0,0.1151,3.61849999999998
51.24,-0.0151447053308614,0,0.226,3.61590000000001
13.51,-0.0151424329425222,0.157049358419555,0.1113,3.62189999999998
8.21,-0.0151420747836932,0.0245328056060444,0.2282,3.64830000000001
4.05,-0.0150990235151988,0,0.9142,4.56209999999999
6.64,-0.0150788509666122,0,0.1282,3.77249999999998
24.52,-0.0150695453388432,0,0.1215,3.61970000000002
8.53,-0.0150341395405007,0.066274778454972,0.1258,3.65109999999999
20.41,-0.0150153317425124,0.0294410317668645,0.141,3.60120000000001
8.54,-0.014981018704977,0,0.1258,3.65109999999999
20.51,-0.0149218129127415,0.153347612450711,0.117,3.61700000000002
28.51,-0.014885195221436,0.152425582875588,0.0948,3.62349999999998
56.42,-0.0148732541911609,0,0.1458,3.59370000000001
37.25,-0.0147419024011247,0,0.2307,3.61320000000001
29.2,-0.0146511178110955,,0.2363,3.6114
56.43,-0.0145683514613375,0,0.1458,3.59370000000001
17.2,-0.0145556448789909,,0.2199,3.61869999999999
46.25,-0.0145267807068395,0,0.2147,3.61269999999996
29.25,-0.0145017251862983,0,0.2363,3.6114
31.51,-0.014481502848444,0.15006489053533,0.0831,3.61879999999996
28.53,-0.0144408307791653,0.0674016478521094,0.0948,3.62349999999998
4.03,-0.0144268043032149,0,0.9142,4.56209999999999
4.02,-0.0143988232555974,0,0.9142,4.56209999999999
25.22,-0.0143682118704632,0,0.2135,3.61189999999999
25.23,-0.0142397012391784,0,0.2135,3.61189999999999
26.25,-0.0142254890406632,0,0.2267,3.61329999999998
11.53,-0.0142025477160108,0.0675292036980925,0.1234,3.62290000000002
23.52,-0.0141783328579022,0,0.1151,3.61849999999998
4.01,-0.0141685667336551,0,0.9142,4.56209999999999
28.54,-0.0141602718863239,0,0.0948,3.62349999999998
23.51,-0.0141505747432054,0.156284760894745,0.1151,3.61849999999998
25.24,-0.0140987459648675,0,0.2135,3.61189999999999
50.42,-0.0140916607349687,0,0.1313,3.60949999999997
53.54,-0.0140517495678082,0,0.1118,3.62950000000001
4.04,-0.0140375335720849,0,0.9142,4.56209999999999
40.24,-0.0140348891983204,0,0.2304,3.61510000000004
50.41,-0.0140297130831542,0.0753414115922907,0.1313,3.60949999999997
11.51,-0.0139480527562843,0.15683894636589,0.1234,3.62290000000002
23.53,-0.0139301604798345,0.0671690853648827,0.1151,3.61849999999998
26.2,-0.0139105755588749,,0.2267,3.61329999999998
11.52,-0.0138960037035339,0,0.1234,3.62290000000002
37.2,-0.0138798064115822,,0.2307,3.61320000000001
16.24,-0.0138786552234307,0,0.1913,3.61759999999998
40.21,-0.0138556526663521,0.00830236717607442,0.2304,3.61510000000004
18.55,-0.0138259033457249,0.0266348216502682,0.0877,3.62790000000001
51.23,-0.0137221646255718,0,0.226,3.61590000000001
50.52,-0.0137164271196263,0,0.1076,3.62619999999998
31.52,-0.0136739705402922,0,0.0831,3.61879999999996
59.25,-0.0136219669620392,0,0.2122,3.61509999999998
51.22,-0.0136179476984945,0,0.226,3.61590000000001
6.6,-0.0135596908947436,,0.1282,3.77249999999998
40.22,-0.0134319142047157,0,0.2304,3.61510000000004
31.53,-0.0134023684198766,0.0680545347985296,0.0831,3.61879999999996
42.25,-0.013390414882965,0,0.2353,3.60640000000001
39.55,-0.0133461507485859,0.0275326712012175,0.0859,3.62020000000001
42.24,-0.0133408785636188,0,0.2353,3.60640000000001
20.25,-0.0132366756818205,0,0.204,3.60919999999999
40.23,-0.0132349562089118,0,0.2304,3.61510000000004
50.43,-0.0132089114164045,0.0112888092102852,0.1313,3.60949999999997
36.2,-0.0132031800847348,,0.2289,3.61680000000001
22.25,-0.013185803301578,0,0.215,3.61150000000003
50.44,-0.0129821505351524,0,0.1313,3.60949999999997
31.54,-0.0129753763015171,0,0.0831,3.61879999999996
16.23,-0.0129604198523916,0,0.1913,3.61759999999998
25.21,-0.0129006232102327,0.01361035538909,0.2135,3.61189999999999
51.21,-0.0128553553197591,0.0104657559860051,0.226,3.61590000000001
20.2,-0.0128498574252207,,0.204,3.60919999999999
5.6,-0.012809968695121,,0.3274,3.87260000000003
16.2,-0.0127885124459039,,0.1913,3.61759999999998
12.2,-0.0126258651933879,,0.2152,3.61360000000002
53.53,-0.0125603704032133,0.0677546536466918,0.1118,3.62950000000001
50.51,-0.0124710357589573,0.154813291939598,0.1076,3.62619999999998
35.22,-0.0124248248659008,0,0.2182,3.61369999999999
47.24,-0.0124228247905358,0,0.2198,3.6123
53.52,-0.012421171464388,0,0.1118,3.62950000000001
35.23,-0.0124149765288993,0,0.2182,3.61369999999999
35.21,-0.0124008360997621,0.0147587576937789,0.2182,3.61369999999999
16.5,-0.0123384177840671,,0.1186,3.62849999999997
59.2,-0.0123210444129043,,0.2122,3.61509999999998
16.22,-0.0123061902384548,0,0.1913,3.61759999999998
53.51,-0.0122595050661127,0.15297779741206,0.1118,3.62950000000001
6.63,-0.0122505659998116,0.0827864104556539,0.1282,3.77249999999998
36.25,-0.0121996625993582,0,0.2289,3.61680000000001
6.13,-0.0121702871985688,0,0.3354,3.78660000000002
5.63,-0.0121240710212591,0.0650762515665547,0.3274,3.87260000000003
6.12,-0.0121065110779765,0,0.3354,3.78660000000002
6.11,-0.0120935003291914,0.0235474813050801,0.3354,3.78660000000002
6.62,-0.0120876310651933,0,0.1282,3.77249999999998
6.61,-0.0120819776182969,0.150068318451815,0.1282,3.77249999999998
37.24,-0.0120607604208838,0,0.2307,3.61320000000001
39.5,-0.0120597377063809,,0.0859,3.62020000000001
5.62,-0.0119648461194349,0,0.3274,3.87260000000003
16.21,-0.0119470357152977,0.0312879034173952,0.1913,3.61759999999998
12.24,-0.0118772153714877,0,0.2152,3.61360000000002
16.55,-0.0118385241703993,0.0248879727220647,0.1186,3.62849999999997
15.25,-0.0118286642416363,0,0.2379,3.61930000000001
42.21,-0.0117517245419566,0,0.2353,3.60640000000001
29.24,-0.0117447624470666,0,0.2363,3.6114
5.64,-0.0117338107833164,0,0.3274,3.87260000000003
42.22,-0.0116883852651746,0,0.2353,3.60640000000001
47.23,-0.0116306316657661,0,0.2198,3.6123
6.14,-0.0116278030166011,0,0.3354,3.78660000000002
46.23,-0.0115960396785092,0,0.2147,3.61269999999996
47.22,-0.0115904568434403,0,0.2198,3.6123
42.23,-0.0115634071282333,0,0.2353,3.60640000000001
5.61,-0.0115067437872934,0.15008112768211,0.3274,3.87260000000003
34.5,-0.0114886813794605,,0.1103,3.62060000000002
46.24,-0.0113689500294126,0,0.2147,3.61269999999996
46.22,-0.0112941961579668,0,0.2147,3.61269999999996
47.21,-0.0111800901841445,0.0147951747345097,0.2198,3.6123
29.22,-0.0111008329686188,0,0.2363,3.6114
17.24,-0.0110901198709158,0,0.2199,3.61869999999999
21.2,-0.0110857117277145,,0.2163,3.6112
29.23,-0.0109632108969098,0,0.2363,3.6114
29.21,-0.0109535500173615,0.000808058775048659,0.2363,3.6114
17.21,-0.0108270126438587,0.0162872838852899,0.2199,3.61869999999999
18.51,-0.0107746097245767,0.150309584591359,0.0877,3.62790000000001
15.2,-0.0107490198940144,,0.2379,3.61930000000001
17.22,-0.0106874609319359,0,0.2199,3.61869999999999
37.22,-0.0106401826508405,0,0.2307,3.61320000000001
17.23,-0.0106390683135871,0,0.2199,3.61869999999999
34.54,-0.0106245775980073,0,0.1103,3.62060000000002
37.23,-0.0106073431819657,0,0.2307,3.61320000000001
37.21,-0.0105695690334047,0.00667249025487462,0.2307,3.61320000000001
39.54,-0.010554409152635,0,0.0859,3.62020000000001
18.54,-0.0104993582878265,0,0.0877,3.62790000000001
22.2,-0.0104870618421597,,0.215,3.61150000000003
13.25,-0.0104849229683345,0,0.2303,3.61580000000004
46.21,-0.0104397252540658,0.0198030699458209,0.2147,3.61269999999996
23.25,-0.0104250053852824,0,0.2132,3.61180000000002
12.23,-0.0104034169548027,0,0.2152,3.61360000000002
18.52,-0.0103419297262304,0,0.0877,3.62790000000001
18.53,-0.0102923254906412,0.0673350244578262,0.0877,3.62790000000001
12.22,-0.0101850794786576,0,0.2152,3.61360000000002
12.21,-0.00992548302567249,0.0167366450242002,0.2152,3.61360000000002
22.24,-0.00972003880509709,0,0.215,3.61150000000003
34.52,-0.00967920603197944,0,0.1103,3.62060000000002
39.52,-0.00966702160549019,0,0.0859,3.62020000000001
39.51,-0.00960776742587904,0.15008771781705,0.0859,3.62020000000001
39.53,-0.00956681015396111,0.0678262457809169,0.0859,3.62020000000001
13.2,-0.0095295424839097,,0.2303,3.61580000000004
23.24,-0.00952313025051087,0,0.2132,3.61180000000002
45.2,-0.00949844621692292,,0.2015,3.6112
34.53,-0.00944158704780596,0.0681616317684917,0.1103,3.62060000000002
22.23,-0.00940438539521133,0,0.215,3.61150000000003
34.51,-0.00931531460526991,0.15376089191366,0.1103,3.62060000000002
26.22,-0.00925279036753252,0,0.2267,3.61329999999998
26.24,-0.00923295077642283,0,0.2267,3.61329999999998
26.23,-0.0092287791457413,0,0.2267,3.61329999999998
26.21,-0.00922013773475991,0.011075798698612,0.2267,3.61329999999998
15.24,-0.00916183589223371,0,0.2379,3.61930000000001
23.21,-0.00907673185033672,0.0222039920914258,0.2132,3.61180000000002
59.24,-0.00906416498710186,0,0.2122,3.61509999999998
59.23,-0.00900191307569618,0,0.2122,3.61509999999998
36.21,-0.0089878626945053,0.0116372036019499,0.2289,3.61680000000001
22.22,-0.00884227140620208,0,0.215,3.61150000000003
15.23,-0.00881809401636307,0,0.2379,3.61930000000001
36.22,-0.0088064828286479,0,0.2289,3.61680000000001
16.51,-0.00877710684288487,0.154539038133344,0.1186,3.62849999999997
22.21,-0.00876622050535481,0.0240535358517299,0.215,3.61150000000003
36.23,-0.00874533150578175,0,0.2289,3.61680000000001
36.24,-0.00871986271933637,0,0.2289,3.61680000000001
23.22,-0.00867485242681857,0,0.2132,3.61180000000002
23.23,-0.00866819915863987,0,0.2132,3.61180000000002
59.22,-0.00859868751281305,0,0.2122,3.61509999999998
16.52,-0.00858475563897201,0,0.1186,3.62849999999997
24.2,-0.00855895951061119,,0.2253,3.61520000000002
16.53,-0.00855262840700546,0.0677493911651224,0.1186,3.62849999999997
20.24,-0.00850957202382251,0,0.204,3.60919999999999
16.54,-0.00849409016545334,0,0.1186,3.62849999999997
59.21,-0.008454750850867,0.0222256794857945,0.2122,3.61509999999998
15.22,-0.00841999030284059,0,0.2379,3.61930000000001
43.2,-0.00823992809201638,,0.2042,3.59769999999997
20.23,-0.00821671087443757,0,0.204,3.60919999999999
20.22,-0.00812367148792603,0,0.204,3.60919999999999
15.21,-0.00811121808917741,0.0243473802142869,0.2379,3.61930000000001
20.21,-0.0081001721910964,0.0242633730811101,0.204,3.60919999999999
8.1,-0.00800759380115777,,0.2491,3.66940000000005
13.24,-0.00797019296239756,0,0.2303,3.61580000000004
33.25,-0.00796068278108394,0,0.2029,3.60019999999997
11.2,-0.00792598608935244,,0.2013,3.61489999999998
21.25,-0.00790978791940835,0,0.2163,3.6112
24.25,-0.00787672475952857,0,0.2253,3.61520000000002
21.21,-0.00778230346065703,0.0210574067860861,0.2163,3.6112
21.24,-0.00761066128739593,0,0.2163,3.6112
11.25,-0.00759735566163968,0,0.2013,3.61489999999998
13.22,-0.00753121408460055,0,0.2303,3.61580000000004
13.23,-0.00748346134066603,0,0.2303,3.61580000000004
21.22,-0.00737918823305649,0,0.2163,3.6112
13.21,-0.00735583623048933,0.013904663209763,0.2303,3.61580000000004
33.2,-0.00730694450532469,,0.2029,3.60019999999997
21.23,-0.00725106599301008,0,0.2163,3.6112
8.15,-0.0070742045348801,0,0.2491,3.66940000000005
24.24,-0.00699432408164163,0,0.2253,3.61520000000002
43.25,-0.00680439557313659,0,0.2042,3.59769999999997
33.24,-0.006452967532532,0,0.2029,3.60019999999997
55.1,-0.00620040689992882,,0.271,3.62989999999996
24.21,-0.00613491126695138,0.0243387013604623,0.2253,3.61520000000002
8.14,-0.00610462296173489,0,0.2491,3.66940000000005
24.22,-0.00609096291946201,0,0.2253,3.61520000000002
11.23,-0.00601907350742296,0,0.2013,3.61489999999998
24.23,-0.00599233321296805,0,0.2253,3.61520000000002
11.21,-0.00597599113874211,0.0336559513912267,0.2013,3.61489999999998
11.24,-0.0059687031885495,0,0.2013,3.61489999999998
11.22,-0.00591141853032239,0,0.2013,3.61489999999998
24.6,-0.00583523444681284,,0.1159,3.6429
8.11,-0.00582297738976131,0.0342993474272022,0.2491,3.66940000000005
45.25,-0.00577790751763598,0,0.2015,3.6112
44.2,-0.00576433477507753,,0.2034,3.60509999999999
8.12,-0.00569053545586106,0,0.2491,3.66940000000005
43.21,-0.00566781050542746,0.0251366470084377,0.2042,3.59769999999997
8.13,-0.00565256070735923,0,0.2491,3.66940000000005
43.23,-0.00563301448064862,0,0.2042,3.59769999999997
43.22,-0.00562000752554556,0,0.2042,3.59769999999997
33.22,-0.0055899289347085,0,0.2029,3.60019999999997
8.6,-0.00558719062208605,,0.1202,3.67500000000001
33.23,-0.00557799850279172,0,0.2029,3.60019999999997
33.21,-0.00553334726350799,0.027378196300624,0.2029,3.60019999999997
43.1,-0.0054127700996147,,0.2115,3.61670000000004
44.25,-0.00534313947563238,0,0.2034,3.60509999999999
43.24,-0.00529623228516027,0,0.2042,3.59769999999997
55.15,-0.00527637259950857,0,0.271,3.62989999999996
39.15,-0.00517373898371539,0,0.2625,3.62729999999999
52.1,-0.00515891269711866,,0.2558,3.632
8.65,-0.00513036693059575,0.0457098120493749,0.1202,3.67500000000001
45.21,-0.00503152662853954,0.0304710334740306,0.2015,3.6112
30.1,-0.00488792024977782,,0.2599,3.62810000000002
43.15,-0.00481666269290082,0,0.2115,3.61670000000004
45.24,-0.00466867383364094,0,0.2015,3.6112
45.22,-0.00464635668640486,0,0.2015,3.6112
11.6,-0.00461999228955602,,0.1192,3.64580000000001
44.23,-0.00459065983809681,0,0.2034,3.60509999999999
58.6,-0.00456473806035123,,0.1254,3.64549999999997
45.23,-0.00456451827780646,0,0.2015,3.6112
44.22,-0.00454788954037897,0,0.2034,3.60509999999999
44.24,-0.00451141383187281,0,0.2034,3.60509999999999
44.21,-0.00447330306835378,0.034251829020485,0.2034,3.60509999999999
27.15,-0.00446977838526586,0,0.2497,3.62899999999996
13.65,-0.00445836161239831,0.0451208084210438,0.1073,3.64699999999999
55.14,-0.00445500534397257,0,0.271,3.62989999999996
32.1,-0.00443757381353713,,0.2625,3.63209999999998
24.65,-0.00432997926087605,0.0445252771820235,0.1159,3.6429
39.1,-0.00430854191124677,,0.2625,3.62729999999999
59.6,-0.00423235389378657,,0.116,3.64550000000003
59.65,-0.00422637289285283,0.0447293751095656,0.116,3.64550000000003
55.11,-0.00417966862906601,0,0.271,3.62989999999996
55.12,-0.00415325812865042,0,0.271,3.62989999999996
8.64,-0.00415144037809615,0,0.1202,3.67500000000001
27.1,-0.00415024821299124,,0.2497,3.62899999999996
24.63,-0.00413646732296638,0.0791539377003913,0.1159,3.6429
24.61,-0.00412539516715435,0.150076338684153,0.1159,3.6429
55.13,-0.00412525750255103,0,0.271,3.62989999999996
24.62,-0.00410725943749256,0,0.1159,3.6429
21.65,-0.00409822120387515,0.0449664130158783,0.1112,3.64210000000003
24.64,-0.00408522840167527,0,0.1159,3.6429
58.65,-0.00408012033957017,0.0421170919444369,0.1254,3.64549999999997
8.61,-0.00406112098761163,0.150080220067905,0.1202,3.67500000000001
8.63,-0.00402509200708775,0.0799732241847258,0.1202,3.67500000000001
32.15,-0.00401640465821816,0,0.2625,3.63209999999998
43.14,-0.00400954055272059,0,0.2115,3.61670000000004
8.62,-0.00400120308129452,0,0.1202,3.67500000000001
29.1,-0.0039277318599944,,0.2542,3.63319999999999
31.1,-0.00386008337561814,,0.2481,3.62799999999999
45.6,-0.00383752113248787,,0.1167,3.64410000000004
11.65,-0.00377889542441598,0.0430663088049373,0.1192,3.64580000000001
46.6,-0.00377821904122377,,0.1091,3.6447
17.6,-0.0037760363587822,,0.1063,3.65089999999998
20.1,-0.00377277342279466,,0.2133,3.62739999999997
31.15,-0.00375271130413338,0,0.2481,3.62799999999999
39.14,-0.00373950654904339,0,0.2625,3.62729999999999
20.6,-0.00367528291753586,,0.1139,3.64150000000001
11.64,-0.00360496146620772,0,0.1192,3.64580000000001
36.6,-0.00359102361639311,,0.105,3.6481
43.12,-0.00356107672776965,0,0.2115,3.61670000000004
13.6,-0.00354877327021475,,0.1073,3.64699999999999
12.6,-0.00354773573261237,,0.1072,3.64639999999997
46.65,-0.00353084712556886,0.0443796602376704,0.1091,3.6447
39.13,-0.00351189826783191,0,0.2625,3.62729999999999
43.13,-0.00350002419965311,0,0.2115,3.61670000000004
39.11,-0.00349951315738503,0.00295997113699611,0.2625,3.62729999999999
43.11,-0.00348736524527854,0.0467001391162066,0.2115,3.61670000000004
30.15,-0.00347527652677057,0,0.2599,3.62810000000002
39.12,-0.0034707976386621,0,0.2625,3.62729999999999
29.15,-0.00344406336586969,0,0.2542,3.63319999999999
23.6,-0.0034339912309996,,0.1113,3.64320000000004
47.6,-0.00341575727567087,,0.1039,3.64529999999996
21.6,-0.00338511030672817,,0.1112,3.64210000000003
58.61,-0.00337831024043722,0.150071070604977,0.1254,3.64549999999997
56.2,-0.00335674317508416,,0.2038,3.60129999999998
58.64,-0.00335298325521178,0,0.1254,3.64549999999997
30.14,-0.00334250769521948,0,0.2599,3.62810000000002
12.65,-0.00333485111194873,0.0462656989712707,0.1072,3.64639999999997
20.15,-0.00331835626714176,0,0.2133,3.62739999999997
11.63,-0.00327618449658825,0.0783052195309126,0.1192,3.64580000000001
58.62,-0.00327449761886173,0,0.1254,3.64549999999997
23.65,-0.00327098968936757,0.0442963106995727,0.1113,3.64320000000004
30.11,-0.00326254230778578,0.0145956469762121,0.2599,3.62810000000002
33.1,-0.00325890511921147,,0.2091,3.61799999999999
58.63,-0.00324989915788518,0.0776346355828404,0.1254,3.64549999999997
11.61,-0.00323628622343064,0.150070251106325,0.1192,3.64580000000001
11.62,-0.00322286968803284,0,0.1192,3.64580000000001
32.14,-0.00322105493178253,0,0.2625,3.63209999999998
27.14,-0.00318199933370937,0,0.2497,3.62899999999996
36.65,-0.00317377237411548,0.0463552656520918,0.105,3.6481
30.12,-0.00312503441274806,0,0.2599,3.62810000000002
56.25,-0.00311360129572141,0,0.2038,3.60129999999998
7.1,-0.00308712179911808,,0.3425,3.73140000000001
30.13,-0.00305461920924183,0,0.2599,3.62810000000002
32.11,-0.00303857006434448,0.0335541924314378,0.2625,3.63209999999998
59.61,-0.00301453330481823,0.150075684976929,0.116,3.64550000000003
32.12,-0.00300236995244673,0,0.2625,3.63209999999998
27.13,-0.00299702971896535,0,0.2497,3.62899999999996
7.15,-0.00298926704533181,0,0.3425,3.73140000000001
20.65,-0.00298121084139835,0.0437757945600703,0.1139,3.64150000000001
59.62,-0.00296924443891919,0,0.116,3.64550000000003
32.13,-0.00296308257964868,0,0.2625,3.63209999999998
13.61,-0.00292468913484217,0.150075592249189,0.1073,3.64699999999999
21.64,-0.00292238135218275,0,0.1112,3.64210000000003
27.12,-0.00291267153676959,0,0.2497,3.62899999999996
27.11,-0.00291113336823794,0.0288289734598662,0.2497,3.62899999999996
7.14,-0.00291054902397837,0,0.3425,3.73140000000001
47.65,-0.00291024548646284,0.0464049672745838,0.1039,3.64529999999996
29.14,-0.00290082063904722,0,0.2542,3.63319999999999
59.64,-0.00288206959544275,0,0.116,3.64550000000003
13.62,-0.00288204930874309,0,0.1073,3.64699999999999
21.63,-0.0028819354428662,0.0794667368240903,0.1112,3.64210000000003
56.22,-0.00288000649193579,0,0.2038,3.60129999999998
13.63,-0.00288000604249314,0.079588417329187,0.1073,3.64699999999999
59.63,-0.00287137670959544,0.0793137279464391,0.116,3.64550000000003
56.21,-0.0028508086097646,0.0275669948475999,0.2038,3.60129999999998
54.1,-0.00284968976030663,,0.2436,3.63940000000002
58.2,-0.002849217099498,,0.2196,3.61900000000003
13.64,-0.00284007231705747,0,0.1073,3.64699999999999
21.62,-0.00283652864895937,0,0.1112,3.64210000000003
31.14,-0.00281243370297413,0,0.2481,3.62799999999999
52.15,-0.00279719144131567,0,0.2558,3.632
28.15,-0.0027948542720617,0,0.2584,3.63349999999997
29.11,-0.00279159772341352,0.0417446961708841,0.2542,3.63319999999999
10.65,-0.0027618601293545,0.0422808764026773,0.1265,3.63599999999997
25.1,-0.00275646776617069,,0.2309,3.63139999999998
29.12,-0.00274774373988985,0,0.2542,3.63319999999999
52.11,-0.00271901222804987,0.0300023279873648,0.2558,3.632
45.65,-0.00269577024841195,0.0443525825071984,0.1167,3.64410000000004
9.15,-0.00269119579500657,0,0.2614,3.65700000000004
23.64,-0.00267671324807497,0,0.1113,3.64320000000004
31.12,-0.00266030197890813,0,0.2481,3.62799999999999
56.23,-0.00265160959209183,0,0.2038,3.60129999999998
53.65,-0.00263849599194794,0.0463661607976649,0.1097,3.65349999999995
29.13,-0.0026361330621638,0,0.2542,3.63319999999999
46.61,-0.0026335152660209,0.150072766028647,0.1091,3.6447
7.13,-0.00263166261367545,0,0.3425,3.73140000000001
56.1,-0.00262967266841077,,0.2082,3.62010000000004
21.61,-0.00262829821565648,0.150075588920721,0.1112,3.64210000000003
12.64,-0.00262456274363478,0,0.1072,3.64639999999997
31.13,-0.00260216551388787,0,0.2481,3.62799999999999
46.62,-0.00259849645741577,0,0.1091,3.6447
12.61,-0.00259400479649264,0.15007753936418,0.1072,3.64639999999997
12.63,-0.00258017511602632,0.0803290778073159,0.1072,3.64639999999997
31.11,-0.00257938127126436,0.0260847964330174,0.2481,3.62799999999999
12.62,-0.00257576782058863,0,0.1072,3.64639999999997
56.24,-0.00257032199119499,0,0.2038,3.60129999999998
46.64,-0.00255402439766984,0,0.1091,3.6447
52.12,-0.00255096225219515,0,0.2558,3.632
46.63,-0.00254863965294375,0.0791414851524492,0.1091,3.6447
7.12,-0.002547176303014,0,0.3425,3.73140000000001
20.61,-0.00251997542497544,0.1500713245278,0.1139,3.64150000000001
52.14,-0.00251743832903185,0,0.2558,3.632
23.62,-0.00251248572590586,0,0.1113,3.64320000000004
7.11,-0.00250658795022752,0.0318595505429206,0.3425,3.73140000000001
17.61,-0.00250300060087745,0.150078947876438,0.1063,3.65089999999998
17.65,-0.00249885089869197,0.046655148051621,0.1063,3.65089999999998
48.1,-0.0024867051778759,,0.24,3.63320000000004
23.63,-0.00247492677715441,0.0790711314347333,0.1113,3.64320000000004
23.61,-0.00246492534866673,0.150073169874134,0.1113,3.64320000000004
20.62,-0.0024511216385624,0,0.1139,3.64150000000001
52.13,-0.00244406086197643,0,0.2558,3.632
17.62,-0.00243551664827871,0,0.1063,3.65089999999998
10.6,-0.0024303795382017,,0.1265,3.63599999999997
26.6,-0.002426276392665,,0.1033,3.64550000000003
35.6,-0.00242357340803454,,0.1056,3.64660000000003
36.62,-0.00240414592385778,0,0.105,3.6481
17.63,-0.00240147711747285,0.0805718389738625,0.1063,3.65089999999998
17.64,-0.00240104573511965,0,0.1063,3.65089999999998
20.13,-0.0023942419565576,0,0.2133,3.62739999999997
20.14,-0.00239239579262252,0,0.2133,3.62739999999997
20.64,-0.00239072536249738,0,0.1139,3.64150000000001
20.63,-0.00238290016347416,0.0787518367406892,0.1139,3.64150000000001
36.61,-0.00236710506050505,0.150078091166241,0.105,3.6481
20.12,-0.00236262829031781,0,0.2133,3.62739999999997
20.11,-0.00234789890738707,0.0441774556237518,0.2133,3.62739999999997
54.15,-0.00234342115248964,0,0.2436,3.63940000000002
45.61,-0.00233875515201643,0.150073309958528,0.1167,3.64410000000004
45.62,-0.00233567285872728,0,0.1167,3.64410000000004
45.64,-0.00232556441490075,0,0.1167,3.64410000000004
33.15,-0.00231677846099824,0,0.2091,3.61799999999999
45.63,-0.00231483666824061,0.0791095047984747,0.1167,3.64410000000004
28.1,-0.00231183978486356,,0.2584,3.63349999999997
36.63,-0.00228570014203947,0.0803801855387521,0.105,3.6481
51.6,-0.00228450892868722,,0.0998,3.64920000000001
36.64,-0.00227713769822854,0,0.105,3.6481
47.63,-0.00226856966070195,0.0804182932761838,0.1039,3.64529999999996
56.15,-0.00225888288041284,0,0.2082,3.62010000000004
51.65,-0.0022507093229759,0.0473690876572751,0.0998,3.64920000000001
53.6,-0.00224409193399218,,0.1097,3.65349999999995
47.61,-0.00224161512857621,0.150077430012386,0.1039,3.64529999999996
47.62,-0.0022303863595756,0,0.1039,3.64529999999996
33.14,-0.00221871374107814,0,0.2091,3.61799999999999
47.64,-0.0022078026533822,0,0.1039,3.64529999999996
35.65,-0.00220077320561309,0.0456141174359109,0.1056,3.64660000000003
26.65,-0.00216392146124157,0.0462842196262004,0.1033,3.64550000000003
58.25,-0.00210557429718876,0,0.2196,3.61900000000003
22.6,-0.00209813318581336,,0.1135,3.64229999999998
9.1,-0.00209383954583848,,0.2614,3.65700000000004
33.11,-0.00201231495744582,0.0474060876965302,0.2091,3.61799999999999
37.6,-0.00199881052230271,,0.0983,3.6465
50.6,-0.00198986353296155,,0.1056,3.6506
58.21,-0.00197779223841185,0.0252505012004706,0.2196,3.61900000000003
33.13,-0.00194545513578701,0,0.2091,3.61799999999999
23.15,-0.00193755554939621,0,0.2267,3.63210000000004
33.12,-0.00193200999560759,0,0.2091,3.61799999999999
43.6,-0.00192838433994309,,0.1173,3.62920000000003
10.63,-0.00192238251006208,0.0776273568891445,0.1265,3.63599999999997
10.62,-0.00192047537808771,0,0.1265,3.63599999999997
10.61,-0.00191966802615922,0.150074941119752,0.1265,3.63599999999997
35.62,-0.00191630633824696,0,0.1056,3.64660000000003
26.15,-0.00191467759389691,0,0.2398,3.63479999999998
23.1,-0.00190606862076798,,0.2267,3.63210000000004
9.14,-0.00189977660898601,0,0.2614,3.65700000000004
58.22,-0.00189082800001803,0,0.2196,3.61900000000003
58.24,-0.00188898293253028,0,0.2196,3.61900000000003
35.1,-0.00188884398877163,,0.2331,3.6345
10.64,-0.00188392641710946,0,0.1265,3.63599999999997
9.65,-0.00188322833855403,0.0498618140570607,0.0986,3.66669999999999
9.6,-0.00188174728174813,,0.0986,3.66669999999999
28.14,-0.00188169540070434,0,0.2584,3.63349999999997
54.14,-0.00187721652925851,0,0.2436,3.63940000000002
37.1,-0.00187387167260999,,0.2459,3.6343
28.13,-0.00186473269796401,0,0.2584,3.63349999999997
53.63,-0.00185939316663323,0.0804638269043793,0.1097,3.65349999999995
53.64,-0.00185450346770423,0,0.1097,3.65349999999995
28.12,-0.00183789724702088,0,0.2584,3.63349999999997
59.15,-0.0018331748251748,0,0.2217,3.63499999999999
16.6,-0.00182909079188115,,0.1163,3.65180000000004
53.62,-0.00182882428787661,0,0.1097,3.65349999999995
26.64,-0.00182874805473571,0,0.1033,3.64550000000003
35.64,-0.00182408628337827,0,0.1056,3.64660000000003
28.11,-0.00182003076329278,0.0113364709543666,0.2584,3.63349999999997
35.63,-0.00181646776761292,0.0799332532889369,0.1056,3.64660000000003
59.1,-0.00181610911452693,,0.2217,3.63499999999999
26.62,-0.00181493637431805,0,0.1033,3.64550000000003
26.63,-0.00180900828927702,0.080328858397757,0.1033,3.64550000000003
35.61,-0.00180800187597851,0.150075264795452,0.1056,3.64660000000003
16.65,-0.00177315756582091,0.0459977016866037,0.1163,3.65180000000004
53.61,-0.00176869661603707,0.150075751330739,0.1097,3.65349999999995
26.61,-0.00175911447352502,0.150077683265591,0.1033,3.64550000000003
51.62,-0.00175481304389405,0,0.0998,3.64920000000001
58.23,-0.00174754657078217,0,0.2196,3.61900000000003
51.61,-0.00174745330820356,0.150079594647108,0.0998,3.64920000000001
56.11,-0.00174501575294541,0.0491671578672368,0.2082,3.62010000000004
9.13,-0.00173519113023333,0,0.2614,3.65700000000004
54.13,-0.00173053463276767,0,0.2436,3.63940000000002
51.64,-0.00170458257455098,0,0.0998,3.64920000000001
56.14,-0.00170227144933847,0,0.2082,3.62010000000004
54.12,-0.00169788683598875,0,0.2436,3.63940000000002
56.13,-0.00169696830598682,0,0.2082,3.62010000000004
56.12,-0.00169583933074079,0,0.2082,3.62010000000004
37.64,-0.00169218533146473,0,0.0983,3.6465
51.63,-0.00168678848974871,0.0810443091809673,0.0998,3.64920000000001
54.11,-0.0016790396461222,0.0318133008365783,0.2436,3.63940000000002
9.12,-0.00166246944036631,0,0.2614,3.65700000000004
23.14,-0.00165039437002117,0,0.2267,3.63210000000004
57.65,-0.00162920576891441,0.0470965063838264,0.1265,3.6465
18.1,-0.00162509157542552,,0.2476,3.6354
48.15,-0.00161764100637874,0,0.24,3.63320000000004
22.64,-0.00161464044709739,0,0.1135,3.64229999999998
26.1,-0.00160496206110288,,0.2398,3.63479999999998
42.1,-0.00158167836790465,,0.2529,3.62909999999999
37.65,-0.00158072812240898,0.0465153957093496,0.0983,3.6465
23.13,-0.00157692458079553,0,0.2267,3.63210000000004
57.6,-0.00157397272490476,,0.1265,3.6465
23.11,-0.00157289447483043,0.0425715092234146,0.2267,3.63210000000004
9.11,-0.00157108866980312,0.0367738319143885,0.2614,3.65700000000004
23.12,-0.00156541263585332,0,0.2267,3.63210000000004
37.61,-0.00155362460789837,0.150076487574012,0.0983,3.6465
40.65,-0.00155327776480039,0.0479893593096742,0.0956,3.64909999999998
46.1,-0.00155028793199037,,0.2288,3.63319999999999
43.65,-0.00153871914336211,0.0427550476017285,0.1173,3.62920000000003
59.14,-0.00151251573434359,0,0.2217,3.63499999999999
48.11,-0.00150777326429211,0.0135531878704907,0.24,3.63320000000004
25.15,-0.00150615912210744,0,0.2309,3.63139999999998
43.64,-0.00149898603250952,0,0.1173,3.62920000000003
37.62,-0.00148797502483326,0,0.0983,3.6465
22.65,-0.00148452391164039,0.0457720369178896,0.1135,3.64229999999998
42.15,-0.00147217481970271,0,0.2529,3.62909999999999
38.15,-0.00146554382838586,0,0.249,3.63299999999998
37.63,-0.00145985846887726,0.0805206299443258,0.0983,3.6465
12.1,-0.00145349902621931,,0.2302,3.63419999999996
33.65,-0.00145161377231958,0.0431215215167455,0.1192,3.63130000000001
16.61,-0.0014478637820152,0.150075559913531,0.1163,3.65180000000004
35.15,-0.0014384909629257,0,0.2331,3.6345
33.6,-0.0014374771497191,,0.1192,3.63130000000001
16.64,-0.00142837459430006,0,0.1163,3.65180000000004
42.14,-0.00141725652793539,0,0.2529,3.62909999999999
50.65,-0.00140713750132098,0.0458226684002548,0.1056,3.6506
48.12,-0.00140382037547167,0,0.24,3.63320000000004
9.61,-0.00140372448849017,0.150086726582915,0.0986,3.66669999999999
25.11,-0.00140150954973838,0.039967731313124,0.2309,3.63139999999998
37.15,-0.00139543098585584,0,0.2459,3.6343
22.63,-0.00139289300595615,0.0799647302436639,0.1135,3.64229999999998
16.62,-0.00138780941913376,0,0.1163,3.65180000000004
22.61,-0.00137979069911449,0.150078021244841,0.1135,3.64229999999998
43.61,-0.0013786275434838,0.150069166320392,0.1173,3.62920000000003
43.63,-0.00137622741292322,0.0780679320174745,0.1173,3.62920000000003
16.63,-0.0013736620929663,0.0802147704304582,0.1163,3.65180000000004
9.62,-0.00137217265129312,0,0.0986,3.66669999999999
59.13,-0.00137019239490532,0,0.2217,3.63499999999999
22.62,-0.00136987650526024,0,0.1135,3.64229999999998
59.12,-0.00136376389762852,0,0.2217,3.63499999999999
43.62,-0.00135524631885457,0,0.1173,3.62920000000003
48.13,-0.00135516613496174,0,0.24,3.63320000000004
9.63,-0.00134431806698291,0.0826349851424585,0.0986,3.66669999999999
18.15,-0.00134202571003746,0,0.2476,3.6354
40.64,-0.00133823750877416,0,0.0956,3.64909999999998
15.1,-0.00133328633415217,,0.2497,3.64100000000002
9.64,-0.00132459907114992,0,0.0986,3.66669999999999
42.11,-0.00131986687151767,0.0401964346669123,0.2529,3.62909999999999
59.11,-0.0013090163537161,0.0442592102621942,0.2217,3.63499999999999
42.12,-0.00130281688287957,0,0.2529,3.62909999999999
35.14,-0.00130075656602551,0,0.2331,3.6345
15.15,-0.00129912262407466,0,0.2497,3.64100000000002
46.15,-0.00129019495657255,0,0.2288,3.63319999999999
14.15,-0.0012890783575738,0,0.2414,3.63339999999999
57.61,-0.00128540878870477,0.150075321711508,0.1265,3.6465
42.13,-0.00128526513499189,0,0.2529,3.62909999999999
38.1,-0.0012844834225909,,0.249,3.63299999999998
40.6,-0.00128206763743924,,0.0956,3.64909999999998
35.13,-0.00128110338086867,0,0.2331,3.6345
48.14,-0.00128064400592073,0,0.24,3.63320000000004
25.14,-0.00127787285901044,0,0.2309,3.63139999999998
26.14,-0.0012770289709717,0,0.2398,3.63479999999998
25.12,-0.00127309497989807,0,0.2309,3.63139999999998
50.61,-0.00127176234261414,0.15007418071378,0.1056,3.6506
35.11,-0.00126420345817272,0.0412241608309696,0.2331,3.6345
57.62,-0.00126373641720945,0,0.1265,3.6465
7.65,-0.00125633634065394,0.0372521567923622,0.1733,3.69990000000001
35.12,-0.00125612020557802,0,0.2331,3.6345
25.6,-0.00125508821487564,,0.1029,3.6465
26.13,-0.0012368779326842,0,0.2398,3.63479999999998
57.63,-0.00123529437853421,0.0809616687694467,0.1265,3.6465
57.64,-0.00123232040981043,0,0.1265,3.6465
26.11,-0.00122092584189626,0.0459144871471637,0.2398,3.63479999999998
26.12,-0.0012188034036094,0,0.2398,3.63479999999998
18.14,-0.00121398709791657,0,0.2476,3.6354
7.6,-0.00120640724367142,,0.1733,3.69990000000001
34.6,-0.00120512619701429,,0.1089,3.64569999999998
37.14,-0.00118552730608484,0,0.2459,3.6343
37.11,-0.00118503096951335,0.0435612017673622,0.2459,3.6343
50.62,-0.00118108486355432,0,0.1056,3.6506
25.65,-0.0011795823857298,0.0456120012817003,0.1029,3.6465
51.1,-0.00117317719453636,,0.2431,3.63759999999996
25.13,-0.00117015066493696,0,0.2309,3.63139999999998
14.5,-0.00116726782310637,,0.0915,3.62400000000002
37.12,-0.0011669158540487,0,0.2459,3.6343
37.13,-0.0011641216922873,0,0.2459,3.6343
14.54,-0.00115444584760323,0,0.0915,3.62400000000002
14.52,-0.00115242139678216,0,0.0915,3.62400000000002
14.51,-0.00115182681195548,0.153541688011867,0.0915,3.62400000000002
40.63,-0.00114617018727284,0.0814593292379271,0.0956,3.64909999999998
14.53,-0.00114608337156834,0.0674796361565827,0.0915,3.62400000000002
50.63,-0.00113988351963126,0.0801188947206504,0.1056,3.6506
18.11,-0.00113706834386099,0.0206992177335112,0.2476,3.6354
18.13,-0.00112776857255833,0,0.2476,3.6354
18.12,-0.00112336749500179,0,0.2476,3.6354
14.1,-0.00111760990407477,,0.2414,3.63339999999999
33.64,-0.00110981427091411,0,0.1192,3.63130000000001
38.14,-0.00110584130060079,0,0.249,3.63299999999998
50.64,-0.00109909594511732,0,0.1056,3.6506
51.15,-0.001095480837875,0,0.2431,3.63759999999996
49.6,-0.00109377313661177,,0.115,3.63729999999998
21.15,-0.00108583522941376,0,0.2274,3.63060000000002
40.62,-0.00107826349709205,0,0.0956,3.64909999999998
46.12,-0.00107534045584566,0,0.2288,3.63319999999999
47.1,-0.00107083144690484,,0.2354,3.63339999999999
40.61,-0.00107069406862533,0.15007995973187,0.0956,3.64909999999998
15.12,-0.00106316348903919,0,0.2497,3.64100000000002
33.61,-0.00105464018104098,0.150070854561999,0.1192,3.63130000000001
15.14,-0.001050329466693,0,0.2497,3.64100000000002
46.11,-0.00104875578670628,0.0399291680969909,0.2288,3.63319999999999
33.63,-0.00104080995647858,0.0782850581268971,0.1192,3.63130000000001
7.64,-0.00103749811388895,0,0.1733,3.69990000000001
33.62,-0.00103331865266317,0,0.1192,3.63130000000001
34.65,-0.00102473803154127,0.046723593883343,0.1089,3.64569999999998
15.11,-0.00102456976128761,0.045959258699069,0.2497,3.64100000000002
15.13,-0.00102279724770269,0,0.2497,3.64100000000002
12.15,-0.00101944039355228,0,0.2302,3.63419999999996
25.64,-0.00101928679397513,0,0.1029,3.6465
38.11,-0.00101611432274553,0.0367648538279037,0.249,3.63299999999998
21.1,-0.00101185141503113,,0.2274,3.63060000000002
46.14,-0.000998487583575348,0,0.2288,3.63319999999999
46.13,-0.000998414581686166,0,0.2288,3.63319999999999
38.12,-0.000997374828157621,0,0.249,3.63299999999998
38.13,-0.000995662747844246,0,0.249,3.63299999999998
17.15,-0.000983306777833206,0,0.236,3.6388
25.61,-0.000978764024667236,0.150074037731997,0.1029,3.6465
17.1,-0.000976280230139483,,0.236,3.6388
12.11,-0.000957538068168848,0.0397255449290923,0.2302,3.63419999999996
25.62,-0.000950040922338161,0,0.1029,3.6465
25.63,-0.000942420216152251,0.0799588410616487,0.1029,3.6465
47.15,-0.00093968070945158,0,0.2354,3.63339999999999
34.1,-0.000937266782680586,,0.2071,3.6259
51.11,-0.000917138577597972,0.0410047342697431,0.2431,3.63759999999996
51.14,-0.000910858057020401,0,0.2431,3.63759999999996
12.12,-0.000901629866993797,0,0.2302,3.63419999999996
51.12,-0.000894813487364913,0,0.2431,3.63759999999996
12.13,-0.000894198577004091,0,0.2302,3.63419999999996
12.14,-0.000885347443077877,0,0.2302,3.63419999999996
7.63,-0.000881471113633021,0.0743749750610039,0.1733,3.69990000000001
7.61,-0.000869123686773452,0.150075212939604,0.1733,3.69990000000001
7.62,-0.000867723002509471,0,0.1733,3.69990000000001
14.14,-0.000859657908635841,0,0.2414,3.63339999999999
51.13,-0.000851724681777092,0,0.2431,3.63759999999996
14.13,-0.000819104011248679,0,0.2414,3.63339999999999
21.14,-0.000811647172148077,0,0.2274,3.63060000000002
17.12,-0.000808119918307593,0,0.236,3.6388
14.12,-0.000805830430522444,0,0.2414,3.63339999999999
17.13,-0.000804021804291164,0,0.236,3.6388
14.11,-0.00080324018708798,0.0345055473355451,0.2414,3.63339999999999
21.13,-0.000800468549544842,0,0.2274,3.63060000000002
29.65,-0.000800057987601344,0.0485780987829843,0.0934,3.64580000000001
54.6,-0.000797201065328586,,0.0989,3.65309999999999
16.1,-0.000794798610142097,,0.2104,3.63600000000002
21.12,-0.000792632699555911,0,0.2274,3.63060000000002
22.1,-0.000790585869924883,,0.2295,3.632
17.11,-0.000787493326232867,0.0390577848699363,0.236,3.6388
17.14,-0.000786115320589616,0,0.236,3.6388
49.65,-0.000785242684517406,0.0441876440430134,0.115,3.63729999999998
34.15,-0.000777129516830559,0,0.2071,3.6259
49.61,-0.000774439481939055,0.150075487682003,0.115,3.63729999999998
34.64,-0.000770653556513909,0,0.1089,3.64569999999998
49.62,-0.000766227537617448,0,0.115,3.63729999999998
34.63,-0.00076470316441437,0.0806867603246993,0.1089,3.64569999999998
34.61,-0.00076150001361668,0.150075559054973,0.1089,3.64569999999998
21.11,-0.000759272200655721,0.0462840011021377,0.2274,3.63060000000002
34.62,-0.000757616203007227,0,0.1089,3.64569999999998
16.15,-0.000751629422430597,0,0.2104,3.63600000000002
47.11,-0.00073458091728391,0.0401447870197508,0.2354,3.63339999999999
57.1,-0.000730973922237249,,0.2058,3.6266
47.12,-0.000727261335903401,0,0.2354,3.63339999999999
47.14,-0.000717647709676595,0,0.2354,3.63339999999999
49.63,-0.000712659829937622,0.0789236924120981,0.115,3.63729999999998
47.13,-0.000712421431675321,0,0.2354,3.63339999999999
29.6,-0.000698862847276469,,0.0934,3.64580000000001
29.64,-0.000687597864732228,0,0.0934,3.64580000000001
54.65,-0.000684659969923826,0.049867194011832,0.0989,3.65309999999999
49.64,-0.000683572806110529,0,0.115,3.63729999999998
16.13,-0.000667612201192331,0.0157161704560424,0.2104,3.63600000000002
16.12,-0.000657437839763451,0,0.2104,3.63600000000002
16.14,-0.000650889755725939,0,0.2104,3.63600000000002
22.15,-0.000647990236047991,0,0.2295,3.632
29.63,-0.000646345251097493,0.0818165146119695,0.0934,3.64580000000001
29.62,-0.000645548172118318,0,0.0934,3.64580000000001
40.1,-0.00064333886154609,,0.2521,3.63749999999999
34.13,-0.000621432458010231,0.00745664550755709,0.2071,3.6259
34.11,-0.000619404305906542,0.0645294804880471,0.2071,3.6259
16.11,-0.000616402322530302,0.080183552973707,0.2104,3.63600000000002
34.12,-0.000615633596861872,0,0.2071,3.6259
40.15,-0.000610011816849754,0,0.2521,3.63749999999999
34.14,-0.000606611864881718,0,0.2071,3.6259
54.61,-0.000596051692438867,0.150085266497574,0.0989,3.65309999999999
29.61,-0.000588890172010446,0.150081292660525,0.0934,3.64580000000001
22.11,-0.000583877571854138,0.0402894539196948,0.2295,3.632
54.62,-0.000571293882088936,0,0.0989,3.65309999999999
54.64,-0.000562535113984231,0,0.0989,3.65309999999999
22.13,-0.000554657827108458,0,0.2295,3.632
54.63,-0.000554467492336797,0.0826342337456943,0.0989,3.65309999999999
22.12,-0.000547686379200269,0,0.2295,3.632
22.14,-0.000521779833328947,0,0.2295,3.632
40.14,-0.00052008425647076,0,0.2521,3.63749999999999
57.15,-0.000503700299628308,0,0.2058,3.6266
40.12,-0.000490253670937875,0,0.2521,3.63749999999999
40.13,-0.000486650877378741,0,0.2521,3.63749999999999
30.6,-0.000455537436022751,,0.0947,3.64190000000002
40.11,-0.000452347745435342,0.0349214621959373,0.2521,3.63749999999999
57.14,-0.000439589997275025,0,0.2058,3.6266
57.11,-0.000431094376856473,0.0526183176390588,0.2058,3.6266
57.12,-0.000424503929463632,0,0.2058,3.6266
57.13,-0.000412016169038151,0.00109743969543736,0.2058,3.6266
38.65,-0.000355607204325076,0.0498187721031182,0.0925,3.6463
30.65,-0.000339975561468174,0.0479680153748933,0.0947,3.64190000000002
56.65,-0.000332102848878021,0.0421807299483778,0.1213,3.63290000000001
38.64,-0.000321397679729041,0,0.0925,3.6463
38.63,-0.000317697353471386,0.0825890344894662,0.0925,3.6463
30.61,-0.000316818448767166,0.150078892821935,0.0947,3.64190000000002
30.62,-0.00030501200797744,0,0.0947,3.64190000000002
56.6,-0.000298599942571964,,0.1213,3.63290000000001
30.63,-0.000294034319043369,0.0814461108777093,0.0947,3.64190000000002
30.64,-0.000285471480444169,0,0.0947,3.64190000000002
38.6,-0.000285128958137886,,0.0925,3.6463
38.62,-0.000281316291329723,0,0.0925,3.6463
38.61,-0.000262303021206602,0.15008474240345,0.0925,3.6463
56.63,-0.000255600104816475,0.0777041902423971,0.1213,3.63290000000001
56.64,-0.000254639559968102,0,0.1213,3.63290000000001
56.62,-0.000252036294441658,0,0.1213,3.63290000000001
13.1,-0.000247422855558544,,0.2422,3.63759999999996
56.61,-0.000245440256540791,0.150068258565203,0.1213,3.63290000000001
13.15,-0.000236238925342867,0,0.2422,3.63759999999996
13.12,-0.000179624246801983,0,0.2422,3.63759999999996
13.14,-0.000178802104204142,0,0.2422,3.63759999999996
13.13,-0.000177320265214233,0,0.2422,3.63759999999996
13.11,-0.000176460609868285,0.0441831635818478,0.2422,3.63759999999996
41.65,-0.000127869664099707,0.0491750399629368,0.0904,3.63920000000002
41.6,-0.000116883445498756,,0.0904,3.63920000000002
41.63,-9.30405231541894E-05,0.0821863829568979,0.0904,3.63920000000002
41.64,-9.2815692106151E-05,0,0.0904,3.63920000000002
44.15,-9.13791721133051E-05,0,0.2087,3.62400000000002
41.62,-9.10097794789367E-05,0,0.0904,3.63920000000002
41.61,-8.97930243112968E-05,0.150082081519549,0.0904,3.63920000000002
44.1,-8.4775030974816E-05,,0.2087,3.62400000000002
44.14,-6.72425960750854E-05,0,0.2087,3.62400000000002
44.13,-6.66210910199992E-05,0,0.2087,3.62400000000002
44.12,-6.57626757228933E-05,0,0.2087,3.62400000000002
44.11,-6.48440932611355E-05,0.0479671225548062,0.2087,3.62400000000002
3.01,0,0,0,-333.1275
3.1,0,,0,4.84949999999998
3.11,0,0,0,4.84949999999998
3.12,0,0,0,4.84949999999998
3.13,0,0,0,4.84949999999998
3.14,0,0,0,4.84949999999998
3.15,0,0,0,4.84949999999998
3.2,0,,0,4.84949999999998
3.21,0,0,0,4.84949999999998
3.22,0,0,0,4.84949999999998
3.23,0,0,0,4.84949999999998
3.24,0,0,0,4.84949999999998
3.25,0,0,0,4.84949999999998
3.3,0,,0,4.85050000000001
3.31,0,0.127469610901024,0,4.85050000000001
3.32,0,0.0429965873251406,0,4.85050000000001
3.33,0,0.105503895618051,0,4.85050000000001
3.34,0,0.0618511353257914,0,4.85050000000001
3.35,0,0.0936708103515209,0,4.85050000000001
36.13,7.35040709962235E-05,0,0.2411,3.6386
36.12,7.39951485000168E-05,0,0.2411,3.6386
36.11,7.6043142381111E-05,0.0423912604794888,0.2411,3.6386
36.14,8.29298982729272E-05,0,0.2411,3.6386
36.15,0.00010424230976662,0,0.2411,3.6386
36.1,0.000105510711302983,,0.2411,3.6386
15.03,0.000205418922174381,0.0738724253664544,0.2515,3.66450000000003
15.04,0.000205456746846198,0,0.2515,3.66450000000003
15.01,0.000205680407899946,0.150072595752467,0.2515,3.66450000000003
15.02,0.000205760706899421,0,0.2515,3.66450000000003
15.05,0.000205964278171614,0.0355424495539795,0.2515,3.66450000000003
15,0.000206187637951083,,0.2515,3.66450000000003
28.61,0.000442377800445695,0.150079431712191,0.0955,3.64889999999997
28.62,0.000445553183126724,0,0.0955,3.64889999999997
58.14,0.000478000611608008,0,0.2226,3.63839999999999
28.63,0.000479907680287425,0.0821873681006917,0.0955,3.64889999999997
58.13,0.000483021834597541,0,0.2226,3.63839999999999
24.11,0.000485876431372319,0.0441846115193095,0.2344,3.63640000000004
58.12,0.000488730798062611,0,0.2226,3.63839999999999
58.11,0.000492381667918849,0.0502441093093379,0.2226,3.63839999999999
28.64,0.000495746292472157,0,0.0955,3.64889999999997
24.12,0.000507677429116104,0,0.2344,3.63640000000004
50.14,0.000525362530550764,0,0.2212,3.63330000000002
50.13,0.000528007150365383,0.00175836174832158,0.2212,3.63330000000002
24.13,0.000538995849236025,0,0.2344,3.63640000000004
14.64,0.000539831781354369,0,0.0923,3.65069999999997
45.11,0.000547495962794311,0.148270266735055,0.2101,3.63029999999998
58.1,0.000550857703218566,,0.2226,3.63839999999999
58.15,0.000550889055255648,0,0.2226,3.63839999999999
14.63,0.000555283214954752,0.0822639489217901,0.0923,3.65069999999997
7.71,0.000558068589295802,0.212263456116737,0.1739,3.71789999999999
7.72,0.000561625569920251,0,0.1739,3.71789999999999
45.12,0.000563880464008609,0,0.2101,3.63029999999998
14.61,0.000565834390092542,0.150080815899353,0.0923,3.65069999999997
45.13,0.00057576216576623,0.0531092396173557,0.2101,3.63029999999998
45.14,0.000576335183774749,0,0.2101,3.63029999999998
7.73,0.000579669370089431,0.119772644758799,0.1739,3.71789999999999
7.74,0.000586144569052849,0,0.1739,3.71789999999999
24.14,0.000588948054797402,0,0.2344,3.63640000000004
24.1,0.000601083993751698,,0.2344,3.63640000000004
14.62,0.000605826577739578,0,0.0923,3.65069999999997
24.15,0.000606054178241281,0,0.2344,3.63640000000004
53.12,0.00060980783140632,0,0.2213,3.63600000000002
14.65,0.000613299848477367,0.0491884046461527,0.0923,3.65069999999997
53.11,0.000619972334347908,0.0534641791538366,0.2213,3.63600000000002
50.11,0.000621106923640776,0.0535887215897806,0.2212,3.63330000000002
50.12,0.000625805363870338,0,0.2212,3.63330000000002
53.13,0.00062977379936487,0.00167517199700118,0.2213,3.63600000000002
28.6,0.000637649567916121,,0.0955,3.64889999999997
28.65,0.000637771458982747,0.049032246263346,0.0955,3.64889999999997
7.7,0.000644915393663547,,0.1739,3.71789999999999
53.14,0.000660971371539637,0,0.2213,3.63600000000002
14.6,0.000717642081849578,,0.0923,3.65069999999997
53.15,0.000724965150094421,0,0.2213,3.63600000000002
45.1,0.000725005877065622,,0.2101,3.63029999999998
50.15,0.000743196541214823,0,0.2212,3.63330000000002
45.15,0.000750439705653073,0.00501320964625953,0.2101,3.63029999999998
7.75,0.000815016144337161,0.0737006669446283,0.1739,3.71789999999999
11.14,0.000843641434797189,0,0.2106,3.63289999999995
11.13,0.000850442408195615,0.0513818910565553,0.2106,3.63289999999995
50.1,0.000864662323740409,,0.2212,3.63330000000002
27.61,0.000877421946141241,0.150081623313954,0.0863,3.64599999999996
53.1,0.000884882040102326,,0.2213,3.63600000000002
11.12,0.000892767595353437,0,0.2106,3.63289999999995
27.62,0.000909887704683739,0,0.0863,3.64599999999996
44.62,0.000923835157815891,0,0.1284,3.63369999999998
27.63,0.000930054261624514,0.082716910549675,0.0863,3.64599999999996
44.61,0.000946060491003023,0.150069733991199,0.1284,3.63369999999998
27.6,0.000955273841932653,,0.0863,3.64599999999996
44.63,0.00095783509333494,0.077608462527,0.1284,3.63369999999998
11.11,0.000963521168822224,0.145013755361935,0.2106,3.63289999999995
11.15,0.000984208747888123,0.00404091863437621,0.2106,3.63289999999995
19.62,0.000997620739275878,0,0.1168,3.63599999999997
19.61,0.00101401265438068,0.150074189600255,0.1168,3.63599999999997
19.63,0.00101916932508097,0.0785724189864188,0.1168,3.63599999999997
27.64,0.00105190496984575,0,0.0863,3.64599999999996
44.64,0.00106079950428793,0,0.1284,3.63369999999998
19.64,0.00108031209697746,0,0.1168,3.63599999999997
44.65,0.00121418882635471,0.0420809733789188,0.1284,3.63369999999998
49.13,0.0012668289604413,0,0.2721,3.63380000000001
49.12,0.00128014804343636,0,0.2721,3.63380000000001
49.11,0.00131175127814302,0.0224063158851648,0.2721,3.63380000000001
49.14,0.00136025521499201,0,0.2721,3.63380000000001
44.6,0.00142376066441872,,0.1284,3.63369999999998
19.6,0.00147898788504647,,0.1168,3.63599999999997
19.65,0.00148999122045785,0.043640050901692,0.1168,3.63599999999997
11.1,0.0015972621797964,,0.2106,3.63289999999995
27.65,0.00163765492721603,0.0499019925717802,0.0863,3.64599999999996
49.1,0.00170192476160985,,0.2721,3.63380000000001
18.63,0.00186128458823247,0.0833944202775843,0.0901,3.6549
18.61,0.00186654433592989,0.150083093425514,0.0901,3.6549
18.62,0.00189464949379168,0,0.0901,3.6549
18.64,0.001901686373709,0,0.0901,3.6549
49.15,0.00195944913389313,0,0.2721,3.63380000000001
18.6,0.00212362654425167,,0.0901,3.6549
18.65,0.00215289861860552,0.0508935445612028,0.0901,3.6549
32.74,0.0024352511013429,0,0.1495,3.64940000000001
32.73,0.00249358530948329,0.0884647383933257,0.1495,3.64940000000001
41.11,0.00253332074104174,0.00948006693473711,0.2785,3.62650000000002
32.72,0.00255337979456442,0,0.1495,3.64940000000001
32.71,0.00258090500498678,0.15008675726799,0.1495,3.64940000000001
41.12,0.00269370580050018,0,0.2785,3.62650000000002
41.13,0.00272125544351234,0,0.2785,3.62650000000002
55.62,0.00276658612771304,0,0.1347,3.62909999999999
55.61,0.00276838741145462,0.150069873207164,0.1347,3.62909999999999
48.64,0.00277120349409363,0,0.0837,3.65559999999999
31.61,0.00277859986106039,0.150085090968148,0.0868,3.64620000000002
41.14,0.0027788893439661,0,0.2785,3.62650000000002
48.62,0.00279102702532321,0,0.0837,3.65559999999999
31.6,0.00279755860047483,,0.0868,3.64620000000002
48.63,0.00280976347247857,0.0842754506893994,0.0837,3.65559999999999
55.63,0.00285572764735682,0.0768928927544962,0.1347,3.62909999999999
55.64,0.00288715624416651,0,0.1347,3.62909999999999
48.61,0.00294230080653945,0.150086429192595,0.0837,3.65559999999999
31.62,0.00297311079436603,0,0.0868,3.64620000000002
31.64,0.00311510525248755,0,0.0868,3.64620000000002
31.63,0.00320210891638657,0.0835532260815992,0.0868,3.64620000000002
32.7,0.00333530352554492,,0.1495,3.64940000000001
41.1,0.00342384540603922,,0.2785,3.62650000000002
32.75,0.0034999138088392,0.0584019830333195,0.1495,3.64940000000001
55.6,0.00354666494682093,,0.1347,3.62909999999999
48.65,0.00360118015215087,0.0522923611676578,0.0837,3.65559999999999
48.6,0.00376959022170505,,0.0837,3.65559999999999
57.51,0.00385560444915904,0.153021905194923,0.1282,3.62310000000002
57.52,0.00386863834011192,0,0.1282,3.62310000000002
41.15,0.00389009831200151,0,0.2785,3.62650000000002
57.53,0.00394162694328343,0.0683254083181446,0.1282,3.62310000000002
32.61,0.00399624854413589,0.150065155317169,0.1447,3.62889999999999
55.65,0.0040166587566183,0.0410648112699536,0.1347,3.62909999999999
32.62,0.0041088262457226,0,0.1447,3.62889999999999
32.63,0.00411028412316509,0.0753223160130547,0.1447,3.62889999999999
31.65,0.00413104321391876,0.0512404365035075,0.0868,3.64620000000002
57.54,0.00425207826982493,0,0.1282,3.62310000000002
32.64,0.00425476568758111,0,0.1447,3.62889999999999
39.61,0.00436439053395171,0.150082303417943,0.0901,3.64729999999997
39.62,0.00439776338158968,0,0.0901,3.64729999999997
52.63,0.00442413018981032,0.0808200715668917,0.1108,3.64079999999996
52.64,0.00445602096465755,0,0.1108,3.64079999999996
52.62,0.00445688904631187,0,0.1108,3.64079999999996
57.5,0.00447172105679996,,0.1282,3.62310000000002
52.61,0.00451273782326929,0.150080675538622,0.1108,3.64079999999996
39.63,0.00454439557944918,0.08407091356838,0.0901,3.64729999999997
55.71,0.00474045964919907,0.150064738231275,0.1425,3.65039999999999
55.73,0.00484657896608121,0.0901746375561848,0.1425,3.65039999999999
55.72,0.00486521749217028,0,0.1425,3.65039999999999
39.64,0.00517710305669925,0,0.0901,3.64729999999997
52.65,0.00523987798657019,0.0471227840090651,0.1108,3.64079999999996
15.61,0.00524616809126847,0.150074146056342,0.1281,3.64429999999999
15.62,0.00545178511080395,0,0.1281,3.64429999999999
32.6,0.00546806038319412,,0.1447,3.62889999999999
10.11,0.0054806758928432,0.0266834876411072,0.2837,3.63999999999999
55.74,0.00548261250345643,0,0.1425,3.65039999999999
15.64,0.00551958823038784,0,0.1281,3.64429999999999
10.12,0.00556809409265811,0,0.2837,3.63999999999999
15.63,0.00557946516529738,0.0785858001219423,0.1281,3.64429999999999
10.13,0.00559395271527844,0,0.2837,3.63999999999999
10.14,0.00571231274595894,0,0.2837,3.63999999999999
52.6,0.00598452468996349,,0.1108,3.64079999999996
39.6,0.0059958805049642,,0.0901,3.64729999999997
55.7,0.00600616324582339,,0.1425,3.65039999999999
10.74,0.00604041125568231,0,0.1357,3.65910000000002
39.65,0.00613338978329897,0.0518839065834903,0.0901,3.64729999999997
32.65,0.00615732192664962,0.0386106736762143,0.1447,3.62889999999999
10.73,0.00616163307018215,0.0906343671998954,0.1357,3.65910000000002
10.72,0.00633691995671116,0,0.1357,3.65910000000002
55.75,0.00647585599958828,0.0610927415823436,0.1425,3.65039999999999
44.74,0.00664982810733958,0,0.1377,3.65559999999999
57.55,0.00669761873621779,0.0265624018233549,0.1282,3.62310000000002
44.73,0.0067046806053064,0.0897995476461323,0.1377,3.65559999999999
10.71,0.00680328087011253,0.150066091785934,0.1357,3.65910000000002
44.72,0.00691077269779852,0,0.1377,3.65559999999999
15.73,0.00699387164264567,0.0912673399816277,0.1387,3.6662
15.65,0.00704299849819665,0.0436177786626658,0.1281,3.64429999999999
44.71,0.00705561303135926,0.150089350499577,0.1377,3.65559999999999
15.72,0.00707896027882997,0,0.1387,3.6662
10.75,0.00710404265268474,0.0618048894277905,0.1357,3.65910000000002
42.71,0.00722670313937668,0.150065973608969,0.1526,3.6499
10.1,0.00729792731635614,,0.2837,3.63999999999999
15.74,0.00739552811272704,0,0.1387,3.6662
58.73,0.00748368694384547,0.0899024159313302,0.1348,3.66770000000002
15.6,0.00757007979460325,,0.1281,3.64429999999999
58.71,0.00762472419534817,0.150090011287065,0.1348,3.66770000000002
58.72,0.00763736730262227,0,0.1348,3.66770000000002
42.72,0.00776386499168937,0,0.1526,3.6499
42.73,0.00777628563237066,0.0910428035937297,0.1526,3.6499
49.71,0.00778848600156469,0.150065033489297,0.1272,3.66030000000001
45.73,0.00779372083126037,0.0907899126828133,0.1291,3.66700000000003
44.75,0.0078047614874396,0.0604152077242033,0.1377,3.65559999999999
49.72,0.00783429922224264,0,0.1272,3.66030000000001
58.74,0.00783710897402767,0,0.1348,3.66770000000002
49.73,0.00788359279961053,0.0912542949435501,0.1272,3.66030000000001
42.74,0.00794948500462104,0,0.1526,3.6499
15.71,0.00799029912655907,0.150065757972892,0.1387,3.6662
45.72,0.00814424135182578,0,0.1291,3.66700000000003
24.73,0.00815446950621039,0.0908728237329419,0.1283,3.66579999999999
24.72,0.00815623425503086,0,0.1283,3.66579999999999
45.74,0.00822094059069462,0,0.1291,3.66700000000003
24.71,0.00826886943581492,0.150092125492438,0.1283,3.66579999999999
45.71,0.00841080166374498,0.150091036476828,0.1291,3.66700000000003
43.72,0.00852714725550062,0,0.1284,3.65199999999999
43.73,0.00855730249844225,0.0903101267145139,0.1284,3.65199999999999
49.74,0.00856790188116906,0,0.1272,3.66030000000001
43.71,0.0086264333267247,0.150089338426309,0.1284,3.65199999999999
52.74,0.00864305269239938,0,0.1261,3.66399999999999
52.72,0.00868743298234974,0,0.1261,3.66399999999999
44.7,0.00877820947785815,,0.1377,3.65559999999999
35.71,0.00883809688694624,0.150066063197369,0.1204,3.6703
13.74,0.00885403956254721,0,0.1213,3.66959999999995
43.75,0.00888067754192671,0.0611788494570995,0.1284,3.65199999999999
52.73,0.00890515346379398,0.0924545714013351,0.1261,3.66399999999999
56.73,0.00891947411215772,0.0900038356369262,0.1315,3.65440000000001
15.75,0.0089205236789146,0.0626673930109329,0.1387,3.6662
23.74,0.00892381737957762,0,0.1243,3.66660000000002
23.73,0.00893055531442704,0.091102757967531,0.1243,3.66660000000002
52.71,0.00893142871458276,0.150066400497803,0.1261,3.66399999999999
56.74,0.00903542006078257,0,0.1315,3.65440000000001
35.73,0.00904214754229696,0.0922060259243837,0.1204,3.6703
21.74,0.00905278755253991,0,0.1247,3.66539999999998
21.73,0.0090891162916127,0.0912802145688264,0.1247,3.66539999999998
23.71,0.00911198767375559,0.150091231738748,0.1243,3.66660000000002
35.72,0.00911878885632652,0,0.1204,3.6703
10.15,0.00912601745196162,0,0.2837,3.63999999999999
43.74,0.00914685778951338,0,0.1284,3.65199999999999
42.75,0.00916486239668771,0.0624145018891026,0.1526,3.6499
21.72,0.00921130739060343,0,0.1247,3.66539999999998
13.73,0.00921318835804503,0.0918421898109956,0.1213,3.66959999999995
13.72,0.00922488319702392,0,0.1213,3.66959999999995
23.72,0.0092481291204551,0,0.1243,3.66660000000002
56.72,0.00928942745969983,0,0.1315,3.65440000000001
56.71,0.00935011109047,0.150088713481503,0.1315,3.65440000000001
57.74,0.00936902092825396,0,0.1401,3.66830000000004
11.72,0.00954691547236514,0,0.1303,3.66849999999999
11.71,0.00960749634741265,0.150089829419561,0.1303,3.66849999999999
13.71,0.0096408908590896,0.15006554655972,0.1213,3.66959999999995
8.01,0.00966223187368595,0.153518004087044,0.2578,3.69330000000002
57.73,0.0096993957531321,0.0885491976396183,0.1401,3.66830000000004
21.71,0.00973939750456671,0.150064738151429,0.1247,3.66539999999998
35.74,0.00974534429760525,0,0.1204,3.6703
56.75,0.00974966062296606,0.0606982000028937,0.1315,3.65440000000001
24.7,0.00978493384130567,,0.1283,3.66579999999999
8.02,0.00979943989458304,0,0.2578,3.69330000000002
11.73,0.0098057820210662,0.090368712186928,0.1303,3.66849999999999
42.7,0.009838569753073,,0.1526,3.6499
58.7,0.00983883071348537,,0.1348,3.66770000000002
8.04,0.00983999399414428,0,0.2578,3.69330000000002
57.72,0.00984048468789247,0,0.1401,3.66830000000004
57.71,0.00986898473697141,0.150082868854536,0.1401,3.66830000000004
8.03,0.00988018687919594,0.0698864882345424,0.2578,3.69330000000002
33.73,0.00995181380952584,0.090316520735318,0.1303,3.654
33.72,0.0099752475022658,0,0.1303,3.654
49.75,0.00998521040543415,0.0626461349872668,0.1272,3.66030000000001
58.75,0.0100314372730765,0.0605387766928275,0.1348,3.66770000000002
23.7,0.0100388940747164,,0.1243,3.66660000000002
33.71,0.0100530487075453,0.150090024518816,0.1303,3.654
33.74,0.0100655243580514,0,0.1303,3.654
59.71,0.010155351249123,0.150065075740311,0.1287,3.66829999999999
19.74,0.0101830535035442,0,0.1285,3.65889999999996
24.74,0.0101889653010689,0,0.1283,3.66579999999999
43.7,0.0102243482844041,,0.1284,3.65199999999999
19.71,0.0103293411101546,0.16452311149167,0.1285,3.65889999999996
59.74,0.0103380761057104,0,0.1287,3.66829999999999
45.75,0.0103926452510171,0.0618729908646222,0.1291,3.66700000000003
19.73,0.0104088060068723,0.0992314303689927,0.1285,3.65889999999996
52.7,0.0104264552764423,,0.1261,3.66399999999999
52.75,0.0104446810013558,0.0644529820177287,0.1261,3.66399999999999
19.72,0.0104638262104435,0,0.1285,3.65889999999996
59.72,0.0104685734050791,0,0.1287,3.66829999999999
59.73,0.010528204414648,0.0910567698715176,0.1287,3.66829999999999
43.02,0.0105299290536729,0,0.2157,3.63670000000002
49.7,0.0105567585276388,,0.1272,3.66030000000001
43.03,0.0105907796456316,0.0710850089108181,0.2157,3.63670000000002
10.7,0.0106189002328103,,0.1357,3.65910000000002
45.7,0.0106835346269037,,0.1291,3.66700000000003
43.01,0.0106953344006611,0.150193163501421,0.2157,3.63670000000002
57.75,0.0107775665774244,0.0583136986375152,0.1401,3.66830000000004
50.72,0.010882041719936,0,0.1208,3.67429999999996
24.03,0.0109198355981782,0.0755464063916406,0.2336,3.65840000000003
11.7,0.0109761258381192,,0.1303,3.66849999999999
50.73,0.0109777169984486,0.0919385269470694,0.1208,3.67429999999996
13.7,0.0110018859758417,,0.1213,3.66959999999995
43.04,0.0110153508805465,0,0.2157,3.63670000000002
4.71,0.0110236684410421,0,0.5154,4.22369999999995
24.02,0.011081228269791,0,0.2336,3.65840000000003
11.74,0.0110928433337066,0,0.1303,3.66849999999999
50.74,0.0110965251551255,0,0.1208,3.67429999999996
5.91,0.0111053080510805,0.192469850636257,0.3372,3.85159999999996
50.71,0.0111263679549873,0.150064973193293,0.1208,3.67429999999996
16.72,0.011137355846105,0,0.1301,3.6746
43.05,0.0111840367501996,0.0317021458495288,0.2157,3.63670000000002
27.04,0.0112155994087195,0,0.2543,3.65179999999998
35.7,0.0112923627922883,,0.1204,3.6703
27.03,0.0113545847000826,0.072140159577542,0.2543,3.65179999999998
46.74,0.0113663786698161,0,0.1225,3.66820000000001
27.02,0.0114018362729842,0,0.2543,3.65179999999998
4.72,0.0114488765863542,0.193212888859992,0.5154,4.22369999999995
21.75,0.0114758960618878,0.0626506220509053,0.1247,3.66539999999998
8,0.0114816181502631,,0.2578,3.69330000000002
27.01,0.0114983834028298,0.151134152881277,0.2543,3.65179999999998
5.93,0.0115063755075167,0.101464653095016,0.3372,3.85159999999996
46.73,0.0115137251431439,0.0915294764967628,0.1225,3.66820000000001
39.02,0.0115228712716568,0,0.2681,3.65129999999999
20.71,0.0115477323007376,0.150089775264544,0.1263,3.66460000000001
25.73,0.0115984380818991,0.0926206500805519,0.1183,3.67040000000003
39.01,0.0116510077485796,0.154641643810754,0.2681,3.65129999999999
39.03,0.0116609184795223,0.0726054308571955,0.2681,3.65129999999999
24.04,0.0116615557994009,0,0.2336,3.65840000000003
16.73,0.0116712832859476,0.090618202249865,0.1301,3.6746
5.92,0.011690136291424,0,0.3372,3.85159999999996
20.72,0.0117407145646673,0,0.1263,3.66460000000001
25.72,0.0117518715363314,0,0.1183,3.67040000000003
24.01,0.0117923232060699,0.150089058834032,0.2336,3.65840000000003
17.71,0.0118267741090866,0.150066141011583,0.1217,3.67349999999999
20.73,0.0118353744766066,0.0906493153307117,0.1263,3.66460000000001
25.71,0.0118494031663334,0.150196727086203,0.1183,3.67040000000003
8.73,0.0118944972267838,0.0941201880434312,0.1331,3.69749999999999
56.7,0.0119014821388333,,0.1315,3.65440000000001
16.74,0.0119134045623041,0,0.1301,3.6746
30.01,0.011952835322805,0.152169900100612,0.2647,3.65179999999998
46.71,0.0119653567231542,0.150064757348833,0.1225,3.66820000000001
19.12,0.011975569845514,0,0.281,3.63380000000001
19.13,0.0119829720682437,0,0.281,3.63380000000001
22.03,0.0119911460985335,0.0740834610374493,0.2304,3.65250000000003
17.73,0.0120064912691597,0.0921998786450611,0.1217,3.67349999999999
19.11,0.0120300082798331,0.0203419659662629,0.281,3.63380000000001
15.7,0.0120337093967125,,0.1387,3.6662
22.04,0.0120711249084434,0,0.2304,3.65250000000003
22.01,0.0121025221709098,0.150085358287543,0.2304,3.65250000000003
46.72,0.0121426415648725,0,0.1225,3.66820000000001
17.72,0.0121435063206419,0,0.1217,3.67349999999999
16.71,0.0122026920328124,0.150089722283673,0.1301,3.6746
8.71,0.0122418484094303,0.155728776396514,0.1331,3.69749999999999
22.02,0.0122539429948146,0,0.2304,3.65250000000003
25.7,0.0122749774520107,,0.1183,3.67040000000003
8.72,0.0122798008233964,0,0.1331,3.69749999999999
49.04,0.0123315828698721,0,0.2702,3.66050000000001
4.73,0.0124043246665611,0,0.5154,4.22369999999995
49.02,0.0124049670746285,0,0.2702,3.66050000000001
59.7,0.0124377236121651,,0.1287,3.66829999999999
49.01,0.0124503533771367,0.0898974725647095,0.2702,3.66050000000001
11.75,0.0124817758808358,0.0612050014086761,0.1303,3.66849999999999
55.03,0.0125210123474093,0.0719212202669453,0.2774,3.6558
49.03,0.0125346855261987,0.0275795216668845,0.2702,3.66050000000001
55.04,0.0125432329841094,0,0.2774,3.6558
39.04,0.0125487655425695,0,0.2681,3.65129999999999
26.71,0.0125565432591558,0.191968790735369,0.1189,3.6694
5.81,0.0125774996179064,0.175088405642227,0.3242,3.87119999999999
5.83,0.0126276055768999,0.0942035286789378,0.3242,3.87119999999999
35.75,0.0126635479975193,0.0640475177698303,0.1204,3.6703
28.73,0.0126802327866374,0.10352980548714,0.1147,3.67340000000001
55.02,0.0126914146577074,0,0.2774,3.6558
23.75,0.0126927629817753,0.0623392175134922,0.1243,3.66660000000002
33.7,0.0127140036866611,,0.1303,3.654
5.82,0.0127210793358836,0,0.3242,3.87119999999999
28.74,0.0127252760255357,0,0.1147,3.67340000000001
53.02,0.0127324637163571,0,0.2201,3.6567
20.74,0.0127560235845817,0,0.1263,3.66460000000001
5.01,0.0127662328741633,0.0296176996787534,0.6807,4.07349999999997
30.02,0.0127717606858333,0,0.2647,3.65179999999998
5.02,0.0127846016523557,0,0.6807,4.07349999999997
8.74,0.0127857595621701,0,0.1331,3.69749999999999
44.04,0.0128036000717217,0,0.2088,3.64350000000002
20.7,0.0128072558748858,,0.1263,3.66460000000001
13.75,0.012811198404716,0.0634917826973641,0.1213,3.66959999999995
25.74,0.0128423014722694,0,0.1183,3.67040000000003
19.7,0.012858445405785,,0.1285,3.65889999999996
52.02,0.0128717952356417,0,0.2601,3.65629999999999
5.95,0.0128821342506403,0.0558473082699771,0.3372,3.85159999999996
50.75,0.0128977442398225,0.0635796510462081,0.1208,3.67429999999996
28.72,0.0128983987724755,0,0.1147,3.67340000000001
52.03,0.0129221297614017,0.0724355745320185,0.2601,3.65629999999999
50.7,0.0129348768057134,,0.1208,3.67429999999996
53.04,0.012947208966127,0,0.2201,3.6567
19.14,0.0129485748680182,0,0.281,3.63380000000001
26.73,0.0129728972496273,0.113390083324817,0.1189,3.6694
55.01,0.0129981195367514,0.152885389053357,0.2774,3.6558
5.03,0.0130031640409767,0,0.6807,4.07349999999997
16.7,0.0130420194363766,,0.1301,3.6746
28.71,0.0130695272578554,0.170990799351531,0.1147,3.67340000000001
24.75,0.0130761901840645,0.0620332450450999,0.1283,3.66579999999999
26.72,0.0130985935523134,0,0.1189,3.6694
53.72,0.0131347830443932,0,0.1247,3.67690000000005
53.03,0.0131372380570393,0.0751821040608045,0.2201,3.6567
17.7,0.0131425098275399,,0.1217,3.67349999999999
44.03,0.0131499292908693,0.0737440022290227,0.2088,3.64350000000002
29.01,0.0131564461136882,0.150074378335545,0.2581,3.65730000000002
30.03,0.0131698274458433,0.072543343128949,0.2647,3.65179999999998
59.75,0.0131847055649475,0.0623301939730552,0.1287,3.66829999999999
52.01,0.0131922994084548,0.150076095112903,0.2601,3.65629999999999
10.81,0.0131946794310317,0.150064712394677,0.1612,3.67140000000001
53.71,0.013216816975793,0.150091937886869,0.1247,3.67690000000005
53.74,0.0132345550200786,0,0.1247,3.67690000000005
15.94,0.0132402236295751,0,0.1922,3.67259999999999
30.04,0.0132439089012716,0,0.2647,3.65179999999998
6.01,0.0132587885533008,0.1500889973517,0.3541,3.81940000000003
57.7,0.0132624054944467,,0.1401,3.66830000000004
53.01,0.013274577556664,0.150088199820869,0.2201,3.6567
6.02,0.0132755998052216,0,0.3541,3.81940000000003
53.73,0.0133177593239785,0.0916462619087179,0.1247,3.67690000000005
10.82,0.0133552542068118,0,0.1612,3.67140000000001
46.02,0.0133845021095104,0,0.2302,3.65369999999996
15.92,0.0134169603869557,0,0.1922,3.67259999999999
10.83,0.0134251590989539,0.0931590193565293,0.1612,3.67140000000001
15.93,0.0134507989343157,0.0879644034983778,0.1922,3.67259999999999
6.03,0.0135046739178065,0.0643569389110499,0.3541,3.81940000000003
29.02,0.0135111966850202,0,0.2581,3.65730000000002
26.74,0.0135630792191882,0,0.1189,3.6694
46.03,0.0135953540979366,0.0736555435380819,0.2302,3.65369999999996
46.01,0.0135959261556491,0.150084260661049,0.2302,3.65369999999996
10.84,0.013632467666549,0,0.1612,3.67140000000001
5.84,0.0136622854356854,0,0.3242,3.87119999999999
44.02,0.0136647560425935,0,0.2088,3.64350000000002
44.01,0.0137260595508349,0.150084965747258,0.2088,3.64350000000002
42.91,0.0137674261710757,0.150079606226874,0.1999,3.65410000000003
10.03,0.0137762575860644,0.034174024162688,0.277,3.66749999999996
4.7,0.0137780299623389,0.398719176907494,0.5154,4.22369999999995
5.94,0.0137983444806321,0,0.3372,3.85159999999996
46.75,0.0138687181157543,0.0630005540253034,0.1225,3.66820000000001
10.02,0.0138730104214063,0,0.277,3.66749999999996
8.7,0.0138762779127054,,0.1331,3.69749999999999
57.81,0.0138878067113786,0.185082978189224,0.1632,3.68029999999999
33.75,0.0139118717485171,0.0612080439883809,0.1303,3.654
34.74,0.0139288027886867,0,0.1244,3.66909999999996
22.73,0.0139498891281496,0.0910643868382311,0.1272,3.66529999999995
52.04,0.0139504886402993,0,0.2601,3.65629999999999
21.03,0.0139616184853258,0.0739428553136102,0.2283,3.65200000000004
34.71,0.0140079447367627,0.15009682353008,0.1244,3.66909999999996
46.04,0.0140153554462778,0,0.2302,3.65369999999996
37.73,0.0140223200472073,0.0955972765752229,0.1149,3.67090000000002
10.01,0.0140339672197972,0.102323148221297,0.277,3.66749999999996
34.72,0.0140410425647715,0,0.1244,3.66909999999996
47.72,0.0140442424333484,0,0.1195,3.66919999999999
25.75,0.0140543270306142,0.0645984925704492,0.1183,3.67040000000003
34.73,0.0140631846725923,0.0912340447710535,0.1244,3.66909999999996
47.71,0.0140645894514196,0.150065494342286,0.1195,3.66919999999999
37.71,0.0140693564611527,0.155709983102574,0.1149,3.67090000000002
4.74,0.0140920961002456,0.0873864469981032,0.5154,4.22369999999995
37.72,0.0141150782330164,0,0.1149,3.67090000000002
42.63,0.0141164464762245,0.0787634638894543,0.1429,3.62939999999998
14.71,0.0141234125211943,0.150090405411563,0.1121,3.67539999999997
16.75,0.0141307170165082,0.0615364168608317,0.1301,3.6746
17.74,0.0141905232007628,0,0.1217,3.67349999999999
51.71,0.0141938091465381,0.185295334537247,0.1168,3.67340000000001
8.05,0.0142110427452362,0.0278958981784778,0.2578,3.69330000000002
57.82,0.0142190855551169,0,0.1632,3.68029999999999
29.03,0.0142221423428645,0.0725439972640361,0.2581,3.65730000000002
21.02,0.014224554956066,0,0.2283,3.65200000000004
5.04,0.014244421085102,0,0.6807,4.07349999999997
40.04,0.0142556472360541,0,0.2529,3.66129999999998
21.7,0.0142564981594969,,0.1247,3.66539999999998
5.85,0.0142594560449202,0.0537082458324049,0.3242,3.87119999999999
37.01,0.014338448820053,0.150080915978112,0.2481,3.65749999999997
37.03,0.0143640547945205,0.0736748875627363,0.2481,3.65749999999997
4.75,0.0143895968147203,0,0.5154,4.22369999999995
47.73,0.0144089403899132,0.0921806863276855,0.1195,3.66919999999999
40.03,0.0144282253126756,0.0749331792689892,0.2529,3.66129999999998
21.01,0.014459777249934,0.150084935505282,0.2283,3.65200000000004
42.92,0.014466435533595,0,0.1999,3.65410000000003
37.02,0.0144795095691706,0,0.2481,3.65749999999997
42.64,0.014484990310585,0,0.1429,3.62939999999998
32.82,0.0144865534315909,0,0.1709,3.66070000000002
15.91,0.0145076645858383,0.15008381112394,0.1922,3.67259999999999
22.72,0.0145282805839431,0,0.1272,3.66529999999995
42.61,0.0145920827315117,0.150076430307293,0.1429,3.62939999999998
28.7,0.0145925051688553,,0.1147,3.67340000000001
22.71,0.0145925142402934,0.150091096247047,0.1272,3.66529999999995
42.62,0.0145978834509139,0,0.1429,3.62939999999998
24,0.0146404177487364,,0.2336,3.65840000000003
56.02,0.0146418657182753,0,0.2104,3.6397
53.05,0.0146444997330013,0.037894728243024,0.2201,3.6567
38.73,0.0146476404541705,0.120616461131954,0.1124,3.67099999999999
29.04,0.0146482959115539,0,0.2581,3.65730000000002
38.72,0.0146703476591885,0,0.1124,3.67099999999999
37.04,0.0146764116509818,0,0.2481,3.65749999999997
16.04,0.0146872973036721,0,0.2115,3.65570000000002
13.04,0.0146965560629122,0,0.2425,3.66039999999998
54.73,0.0147424763895739,0.128529525216959,0.118,3.6773
40.01,0.014750984673035,0.150082825211448,0.2529,3.66129999999998
41.03,0.0147624384063072,0.0869760304263719,0.2752,3.65289999999999
51.73,0.0147661681321731,0.110245987272556,0.1168,3.67340000000001
14.72,0.0147722225246138,0,0.1121,3.67539999999997
52.05,0.0147742123292098,0.033556474947753,0.2601,3.65629999999999
51.72,0.0147854888844191,0,0.1168,3.67340000000001
56.03,0.0148176801342858,0.0722810566948576,0.2104,3.6397
13.03,0.0148194641952137,0.0749204216496615,0.2425,3.66039999999998
56.01,0.0148235824859022,0.150081264830807,0.2104,3.6397
42.94,0.0148260318350135,0,0.1999,3.65410000000003
14.7,0.01484290112027,,0.1121,3.67539999999997
46.7,0.0148665729234448,,0.1225,3.66820000000001
23.01,0.0148734184397163,0.150079832196179,0.2287,3.6524
47.74,0.0148781870894245,0,0.1195,3.66919999999999
32.83,0.014916897631959,0.0906695487347371,0.1709,3.66070000000002
31.03,0.0149393419743326,0.0725818482732036,0.2518,3.65050000000002
13.01,0.0149666689379126,0.1500837978523,0.2425,3.66039999999998
57.83,0.0149668376807744,0.11057993283763,0.1632,3.68029999999999
33.02,0.0149676373020015,0,0.2119,3.6377
33.01,0.0149715285053738,0.150081190000546,0.2119,3.6377
32.81,0.0149718364072172,0.150086174483644,0.1709,3.66070000000002
51.74,0.0149834974510274,0,0.1168,3.67340000000001
5.9,0.014988469044988,,0.3372,3.85159999999996
42.93,0.0150058631026494,0.0858944131238841,0.1999,3.65410000000003
54.72,0.0150495016888401,0,0.118,3.6773
24.05,0.0150542593614706,0.0384320657737901,0.2336,3.65840000000003
6.04,0.0151158015771808,0,0.3541,3.81940000000003
40.02,0.0151184393229175,0,0.2529,3.66129999999998
32.84,0.0151320126709679,0,0.1709,3.66070000000002
58.03,0.0151514020374525,0.0750548215979321,0.222,3.6592
51.02,0.0151611102496917,0,0.2443,3.66049999999996
36.71,0.0151951806231239,0.150065969017624,0.1204,3.67189999999999
54.71,0.0152108345231947,0.221668021207182,0.118,3.6773
16.03,0.0152255365986236,0.0731765317080421,0.2115,3.65570000000002
38.01,0.0152294442014824,0.150083799963091,0.2506,3.65549999999996
33.03,0.0152463422331576,0.0719679801716317,0.2119,3.6377
58.04,0.0152604360195119,0,0.222,3.6592
58.02,0.0152664371091557,0,0.222,3.6592
41.02,0.015274549465185,0,0.2752,3.65289999999999
37.75,0.0152789577239162,0.0662330213059072,0.1149,3.67090000000002
41.04,0.0152917333333333,0,0.2752,3.65289999999999
13.02,0.0152954029035058,0,0.2425,3.66039999999998
54.74,0.0153483269406883,0,0.118,3.6773
26.7,0.0153648693316175,,0.1189,3.6694
31.04,0.0153745597522528,0,0.2518,3.65050000000002
51.03,0.0153809845118426,0.0742693079025384,0.2443,3.66049999999996
31.01,0.0153920932612985,0.150075218172144,0.2518,3.65050000000002
31.02,0.0154219642138726,0,0.2518,3.65050000000002
38.02,0.0154342067819562,0,0.2506,3.65549999999996
51.01,0.0154673743508964,0.150084957286825,0.2443,3.66049999999996
45.03,0.0154983538349549,0.0743895150609151,0.2094,3.64979999999997
11.02,0.0155139947123207,0,0.2094,3.65249999999997
50.01,0.0155188244259521,0.150086588323962,0.2204,3.654
54.04,0.0155342994413638,0,0.246,3.66239999999999
44.81,0.0156024059847758,0.15009077946141,0.1621,3.66879999999998
23.02,0.0156595214568706,0,0.2287,3.6524
21.04,0.0156631395980445,0,0.2283,3.65200000000004
10.04,0.0156698878633348,0,0.277,3.66749999999996
54.01,0.0156717211793279,0.150080439685932,0.246,3.66239999999999
36.72,0.0157059861547103,0,0.1204,3.67189999999999
11.03,0.0157263546430445,0.0747985737404417,0.2094,3.65249999999997
23.04,0.0157417167051999,0,0.2287,3.6524
32.01,0.0157440398596161,0.156202461591236,0.2669,3.65719999999999
11.01,0.01577229546065,0.150088907572638,0.2094,3.65249999999997
30.71,0.0157968773307649,0.176971864885619,0.113,3.66649999999998
41.01,0.0158091821368508,0.18755987787944,0.2752,3.65289999999999
44.05,0.0158196220252154,0.035782789651436,0.2088,3.64350000000002
56.04,0.0158212621264127,0,0.2104,3.6397
38.71,0.0158245614939805,0.205035401830608,0.1124,3.67099999999999
38.04,0.0158639595751762,0,0.2506,3.65549999999996
38.03,0.0158789341113641,0.0742050747164903,0.2506,3.65549999999996
36.74,0.0159001864925807,0,0.1204,3.67189999999999
23.03,0.0159281967219159,0.0730867034870795,0.2287,3.6524
32.02,0.0159594889986606,0,0.2669,3.65719999999999
54.02,0.0159669241669075,0,0.246,3.66239999999999
36.73,0.0159890196272579,0.0922700573390722,0.1204,3.67189999999999
45.02,0.0160027775817107,0,0.2094,3.64979999999997
37.74,0.0160091619875377,0,0.1149,3.67090000000002
39,0.0160220623914685,,0.2681,3.65129999999999
38.74,0.0160282535665112,0,0.1124,3.67099999999999
54.03,0.0160441470373119,0.0734259788541999,0.246,3.66239999999999
20.75,0.0160522250239968,0.061637581866285,0.1263,3.66460000000001
5.05,0.0161104002039597,0,0.6807,4.07349999999997
50.02,0.0161488908080996,0,0.2204,3.654
44.82,0.0162622362974463,0,0.1621,3.66879999999998
14.73,0.0162627862874958,0.0926934498180125,0.1121,3.67539999999997
53.7,0.0163338499762448,,0.1247,3.67690000000005
44.83,0.0163369486254847,0.0927833551204773,0.1621,3.66879999999998
30,0.0163552361073127,,0.2647,3.65179999999998
34.7,0.0163696847766696,,0.1244,3.66909999999996
50.03,0.0163699203666571,0.0749327600246009,0.2204,3.654
34.02,0.016403127254282,0,0.2079,3.64429999999999
22,0.0164206619488862,,0.2304,3.65250000000003
57.03,0.0164432857529295,0.0732650421674035,0.2064,3.64580000000001
22.05,0.0164580086325691,0.0362230270008634,0.2304,3.65250000000003
41.72,0.0164774593902838,0,0.1102,3.66409999999996
19.1,0.0164795069696873,,0.281,3.63380000000001
27.05,0.0164967405751926,0.0325533156158226,0.2543,3.65179999999998
49,0.0165158204931439,,0.2702,3.66050000000001
57.01,0.0165225050619647,0.150082868585588,0.2064,3.64580000000001
34.01,0.0165362775246995,0.150081678444666,0.2079,3.64429999999999
30.72,0.0165468263090952,0,0.113,3.66649999999998
57.84,0.0165575949142115,0,0.1632,3.68029999999999
11.04,0.0165600911789075,0,0.2094,3.65249999999997
57.02,0.0166027871185327,0,0.2064,3.64580000000001
30.05,0.0166307748782216,0.0325388238917637,0.2647,3.65179999999998
41.74,0.0166489684911981,0,0.1102,3.66409999999996
59.03,0.0166527970120726,0.0731892226695123,0.2234,3.6549
50.04,0.0166669085884796,0,0.2204,3.654
15.95,0.0166805300266878,0.057309049397757,0.1922,3.67259999999999
58.01,0.0167016807603802,0.150091056292742,0.222,3.6592
41.73,0.016702375859281,0.106578444962962,0.1102,3.66409999999996
55.05,0.0167835511996077,0.0312509089915001,0.2774,3.6558
32.03,0.0167875444802812,0.0736419017288843,0.2669,3.65719999999999
49.05,0.0168032571408341,0,0.2702,3.66050000000001
33.05,0.016807333186635,0.0331260389987179,0.2119,3.6377
22.7,0.0169517822363433,,0.1272,3.66529999999995
19.75,0.01695769222529,0.0673455815260361,0.1285,3.65889999999996
30.73,0.0169665740924946,0.106490189957699,0.113,3.66649999999998
45.04,0.0169793724078883,0,0.2094,3.64979999999997
37.7,0.0169825617710046,,0.1149,3.67090000000002
55,0.0170041293200912,,0.2774,3.6558
17.75,0.0170137737424502,0.064024884075525,0.1217,3.67349999999999
54.75,0.0170824826480328,0.081977769043102,0.118,3.6773
29.05,0.0171559467504667,0.0336708762751976,0.2581,3.65730000000002
36.03,0.0171605120075947,0.0751567598932076,0.241,3.66130000000004
47.02,0.0171664063778997,0,0.2366,3.65549999999996
47.01,0.0171683346184234,0.150084558147811,0.2366,3.65549999999996
39.05,0.017179629110504,0.0312799671090032,0.2681,3.65129999999999
19.01,0.0171924087460086,0.2241659058749,0.2651,3.66020000000003
16.05,0.0172097605942518,0.0349135666319177,0.2115,3.65570000000002
22.74,0.0172295611499574,0,0.1272,3.66529999999995
36.02,0.017240822462369,0,0.241,3.66130000000004
5.8,0.0172805137501529,,0.3242,3.87119999999999
46.05,0.0172899631574045,0.0355693788521203,0.2302,3.65369999999996
47.7,0.0173301362178426,,0.1195,3.66919999999999
55.81,0.0173387034000219,0.1500881744444,0.1667,3.66219999999998
35.03,0.0173403794210471,0.0735469217269738,0.2349,3.65549999999996
29.73,0.0173462463019694,0.114278015873881,0.1123,3.6705
59.02,0.0173651890857268,0,0.2234,3.6549
28.03,0.017366127509893,0.0732021857854226,0.2622,3.65809999999999
5,0.0174152372870907,,0.6807,4.07349999999997
20.01,0.01741548490006,0.150075692553397,0.216,3.6474
26.01,0.0174180452376778,0.150081149178541,0.2415,3.65640000000002
36.01,0.01743638690729,0.150085039468082,0.241,3.66130000000004
47.03,0.0174443529666656,0.0740708219525457,0.2366,3.65549999999996
55.82,0.017458471530396,0,0.1667,3.66219999999998
59.01,0.01745996192835,0.15008296386141,0.2234,3.6549
35.02,0.0174603160258527,0,0.2349,3.65549999999996
38.75,0.0174616421757322,0.0785970345953722,0.1124,3.67099999999999
33.04,0.0174855737760224,0,0.2119,3.6377
6,0.0174940799186549,,0.3541,3.81940000000003
28.01,0.0174964598522631,0.152262182268178,0.2622,3.65809999999999
17.03,0.0175036778207418,0.0741865310101367,0.2371,3.661
8.75,0.0175226768573094,0.0639575236677768,0.1331,3.69749999999999
26.75,0.0175510367081987,0.0744876010930938,0.1189,3.6694
17.01,0.0175533984476878,0.15008784606265,0.2371,3.661
20.02,0.0175735227755918,0,0.216,3.6474
35.04,0.0175763888189373,0,0.2349,3.65549999999996
29.72,0.0175843078172102,0,0.1123,3.6705
9.03,0.0175980605836649,0.0739511007819443,0.2639,3.68180000000001
53.75,0.0176055697959458,0.0631060245606056,0.1247,3.67690000000005
57.8,0.017613194640877,,0.1632,3.68029999999999
36.04,0.0176184793199072,0,0.241,3.66130000000004
53,0.01763519622541,,0.2201,3.6567
51.04,0.0176370752943504,0,0.2443,3.66049999999996
32.04,0.0176496633971265,0,0.2669,3.65719999999999
27,0.0176507117854811,,0.2543,3.65179999999998
22.75,0.0177151627482535,0.0622829467094237,0.1272,3.66529999999995
45.01,0.0177164725063993,0.150086668379169,0.2094,3.64979999999997
6.05,0.0177279369350894,0.0213560069235933,0.3541,3.81940000000003
30.75,0.0177368267906495,0.0717431015169126,0.113,3.66649999999998
35.01,0.0177637460705033,0.150081294986581,0.2349,3.65549999999996
34.03,0.0177740777927192,0.0731563031612256,0.2079,3.64429999999999
40,0.0177920957906358,,0.2529,3.66129999999998
17.02,0.0178031596258187,0,0.2371,3.661
20.04,0.0178307859441326,0,0.216,3.6474
21.81,0.0178493862561672,0.232117880199915,0.1525,3.67759999999998
18.01,0.0178780117129795,0.150084939107058,0.2493,3.65879999999999
19.15,0.0178886046287057,0,0.281,3.63380000000001
55.83,0.0179124508829857,0.0917039773146852,0.1667,3.66219999999998
29.71,0.017916233430743,0.192414785223413,0.1123,3.6705
36.7,0.0179181109946017,,0.1204,3.67189999999999
18.04,0.0179299041580943,0,0.2493,3.65879999999999
16.83,0.0179505041397574,0.140101511362195,0.1567,3.68740000000002
20.03,0.0179851026143957,0.0719937292660529,0.216,3.6474
18.02,0.0180089986119062,0,0.2493,3.65879999999999
14.74,0.0180292470447761,0,0.1121,3.67539999999997
54.7,0.0180313684817056,,0.118,3.6773
28.02,0.0180715207021852,0,0.2622,3.65809999999999
19.02,0.0180774021986846,0,0.2651,3.66020000000003
12.01,0.0180871070075955,0.150084054206475,0.2317,3.6558
44.91,0.0181613071820786,0.150084369209843,0.1894,3.66550000000001
19.03,0.0181638743689478,0.104297455946276,0.2651,3.66020000000003
39.74,0.018180912292652,0,0.1125,3.6721
21.82,0.0181873790111884,0,0.1525,3.67759999999998
48.01,0.0182130746523144,0.150078727416532,0.2423,3.6558
11.83,0.0182227267942096,0.132745953800499,0.1563,3.68029999999999
45.05,0.0182296050973131,0.0367408185185055,0.2094,3.64979999999997
12.73,0.0182297530661647,0.091652176459559,0.1223,3.67099999999999
26.02,0.0182298339894683,0,0.2415,3.65640000000002
12.02,0.0182390158479404,0,0.2317,3.6558
30.74,0.0182401779442308,0,0.113,3.66649999999998
59.04,0.0182404881225551,0,0.2234,3.6549
32.94,0.0182409565560459,0,0.1946,3.65570000000002
26.03,0.018277285632943,0.073757797340743,0.2415,3.65640000000002
18.03,0.0183472734536041,0.0741862147177693,0.2493,3.65879999999999
16.82,0.0183628856966042,0,0.1567,3.68740000000002
41.71,0.0183805576102041,0.176667889316718,0.1102,3.66409999999996
55.84,0.0184044091312941,0,0.1667,3.66219999999998
42.01,0.0184049462602531,0.1500791734941,0.2546,3.65199999999999
56.05,0.0184229894898284,0.0335737507976636,0.2104,3.6397
32.93,0.0184297673590769,0.0868074277799435,0.1946,3.65570000000002
59.05,0.0184676663694434,0.0348594439108223,0.2234,3.6549
39.73,0.0185132278201652,0.100085332978789,0.1125,3.6721
12.72,0.0185134597497201,0,0.1223,3.67099999999999
21.05,0.0185153170233034,0.036012681120115,0.2283,3.65200000000004
32.92,0.0185288748469208,0,0.1946,3.65570000000002
30.7,0.0185297451174468,,0.113,3.66649999999998
44.84,0.0185444403653766,0,0.1621,3.66879999999998
9.01,0.0185543857028931,0.150080645549093,0.2639,3.68180000000001
12.03,0.0185610890962109,0.0736364338693204,0.2317,3.6558
32.91,0.0185655223111231,0.150082406060392,0.1946,3.65570000000002
12.04,0.0185977467322991,0,0.2317,3.6558
21.83,0.0186043506120521,0.135000508723446,0.1525,3.67759999999998
10.85,0.0186103743659791,0.0652998070218903,0.1612,3.67140000000001
42.6,0.018615001914089,,0.1429,3.62939999999998
12.71,0.018676147288399,0.150091978082851,0.1223,3.67099999999999
57.04,0.0187085355409649,0,0.2064,3.64580000000001
16.02,0.0187249179296434,0,0.2115,3.65570000000002
41,0.0187292696722392,,0.2752,3.65289999999999
11.82,0.0187378590930725,0,0.1563,3.68029999999999
51.05,0.018742365772287,0.0364381178687792,0.2443,3.66049999999996
23.05,0.0188089475586129,0.0346364607957883,0.2287,3.6524
44.92,0.0188705627821203,0,0.1894,3.66550000000001
9.02,0.0188896313420225,0,0.2639,3.68180000000001
7.94,0.0189672286637938,0,0.2428,3.71480000000003
40.05,0.0189684065675816,0.0373579806132228,0.2529,3.66129999999998
57.05,0.0189784505675249,0.0350209771918613,0.2064,3.64580000000001
9.05,0.0189903002988658,0.0357691032078142,0.2639,3.68180000000001
28.75,0.0189964349354249,0.0702903658535158,0.1147,3.67340000000001
11.85,0.0190218863869861,0.0846479965630661,0.1563,3.68029999999999
39.72,0.0190302246906528,0,0.1125,3.6721
11.84,0.0190317458987784,0,0.1563,3.68029999999999
42.83,0.0190331906918401,0.0900248381171932,0.1772,3.65960000000001
47.04,0.0190392568195254,0,0.2366,3.65549999999996
43,0.0190450745479417,,0.2157,3.63670000000002
48.02,0.019125233156937,0,0.2423,3.6558
16.01,0.0191839350851249,0.150085497932268,0.2115,3.65570000000002
25.02,0.0192197748101597,0,0.2331,3.65309999999999
25.01,0.0192262775443383,0.150080031955425,0.2331,3.65309999999999
29,0.0192410152940796,,0.2581,3.65730000000002
37.05,0.0192419821144649,0.0354822522474047,0.2481,3.65749999999997
25.03,0.0192475364877769,0.073125107141355,0.2331,3.65309999999999
16.84,0.019265242385835,0,0.1567,3.68740000000002
51.7,0.0193109487944058,,0.1168,3.67340000000001
9.04,0.0193495321533474,0,0.2639,3.68180000000001
38.05,0.0193564202909252,0.0363336910156983,0.2506,3.65549999999996
54.05,0.0193621323849988,0.0350952366362096,0.246,3.66239999999999
44.93,0.0193717865160746,0.0884682072837151,0.1894,3.66550000000001
7.93,0.0194293723923145,0.0869388219668248,0.2428,3.71480000000003
58.05,0.0194315003620127,0.0377681070859875,0.222,3.6592
31.05,0.019433243687981,0.0337827776264689,0.2518,3.65050000000002
15.81,0.0194642307705933,0.150090470970743,0.1649,3.67720000000003
42.02,0.0194649653847854,0,0.2546,3.65199999999999
7.92,0.0194809884543187,0,0.2428,3.71480000000003
10.8,0.0195004233564399,,0.1612,3.67140000000001
43.81,0.0195046020464705,0.163854030870145,0.1545,3.66399999999999
17.04,0.0195093989353455,0,0.2371,3.661
51.75,0.0195134091941566,0.0731207784780013,0.1168,3.67340000000001
11.05,0.0195296005284695,0.0373822472467695,0.2094,3.65249999999997
47.75,0.0195476141452587,0.0639809923575987,0.1195,3.66919999999999
32.85,0.0195669938655656,0.0614885720453736,0.1709,3.66070000000002
15.82,0.019677604824731,0,0.1649,3.67720000000003
13.05,0.0196906896427198,0.0373683720912011,0.2425,3.66039999999998
29.74,0.0197152712603771,0,0.1123,3.6705
42.81,0.0197718281585044,0.150082613664132,0.1772,3.65960000000001
43.82,0.0197900323231447,0,0.1545,3.66399999999999
42.9,0.0197954356689461,,0.1999,3.65410000000003
42.03,0.0197987241477255,0.0741915009991326,0.2546,3.65199999999999
33.94,0.0198142424369672,0,0.1877,3.6617
38,0.0198374358349134,,0.2506,3.65549999999996
44.94,0.0199088054664476,0,0.1894,3.66550000000001
39.71,0.0199164800352743,0.163175146000612,0.1125,3.6721
34.75,0.0199305658341279,0.0624741100263915,0.1244,3.66909999999996
55.91,0.0199584345404832,0.150082639115931,0.1923,3.65649999999999
36.05,0.0199591339708384,0.0377472423569291,0.241,3.66130000000004
11.81,0.0200105150163403,0.228402365483382,0.1563,3.68029999999999
54,0.020020721123673,,0.246,3.66239999999999
19.04,0.0200297993209665,0,0.2651,3.66020000000003
42.82,0.0200641084606544,0,0.1772,3.65960000000001
23,0.0200719367195939,,0.2287,3.6524
48.03,0.0200877069662092,0.073393427710529,0.2423,3.6558
18.72,0.020234641794645,0,0.1117,3.67970000000003
10.05,0.0202420360657425,0,0.277,3.66749999999996
21.85,0.0202855333140803,0.0861259320991736,0.1525,3.67759999999998
7.91,0.0202891651867387,0.150087796726957,0.2428,3.71480000000003
49.83,0.020296281176425,0.116208738451597,0.1547,3.67439999999999
28.04,0.0203541410749178,0,0.2622,3.65809999999999
16.85,0.0203592499986314,0.0881990741687427,0.1567,3.68740000000002
42.84,0.0203783927950703,0,0.1772,3.65960000000001
16,0.0203924997984683,,0.2115,3.65570000000002
16.81,0.0203971783977476,0.242981741318286,0.1567,3.68740000000002
41.75,0.0204432478897579,0.0720303868263059,0.1102,3.66409999999996
18.71,0.0204470438587978,0.212609536757089,0.1117,3.67970000000003
42.65,0.0205494288872171,0.0440205876689719,0.1429,3.62939999999998
21.84,0.0205647376533956,0,0.1525,3.67759999999998
26.04,0.0205749268543671,0,0.2415,3.65640000000002
10,0.0205802343763622,,0.277,3.66749999999996
55.92,0.020606835360927,0,0.1923,3.65649999999999
33,0.0206220771152409,,0.2119,3.6377
57.85,0.0206771613630204,0.0735157248357761,0.1632,3.68029999999999
52.81,0.0206866374669652,0.189629936356049,0.1554,3.67699999999996
18.73,0.0206877340920612,0.124640458257777,0.1117,3.67970000000003
43.83,0.0207163752178628,0.100621085328504,0.1545,3.66399999999999
15.83,0.0207237837756287,0.0929054627604187,0.1649,3.67720000000003
44.85,0.0207528496051847,0.0647029426068784,0.1621,3.66879999999998
52.82,0.0207918795796726,0,0.1554,3.67699999999996
32.8,0.0207937528465757,,0.1709,3.66070000000002
33.92,0.0208207185102188,0,0.1877,3.6617
33.93,0.0208283334725877,0.0883021926245712,0.1877,3.6617
49.84,0.0209355869199047,0,0.1547,3.67439999999999
18.05,0.0209438817268536,0.0363214710657833,0.2493,3.65879999999999
32.95,0.0209753256498014,0.0556550206795224,0.1946,3.65570000000002
33.91,0.02098231090275,0.150083240414311,0.1877,3.6617
47.05,0.0210423298868518,0.0361711495311302,0.2366,3.65549999999996
19.05,0.0210716343173847,0.0429638050258906,0.2651,3.66020000000003
28.05,0.021084405534054,0.0333962676846753,0.2622,3.65809999999999
56.81,0.0211283187434306,0.152653489636709,0.1569,3.6671
46.84,0.0211420334777492,0,0.1509,3.68059999999997
48.04,0.0211460231913821,0,0.2423,3.6558
15.84,0.0211700498183345,0,0.1649,3.67720000000003
12.74,0.0211871093611484,0,0.1223,3.67099999999999
49.81,0.0213155136345828,0.19488156524968,0.1547,3.67439999999999
33.81,0.0213585719594269,0.158085342439503,0.1562,3.66579999999999
31,0.0213604136293048,,0.2518,3.65050000000002
49.82,0.0214251886305294,0,0.1547,3.67439999999999
23.85,0.0214425173234545,0.0877919122461823,0.1519,3.67990000000003
46.81,0.0214577959677768,0.253249306161169,0.1509,3.68059999999997
46,0.0214761052222162,,0.2302,3.65369999999996
26.05,0.0214782149554831,0.0356174375569719,0.2415,3.65640000000002
25.05,0.0216160382058374,0.0346927477163413,0.2331,3.65309999999999
50,0.0216289712759641,,0.2204,3.654
46.83,0.0216334738295013,0.145658239099956,0.1509,3.68059999999997
32.05,0.0216853873939877,0.0318572312728085,0.2669,3.65719999999999
34.04,0.0217372189168456,0,0.2079,3.64429999999999
32,0.0217629901810229,,0.2669,3.65719999999999
49.85,0.0217685250715751,0.0769618868285517,0.1547,3.67439999999999
15.8,0.0217749922820089,,0.1649,3.67720000000003
55.93,0.0217835087996916,0.0872864599627321,0.1923,3.65649999999999
10.91,0.0217908643083392,0.150084536692601,0.1891,3.66920000000005
29.7,0.021835946187155,,0.1123,3.6705
46.82,0.0218620522223018,0,0.1509,3.68059999999997
33.82,0.0218839276958439,0,0.1562,3.66579999999999
52.83,0.0219328213365315,0.113775986557872,0.1554,3.67699999999996
29.75,0.0219446308527896,0.0755343979798282,0.1123,3.6705
20.81,0.0219459873486919,0.225491644300092,0.1531,3.67680000000001
33.83,0.0219586858643294,0.0976296575432003,0.1562,3.66579999999999
39.75,0.0220341255408717,0.0690842747188455,0.1125,3.6721
20.85,0.0220758478122969,0.0843093022181623,0.1531,3.67680000000001
33.84,0.0220880765328426,0,0.1562,3.66579999999999
28,0.0220942191724626,,0.2622,3.65809999999999
42.95,0.0221257121610348,0.0542291245953336,0.1999,3.65410000000003
55.85,0.022152031025279,0.0630622929207456,0.1667,3.66219999999998
42.05,0.0221532673457489,0.0362247733795598,0.2546,3.65199999999999
20.82,0.0221730861577185,0,0.1531,3.67680000000001
10.94,0.0221957466954211,0,0.1891,3.66920000000005
13,0.0222363774714651,,0.2425,3.66039999999998
10.92,0.0222747103096198,0,0.1891,3.66920000000005
59.82,0.0223471038088067,0,0.1558,3.68019999999996
10.93,0.0223895231316726,0.0886727624880052,0.1891,3.66920000000005
50.05,0.0224063485591061,0.0375010575681882,0.2204,3.654
25.04,0.0224541916602722,0,0.2331,3.65309999999999
20.83,0.022456183777067,0.131527603215191,0.1531,3.67680000000001
56.82,0.0224835379254891,0,0.1569,3.6671
59.83,0.0225303544895936,0.133341078453754,0.1558,3.68019999999996
40.73,0.0225481461768759,0.129374529067677,0.1137,3.67360000000002
20.05,0.0226045293932457,0.032980716704099,0.216,3.6474
43.8,0.0226915574422924,,0.1545,3.66399999999999
59.81,0.0227386304285637,0.229323670263964,0.1558,3.68019999999996
56.83,0.0227706233662418,0.0948021046046101,0.1569,3.6671
35.05,0.022779437313547,0.0353237841971574,0.2349,3.65549999999996
40.72,0.0227911612798636,0,0.1137,3.67360000000002
52.84,0.0228116747381337,0,0.1554,3.67699999999996
40.71,0.0228430058193066,0.222883581929329,0.1137,3.67360000000002
45.85,0.0228951873621285,0.0838702860574345,0.1558,3.6789
14.01,0.0229143438938747,0.150084567688001,0.2427,3.65610000000004
41.05,0.0229202307626252,0.0358443922876803,0.2752,3.65289999999999
12.7,0.0229604915911093,,0.1223,3.67099999999999
42.04,0.0229609196840541,0,0.2546,3.65199999999999
18.7,0.022986394541944,,0.1117,3.67970000000003
14.03,0.0230003609280437,0.0741732081770695,0.2427,3.65610000000004
14.02,0.0230045468257233,0,0.2427,3.65610000000004
37,0.0230207331627449,,0.2481,3.65749999999997
45.84,0.0230488517140317,0,0.1558,3.6789
14.04,0.0231337356314635,0,0.2427,3.65610000000004
21,0.0231727665063853,,0.2283,3.65200000000004
23.81,0.0231743419614438,0.239225857043973,0.1519,3.67990000000003
36.75,0.0232430780967186,0.0641267761187116,0.1204,3.67189999999999
17.05,0.0233375784015676,0.0363903948522028,0.2371,3.661
44.9,0.0233983487340867,,0.1894,3.66550000000001
34.83,0.023402402800943,0.141453880942726,0.1524,3.6814
46.85,0.0234406268768326,0.0913146912790621,0.1509,3.68059999999997
43.85,0.0234664233808215,0.0694602811595694,0.1545,3.66399999999999
51,0.0234935112228553,,0.2443,3.66049999999996
11,0.023595437230325,,0.2094,3.65249999999997
45.81,0.0236189674023082,0.224377598512159,0.1558,3.6789
59.84,0.023629292216607,0,0.1558,3.68019999999996
34.84,0.0236527253685652,0,0.1524,3.6814
47,0.0237346781070695,,0.2366,3.65549999999996
44.8,0.0238447653641568,,0.1621,3.66879999999998
58.81,0.0238950670601963,0.1980910386613,0.1597,3.67910000000001
38.7,0.0239324718788619,,0.1124,3.67099999999999
58.83,0.0239372929115125,0.117247119438496,0.1597,3.67910000000001
55.94,0.0239810478262229,0,0.1923,3.65649999999999
42.85,0.0239831616529294,0.06042491863835,0.1772,3.65960000000001
14.75,0.0240706809578742,0.0645941519909391,0.1121,3.67539999999997
45.83,0.0240807300688955,0.13085799933565,0.1558,3.6789
6.72,0.0240814567355769,0,0.1433,3.79410000000001
34.82,0.0240843835683861,0,0.1524,3.6814
55.8,0.0241527460493848,,0.1667,3.66219999999998
20.84,0.0241729472509371,0,0.1531,3.67680000000001
12.75,0.0242873924431202,0.0631471720615083,0.1223,3.67099999999999
6.73,0.0243060342558017,0.0759808057720259,0.1433,3.79410000000001
44,0.0243171324680003,,0.2088,3.64350000000002
58.82,0.0243349751729505,0,0.1597,3.67910000000001
45.82,0.0243512341754261,0,0.1558,3.6789
59.85,0.0244233190516504,0.0850637638454008,0.1558,3.68019999999996
26,0.0244499933934229,,0.2415,3.65640000000002
58.84,0.0244668388402646,0,0.1597,3.67910000000001
6.71,0.0244812567258334,0.126662390233849,0.1433,3.79410000000001
23.82,0.0245089832489287,0,0.1519,3.67990000000003
34.05,0.0245504819692557,0.0348376520861915,0.2079,3.64429999999999
43.84,0.0245764965617571,0,0.1545,3.66399999999999
53.85,0.0247234051706308,0.0962527273971221,0.1532,3.6891
17,0.0247990850666377,,0.2371,3.661
48.71,0.0249121614347079,0.253431206386638,0.1074,3.68090000000001
53.82,0.0249299603331846,0,0.1532,3.6891
56.85,0.0249313904061182,0.0664345800718191,0.1569,3.6671
34.85,0.0250023976138824,0.0892615340557861,0.1524,3.6814
12.05,0.0250155854692974,0.0355319663428694,0.2317,3.6558
48.72,0.025044974074466,0,0.1074,3.68090000000001
18.74,0.0250646602462837,0,0.1117,3.67970000000003
53.81,0.0250855502392344,0.274383719508987,0.1532,3.6891
27.73,0.0250863287375195,0.120694742446906,0.1075,3.6712
42,0.0251295982155594,,0.2546,3.65199999999999
53.83,0.0252204062687247,0.156171137788838,0.1532,3.6891
58.93,0.0253310658294243,0.0884625621557486,0.2035,3.6739
50.83,0.0253437492292305,0.157073262120472,0.1501,3.68779999999998
41.7,0.0253450828587647,,0.1102,3.66409999999996
13.82,0.0253602937282513,0,0.1503,3.68309999999997
50.81,0.025372004005244,0.275844567159866,0.1501,3.68779999999998
13.81,0.0254593438978904,0.270969243255233,0.1503,3.68309999999997
23.83,0.0254959971632643,0.138535446773065,0.1519,3.67990000000003
58.94,0.0255073074461246,0,0.2035,3.6739
34,0.0255613671758328,,0.2079,3.64429999999999
33.95,0.0255880512146137,0.05782872827864,0.1877,3.6617
58.92,0.0257467121494541,0,0.2035,3.6739
12,0.0257611683336943,,0.2317,3.6558
10.9,0.0257868148663955,,0.1891,3.66920000000005
42.8,0.0257997425523722,,0.1772,3.65960000000001
58.91,0.0258133863903654,0.150085138055874,0.2035,3.6739
48.73,0.0258153915353671,0.145470107264501,0.1074,3.68090000000001
37.85,0.0258715331684704,0.102643596553596,0.1477,3.68380000000002
23.84,0.0258741571767988,0,0.1519,3.67990000000003
7.95,0.0258837441251145,0.0557613742607461,0.2428,3.71480000000003
55.95,0.0258987588761964,0.0563545409689171,0.1923,3.65649999999999
16.8,0.0259704994215509,,0.1567,3.68740000000002
34.81,0.0260247908098142,0.244882640312881,0.1524,3.6814
57,0.02607733102878,,0.2064,3.64580000000001
37.83,0.0260786894419475,0.168271297194453,0.1477,3.68380000000002
56,0.0261704813055439,,0.2104,3.6397
50.85,0.0261909912428951,0.096865306081433,0.1501,3.68779999999998
53.84,0.0261922285083241,0,0.1532,3.6891
50.82,0.0262135053411146,0,0.1501,3.68779999999998
52.85,0.0262188182735572,0.0759440991519958,0.1554,3.67699999999996
36.81,0.0262296896128425,0.286857274382937,0.1501,3.68549999999999
36.82,0.0263978293614298,0,0.1501,3.68549999999999
15.9,0.026455638110333,,0.1922,3.67259999999999
40.74,0.0264576901549817,0,0.1137,3.67360000000002
56.92,0.0264633347591753,0,0.1864,3.66320000000002
56.93,0.0264663348356281,0.0881553071225712,0.1864,3.66320000000002
56.91,0.026544462393619,0.15008321100871,0.1864,3.66320000000002
36.84,0.0266406390117986,0,0.1501,3.68549999999999
48,0.0267670066949844,,0.2423,3.6558
56.84,0.0267826077862526,0,0.1569,3.6671
36.83,0.0269735417235063,0.162673600517295,0.1501,3.68549999999999
22.85,0.0271101351921965,0.0838779445567707,0.1546,3.67740000000003
52,0.0271211064872352,,0.2601,3.65629999999999
40.75,0.0271690700870362,0.082631925753608,0.1137,3.67360000000002
33.9,0.0271806058212161,,0.1877,3.6617
32.9,0.0271874705438314,,0.1946,3.65570000000002
13.83,0.027276967203005,0.15459882779509,0.1503,3.68309999999997
37.84,0.0272858153921217,0,0.1477,3.68380000000002
35,0.0273470392580008,,0.2349,3.65549999999996
48.05,0.0273627244270743,0.0350363684950344,0.2423,3.6558
37.82,0.0274848406727108,0,0.1477,3.68380000000002
37.81,0.0275843675210933,0.297417665192213,0.1477,3.68380000000002
36,0.0276213238153341,,0.241,3.66130000000004
6.75,0.0276826337275882,0.0504971218884082,0.1433,3.79410000000001
9,0.0277185778726294,,0.2639,3.68180000000001
25,0.0277871879160331,,0.2331,3.65309999999999
6.74,0.0278230954483352,0,0.1433,3.79410000000001
50.84,0.0278332779656334,0,0.1501,3.68779999999998
55.9,0.0278675382946364,,0.1923,3.65649999999999
25.81,0.0279475763246726,0.26975535018405,0.1486,3.6832
59,0.0280296358385385,,0.2234,3.6549
13.85,0.0281631830106068,0.0956642448116615,0.1503,3.68309999999997
52.8,0.0281831311861888,,0.1554,3.67699999999996
27.72,0.028213016045258,0,0.1075,3.6712
31.72,0.0282243570887562,0,0.1091,3.67129999999997
31.71,0.0282337288283964,0.204363247210231,0.1091,3.67129999999997
48.74,0.0282480832054561,0,0.1074,3.68090000000001
28.84,0.0282881697116891,0,0.1528,3.68689999999998
56.8,0.028355656768101,,0.1569,3.6671
13.84,0.0283825450642274,0,0.1503,3.68309999999997
18,0.0285039045476408,,0.2493,3.65879999999999
23.8,0.0286343813059793,,0.1519,3.67990000000003
14.05,0.0286636787793316,0.0363066703207494,0.2427,3.65610000000004
58,0.0286710713868603,,0.222,3.6592
39.81,0.0288234849741689,0.296515003255359,0.1492,3.6859
27.74,0.0288355254615442,0,0.1075,3.6712
19.82,0.0288546076280119,0,0.1612,3.67040000000003
48.7,0.0289504124789217,,0.1074,3.68090000000001
36.85,0.0290163864042934,0.0996549498192399,0.1501,3.68549999999999
43.93,0.0290223917574035,0.0886021405122937,0.1882,3.65999999999997
43.92,0.0290458297132571,0,0.1882,3.65999999999997
33.85,0.0290752689461358,0.0679106297710716,0.1562,3.66579999999999
25.82,0.0291233064987385,0,0.1486,3.6832
31.73,0.0291688951537454,0.120851275624122,0.1091,3.67129999999997
52.94,0.0292256351942843,0,0.198,3.67430000000002
27.75,0.0293283786467009,0.0790505064296665,0.1075,3.6712
39.82,0.0294921354411148,0,0.1492,3.6859
19.84,0.0295290213597835,0,0.1612,3.67040000000003
19.83,0.0295320733038631,0.10229312328818,0.1612,3.67040000000003
6.7,0.0295487901762178,,0.1433,3.79410000000001
39.7,0.0295722162383343,,0.1125,3.6721
15.85,0.0296602855615955,0.0648202914543972,0.1649,3.67720000000003
28.85,0.0296722158492724,0.104135046639741,0.1528,3.68689999999998
19.81,0.0296847722894852,0.167210887849498,0.1612,3.67040000000003
44.95,0.0297011582218395,0.0581056338425476,0.1894,3.66550000000001
9.71,0.0297188818282168,0.270108411625448,0.1176,3.6909
25.83,0.0297748533835643,0.154206349100922,0.1486,3.6832
21.8,0.0297989116139997,,0.1525,3.67759999999998
20,0.0298231696181857,,0.216,3.6474
27.71,0.0298427786373293,0.204304301017593,0.1075,3.6712
28.83,0.0298882079192921,0.171148633441014,0.1528,3.68689999999998
22.81,0.0299242102851191,0.223412548611607,0.1546,3.67740000000003
19,0.0299853289546704,,0.2651,3.66020000000003
49.91,0.0300271758986711,0.15008623884063,0.1986,3.67060000000004
45,0.0300772601128712,,0.2094,3.64979999999997
35.83,0.0301043147981106,0.150794249631408,0.15,3.68389999999999
43.91,0.0302214943971332,0.150084133890411,0.1882,3.65999999999997
20.8,0.0303942468857397,,0.1531,3.67680000000001
17.83,0.0304093431116179,0.163052107804,0.1512,3.68700000000001
58.95,0.0304246144062323,0.058071058231951,0.2035,3.6739
39.84,0.030470637438685,0,0.1492,3.6859
25.85,0.0305449389641572,0.0956779226149646,0.1486,3.6832
45.8,0.0305880968873253,,0.1558,3.6789
18.75,0.0306043950193564,0.0806853008429998,0.1117,3.67970000000003
33.8,0.0306142360424188,,0.1562,3.66579999999999
10.95,0.0307226615208916,0.0583951970192503,0.1891,3.66920000000005
17.81,0.0307645560555956,0.287818707522239,0.1512,3.68700000000001
58.85,0.0307748568195614,0.0768919856061137,0.1597,3.67910000000001
39.83,0.0307897629725048,0.168228670431444,0.1492,3.6859
49.93,0.0308015198521232,0.0896690303868497,0.1986,3.67060000000004
9.7,0.0308150696214034,,0.1176,3.6909
56.94,0.0309511758157918,0,0.1864,3.66320000000002
52.93,0.0310018583346057,0.0899821465348366,0.198,3.67430000000002
17.85,0.0310116064222805,0.0997257831710784,0.1512,3.68700000000001
17.82,0.031054648585835,0,0.1512,3.68700000000001
9.72,0.0310887959553087,0,0.1176,3.6909
49.92,0.0311236402482725,0,0.1986,3.67060000000004
56.95,0.0312266789151974,0.0576143124643057,0.1864,3.66320000000002
24.85,0.0312811635605485,0.0863085302468334,0.1552,3.67880000000002
40.7,0.0313037446447053,,0.1137,3.67360000000002
49.8,0.031399447925911,,0.1547,3.67439999999999
11.8,0.0316331787236141,,0.1563,3.68029999999999
58.8,0.0316853765359061,,0.1597,3.67910000000001
7.9,0.0317204831787636,,0.2428,3.71480000000003
28.82,0.0318764426713476,0,0.1528,3.68689999999998
52.92,0.0322008474564053,0,0.198,3.67430000000002
9.73,0.0322926395980225,0.152734594624128,0.1176,3.6909
19.94,0.0323495334244297,0,0.1958,3.66570000000002
52.91,0.032405423908332,0.150087246105197,0.198,3.67430000000002
22.82,0.0324104610126089,0,0.1546,3.67740000000003
22.83,0.0326351220509558,0.130541811635567,0.1546,3.67740000000003
17.84,0.0326655740474782,0,0.1512,3.68700000000001
22.84,0.0326987277750431,0,0.1546,3.67740000000003
19.92,0.0328924756801842,0,0.1958,3.66570000000002
12.84,0.0330543099253662,0,0.151,3.68440000000004
25.84,0.0331782800931486,0,0.1486,3.6832
19.91,0.0332442040060843,0.15008411972763,0.1958,3.66570000000002
19.93,0.0332576126134384,0.0886600255673774,0.1958,3.66570000000002
47.81,0.0333978108855173,0.272781739059519,0.1492,3.68180000000001
12.82,0.0334635789660962,0,0.151,3.68440000000004
49.94,0.0334708691921762,0,0.1986,3.67060000000004
57.93,0.0334778031159526,0.0884945438254136,0.2021,3.6771
57.94,0.0334985608784115,0,0.2021,3.6771
47.82,0.0335001099362112,0,0.1492,3.68180000000001
56.9,0.0335082700984136,,0.1864,3.66320000000002
14.85,0.033574214140141,0.103239471360868,0.1436,3.68970000000002
35.84,0.0335971094092496,0,0.15,3.68389999999999
47.83,0.033707511770627,0.155653039173685,0.1492,3.68180000000001
43.94,0.0338319949065808,0,0.1882,3.65999999999997
35.82,0.0338888323429298,0,0.15,3.68389999999999
46.8,0.0338896049663005,,0.1509,3.68059999999997
41.85,0.034150775191622,0.102965956488118,0.1508,3.67789999999997
57.92,0.0341601467250664,0,0.2021,3.6771
24.83,0.0342921856687821,0.135829926214073,0.1552,3.67880000000002
59.8,0.0343394495568056,,0.1558,3.68019999999996
57.91,0.0343634663712453,0.150084596830217,0.2021,3.6771
45.91,0.0344174363747704,0.150085816157686,0.2094,3.67329999999998
12.83,0.0344203373507756,0.153371373238366,0.151,3.68440000000004
12.81,0.0344317579925002,0.268525156544804,0.151,3.68440000000004
39.85,0.0347055596188793,0.102985796989922,0.1492,3.6859
41.83,0.0347245288836233,0.167973293821999,0.1508,3.67789999999997
35.81,0.0347290239058313,0.263254090059022,0.15,3.68389999999999
14.84,0.0347291824272996,0,0.1436,3.68970000000002
31.74,0.0347566698871828,0,0.1091,3.67129999999997
35.85,0.0347797118485005,0.0938886072300954,0.15,3.68389999999999
41.84,0.0349838407113098,0,0.1508,3.67789999999997
30.81,0.0351630722283003,0.285178439450584,0.153,3.67910000000001
24.81,0.0351664955304268,0.234229821650821,0.1552,3.67880000000002
7.84,0.0353414363896039,0,0.2139,3.72539999999998
14,0.0353870976154135,,0.2427,3.65610000000004
58.9,0.0354404463272912,,0.2035,3.6739
7.82,0.0355250039702286,0,0.2139,3.72539999999998
9.74,0.03563299857811,0,0.1176,3.6909
7.83,0.0356569057931896,0.101265927840982,0.2139,3.72539999999998
13.8,0.0356655366038886,,0.1503,3.68309999999997
51.84,0.0358042469399272,0,0.1584,3.68649999999997
24.84,0.0358439688409389,0,0.1552,3.67880000000002
17.8,0.0358487521367521,,0.1512,3.68700000000001
41.82,0.0358935605266985,0,0.1508,3.67789999999997
47.84,0.0359226670896114,0,0.1492,3.68180000000001
45.92,0.0359650570476026,0,0.2094,3.67329999999998
14.83,0.0360432713791156,0.169535048734209,0.1436,3.68970000000002
24.82,0.0360572617046435,0,0.1552,3.67880000000002
31.7,0.0361428430330735,,0.1091,3.67129999999997
7.81,0.0361894588799683,0.171483580701608,0.2139,3.72539999999998
27.7,0.0362059361626756,,0.1075,3.6712
28.81,0.0362545901356686,0.302897938259458,0.1528,3.68689999999998
30.82,0.0363353980230956,0,0.153,3.67910000000001
51.83,0.0364993695977776,0.167630932930718,0.1584,3.68649999999997
23.92,0.0366256404325996,0,0.2111,3.67630000000003
23.91,0.0366413682438166,0.150086529778002,0.2111,3.67630000000003
50.8,0.0368342656412039,,0.1501,3.68779999999998
51.85,0.0369449871474005,0.102217715031936,0.1584,3.68649999999997
30.83,0.0371198697270197,0.162316533646921,0.153,3.67910000000001
51.82,0.0374274536991356,0,0.1584,3.68649999999997
41.81,0.0376774180301572,0.295913204603186,0.1508,3.67789999999997
23.93,0.038255400344495,0.0902625927564152,0.2111,3.67630000000003
45.94,0.0383264137311428,0,0.2094,3.67329999999998
37.8,0.0385722055492004,,0.1477,3.68380000000002
30.85,0.0386110066533339,0.0999622448020884,0.153,3.67910000000001
29.85,0.0386824530517635,0.105937666888542,0.1573,3.68279999999999
51.81,0.0386916401083915,0.296363716126836,0.1584,3.68649999999997
48.75,0.0389176447005763,0.0910802598648947,0.1074,3.68090000000001
47.85,0.0389375099789013,0.0963163190899858,0.1492,3.68180000000001
45.93,0.0390088604708867,0.0890819188017746,0.2094,3.67329999999998
21.93,0.0391662365725747,0.0891776945332259,0.2093,3.67219999999998
9.75,0.0393629051537633,0.093503551908589,0.1176,3.6909
22.93,0.0394468298599819,0.088800999492497,0.2081,3.67189999999999
21.94,0.0396132508155888,0,0.2093,3.67219999999998
52.95,0.0397013137090216,0.0603669215968165,0.198,3.67430000000002
22.92,0.0397581265802151,0,0.2081,3.67189999999999
8.81,0.0397911406406983,0.298782241412646,0.1619,3.70980000000003
43.9,0.0398015511978645,,0.1882,3.65999999999997
26.85,0.0401043662102761,0.0960275224035897,0.1621,3.68120000000005
43.95,0.0401424657783231,0.058305276114033,0.1882,3.65999999999997
12.85,0.0401600459061459,0.0950738329988189,0.151,3.68440000000004
31.75,0.0402309687298378,0.0792404173846801,0.1091,3.67129999999997
26.83,0.0404532010448528,0.15492044493234,0.1621,3.68120000000005
29.83,0.0404763567271277,0.174638602040856,0.1573,3.68279999999999
49.9,0.040592932026164,,0.1986,3.67060000000004
29.93,0.0405962717718638,0.0902765135759479,0.2426,3.67490000000004
26.81,0.0407397096861229,0.271183983701206,0.1621,3.68120000000005
26.84,0.040768950839369,0,0.1621,3.68120000000005
26.82,0.0409306691665631,0,0.1621,3.68120000000005
29.91,0.0412650927436005,0.150085895236883,0.2426,3.67490000000004
29.84,0.0413105298868437,0,0.1573,3.68279999999999
22.8,0.041593292026174,,0.1546,3.67740000000003
22.91,0.0416252101245629,0.150084115050021,0.2081,3.67189999999999
19.9,0.0416321226447571,,0.1958,3.66570000000002
30.84,0.0417204613387577,0,0.153,3.67910000000001
34.8,0.0417219138565603,,0.1524,3.6814
46.91,0.041877028235865,0.150085899459701,0.2151,3.67479999999995
35.8,0.0420030646498205,,0.15,3.68389999999999
8.82,0.0422678271579883,0,0.1619,3.70980000000003
19.85,0.0422799869294747,0.0702130481243918,0.1612,3.67040000000003
24.8,0.0422830333124717,,0.1552,3.67880000000002
14.82,0.0423992015686224,0,0.1436,3.68970000000002
29.94,0.0425422725970142,0,0.2426,3.67490000000004
29.92,0.0426554306983931,0,0.2426,3.67490000000004
21.92,0.0428839964214805,0,0.2093,3.67219999999998
46.92,0.0429677060109464,0,0.2151,3.67479999999995
49.95,0.0431191415979355,0.0598941224107641,0.1986,3.67060000000004
36.93,0.0432579451067129,0.0898295143242294,0.2262,3.6789
57.95,0.0433279758661164,0.0580981365533671,0.2021,3.6771
11.91,0.0433363798773358,0.150085939695556,0.211,3.6746
45.9,0.0434693326114699,,0.2094,3.67329999999998
16.93,0.0436042372739684,0.089069664928434,0.2164,3.68130000000002
36.92,0.0437136436146902,0,0.2262,3.6789
8.83,0.0440700310835461,0.167523158054148,0.1619,3.70980000000003
46.93,0.0441612122941585,0.0895418702319403,0.2151,3.67479999999995
36.91,0.0442245257509273,0.150086076464504,0.2262,3.6789
16.92,0.044225193317473,0,0.2164,3.68130000000002
21.91,0.0443426981993888,0.150085289569758,0.2093,3.67219999999998
16.91,0.0443597157009333,0.150086052442204,0.2164,3.68130000000002
16.94,0.0444883393622389,0,0.2164,3.68130000000002
36.94,0.0445495703827768,0,0.2262,3.6789
25.8,0.0446039684968623,,0.1486,3.6832
27.81,0.0446868671608845,0.287710455473146,0.1576,3.68469999999996
29.95,0.0447874359780028,0.0607150932457752,0.2426,3.67490000000004
14.81,0.0448574955692721,0.299777258842714,0.1436,3.68970000000002
19.8,0.0448898455818338,,0.1612,3.67040000000003
8.84,0.0449833188224998,0,0.1619,3.70980000000003
7.01,0.0450368420477915,0.150090116921012,0.3458,3.76330000000002
23.95,0.0450499656731474,0.0607872632597292,0.2111,3.67630000000003
23.94,0.0450952104449719,0,0.2111,3.67630000000003
52.9,0.0451039138095551,,0.198,3.67430000000002
12.8,0.0451723092279808,,0.151,3.68440000000004
54.81,0.0452815814681307,0.309420829344094,0.1714,3.68940000000003
46.94,0.0453706437247578,0,0.2151,3.67479999999995
22.94,0.0456297535046587,0,0.2081,3.67189999999999
36.8,0.0456321788790025,,0.1501,3.68549999999999
11.92,0.0458972518674706,0,0.211,3.6746
41.93,0.046118947854629,0.0907934366543074,0.2315,3.673
41.92,0.0465198559656077,0,0.2315,3.673
7.02,0.0472197978403227,0,0.3458,3.76330000000002
29.81,0.0472210997192909,0.309651886769369,0.1573,3.68279999999999
53.8,0.0472796706100122,,0.1532,3.6891
8.85,0.047564204060418,0.1007386677595,0.1619,3.70980000000003
48.91,0.0476675222416092,0.150086227815086,0.2487,3.68309999999997
29.82,0.0477775252058616,0,0.1573,3.68279999999999
41.91,0.0481933674099935,0.150085616317722,0.2315,3.673
11.93,0.0482018826238408,0.0890564971750349,0.211,3.6746
48.92,0.0482135638661803,0,0.2487,3.68309999999997
19.95,0.0482430849422903,0.0583619009994659,0.1958,3.66570000000002
28.94,0.0484088440267496,0,0.2354,3.67959999999999
3.44,0.0484177401895849,0.191361628160908,0.0671,4.85719999999998
27.82,0.0484317320537109,0,0.1576,3.68469999999996
26.91,0.0488606927053682,0.150086654061173,0.2329,3.67380000000003
57.9,0.0489607960557311,,0.2021,3.6771
39.8,0.0489656790037059,,0.1492,3.6859
20.93,0.0490159620872664,0.089094604694111,0.2074,3.67140000000001
41.94,0.0491297409398623,0,0.2315,3.673
28.91,0.0492031912742146,0.150087608985492,0.2354,3.67959999999999
34.91,0.0492366632268262,0.150085437827848,0.2136,3.67560000000003
21.95,0.0492449981603132,0.0591242622903718,0.2093,3.67219999999998
18.85,0.0492541564949539,0.0973925052271924,0.1637,3.69159999999999
28.92,0.049332316222801,0,0.2354,3.67959999999999
40.83,0.0494506075620655,0.175810584769586,0.168,3.68619999999999
22.95,0.0495255388554151,0.0585351706485746,0.2081,3.67189999999999
20.92,0.0495501248158873,0,0.2074,3.67140000000001
48.94,0.0496872356494992,0,0.2487,3.68309999999997
7.04,0.0499216596396314,0,0.3458,3.76330000000002
7.03,0.0500687600083138,0.0746159105918959,0.3458,3.76330000000002
41.95,0.0500696478649269,0.0614828369658581,0.2315,3.673
27.83,0.0501375825308506,0.163656208666159,0.1576,3.68469999999996
28.93,0.050197342760894,0.0905892704122307,0.2354,3.67959999999999
48.93,0.0502006050358027,0.0908073017088455,0.2487,3.68309999999997
11.94,0.0502651913521282,0,0.211,3.6746
47.8,0.0502731483364812,,0.1492,3.68180000000001
26.92,0.0502784721243973,0,0.2329,3.67380000000003
3.43,0.0504136622380015,0,0.0671,4.85719999999998
20.91,0.0507183403184501,0.150085278092954,0.2074,3.67140000000001
54.82,0.0507813770039836,0,0.1714,3.68940000000003
54.83,0.0512424977922167,0.17418176558053,0.1714,3.68940000000003
3.41,0.0514438157630173,0,0.0671,4.85719999999998
40.82,0.0514654808815654,0,0.168,3.68619999999999
11.9,0.0516947254480481,,0.211,3.6746
40.81,0.0517923643624158,0.312244164641638,0.168,3.68619999999999
26.93,0.0518117064761858,0.0899251242302571,0.2329,3.67380000000003
23.9,0.0518731569986191,,0.2111,3.67630000000003
3.42,0.052056029180015,0.318337782927171,0.0671,4.85719999999998
40.84,0.0521680796937955,0,0.168,3.68619999999999
7.8,0.0522439868963542,,0.2139,3.72539999999998
39.94,0.0522632135807343,0,0.23,3.68110000000001
34.92,0.0525220222985651,0,0.2136,3.67560000000003
40.92,0.0527742509407578,0,0.2542,3.6771
41.8,0.0528213825662405,,0.1508,3.67789999999997
16.95,0.0528217558174611,0.0589541666900138,0.2164,3.68130000000002
12.94,0.0530062164209545,0,0.2204,3.67930000000001
50.91,0.0531900409642157,0.150087473917731,0.2222,3.68060000000003
40.94,0.0532001872863636,0,0.2542,3.6771
12.93,0.053243272465873,0.0899125560045883,0.2204,3.67930000000001
9.91,0.0532497653994377,0.15008534164402,0.2573,3.69080000000002
40.93,0.05336508799249,0.0897723939981356,0.2542,3.6771
53.92,0.0534481240368903,0,0.2244,3.68259999999998
21.9,0.0534937302011434,,0.2093,3.67219999999998
53.93,0.0535072107790439,0.0896254424078298,0.2244,3.68259999999998
9.93,0.0535250562569675,0.0900160697480141,0.2573,3.69080000000002
9.92,0.0535526254259758,0,0.2573,3.69080000000002
35.91,0.0535667986307039,0.150088738564961,0.2179,3.67989999999997
20.95,0.0535972294730897,0.059007617091389,0.2074,3.67140000000001
16.9,0.0538398412326402,,0.2164,3.68130000000002
27.84,0.0539257508584098,0,0.1576,3.68469999999996
40.85,0.0539810023488478,0.106364934936129,0.168,3.68619999999999
34.93,0.0540557727686243,0.0893184534440888,0.2136,3.67560000000003
51.8,0.054278813776026,,0.1584,3.68649999999997
12.92,0.0543725805824953,0,0.2204,3.67930000000001
6.84,0.0544359625494105,0.100447015812889,0.1849,3.80360000000002
7.85,0.0545639557952114,0.0663887510418302,0.2139,3.72539999999998
3.45,0.0547034569729766,0,0.0671,4.85719999999998
7,0.0547476673994236,,0.3458,3.76330000000002
12.91,0.0547526310483113,0.150085138809795,0.2204,3.67930000000001
47.94,0.0549386002182451,0,0.2205,3.67570000000001
30.8,0.0550040194349186,,0.153,3.67910000000001
26.94,0.0550134817864017,0,0.2329,3.67380000000003
40.91,0.0550214128009788,0.150083582654956,0.2542,3.6771
6.85,0.0551012434195775,0,0.1849,3.80360000000002
31.92,0.0551387670984049,0,0.2446,3.67840000000001
31.91,0.0552546993717017,0.150083609609139,0.2446,3.67840000000001
20.94,0.0554051698032423,0,0.2074,3.67140000000001
53.91,0.0554156613391377,0.150086562725726,0.2244,3.68259999999998
39.93,0.0555037452689125,0.0904682832304985,0.23,3.68110000000001
7.05,0.0557715480832075,0.0365608225079275,0.3458,3.76330000000002
50.92,0.0558188671555589,0,0.2222,3.68060000000003
50.93,0.0559689734155568,0.0899891858549211,0.2222,3.68060000000003
6.83,0.056068897986465,0,0.1849,3.80360000000002
31.93,0.0561527849742354,0.0905322448202956,0.2446,3.67840000000001
24.91,0.0562914149988796,0.15008611950728,0.2121,3.67310000000003
25.93,0.0563323562259025,0.0901996506559282,0.219,3.6771
31.85,0.0563665854077253,0.104904983951666,0.1592,3.68459999999999
46.95,0.056383434880658,0.0596615364351416,0.2151,3.67479999999995
27.85,0.0564569953493121,0.100531302814655,0.1576,3.68469999999996
30.93,0.056659666149274,0.0902506598906609,0.2295,3.67219999999998
46.9,0.0567680881053925,,0.2151,3.67479999999995
51.91,0.0570020750548122,0.150086386984671,0.2383,3.67790000000002
39.92,0.0570442287830332,0,0.23,3.68110000000001
30.92,0.0570606923803308,0,0.2295,3.67219999999998
26.8,0.0573894322626826,,0.1621,3.68120000000005
53.94,0.057421418987646,0,0.2244,3.68259999999998
34.94,0.0574242140091139,0,0.2136,3.67560000000003
3.92,0.0575991245470022,0.036460026117929,0.9319,4.65519999999998
47.93,0.057624723528233,0.0896696766137722,0.2205,3.67570000000001
54.85,0.0577903721172652,0.105356807142936,0.1714,3.68940000000003
3.4,0.0578676949585378,0.644114428036139,0.0671,4.85719999999998
45.95,0.0579071574028998,0.0589994140727057,0.2094,3.67329999999998
25.92,0.0579094253360476,0,0.219,3.6771
51.92,0.0580533041846897,0,0.2383,3.67790000000002
3.93,0.0581090758840578,0,0.9319,4.65519999999998
24.92,0.0582488193342738,0,0.2121,3.67310000000003
25.91,0.0583348976547822,0.150087671413705,0.219,3.6771
6.82,0.0586627777590995,0.170406543973699,0.1849,3.80360000000002
3.94,0.0591610463163212,0,0.9319,4.65519999999998
3.91,0.0592576334430037,0,0.9319,4.65519999999998
35.92,0.0593376118544694,0,0.2179,3.67989999999997
54.84,0.0593734979004963,0,0.1714,3.68940000000003
8.8,0.0594333739409386,,0.1619,3.70980000000003
30.91,0.0594511240274888,0.150086320473567,0.2295,3.67219999999998
18.84,0.0594523198538933,0,0.1637,3.69159999999999
31.94,0.0595753081688829,0,0.2446,3.67840000000001
35.94,0.0597440347060662,0,0.2179,3.67989999999997
27.94,0.0597512418173479,0,0.2396,3.67879999999997
35.93,0.0597604576148129,0.090767943700956,0.2179,3.67989999999997
24.93,0.0598992286204067,0.0892031664320965,0.2121,3.67310000000003
51.93,0.0599378112430046,0.090053147013729,0.2383,3.67790000000002
27.95,0.0600452046998027,0.0613085091382073,0.2396,3.67879999999997
54.93,0.0603686699293094,0.0901235510347417,0.2561,3.67910000000001
28.95,0.0604908963036684,0.0612314203345637,0.2354,3.67959999999999
28.9,0.0605545455562392,,0.2354,3.67959999999999
27.93,0.0607769172318491,0.0907365827756435,0.2396,3.67879999999997
36.95,0.0608427484850622,0.0600677443835482,0.2262,3.6789
25.94,0.0608944472605861,0,0.219,3.6771
37.91,0.0610013262398903,0.150086853368493,0.2281,3.6771
34.9,0.0610332983337138,,0.2136,3.67560000000003
30.94,0.0611498473465747,0,0.2295,3.67219999999998
28.8,0.0612396319559144,,0.1528,3.68689999999998
31.84,0.0612989473254318,0,0.1592,3.68459999999999
50.94,0.0613220990816163,0,0.2222,3.68060000000003
18.81,0.0613464503499021,0.277372595330538,0.1637,3.69159999999999
9.9,0.0613872895781792,,0.2573,3.69080000000002
11.95,0.061526611869893,0.0589579155669842,0.211,3.6746
47.92,0.0615629805936567,0,0.2205,3.67570000000001
18.82,0.0618313227873221,0,0.1637,3.69159999999999
8.93,0.0618599329878518,0.0903034563227543,0.2421,3.70370000000003
4.84,0.0618913455121678,0.121967832689382,0.5709,4.19170000000003
38.85,0.0619490612166479,0.105530656847436,0.1616,3.68309999999997
6.81,0.06195316893732,0,0.1849,3.80360000000002
9.95,0.0621998798464798,0.06022729913851,0.2573,3.69080000000002
39.91,0.0622405442056933,0.150084695656377,0.23,3.68110000000001
54.92,0.062325995098237,0,0.2561,3.67910000000001
54.91,0.0624489210848742,0.150086936678848,0.2561,3.67910000000001
4.83,0.0627654496479984,0,0.5709,4.19170000000003
8.94,0.0627942565396843,0,0.2421,3.70370000000003
35.9,0.0628588294913788,,0.2179,3.67989999999997
54.94,0.0628824506022604,0,0.2561,3.67910000000001
38.81,0.0629677370218141,0.307960576220199,0.1616,3.68309999999997
47.91,0.0630227947997648,0.150085782467433,0.2205,3.67570000000001
9.94,0.0630818074340563,0,0.2573,3.69080000000002
9.85,0.0631168892488692,0.0847568987656242,0.1869,3.70100000000002
14.91,0.0632079280541002,0.150089655515762,0.2271,3.68520000000001
18.91,0.0634440182884715,0.150086874446549,0.2432,3.68329999999997
18.93,0.0636410283423991,0.0905644237648711,0.2432,3.68329999999997
18.83,0.0637963606581353,0.158091185848549,0.1637,3.69159999999999
48.84,0.0639519927033862,0,0.1736,3.69220000000001
18.92,0.0640177181506987,0,0.2432,3.68329999999997
36.9,0.0640424990469464,,0.2262,3.6789
38.92,0.0642266567594295,0,0.2463,3.67469999999997
22.9,0.0643076930131255,,0.2081,3.67189999999999
8.92,0.0643899078129307,0,0.2421,3.70370000000003
12.95,0.0644597360355732,0.0601592978702179,0.2204,3.67930000000001
38.91,0.0644845338062401,0.150085322710942,0.2463,3.67469999999997
48.85,0.0645018212059758,0.090513764982391,0.1736,3.69220000000001
38.93,0.0648577265864474,0.0901616088218359,0.2463,3.67469999999997
27.92,0.0651627544969174,0,0.2396,3.67879999999997
25.95,0.0653023631715365,0.0606712568087496,0.219,3.6771
54.8,0.0654251585708903,,0.1714,3.68940000000003
31.82,0.065517405676408,0,0.1592,3.68459999999999
37.92,0.0655673463292852,0,0.2281,3.6771
8.91,0.0656935529216931,0.15008957968223,0.2421,3.70370000000003
31.83,0.0659301746030252,0.172258131068573,0.1592,3.68459999999999
38.82,0.0659517591524313,0,0.1616,3.68309999999997
39.95,0.0660512590871706,0.0609462684791413,0.23,3.68110000000001
6.94,0.0661123308004019,0,0.2809,3.79259999999999
47.95,0.066367484282173,0.0598385550556199,0.2205,3.67570000000001
27.91,0.0663755597670227,0.150083925434369,0.2396,3.67879999999997
51.94,0.0664673171292853,0,0.2383,3.67790000000002
37.93,0.0665218828486549,0.0902572687983085,0.2281,3.6771
31.81,0.0665958763631524,0.304543861490471,0.1592,3.68459999999999
50.95,0.0669688702673136,0.0603405483562667,0.2222,3.68060000000003
6.95,0.0674785339015573,0.0806526365255012,0.2809,3.79259999999999
24.95,0.0677426206223141,0.059190853457527,0.2121,3.67310000000003
53.95,0.0680050018217591,0.0597662299520097,0.2244,3.68259999999998
6.8,0.068139340487683,0.306642454175131,0.1849,3.80360000000002
38.83,0.0683532261462329,0.173796702642551,0.1616,3.68309999999997
13.92,0.0683847050077468,0,0.2207,3.67699999999996
48.83,0.0683940944146807,0.144313891869975,0.1736,3.69220000000001
13.91,0.0684003876838116,0.15008748346817,0.2207,3.67699999999996
48.95,0.06858451789338,0.06144861375539,0.2487,3.68309999999997
31.95,0.0685976416695074,0.0610004243362194,0.2446,3.67840000000001
29.8,0.0686001395673412,,0.1573,3.68279999999999
6.93,0.0686384723564638,0.137002908515237,0.2809,3.79259999999999
26.95,0.0690033770573323,0.060236207405107,0.2329,3.67380000000003
4.85,0.0695612294783144,0,0.5709,4.19170000000003
48.82,0.0697827886683958,0,0.1736,3.69220000000001
13.93,0.069964032565325,0.0899505958710336,0.2207,3.67699999999996
38.95,0.0701168521212241,0.060527755338882,0.2463,3.67469999999997
40.95,0.0701298836564237,0.0598868460019979,0.2542,3.6771
51.9,0.0702508992118061,,0.2383,3.67790000000002
14.92,0.0703641894919143,0,0.2271,3.68520000000001
4.82,0.0704300134939701,0.254331314295475,0.5709,4.19170000000003
24.94,0.0706059559008435,0,0.2121,3.67310000000003
14.93,0.0708386952186199,0.0915857058574429,0.2271,3.68520000000001
54.95,0.0709738643523985,0.0605031462333006,0.2561,3.67910000000001
30.95,0.0711059674502713,0.0607106390863153,0.2295,3.67219999999998
6.92,0.0713500286177536,0,0.2809,3.79259999999999
3.95,0.0715999012502401,0,0.9319,4.65519999999998
48.81,0.0716671548702489,0.250082993988237,0.1736,3.69220000000001
48.9,0.0718710738944131,,0.2487,3.68309999999997
37.9,0.0720242887959573,,0.2281,3.6771
12.9,0.0720940312118428,,0.2204,3.67930000000001
14.94,0.0722930459427269,0,0.2271,3.68520000000001
20.9,0.0723041071780056,,0.2074,3.67140000000001
25.9,0.0726456156372627,,0.219,3.6771
38.94,0.0731649525802326,0,0.2463,3.67469999999997
37.94,0.0736094982351901,0,0.2281,3.6771
9.84,0.0736111154670192,0,0.1869,3.70100000000002
17.91,0.0739407570688913,0.150087174429721,0.2274,3.68029999999999
34.95,0.0742380453945999,0.059316054568479,0.2136,3.67560000000003
4.95,0.0743919848474953,0.0391962030073012,0.6578,4.13909999999999
51.95,0.074392184761279,0.0603947040196779,0.2383,3.67790000000002
6.91,0.0750517117395867,0.24708428839339,0.2809,3.79259999999999
17.92,0.0751810603718994,0,0.2274,3.68029999999999
26.9,0.0754283080768313,,0.2329,3.67380000000003
38.84,0.0755315533106402,0,0.1616,3.68309999999997
17.93,0.0756592756161997,0.0898486427882039,0.2274,3.68029999999999
50.9,0.0757003615682309,,0.2222,3.68060000000003
31.9,0.0758346431240539,,0.2446,3.67840000000001
35.95,0.0763230195475181,0.0615351358716991,0.2179,3.67989999999997
9.83,0.0767996753260479,0.134606746422049,0.1869,3.70100000000002
14.9,0.076924884631689,,0.2271,3.68520000000001
41.9,0.0776083617378863,,0.2315,3.673
8.95,0.0776568753780306,0.0607709101556029,0.2421,3.70370000000003
18.94,0.0779984252815757,0,0.2432,3.68329999999997
40.9,0.0786867310149103,,0.2542,3.6771
14.8,0.0790511604530524,,0.1436,3.68970000000002
38.8,0.0796021265318876,,0.1616,3.68309999999997
13.94,0.0796232931817876,0,0.2207,3.67699999999996
27.8,0.080646690768416,,0.1576,3.68469999999996
4.91,0.0810171949338278,0.213283238604917,0.6578,4.13909999999999
4.81,0.0812971680222954,0,0.5709,4.19170000000003
30.9,0.0816887071684798,,0.2295,3.67219999999998
18.9,0.0817926009507597,,0.2432,3.68329999999997
9.82,0.0823500670608534,0,0.1869,3.70100000000002
18.95,0.0825779210841091,0.0611278715905781,0.2432,3.68329999999997
17.94,0.0834877055937809,0,0.2274,3.68029999999999
4.94,0.083712105245026,0,0.6578,4.13909999999999
29.9,0.0838326158229687,,0.2426,3.67490000000004
24.9,0.0839598584344767,,0.2121,3.67310000000003
13.9,0.0839745873065077,,0.2207,3.67699999999996
4.93,0.0849110709485039,0.0983350114439247,0.6578,4.13909999999999
4.92,0.0850067209612569,0,0.6578,4.13909999999999
37.95,0.0864634212354846,0.0607213109313065,0.2281,3.6771
53.9,0.0879301247545101,,0.2244,3.68259999999998
9.81,0.0901600764296438,0.232728821205643,0.1869,3.70100000000002
13.95,0.092791128625255,0.0603027984563789,0.2207,3.67699999999996
3.9,0.0933736464827327,0.124263779372953,0.9319,4.65519999999998
14.95,0.0940012947763397,0.0627304209767482,0.2271,3.68520000000001
8.9,0.0940468974155381,,0.2421,3.70370000000003
39.9,0.0953886797848476,,0.23,3.68110000000001
38.9,0.0974263932295237,,0.2463,3.67469999999997
17.9,0.0991542772048695,,0.2274,3.68029999999999
4.8,0.0997518338382691,0.499999999999469,0.5709,4.19170000000003
40.8,0.100093482055745,,0.168,3.68619999999999
3.84,0.100546485261226,0.126235223826294,0.8297,4.74250000000001
17.95,0.102722931212918,0.0601302338218574,0.2274,3.68029999999999
3.82,0.103191982034571,0.255983039432967,0.8297,4.74250000000001
3.83,0.10371335150917,0,0.8297,4.74250000000001
3.81,0.104510265638449,0,0.8297,4.74250000000001
31.8,0.104990672009433,,0.1592,3.68459999999999
4.9,0.107654892842797,,0.6578,4.13909999999999
27.9,0.114612217912318,,0.2396,3.67879999999997
47.9,0.115353026680707,,0.2205,3.67570000000001
6.9,0.118115096846867,,0.2809,3.79259999999999
18.8,0.119157014625298,,0.1637,3.69159999999999
54.9,0.125581515359327,,0.2561,3.67910000000001
3.51,0.12598242164069,0,0.2677,4.85579999999999
3.72,0.129499908742428,0.259718661315339,0.6864,4.80419999999998
3.8,0.129757335440387,0.498937597805879,0.8297,4.74250000000001
3.73,0.130859641422775,0,0.6864,4.80419999999998
3.71,0.130959110937897,0,0.6864,4.80419999999998
3.52,0.131478569292194,0.31784922413021,0.2677,4.85579999999999
3.74,0.131506452145831,0.1478410356097,0.6864,4.80419999999998
3.53,0.137962155704333,0,0.2677,4.85579999999999
3.64,0.139701075501405,0.198794465279881,0.4765,4.84090000000003
3.63,0.140467622267703,0,0.4765,4.84090000000003
3.62,0.140935774585329,0.326113194880283,0.4765,4.84090000000003
3.61,0.142509950677994,0,0.4765,4.84090000000003
3.54,0.158581395757353,0.193400842749308,0.2677,4.85579999999999
3.5,0.160359796219036,0.671397143600509,0.2677,4.85579999999999
9.8,0.163013026448617,,0.1869,3.70100000000002
3.85,0.168676634009581,0,0.8297,4.74250000000001
48.8,0.18195831163129,,0.1736,3.69220000000001
3.6,0.184034150888681,0.643715186907045,0.4765,4.84090000000003
3.7,0.192683923958101,0.471033282740421,0.6864,4.80419999999998
3.75,0.193511068088352,0,0.6864,4.80419999999998
3.55,0.222283762175871,0,0.2677,4.85579999999999
3.65,0.226624678851364,0,0.4765,4.84090000000003
