Sample time,accel,throttle,speed,separation
4.25,-0.111871228987552,0,0.5157,4.41159999999996
5.9,-0.105885115366991,,0.447,3.8073
8.05,-0.104504223257223,0,0.3943,3.55420000000004
36.1,-0.100893910652921,,0.2678,3.51669999999996
22.2,-0.0997952009556377,,0.2149,3.50110000000001
22.25,-0.0954185729097671,0,0.2149,3.50110000000001
16.1,-0.0934830861102504,0.100494973340924,0.3996,3.43020000000001
16.55,-0.0927952722981174,0,0.1676,3.3399
5.95,-0.0914721871365734,0,0.447,3.8073
22.3,-0.0895070383574075,,0.1293,3.48719999999997
4.2,-0.089480951272416,,0.5157,4.41159999999996
8.1,-0.0886993092651478,,0.3119,3.51779999999997
22.35,-0.0881649646880863,0,0.1293,3.48719999999997
14.3,-0.0871234022083743,,0.0572,3.44449999999995
20.1,-0.0855065200761838,,0.2495,3.49919999999997
4.1,-0.0853929714882452,,0.5815,4.46569999999997
4.24,-0.084851687040362,0,0.5157,4.41159999999996
36.15,-0.0847157030719283,0,0.2678,3.51669999999996
14.1,-0.0846565214568828,,0.2017,3.46549999999996
4.23,-0.0842435389067288,0.0578311680752856,0.5157,4.41159999999996
4.15,-0.0834909375455817,0,0.5815,4.46569999999997
24.1,-0.0832960418425897,,0.235,3.57190000000003
4.22,-0.0832775715440972,0,0.5157,4.41159999999996
28.3,-0.083238696505693,,0.1983,3.37059999999997
36.3,-0.0826731201757422,,0.124,3.48289999999997
13.9,-0.082629806469638,,0.37,3.52359999999999
5.85,-0.0823695119274534,0,0.5357,3.85629999999998
4.21,-0.0821196342504842,0.18727731196195,0.5157,4.41159999999996
15.9,-0.0816760362940407,0.325725463270811,0.5016,3.52629999999999
20.15,-0.0812700300421301,0,0.2495,3.49919999999997
25.95,-0.078903725046102,0,0.4636,3.58289999999999
8.04,-0.0779685293103936,0,0.3943,3.55420000000004
7.9,-0.0778193053719716,0.0637759851034336,0.4601,3.59730000000002
36.14,-0.0777364208279129,0,0.2678,3.51669999999996
16.5,-0.0775908446890999,,0.1676,3.3399
6.1,-0.0775655086669362,,0.298,3.73329999999999
7.8,-0.0768925891685633,,0.5446,3.64710000000002
24,-0.0768872611969877,,0.3199,3.60050000000001
24.05,-0.0768864993410687,0,0.3199,3.60050000000001
34.15,-0.0764802008646374,0,0.1876,3.47309999999999
20.4,-0.0762752161871218,,0.1097,3.45950000000005
34.35,-0.0762103842226879,0,0.0631,3.45389999999998
22.1,-0.0757732867638203,5.61585412424626E-05,0.3121,3.5274
12.3,-0.075289314275898,0.0233920017762336,0.2221,3.33230000000003
7.85,-0.0741488526676803,0,0.5446,3.64710000000002
5.8,-0.074136881814444,,0.5357,3.85629999999998
6.05,-0.0736646514919831,0,0.3666,3.76600000000002
22.45,-0.0735735879764178,0,0.0617,3.48739999999998
5.84,-0.0735079039275732,0,0.5357,3.85629999999998
28.15,-0.0734293722072098,0,0.3285,3.41969999999998
12.4,-0.0732171061665785,,0.1472,3.32370000000003
18.2,-0.0730580491929654,,0.2386,3.39850000000001
22.15,-0.0730303683635321,0,0.3121,3.5274
32.4,-0.0726514115426641,,0.134,3.33440000000002
28.35,-0.0724857614342685,0,0.1983,3.37059999999997
8.25,-0.0724554312728004,0,0.2466,3.49100000000004
5.94,-0.072278495815233,0,0.447,3.8073
22.4,-0.0710777799392341,,0.0617,3.48739999999998
14,-0.0710460965802863,0.125272581091185,0.29,3.49099999999999
8.2,-0.0709903971384878,,0.2466,3.49100000000004
18.05,-0.0707627407230746,0,0.3561,3.46039999999999
28.2,-0.070298235935333,0.041535854199711,0.263,3.39089999999999
16.35,-0.0700612682812967,0,0.2934,3.36150000000003
12.1,-0.0700328714617675,0.213822396326956,0.3662,3.39089999999999
34.25,-0.0697523183369751,0,0.1172,3.45829999999995
25.9,-0.0697481333665918,0.0809594853795483,0.4636,3.58289999999999
36.25,-0.0696400254459401,0,0.1895,3.49510000000004
20.05,-0.0695423869993686,0,0.3149,3.52769999999998
18,-0.0693849820282524,0.243281241044185,0.3561,3.46039999999999
20,-0.0690877946586599,0.0437523108827072,0.3149,3.52769999999998
16.3,-0.0689870799286544,,0.2934,3.36150000000003
32.55,-0.0689726051056457,0,0.0632,3.34179999999998
12.35,-0.0687120563675982,0,0.2221,3.33230000000003
6.15,-0.0686953869661548,0,0.298,3.73329999999999
34.2,-0.0686738473346001,,0.1172,3.45829999999995
14.25,-0.0685594761143923,0,0.1218,3.44979999999998
12.15,-0.068346978644598,0,0.3662,3.39089999999999
8.15,-0.0680323871427475,0,0.3119,3.51779999999997
14.2,-0.0674090748283721,,0.1218,3.44979999999998
24.15,-0.0671201218390458,0,0.235,3.57190000000003
5.91,-0.0670703911533046,0,0.447,3.8073
22.24,-0.0670451848696793,0,0.2149,3.50110000000001
24.2,-0.066953354661328,,0.1626,3.55349999999999
5.92,-0.0669453573234436,0,0.447,3.8073
22.21,-0.0669046808259238,0,0.2149,3.50110000000001
12.45,-0.0668606316309222,0,0.1472,3.32370000000003
20.45,-0.0665845552720493,0,0.1097,3.45950000000005
36.13,-0.0664426734331678,0,0.2678,3.51669999999996
5.93,-0.0664390505103899,0,0.447,3.8073
7.95,-0.0663127965348526,0,0.4601,3.59730000000002
6,-0.0659369575954528,,0.3666,3.76600000000002
34.1,-0.0656465298580375,,0.1876,3.47309999999999
26.45,-0.0648992089249851,0,0.2892,3.4006
22.23,-0.0647768957528957,0,0.2149,3.50110000000001
15.95,-0.0647705274971445,0,0.5016,3.52629999999999
32.45,-0.0647052010660611,0,0.134,3.33440000000002
18.25,-0.0645671528155949,0,0.2386,3.39850000000001
28.25,-0.0645151766067919,0,0.263,3.39089999999999
8.24,-0.0645083002887573,0,0.2466,3.49100000000004
7.93,-0.0645022700180356,0,0.4601,3.59730000000002
24.25,-0.0644893836221543,0,0.1626,3.55349999999999
16.51,-0.0642781256797893,0,0.1676,3.3399
7.94,-0.0642522616727549,0,0.4601,3.59730000000002
4.14,-0.064115622479728,0,0.5815,4.46569999999997
16.52,-0.0640275990451024,0,0.1676,3.3399
22.22,-0.0639720736621433,0,0.2149,3.50110000000001
16.53,-0.0637759226513719,0,0.1676,3.3399
16.15,-0.0637755296502787,0,0.3996,3.43020000000001
16.54,-0.0634340832134304,0,0.1676,3.3399
10,-0.0634134763284191,0.0804697251184327,0.3711,3.52790000000004
7.92,-0.0632602454239587,0,0.4601,3.59730000000002
36.12,-0.0631933500098297,0,0.2678,3.51669999999996
34,-0.0630748928501344,,0.2701,3.49589999999995
22.31,-0.062975438709734,0,0.1293,3.48719999999997
20.2,-0.0628748725804289,,0.1992,3.47699999999998
18.15,-0.0627130852032837,0,0.3039,3.42579999999998
26.4,-0.0626425369286796,0.178385788418149,0.2892,3.4006
12.2,-0.062546707178407,0.18683927538629,0.2942,3.35639999999995
16.65,-0.0623717699711151,0,0.1155,3.35310000000004
28.1,-0.0622999702402938,0.0471259273028863,0.3285,3.41969999999998
36,-0.062229060714246,0.0170674943400848,0.3567,3.54900000000003
32.1,-0.0621970222072755,0.211164315416468,0.356,3.399
26,-0.0618912583186361,0.115547236893898,0.4134,3.53770000000003
5.83,-0.0618904712793786,0,0.5357,3.85629999999998
15.8,-0.0618597897214138,0.0434259664772733,0.5715,3.58009999999996
34.13,-0.0618216653594725,0,0.1876,3.47309999999999
34.14,-0.061816805921035,0,0.1876,3.47309999999999
36.11,-0.061792153150645,0,0.2678,3.51669999999996
14.35,-0.0615756704414007,0,0.0572,3.44449999999995
8,-0.0613781929380158,0.0389313767189816,0.3943,3.55420000000004
7.84,-0.0612406773156009,0,0.5446,3.64710000000002
7.91,-0.0610251281477336,0,0.4601,3.59730000000002
14.15,-0.0606085521647487,0,0.2017,3.46549999999996
5.82,-0.0604573874905095,0,0.5357,3.85629999999998
6.25,-0.0604381908776877,0,0.2469,3.70769999999999
34.12,-0.0603705452242501,0,0.1876,3.47309999999999
5.7,-0.0603433384659056,,0.6105,3.91309999999999
18.6,-0.0599445616373096,,0.0704,3.39620000000002
4.05,-0.0599184610610538,0,0.6511,4.52669999999995
16.45,-0.0597493387782236,0,0.2334,3.34399999999999
4.12,-0.0596291725102897,0,0.5815,4.46569999999997
8.35,-0.0595804446875261,0,0.1905,3.47230000000002
12.34,-0.0595651559302337,0,0.2221,3.33230000000003
4.11,-0.0594528414291155,0,0.5815,4.46569999999997
4.13,-0.059303681528973,0,0.5815,4.46569999999997
14.05,-0.0592915149234083,0,0.29,3.49099999999999
22.32,-0.0592627035877933,0,0.1293,3.48719999999997
32.44,-0.0591739797361417,0,0.134,3.33440000000002
4.95,-0.0589075544641061,0.0391047838587515,0.3646,4.1814
12.25,-0.0584591223481996,0,0.2942,3.35639999999995
22.34,-0.0584192467363838,0,0.1293,3.48719999999997
22.33,-0.0584145893776398,0,0.1293,3.48719999999997
8.23,-0.0583961884537234,0,0.2466,3.49100000000004
24.35,-0.0583690441550424,0,0.1076,3.54369999999994
34.11,-0.0583463583908597,0,0.1876,3.47309999999999
8.11,-0.0582388104550272,0,0.3119,3.51779999999997
22.14,-0.0582072415346104,0,0.3121,3.5274
4.94,-0.0581604531355798,0,0.3646,4.1814
14.24,-0.0581300360618828,0,0.1218,3.44979999999998
36.2,-0.0580116836625644,,0.1895,3.49510000000004
24.11,-0.0579475536968178,0,0.235,3.57190000000003
10.05,-0.0578860003936922,0,0.3711,3.52790000000004
24.03,-0.0578323111981471,0,0.3199,3.60050000000001
4,-0.0577751183785256,,0.6511,4.52669999999995
20.13,-0.0577128577710358,0,0.2495,3.49919999999997
12.44,-0.05767604998109,0,0.1472,3.32370000000003
14.11,-0.0575462090611608,0,0.2017,3.46549999999996
28.4,-0.0573273366082699,,0.1473,3.36239999999998
33.95,-0.0573247458609872,0,0.3452,3.52730000000003
20.35,-0.0572577128761428,0,0.1619,3.46249999999998
13.95,-0.0572550066888221,0,0.37,3.52359999999999
26.05,-0.0572507812657195,0,0.4134,3.53770000000003
5.81,-0.0572111512658217,0,0.5357,3.85629999999998
14.12,-0.0571731871110761,0,0.2017,3.46549999999996
24.04,-0.0571212320195521,0,0.3199,3.60050000000001
6.04,-0.0570948287182439,0,0.3666,3.76600000000002
34.24,-0.0568481589166315,0,0.1172,3.45829999999995
20.11,-0.0567570689073683,0,0.2495,3.49919999999997
6.35,-0.0566423379449713,0,0.2052,3.68880000000001
26.5,-0.0563804752410078,0.167971269404765,0.2263,3.39060000000001
26.55,-0.0563198141898022,0,0.2263,3.39060000000001
20.12,-0.0563042360649277,0,0.2495,3.49919999999997
20.14,-0.0562454724142244,0,0.2495,3.49919999999997
8.22,-0.0561609671836681,0,0.2466,3.49100000000004
22.13,-0.0561323904066582,0,0.3121,3.5274
18.45,-0.0559176970974113,0,0.1454,3.37369999999999
15.85,-0.0558747422906439,0,0.5715,3.58009999999996
6.01,-0.0557090699076698,0,0.3666,3.76600000000002
4.9,-0.0556614787163866,,0.3646,4.1814
32.2,-0.0556455567305659,0.183379549184435,0.287,3.3655
24.02,-0.0555054125103275,0,0.3199,3.60050000000001
25.94,-0.0554919946103844,0,0.4636,3.58289999999999
8.12,-0.0554375840480701,0,0.3119,3.51779999999997
6.02,-0.0552042919022627,0,0.3666,3.76600000000002
22.12,-0.0547758954444204,0,0.3121,3.5274
24.01,-0.0546391954243545,0,0.3199,3.60050000000001
34.21,-0.0545716480035484,0,0.1172,3.45829999999995
14.14,-0.0545245688172803,0,0.2017,3.46549999999996
12.41,-0.0543158966911142,0,0.1472,3.32370000000003
33.9,-0.0542031047572894,,0.3452,3.52730000000003
22.43,-0.0541265604376934,0,0.0617,3.48739999999998
15.94,-0.0541248473906036,0,0.5016,3.52629999999999
22.42,-0.0541124083256039,0,0.0617,3.48739999999998
24.12,-0.0540382520019849,0,0.235,3.57190000000003
14.13,-0.0540320149393091,0,0.2017,3.46549999999996
12.42,-0.0539928072693149,0,0.1472,3.32370000000003
22.44,-0.0539918480264461,0,0.0617,3.48739999999998
32.3,-0.053950588051867,0.0085026003241632,0.2177,3.34199999999998
32.6,-0.0539093244622538,,0.0156,3.36439999999999
24.13,-0.053860805938815,0,0.235,3.57190000000003
34.22,-0.0537613796518826,0,0.1172,3.45829999999995
24.14,-0.053749184486389,0,0.235,3.57190000000003
15.93,-0.0536819549351272,0,0.5016,3.52629999999999
32.65,-0.0536432389790934,0.0201781796653514,0.0156,3.36439999999999
10.75,-0.053581939745362,0,0.1913,3.42959999999999
22.11,-0.0534669499447608,0,0.3121,3.5274
12.32,-0.0534527236186945,0,0.2221,3.33230000000003
12.33,-0.0534475276684942,0,0.2221,3.33230000000003
28.31,-0.0533448137256444,0,0.1983,3.37059999999997
6.03,-0.0533088266185254,0,0.3666,3.76600000000002
25.93,-0.0532675002966109,0,0.4636,3.58289999999999
22.41,-0.0532097275284642,0.0166354583875375,0.0617,3.48739999999998
8.03,-0.0531750077936391,0,0.3943,3.55420000000004
12.11,-0.0531558481831429,0,0.3662,3.39089999999999
22,-0.053141270388255,0.0314932921538884,0.3916,3.56270000000001
24.24,-0.0529746437044687,0,0.1626,3.55349999999999
32.5,-0.0529242170173481,,0.0632,3.34179999999998
24.3,-0.0528563356788203,,0.1076,3.54369999999994
12.31,-0.0528184366992988,0,0.2221,3.33230000000003
28.32,-0.052782553240322,0,0.1983,3.37059999999997
32.42,-0.0527220942068707,0,0.134,3.33440000000002
6.14,-0.0527164929599399,0,0.298,3.73329999999999
28.33,-0.0526214538932142,0,0.1983,3.37059999999997
7.83,-0.0525817565740342,0,0.5446,3.64710000000002
15.92,-0.0525734899159166,0.110397562335778,0.5016,3.52629999999999
14.31,-0.0525474588321539,0.0253415938387439,0.0572,3.44449999999995
16.11,-0.0525141458571098,0,0.3996,3.43020000000001
25.92,-0.0523446869093578,0,0.4636,3.58289999999999
25.8,-0.0522928490302159,,0.5396,3.63260000000002
32.43,-0.0522152912374431,0,0.134,3.33440000000002
16.6,-0.0521816632360175,,0.1155,3.35310000000004
14.34,-0.0521596248462366,0,0.0572,3.44449999999995
8.21,-0.0521180273065469,0,0.2466,3.49100000000004
8.13,-0.0520840748504663,0,0.3119,3.51779999999997
36.24,-0.0519366291338782,0,0.1895,3.49510000000004
32.41,-0.0518994197182266,0,0.134,3.33440000000002
12.43,-0.0518944396980359,0,0.1472,3.32370000000003
26.44,-0.0518795050125667,0,0.2892,3.4006
12.12,-0.0517918714034197,0.0423669995280476,0.3662,3.39089999999999
34.23,-0.0517811676405188,0,0.1172,3.45829999999995
14.23,-0.0517576989226055,0,0.1218,3.44979999999998
7.82,-0.0516524452998415,0,0.5446,3.64710000000002
16.75,-0.0515975713899649,0.0312366230279971,0.0718,3.38030000000003
14.32,-0.0514759764878431,0,0.0572,3.44449999999995
7.81,-0.0514759435169698,0,0.5446,3.64710000000002
18.1,-0.051465425406131,0.0458069819445467,0.3039,3.42579999999998
28.34,-0.0514557534111508,0,0.1983,3.37059999999997
6.13,-0.0510852976299329,0,0.298,3.73329999999999
16.7,-0.0510619863048045,,0.0718,3.38030000000003
32.15,-0.0510407177705254,0,0.356,3.399
7.6,-0.0509275095998922,,0.6679,3.75370000000004
12.14,-0.050923570283425,0,0.3662,3.39089999999999
8.01,-0.0508925488576223,0,0.3943,3.55420000000004
8.02,-0.0508898274262934,0,0.3943,3.55420000000004
11.95,-0.0508614527266421,0,0.479,3.47989999999999
34.3,-0.0508544049628081,,0.0631,3.45389999999998
14.22,-0.0507890417784998,0,0.1218,3.44979999999998
16.12,-0.0507665561846415,0,0.3996,3.43020000000001
14.33,-0.0506402241273295,0,0.0572,3.44449999999995
8.14,-0.0506286118431557,0,0.3119,3.51779999999997
6.12,-0.0506001681928414,0,0.298,3.73329999999999
16.34,-0.0505990940411678,0,0.2934,3.36150000000003
4.93,-0.0505040706693378,0.0987927938944297,0.3646,4.1814
16.33,-0.0503574204440001,0,0.2934,3.36150000000003
16.14,-0.0502532434135936,0,0.3996,3.43020000000001
12.13,-0.0501642452989223,0,0.3662,3.39089999999999
26.41,-0.0500913467720606,0,0.2892,3.4006
5.75,-0.0498854971679295,0,0.6105,3.91309999999999
35.9,-0.0498256335789818,,0.4234,3.58789999999999
20.25,-0.0498238214241012,0,0.1992,3.47699999999998
34.34,-0.0498204770132987,0,0.0631,3.45389999999998
15.91,-0.0497494302047964,0,0.5016,3.52629999999999
36.35,-0.04968988230783,0,0.124,3.48289999999997
26.6,-0.0495729745898825,,0.1664,3.39679999999998
16.32,-0.0495181661611431,0,0.2934,3.36150000000003
25.91,-0.049260948324754,0,0.4636,3.58289999999999
23.9,-0.0492393098717881,,0.3939,3.63569999999999
32.54,-0.049178292022516,0,0.0632,3.34179999999998
16.31,-0.0490735646661909,0,0.2934,3.36150000000003
6.11,-0.0490708281501821,0,0.298,3.73329999999999
20.41,-0.0490510216709943,0.0212074180672867,0.1097,3.45950000000005
16.13,-0.0490254791211957,0,0.3996,3.43020000000001
4.91,-0.0490162915174544,0.215917494028489,0.3646,4.1814
20.43,-0.0489919709998993,0,0.1097,3.45950000000005
6.3,-0.0488274805767647,,0.2052,3.68880000000001
20.42,-0.048821547044854,0,0.1097,3.45950000000005
26.65,-0.0487995854229874,0,0.1664,3.39679999999998
20.04,-0.0487814948548894,0,0.3149,3.52769999999998
13.94,-0.048551724137931,0,0.37,3.52359999999999
26.42,-0.0485443513807395,0.0336984494334573,0.2892,3.4006
28.11,-0.0484949388009923,0,0.3285,3.41969999999998
4.92,-0.0484185217764066,0,0.3646,4.1814
12.55,-0.0483343319379851,0,0.0857,3.32920000000001
28.45,-0.0483254046140917,0,0.1473,3.36239999999998
20.44,-0.0483084671835629,0,0.1097,3.45950000000005
26.43,-0.0482982899913636,0,0.2892,3.4006
8.3,-0.0482949938733414,,0.1905,3.47230000000002
20.03,-0.0482360013785199,0,0.3149,3.52769999999998
14.21,-0.0481673601044052,0,0.1218,3.44979999999998
28.13,-0.0480884540130169,0,0.3285,3.41969999999998
32,-0.0480678400127005,0.249344769491279,0.4217,3.43960000000004
4.01,-0.0480201765953967,0,0.6511,4.52669999999995
4.04,-0.0480053339425582,0,0.6511,4.52669999999995
24.22,-0.0479182619453386,0,0.1626,3.55349999999999
4.03,-0.0478466200245564,0,0.6511,4.52669999999995
20.02,-0.0478396761035743,0,0.3149,3.52769999999998
4.02,-0.0477967905766285,0,0.6511,4.52669999999995
19.95,-0.0477747344379967,0,0.3753,3.56169999999997
28.12,-0.0477651251678884,0,0.3285,3.41969999999998
24.21,-0.0477156443870392,0,0.1626,3.55349999999999
20.01,-0.0476822814982119,0,0.3149,3.52769999999998
33.94,-0.047679374434847,0,0.3452,3.52730000000003
32.35,-0.0476295865054681,0,0.2177,3.34199999999998
32.34,-0.0475571903382085,0,0.2177,3.34199999999998
18.22,-0.0475472848256957,0,0.2386,3.39850000000001
34.33,-0.0474967338856538,0,0.0631,3.45389999999998
24.23,-0.047479667653782,0,0.1626,3.55349999999999
36.21,-0.0474287881046046,0,0.1895,3.49510000000004
18.21,-0.047425599027551,0,0.2386,3.39850000000001
36.23,-0.0474144768532221,0,0.1895,3.49510000000004
36.22,-0.0473670854907707,0,0.1895,3.49510000000004
34.05,-0.0473384225246279,0,0.2701,3.49589999999995
18.04,-0.0472682682526758,0,0.3561,3.46039999999999
16.4,-0.0472640237993284,0.162020281999991,0.2334,3.34399999999999
10.04,-0.0472546583034711,0,0.3711,3.52790000000004
20.3,-0.0472164746288567,,0.1619,3.46249999999998
28.05,-0.0472146975532608,0,0.3848,3.45789999999999
10.02,-0.0472114991303727,0,0.3711,3.52790000000004
9.9,-0.047075259273614,,0.4342,3.56820000000005
35.95,-0.0470600580327112,0,0.4234,3.58789999999999
28.14,-0.0468784312137328,0,0.3285,3.41969999999998
18.65,-0.0465772196684505,0.00185881890435691,0.0704,3.39620000000002
10.1,-0.0465571391470137,,0.324,3.49280000000005
13.91,-0.0464156522508964,0,0.37,3.52359999999999
26.52,-0.046384605657823,0.0305884651503076,0.2263,3.39060000000001
18.23,-0.0463241089027693,0,0.2386,3.39850000000001
18.03,-0.0462694339477342,0,0.3561,3.46039999999999
19.9,-0.0462068315113265,,0.3753,3.56169999999997
18.01,-0.0461445274063606,0,0.3561,3.46039999999999
34.32,-0.0459752663143904,0,0.0631,3.45389999999998
13.92,-0.045938247634751,0,0.37,3.52359999999999
18.4,-0.0459321521644781,,0.1454,3.37369999999999
26.53,-0.0459079066465278,0,0.2263,3.39060000000001
10.01,-0.0458586094125516,0,0.3711,3.52790000000004
5.65,-0.0456581671043095,0,0.6774,3.97710000000001
22.55,-0.0456522884353741,0.0268947377994662,0.0281,3.50149999999996
18.02,-0.0456053138413544,0.0615980963979492,0.3561,3.46039999999999
27.9,-0.0455836958264163,0.0891353569943685,0.4211,3.49860000000001
12.24,-0.0455546369234204,0,0.2942,3.35639999999995
13.93,-0.0454646490526175,0,0.37,3.52359999999999
32.33,-0.0453963742907433,0,0.2177,3.34199999999998
18.24,-0.0453759043601868,0,0.2386,3.39850000000001
14.04,-0.0453397832085247,0,0.29,3.49099999999999
32.25,-0.0452730358170851,0,0.287,3.3655
36.05,-0.0452558788949389,0,0.3567,3.54900000000003
7.75,-0.044960089776825,0,0.6146,3.70240000000001
15.84,-0.0449289247101657,0,0.5715,3.58009999999996
14.03,-0.0448489132091007,0,0.29,3.49099999999999
26.54,-0.0448226646052431,0,0.2263,3.39060000000001
32.14,-0.0446466422235364,0,0.356,3.399
30,-0.0446269984846814,0.0699118765350005,0.3371,3.5224
10.03,-0.0446219103787105,0,0.3711,3.52790000000004
32.13,-0.0446050879425048,0,0.356,3.399
7.65,-0.0445840707777544,0,0.6679,3.75370000000004
34.31,-0.0445581329369326,0.0286241110285932,0.0631,3.45389999999998
14.01,-0.0444605638524396,0,0.29,3.49099999999999
36.4,-0.0444304637355845,,0.0719,3.4828
12.23,-0.0443670849849118,0,0.2942,3.35639999999995
32.32,-0.044319674553777,0,0.2177,3.34199999999998
18.5,-0.0442833624433552,,0.1163,3.37809999999996
12.22,-0.0442568106477831,0.0323538304778248,0.2942,3.35639999999995
28.23,-0.0442271174052961,0,0.263,3.39089999999999
26.51,-0.0442060525469169,0,0.2263,3.39060000000001
12.21,-0.0440155616253072,0,0.2942,3.35639999999995
28.24,-0.0439265061782087,0,0.263,3.39089999999999
28.21,-0.043862125164846,0,0.263,3.39089999999999
15.82,-0.0438137868040035,0,0.5715,3.58009999999996
16.25,-0.0437301452700355,0,0.3621,3.39269999999999
28.22,-0.0437024123850081,0,0.263,3.39089999999999
24.34,-0.0435530785322126,0,0.1076,3.54369999999994
7.7,-0.0435366615123956,,0.6146,3.70240000000001
32.31,-0.043527425734716,0,0.2177,3.34199999999998
33.91,-0.0433409498013582,0,0.3452,3.52730000000003
36.31,-0.0433326622449704,0.00535472267090738,0.124,3.48289999999997
32.53,-0.0433156189712135,0,0.0632,3.34179999999998
32.12,-0.0433036444637209,0.0428721257097512,0.356,3.399
14.02,-0.0432451515120271,0.00331381656481029,0.29,3.49099999999999
33.92,-0.043157414443927,0,0.3452,3.52730000000003
25.85,-0.0430811211136511,0,0.5396,3.63260000000002
32.52,-0.0430584234550358,0,0.0632,3.34179999999998
32.51,-0.0428201268352612,0,0.0632,3.34179999999998
16.05,-0.0426547235923405,0,0.4629,3.47609999999997
32.21,-0.0426471506377762,0,0.287,3.3655
15.81,-0.0425879541900151,0,0.5715,3.58009999999996
32.11,-0.0425117396650165,0,0.356,3.399
31.9,-0.0423476542687336,0.281554799897595,0.4679,3.48580000000004
18.3,-0.0423114383872432,,0.1888,3.38120000000004
12.5,-0.0423057689752955,,0.0857,3.32920000000001
24.31,-0.0422098832071111,0.0151695212599762,0.1076,3.54369999999994
26.03,-0.0420780754173253,0,0.4134,3.53770000000003
36.01,-0.0420549553609681,0,0.3567,3.54900000000003
26.01,-0.042033218838025,0,0.4134,3.53770000000003
15.83,-0.0420170772470274,0,0.5715,3.58009999999996
32.24,-0.0417532743934812,0,0.287,3.3655
26.02,-0.0417176648861133,0,0.4134,3.53770000000003
26.04,-0.0416900759138772,0,0.4134,3.53770000000003
5.64,-0.0416691416179019,0,0.6774,3.97710000000001
33.93,-0.0416225933297624,0,0.3452,3.52730000000003
36.02,-0.0415723171478331,0,0.3567,3.54900000000003
18.35,-0.0414434714079083,0,0.1888,3.38120000000004
31.95,-0.0414163827658768,0,0.4679,3.48580000000004
26.64,-0.0414100327339256,0,0.1664,3.39679999999998
32.61,-0.0411844161330781,0.180006358612214,0.0156,3.36439999999999
36.32,-0.0411067836756069,0,0.124,3.48289999999997
27.95,-0.0410444738561053,0,0.4211,3.49860000000001
9.95,-0.0406907977749498,0,0.4342,3.56820000000005
16.2,-0.0406564529928891,0.211441059945912,0.3621,3.39269999999999
24.32,-0.0406378984751543,0,0.1076,3.54369999999994
24.33,-0.0405742849403926,0,0.1076,3.54369999999994
36.03,-0.0405545189370822,0,0.3567,3.54900000000003
32.22,-0.0404340302703035,0.0324849300916986,0.287,3.3655
23.95,-0.0403996813852814,0,0.3939,3.63569999999999
5.6,-0.0403705575510013,,0.6774,3.97710000000001
36.33,-0.0400919546671103,0,0.124,3.48289999999997
32.62,-0.0400848221721619,0,0.0156,3.36439999999999
26.63,-0.0400740121575214,0,0.1664,3.39679999999998
10.15,-0.0400618348992227,0,0.324,3.49280000000005
12,-0.0399346943158177,0.252664073908491,0.4336,3.4325
22.05,-0.0399299195056991,0,0.3916,3.56270000000001
24.4,-0.0397547677945979,,0.0692,3.54449999999997
32.23,-0.0397380395366113,0,0.287,3.3655
17.9,-0.0397282238711568,,0.4134,3.5
26.62,-0.0396510879638398,0,0.1664,3.39679999999998
36.04,-0.0395713123340646,0,0.3567,3.54900000000003
20.21,-0.0395339080899163,0,0.1992,3.47699999999998
28.43,-0.0394283609847989,0,0.1473,3.36239999999998
30.25,-0.0393855594555261,0,0.2535,3.46350000000001
10.7,-0.0393608831972436,,0.1913,3.42959999999999
5.71,-0.0393460258540546,0,0.6105,3.91309999999999
34.01,-0.0392638446359902,0,0.2701,3.49589999999995
7.74,-0.0391531743198962,0,0.6146,3.70240000000001
28.55,-0.0391502858041036,0,0.1087,3.36700000000002
5.74,-0.0391057402594144,0,0.6105,3.91309999999999
28.44,-0.0390917920021638,0,0.1473,3.36239999999998
26.61,-0.0390115105929703,0,0.1664,3.39679999999998
20.5,-0.0389386936534153,,0.0744,3.46800000000002
32.64,-0.0389165429673033,0,0.0156,3.36439999999999
22.5,-0.0388981055583463,,0.0281,3.50149999999996
7.64,-0.0387107309721707,0,0.6679,3.75370000000004
28,-0.0386495254776827,0.241608515674858,0.3848,3.45789999999999
28.42,-0.0386390245840935,0,0.1473,3.36239999999998
36.34,-0.038606332954381,0,0.124,3.48289999999997
28.41,-0.0385319777788986,0,0.1473,3.36239999999998
5.72,-0.0384647143990996,0,0.6105,3.91309999999999
8.34,-0.0383786173611938,0,0.1905,3.47230000000002
30.1,-0.0381810637271555,,0.2886,3.49079999999998
18.61,-0.0381746452777062,0.121792789307165,0.0704,3.39620000000002
6.2,-0.038082746278416,,0.2469,3.70769999999999
20.34,-0.0380534286812315,0,0.1619,3.46249999999998
20.23,-0.0380099543102579,0,0.1992,3.47699999999998
20.24,-0.0379780691755743,0,0.1992,3.47699999999998
32.63,-0.0379569971120959,0.0731034210130525,0.0156,3.36439999999999
36.45,-0.0379011480832037,0,0.0719,3.4828
20.22,-0.0378758648720946,0,0.1992,3.47699999999998
18.13,-0.0378648767166879,0,0.3039,3.42579999999998
25.84,-0.0378179405666897,0,0.5396,3.63260000000002
17.95,-0.0376474312996851,0,0.4134,3.5
34.02,-0.0376267821379468,0,0.2701,3.49589999999995
18.14,-0.0376147496675635,0,0.3039,3.42579999999998
18.44,-0.037566460762503,0,0.1454,3.37369999999999
18.62,-0.0373421459287406,0,0.0704,3.39620000000002
18.12,-0.0372996609441841,0,0.3039,3.42579999999998
18.11,-0.0372202723061362,0,0.3039,3.42579999999998
25.81,-0.0370965694241182,0,0.5396,3.63260000000002
7.73,-0.036962346475492,0,0.6146,3.70240000000001
5.73,-0.0369450729753536,0,0.6105,3.91309999999999
6.33,-0.0369442289031163,0,0.2052,3.68880000000001
25.82,-0.0369023680356284,0,0.5396,3.63260000000002
8.31,-0.0368778854421185,0,0.1905,3.47230000000002
6.34,-0.0366701072202817,0,0.2052,3.68880000000001
12.05,-0.0365097603932794,0,0.4336,3.4325
7.71,-0.0364881028525355,0,0.6146,3.70240000000001
8.32,-0.0364198215076198,0,0.1905,3.47230000000002
7.72,-0.036278902722422,0,0.6146,3.70240000000001
16.64,-0.0362763412767582,0,0.1155,3.35310000000004
8.4,-0.0362460139210304,,0.152,3.46480000000003
16.41,-0.036062145516346,0,0.2334,3.34399999999999
16.44,-0.0360463394790819,0,0.2334,3.34399999999999
16.71,-0.0360022558582625,0.167989621368228,0.0718,3.38030000000003
16.72,-0.0359622044549784,0,0.0718,3.38030000000003
16.73,-0.0359436570576931,0.0760376076503051,0.0718,3.38030000000003
34.03,-0.0358812983654811,0,0.2701,3.49589999999995
20.33,-0.0358586943975209,0,0.1619,3.46249999999998
6.32,-0.0358187251663428,0,0.2052,3.68880000000001
7.63,-0.0357987902683577,0,0.6679,3.75370000000004
16.63,-0.0357537326199709,0,0.1155,3.35310000000004
16.74,-0.035675985721126,0,0.0718,3.38030000000003
16.62,-0.0356290405964825,0,0.1155,3.35310000000004
35.94,-0.0355827945773289,0,0.4234,3.58789999999999
16.61,-0.0355621292045508,0.00574402214681462,0.1155,3.35310000000004
6.31,-0.0355446602068024,0.053725564537055,0.2052,3.68880000000001
18.43,-0.0355156140265304,0,0.1454,3.37369999999999
6.24,-0.0355111447194451,0,0.2469,3.70769999999999
20.32,-0.0352892635491926,0,0.1619,3.46249999999998
18.63,-0.0352400584287927,0.0414343031236141,0.0704,3.39620000000002
18.64,-0.0351950262977486,0,0.0704,3.39620000000002
34.04,-0.0351948199098097,0,0.2701,3.49589999999995
25.83,-0.0350397830926309,0,0.5396,3.63260000000002
36.41,-0.0348599748588201,0.0349477629186997,0.0719,3.4828
7.62,-0.0348038572002011,0,0.6679,3.75370000000004
7.61,-0.0347725207141486,0.0128721898352383,0.6679,3.75370000000004
18.42,-0.0346651876819832,0,0.1454,3.37369999999999
28.04,-0.0345275182895578,0,0.3848,3.45789999999999
16,-0.0344446892606213,0.273080440890417,0.4629,3.47609999999997
10.74,-0.0343710594279583,0,0.1913,3.42959999999999
16.43,-0.034364330542219,0,0.2334,3.34399999999999
36.43,-0.0342315464434307,0,0.0719,3.4828
16.42,-0.0342158006153612,0.0261229730927961,0.2334,3.34399999999999
4.3,-0.0342054877389037,,0.4955,4.36319999999995
27.94,-0.0341881434265546,0,0.4211,3.49860000000001
10.73,-0.0341729113350852,0.0121923471656205,0.1913,3.42959999999999
12.53,-0.0341669255293926,0,0.0857,3.32920000000001
12.6,-0.0341070534969667,,0.0466,3.34910000000002
22.01,-0.0340845596333321,0,0.3916,3.56270000000001
12.52,-0.034075212053881,0,0.0857,3.32920000000001
36.42,-0.0340328515873819,0,0.0719,3.4828
5.63,-0.0340173332331077,0,0.6774,3.97710000000001
20.31,-0.0340136620321553,0.00328386215199874,0.1619,3.46249999999998
22.02,-0.0339684505781754,0,0.3916,3.56270000000001
8.33,-0.0339674667074718,0,0.1905,3.47230000000002
30.15,-0.0339596511612378,0,0.2886,3.49079999999998
6.21,-0.033913020715321,0,0.2469,3.70769999999999
12.54,-0.0338150553534559,0,0.0857,3.32920000000001
4.31,-0.0338024954617451,0.200407344102017,0.4955,4.36319999999995
18.41,-0.0336658239890513,0,0.1454,3.37369999999999
4.34,-0.033584225530768,0,0.4955,4.36319999999995
6.22,-0.0335463966204572,0,0.2469,3.70769999999999
28.5,-0.0332464970870836,,0.1087,3.36700000000002
12.51,-0.0332330602022201,0,0.0857,3.32920000000001
10.72,-0.0330615846970052,0,0.1913,3.42959999999999
30.05,-0.0330535907961967,0,0.3371,3.5224
10.71,-0.0329941291714762,0.0693471776133249,0.1913,3.42959999999999
6.23,-0.0329911929254758,0,0.2469,3.70769999999999
11.94,-0.0329752923424108,0,0.479,3.47989999999999
19.94,-0.0329693814721072,0,0.3753,3.56169999999997
9.94,-0.032903123739578,0,0.4342,3.56820000000005
22.04,-0.032841377957194,0,0.3916,3.56270000000001
16.04,-0.0327713739907816,0,0.4629,3.47609999999997
36.44,-0.0325836518139783,0,0.0719,3.4828
22.03,-0.0324845403903499,0,0.3916,3.56270000000001
5.62,-0.032432978701334,0,0.6774,3.97710000000001
9.91,-0.0322663768083858,0,0.4342,3.56820000000005
24.45,-0.0320110969865366,0.00112488381661011,0.0692,3.54449999999997
35.93,-0.0319640932230841,0,0.4234,3.58789999999999
4.32,-0.0319450348200181,0,0.4955,4.36319999999995
11.9,-0.0319325994758161,0.282335584298741,0.479,3.47989999999999
18.34,-0.0318794425578481,0,0.1888,3.38120000000004
5.5,-0.03182493197579,,0.7184,4.04109999999997
9.92,-0.0317404320557491,0,0.4342,3.56820000000005
5.61,-0.0317174793703959,0,0.6774,3.97710000000001
32.05,-0.0317168328480307,0,0.4217,3.43960000000004
28.6,-0.03155778468383,,0.0742,3.38549999999998
35.91,-0.0315467860658345,0,0.4234,3.58789999999999
35.92,-0.031533574319074,0,0.4234,3.58789999999999
9.93,-0.0311626361542039,0,0.4342,3.56820000000005
16.21,-0.0310910891519681,0,0.3621,3.39269999999999
23.91,-0.031076548632415,0,0.3939,3.63569999999999
28.01,-0.0310332655677693,0,0.3848,3.45789999999999
19.91,-0.0310119296547029,0,0.3753,3.56169999999997
19.92,-0.030988197156219,0,0.3753,3.56169999999997
4.33,-0.0309247843019882,0.0690329464174612,0.4955,4.36319999999995
27.91,-0.0309139480419453,0,0.4211,3.49860000000001
8.45,-0.0308742577343043,0,0.152,3.46480000000003
27.92,-0.0308190558766152,0,0.4211,3.49860000000001
27.93,-0.0307948444033289,0,0.4211,3.49860000000001
16.24,-0.0307305035900943,0,0.3621,3.39269999999999
19.93,-0.030622331966509,0,0.3753,3.56169999999997
28.65,-0.0305673062339325,0.00393013807553932,0.0742,3.38549999999998
18.32,-0.0302555776659864,0,0.1888,3.38120000000004
18.33,-0.030253824768653,0,0.1888,3.38120000000004
16.22,-0.0302527952114513,0.043250034335552,0.3621,3.39269999999999
20.55,-0.030184076327163,0,0.0744,3.46800000000002
31.85,-0.0300824089713723,0,0.5137,3.53460000000001
18.55,-0.0299903794308292,0,0.1163,3.37809999999996
28.02,-0.0299583710863098,0.0594262411014347,0.3848,3.45789999999999
28.03,-0.02989578133836,0,0.3848,3.45789999999999
4.85,-0.0298562829037946,0.00856443559064584,0.3988,4.18760000000003
18.31,-0.0298549589572879,0,0.1888,3.38120000000004
35.8,-0.0294257266805335,,0.4681,3.63190000000003
4.8,-0.0293794967052353,,0.3988,4.18760000000003
16.23,-0.0293298673981431,0,0.3621,3.39269999999999
30.01,-0.0292402933084984,0,0.3371,3.5224
17.94,-0.0292102991463655,0,0.4134,3.5
23.92,-0.0291227935933343,0,0.3939,3.63569999999999
32.01,-0.0290261078647982,0,0.4217,3.43960000000004
22.54,-0.0289748827876032,0,0.0281,3.50149999999996
30.2,-0.0289669857585286,,0.2535,3.46350000000001
10.12,-0.0288892214236098,0,0.324,3.49280000000005
10.13,-0.0288393722107949,0,0.324,3.49280000000005
11.93,-0.0287255119107024,0,0.479,3.47989999999999
10.14,-0.0287187964232289,0,0.324,3.49280000000005
23.93,-0.0286925585506645,0,0.3939,3.63569999999999
12.01,-0.0286495312777398,0,0.4336,3.4325
4.84,-0.0284752848881066,0,0.3988,4.18760000000003
31.91,-0.0284606472641504,0,0.4679,3.48580000000004
23.94,-0.0283476395006227,0,0.3939,3.63569999999999
31.92,-0.0283091120388696,0.0798292823155268,0.4679,3.48580000000004
10.25,-0.028259410746107,0,0.2919,3.46170000000001
28.54,-0.0282257103755115,0,0.1087,3.36700000000002
30.02,-0.0281903631977502,0,0.3371,3.5224
17.92,-0.0281508605608523,0,0.4134,3.5
17.93,-0.02799826328973,0,0.4134,3.5
26.75,-0.0278936826596357,0.0278806628508479,0.1353,3.41839999999996
12.04,-0.0278932152106404,0,0.4336,3.4325
26.1,-0.0278608395993899,,0.3837,3.4973
11.92,-0.0278507146011378,0.0843783299921062,0.479,3.47989999999999
31.94,-0.0278161034688476,0,0.4679,3.48580000000004
26.15,-0.0277999073416976,0,0.3837,3.4973
31.93,-0.0277559378183242,0,0.4679,3.48580000000004
30.04,-0.0276923320546792,0,0.3371,3.5224
32.02,-0.0276423644606242,0.0579294544475816,0.4217,3.43960000000004
10.11,-0.027626288082832,0,0.324,3.49280000000005
30.11,-0.0276256956883685,0,0.2886,3.49079999999998
8.42,-0.0275822748616024,0,0.152,3.46480000000003
16.01,-0.0275191135268199,0,0.4629,3.47609999999997
24.44,-0.027514392342634,0,0.0692,3.54449999999997
12.03,-0.0275018849961149,0,0.4336,3.4325
4.35,-0.0274806170452924,0.00208410571164708,0.4955,4.36319999999995
16.03,-0.0274602677349448,0,0.4629,3.47609999999997
11.91,-0.0273924337133158,0,0.479,3.47989999999999
16.02,-0.0273700693527582,0.0678275154330627,0.4629,3.47609999999997
33.8,-0.0273614103420843,,0.398,3.56380000000001
30.12,-0.0273480029146288,0,0.2886,3.49079999999998
30.13,-0.0273127527880192,0,0.2886,3.49079999999998
32.03,-0.0272874017684011,0,0.4217,3.43960000000004
30.03,-0.027272314543022,0,0.3371,3.5224
24.42,-0.0272387803021847,0,0.0692,3.54449999999997
28.53,-0.0271795467617082,0,0.1087,3.36700000000002
17.91,-0.0270972107988897,0,0.4134,3.5
24.41,-0.0270803178456975,0.143627957064654,0.0692,3.54449999999997
8.55,-0.0269745816906968,0,0.1243,3.46850000000001
12.02,-0.0269406172725974,0.0582996610959499,0.4336,3.4325
22.51,-0.0269149085575469,0.186386104232795,0.0281,3.50149999999996
28.52,-0.0269013514470057,0,0.1087,3.36700000000002
30.14,-0.0268589809302368,0,0.2886,3.49079999999998
22.52,-0.0268155042441333,0,0.0281,3.50149999999996
10.2,-0.0268034923314593,,0.2919,3.46170000000001
22.53,-0.0267869613331078,0.0795402849854119,0.0281,3.50149999999996
30.24,-0.0266887720125159,0,0.2535,3.46350000000001
28.51,-0.0265626040846327,0.0172916379439303,0.1087,3.36700000000002
24.43,-0.0265024153438326,0.0483953969950222,0.0692,3.54449999999997
8.43,-0.0264448046535317,0,0.152,3.46480000000003
32.04,-0.0263897964692279,0,0.4217,3.43960000000004
8.41,-0.0261432276092521,0,0.152,3.46480000000003
35.85,-0.025941682990824,0,0.4681,3.63190000000003
30.23,-0.0256008636331229,0,0.2535,3.46350000000001
21.9,-0.0255893082356319,,0.443,3.60430000000002
8.44,-0.0254263483085915,0,0.152,3.46480000000003
34.45,-0.0252388224402888,0,0.0384,3.45850000000001
20.51,-0.0251366142573135,0.0426387035404892,0.0744,3.46800000000002
26.7,-0.0247420116385818,,0.1353,3.41839999999996
12.61,-0.0247375418621945,0.12412076199941,0.0466,3.34910000000002
10.8,-0.024683648415298,,0.1685,3.45830000000001
8.5,-0.024609715504587,,0.1243,3.46850000000001
20.54,-0.0246063195121911,0,0.0744,3.46800000000002
9.85,-0.0245517185595922,0,0.4759,3.61320000000001
20.52,-0.0244926305202282,0,0.0744,3.46800000000002
31.8,-0.0243400728764608,,0.5137,3.53460000000001
21.95,-0.0243257969926736,0,0.443,3.60430000000002
29.95,-0.0240945470402102,0,0.3892,3.55930000000001
30.22,-0.0240079434585642,0,0.2535,3.46350000000001
18.51,-0.0238866799746366,0.00251207471793244,0.1163,3.37809999999996
10.85,-0.0238009047467346,0.0403988268117268,0.1685,3.45830000000001
12.62,-0.0237713400444995,0,0.0466,3.34910000000002
20.53,-0.0236835554702434,0,0.0744,3.46800000000002
4.82,-0.0234894866364141,0,0.3988,4.18760000000003
4.81,-0.0234849942624877,0.150086180977681,0.3988,4.18760000000003
4.83,-0.0234803954191826,0.0560500168745683,0.3988,4.18760000000003
30.35,-0.0231134970278425,0,0.2291,3.4436
30.3,-0.023095605830488,,0.2291,3.4436
28.63,-0.0230711998010217,0.0450905032595714,0.0742,3.38549999999998
26.74,-0.0230628617902853,0,0.1353,3.41839999999996
14.4,-0.0229794983209043,,0.0294,3.44979999999998
4.65,-0.0229674760645417,0,0.4438,4.23259999999999
28.64,-0.0229525222580169,0,0.0742,3.38549999999998
4.4,-0.0226649213031181,,0.475,4.31659999999999
4.6,-0.0226567010394185,,0.4438,4.23259999999999
30.21,-0.0225079952727423,0,0.2535,3.46350000000001
18.54,-0.0224151397293381,0,0.1163,3.37809999999996
35.84,-0.02234718103904,0,0.4681,3.63190000000003
29.9,-0.0222186226935624,,0.3892,3.55930000000001
28.62,-0.0217951886059248,0,0.0742,3.38549999999998
18.52,-0.021634532937231,0,0.1163,3.37809999999996
18.53,-0.0215604309463119,0,0.1163,3.37809999999996
28.61,-0.0215020919084541,0.128734868535208,0.0742,3.38549999999998
9.8,-0.0213065657463616,,0.4759,3.61320000000001
4.44,-0.0211986558417384,0,0.475,4.31659999999999
26.13,-0.021104292290047,0,0.3837,3.4973
9.83,-0.0209064723621279,0,0.4759,3.61320000000001
26.14,-0.0208966578989747,0,0.3837,3.4973
9.84,-0.020889670472965,0,0.4759,3.61320000000001
10.23,-0.0208108678797322,0,0.2919,3.46170000000001
26.71,-0.0207393855908624,0.206109805309501,0.1353,3.41839999999996
26.11,-0.0207289839088111,0,0.3837,3.4973
26.12,-0.0207195369446329,0,0.3837,3.4973
35.83,-0.0206629081665053,0,0.4681,3.63190000000003
10.24,-0.0206616594744241,0,0.2919,3.46170000000001
26.73,-0.0206393002664506,0.0871769269642485,0.1353,3.41839999999996
29.94,-0.0205973684619972,0,0.3892,3.55930000000001
4.41,-0.0205389006201091,0.144512494188756,0.475,4.31659999999999
26.72,-0.0204658939668982,0,0.1353,3.41839999999996
10.22,-0.0204031554636876,0,0.2919,3.46170000000001
10.21,-0.0202663336639878,0,0.2919,3.46170000000001
4.45,-0.0200108992231464,0,0.475,4.31659999999999
4.42,-0.0199441529040639,0,0.475,4.31659999999999
29.93,-0.0199103259130909,0,0.3892,3.55930000000001
34.4,-0.019813739810965,,0.0384,3.45850000000001
27.85,-0.0197269653779857,0,0.4611,3.54219999999998
29.92,-0.0196340097824441,0,0.3892,3.55930000000001
35.82,-0.0196024139038995,0,0.4681,3.63190000000003
35.81,-0.019572934440424,0,0.4681,3.63190000000003
9.82,-0.0194974259718636,0,0.4759,3.61320000000001
4.43,-0.0194843861108153,0.0449008121151507,0.475,4.31659999999999
5.51,-0.0193805149366,0.0291336099172899,0.7184,4.04109999999997
29.91,-0.0192421696900508,0,0.3892,3.55930000000001
10.81,-0.0190847268910078,0.204749307558039,0.1685,3.45830000000001
10.83,-0.0190824038647651,0.095098743468507,0.1685,3.45830000000001
23.85,-0.0190551804904315,0,0.4473,3.67689999999999
8.54,-0.0190079382229275,0,0.1243,3.46850000000001
10.82,-0.0189149729715831,0,0.1685,3.45830000000001
8.52,-0.0188978709478033,0,0.1243,3.46850000000001
27.8,-0.0188108788218195,,0.4611,3.54219999999998
5.55,-0.0186562761320167,0,0.7184,4.04109999999997
8.51,-0.018616529072348,0.0426145592593777,0.1243,3.46850000000001
10.84,-0.0185956775172092,0,0.1685,3.45830000000001
21.92,-0.0185450803264751,0,0.443,3.60430000000002
10.35,-0.0181883493739527,0,0.2713,3.43670000000003
21.91,-0.018132831841669,0,0.443,3.60430000000002
21.93,-0.0181162463814374,0,0.443,3.60430000000002
31.84,-0.0180859670480641,0,0.5137,3.53460000000001
31.81,-0.0180538619596589,0,0.5137,3.53460000000001
9.81,-0.0180492623787747,0,0.4759,3.61320000000001
10.3,-0.0180368161825336,,0.2713,3.43670000000003
31.82,-0.0180065466707711,0,0.5137,3.53460000000001
5.53,-0.0179418150418514,0,0.7184,4.04109999999997
21.94,-0.0179319829616007,0,0.443,3.60430000000002
31.83,-0.0178810447748862,0,0.5137,3.53460000000001
33.85,-0.0178132521222103,0,0.398,3.56380000000001
5.52,-0.0177941122729057,0,0.7184,4.04109999999997
5.54,-0.0177898998427707,0,0.7184,4.04109999999997
27.84,-0.0177301120536831,0,0.4611,3.54219999999998
27.83,-0.0175638945612162,0,0.4611,3.54219999999998
30.31,-0.0174809831887702,0,0.2291,3.4436
8.53,-0.0174809734871453,0,0.1243,3.46850000000001
30.45,-0.0171403196298537,0,0.2114,3.43080000000003
34.44,-0.0169147527996878,0,0.0384,3.45850000000001
34.43,-0.0167024808508649,0.0288895819819511,0.0384,3.45850000000001
30.4,-0.0165832389495975,,0.2114,3.43080000000003
14.45,-0.0164824528256546,0,0.0294,3.44979999999998
33.84,-0.0164286350905741,0,0.398,3.56380000000001
19.7,-0.0163467032782093,,0.4047,3.63960000000003
34.42,-0.016329381071347,0,0.0384,3.45850000000001
27.82,-0.0162233787294882,0,0.4611,3.54219999999998
4.63,-0.0162023030685177,0.0493353227228083,0.4438,4.23259999999999
34.41,-0.0161523615658541,0.10405659907493,0.0384,3.45850000000001
4.62,-0.0161126799461837,0,0.4438,4.23259999999999
4.64,-0.0160644169298757,0,0.4438,4.23259999999999
4.7,-0.0159756548811791,,0.4231,4.20439999999996
4.61,-0.0159231361092811,0.151153722801409,0.4438,4.23259999999999
6.55,-0.0158918270861157,0.021393894453623,0.1779,3.6782
30.33,-0.0158327533308168,0,0.2291,3.4436
30.5,-0.0157792703359204,,0.1987,3.42760000000004
30.32,-0.0157411393678382,0,0.2291,3.4436
9.7,-0.0157172914951211,,0.4979,3.65910000000002
23.8,-0.0155700204170018,,0.4473,3.67689999999999
30.34,-0.0155450302573699,0,0.2291,3.4436
4.75,-0.0154871305439808,0.00644319449462603,0.4231,4.20439999999996
27.81,-0.0153465922113051,0,0.4611,3.54219999999998
33.81,-0.0152634988335643,0,0.398,3.56380000000001
33.83,-0.0150598319450384,0,0.398,3.56380000000001
33.82,-0.0149698337328002,0,0.398,3.56380000000001
35.75,-0.014950977594641,0,0.4937,3.67720000000003
10.34,-0.0148048125124226,0,0.2713,3.43670000000003
14.41,-0.0144940397772474,0.0640171308457302,0.0294,3.44979999999998
35.7,-0.0143934132902254,,0.4937,3.67720000000003
23.84,-0.0143791622772954,0,0.4473,3.67689999999999
11.8,-0.014264155576843,,0.5199,3.52959999999996
33.75,-0.0139194836753951,0,0.4226,3.60210000000001
10.31,-0.0138022540431052,0,0.2713,3.43670000000003
21.8,-0.0137665949168065,,0.4702,3.64929999999998
14.42,-0.0137576413648425,0,0.0294,3.44979999999998
10.32,-0.0136499037743033,0,0.2713,3.43670000000003
10.33,-0.01364587247188,0,0.2713,3.43670000000003
33.7,-0.0136394171835717,,0.4226,3.60210000000001
17.85,-0.0135004686518278,0,0.4441,3.54230000000001
11.85,-0.0133977550443603,0,0.5199,3.52959999999996
14.44,-0.0133523482737811,0,0.0294,3.44979999999998
14.43,-0.0132611280670189,0.0071437861613878,0.0294,3.44979999999998
23.83,-0.0131373571276658,0,0.4473,3.67689999999999
30.41,-0.0130619306323599,0,0.2114,3.43080000000003
30.55,-0.0130481238487165,0,0.1987,3.42760000000004
33.74,-0.0130263926204052,0,0.4226,3.60210000000001
30.42,-0.0129796719729354,0,0.2114,3.43080000000003
30.44,-0.0127928447506367,0,0.2114,3.43080000000003
30.43,-0.0127742661770728,0,0.2114,3.43080000000003
23.82,-0.0127234352740265,0,0.4473,3.67689999999999
10.45,-0.0125414024170979,0,0.256,3.41940000000005
23.81,-0.0124947775413795,0.0123975208282844,0.4473,3.67689999999999
6.5,-0.012493279365911,,0.1779,3.6782
8.6,-0.0124261648067943,,0.1117,3.48450000000003
6.4,-0.0123642612795094,,0.192,3.6789
8.65,-0.0122684881744993,0.0424612189080354,0.1117,3.48450000000003
21.85,-0.0122400043302982,0,0.4702,3.64929999999998
35.74,-0.0121136783826495,0,0.4937,3.67720000000003
9.75,-0.0120896693960989,0,0.4979,3.65910000000002
4.74,-0.012059176712266,0,0.4231,4.20439999999996
25.7,-0.0120521918487839,,0.5897,3.68540000000002
10.4,-0.0119845313970687,,0.256,3.41940000000005
35.73,-0.0118401545322842,0,0.4937,3.67720000000003
11.81,-0.0117542152114362,0,0.5199,3.52959999999996
33.73,-0.0116379857247279,0.0123079181376428,0.4226,3.60210000000001
4.71,-0.0115963484537239,0.201578586476265,0.4231,4.20439999999996
4.73,-0.0115603565755433,0.0723514201190076,0.4231,4.20439999999996
6.75,-0.0115442634459042,0.0387079158559064,0.1615,3.7097
14.55,-0.0115077484670484,0.0283825310782874,0.0145,3.46590000000003
33.72,-0.0114939933699127,0,0.4226,3.60210000000001
4.72,-0.0114297195560394,0,0.4231,4.20439999999996
14.5,-0.0112701715002939,,0.0145,3.46590000000003
17.8,-0.0112445899051598,,0.4441,3.54230000000001
11.82,-0.0112391981862668,0,0.5199,3.52959999999996
30.53,-0.0112216861286959,0,0.1987,3.42760000000004
30.52,-0.0112062230824252,0,0.1987,3.42760000000004
11.83,-0.0111971920643839,0,0.5199,3.52959999999996
6.7,-0.011188788902721,,0.1615,3.7097
33.71,-0.0111833863149768,0.0729962495931963,0.4226,3.60210000000001
35.72,-0.0111095730049576,0,0.4937,3.67720000000003
11.84,-0.010966926733107,0,0.5199,3.52959999999996
10.5,-0.0106967138958,,0.2429,3.4126
10.44,-0.0106872282222218,0,0.256,3.41940000000005
30.54,-0.0106733204962,0,0.1987,3.42760000000004
30.51,-0.0106415497749534,0,0.1987,3.42760000000004
35.71,-0.010622178162311,0.033286655153221,0.4937,3.67720000000003
19.75,-0.0105018409439454,0.0342890976077585,0.4047,3.63960000000003
7.5,-0.0103505984354307,,0.7202,3.79759999999999
9.71,-0.010294166596697,0.040224640400731,0.4979,3.65910000000002
6.54,-0.0102541507336941,0,0.1779,3.6782
25.6,-0.0101686864009964,,0.6025,3.73020000000002
23.7,-0.0101620413627735,,0.4635,3.71979999999996
7.55,-0.0101317197190669,0,0.7202,3.79759999999999
8.64,-0.0101034139403104,0,0.1117,3.48450000000003
10.41,-0.010046300035537,0,0.256,3.41940000000005
9.73,-0.0100053077545998,0,0.4979,3.65910000000002
8.63,-0.00995526674791893,0.114198878203166,0.1117,3.48450000000003
10.42,-0.00991570422012904,0,0.256,3.41940000000005
6.53,-0.00989173004164785,0.0746671848643729,0.1779,3.6782
9.72,-0.00989148971029962,0,0.4979,3.65910000000002
8.62,-0.00983546775403249,0,0.1117,3.48450000000003
10.43,-0.00974282205906465,0,0.256,3.41940000000005
25.75,-0.00974030338271182,0,0.5897,3.68540000000002
6.52,-0.0096387937264387,0,0.1779,3.6782
17.84,-0.00963145035363278,0,0.4441,3.54230000000001
10.55,-0.0095245444302301,0,0.2429,3.4126
9.74,-0.00951878882710925,0,0.4979,3.65910000000002
6.51,-0.00939805211067958,0.181637620538069,0.1779,3.6782
17.81,-0.00909821016426785,0,0.4441,3.54230000000001
6.45,-0.00908123071472389,0,0.192,3.6789
6.65,-0.00898370913829928,0.0238867854108519,0.1708,3.68890000000005
8.61,-0.00870469911368866,0.256887585367149,0.1117,3.48450000000003
17.82,-0.00868283812586844,0,0.4441,3.54230000000001
13.75,-0.00867448031803665,0.0309294041579902,0.419,3.60110000000003
17.83,-0.00862273243096559,0,0.4441,3.54230000000001
25.65,-0.00859935976008087,0,0.6025,3.73020000000002
23.75,-0.00848705787130715,0.000529237835361407,0.4635,3.71979999999996
19.71,-0.00839192662552916,0.240943301047852,0.4047,3.63960000000003
19.72,-0.00837807827889037,0,0.4047,3.63960000000003
7.54,-0.00828518131985712,0,0.7202,3.79759999999999
19.74,-0.00825994065175648,0,0.4047,3.63960000000003
25.74,-0.00812758551155547,0,0.5897,3.68540000000002
21.81,-0.00812641320991742,0,0.4702,3.64929999999998
10.51,-0.00810992377949781,0,0.2429,3.4126
6.71,-0.00808823026153454,0.150070074022292,0.1615,3.7097
6.74,-0.00807812985635945,0,0.1615,3.7097
21.82,-0.00805235715059838,0,0.4702,3.64929999999998
19.73,-0.00805115482438343,0.10389868534296,0.4047,3.63960000000003
25.73,-0.00804542053049605,0,0.5897,3.68540000000002
7.51,-0.00804312880729724,0.00238460067653168,0.7202,3.79759999999999
7.53,-0.00804050762329547,0,0.7202,3.79759999999999
6.72,-0.00803172313254898,0,0.1615,3.7097
4.55,-0.00802853281371648,0,0.4661,4.27179999999999
7.52,-0.00800187727146987,0,0.7202,3.79759999999999
25.71,-0.00799954273930272,0.0110881408403583,0.5897,3.68540000000002
10.54,-0.00797517724669971,0,0.2429,3.4126
10.52,-0.0079429077967023,0,0.2429,3.4126
14.54,-0.00793826843346069,0,0.0145,3.46590000000003
25.72,-0.00784624834304975,0,0.5897,3.68540000000002
21.84,-0.00784511843994737,0,0.4702,3.64929999999998
6.41,-0.00782574707054716,0.0440744723991102,0.192,3.6789
6.73,-0.00780508944221673,0.0755254778756057,0.1615,3.7097
14.53,-0.00779966522476019,0.0693602608561878,0.0145,3.46590000000003
21.83,-0.00779175924205831,0,0.4702,3.64929999999998
10.53,-0.00776645013011134,0,0.2429,3.4126
13.73,-0.0076988482273361,0.0979247414307883,0.419,3.60110000000003
6.43,-0.00760588206687264,0,0.192,3.6789
20.65,-0.00758251903925014,0.0300140698453903,0.0665,3.48769999999996
26.2,-0.00756100519818761,,0.377,3.45890000000003
14.52,-0.00755074856101722,0,0.0145,3.46590000000003
6.42,-0.00754185225193808,0,0.192,3.6789
6.6,-0.0075346079440943,,0.1708,3.68890000000005
6.44,-0.00748026573171473,0,0.192,3.6789
14.51,-0.00744910134189629,0.153778790817962,0.0145,3.46590000000003
13.74,-0.00729558130658092,0,0.419,3.60110000000003
23.71,-0.00704244164872218,0.140150855725443,0.4635,3.71979999999996
24.55,-0.00703878009132283,0.0235055915331597,0.0625,3.55529999999999
23.72,-0.0069544439316397,0,0.4635,3.71979999999996
25.62,-0.00694691816056118,0,0.6025,3.73020000000002
25.63,-0.00693592591631863,0,0.6025,3.73020000000002
25.61,-0.0069343070539419,0.0495344565957316,0.6025,3.73020000000002
23.73,-0.00691955154021987,0.047609042324395,0.4635,3.71979999999996
4.5,-0.00683023907196309,,0.4661,4.27179999999999
23.74,-0.0068033786838972,0,0.4635,3.71979999999996
26.25,-0.00674304367335087,0,0.377,3.45890000000003
30.7,-0.00673363817510459,,0.1898,3.45260000000002
25.64,-0.00665920055786615,0,0.6025,3.73020000000002
18.7,-0.00654730982691882,,0.063,3.42600000000004
20.6,-0.00635942130900241,,0.0665,3.48769999999996
21.75,-0.00635697172904425,0,0.4826,3.69319999999999
24.5,-0.00615991424907662,,0.0625,3.55529999999999
18.75,-0.00595042811925454,0.0354359326672366,0.063,3.42600000000004
12.65,-0.00568625914930769,0.00204392552638044,0.0466,3.34910000000002
6.61,-0.00564114696182413,0.154129002233707,0.1708,3.68890000000005
4.54,-0.00560832710090817,0,0.4661,4.27179999999999
26.24,-0.0055208160057837,0,0.377,3.45890000000003
4.53,-0.00549916260323089,0.0488222979986161,0.4661,4.27179999999999
6.62,-0.00546437978920172,0,0.1708,3.68890000000005
6.64,-0.00546007165304378,0,0.1708,3.68890000000005
4.52,-0.00542808283178735,0,0.4661,4.27179999999999
6.63,-0.00538329101475998,0.0670872611566508,0.1708,3.68890000000005
12.64,-0.0053293126600242,0,0.0466,3.34910000000002
4.51,-0.00531450640941678,0.150086774719704,0.4661,4.27179999999999
12.63,-0.00526476208820613,0.0421581895608934,0.0466,3.34910000000002
28.75,-0.00524814051820811,0.0351562740385734,0.0689,3.41469999999998
20.64,-0.00494433451066236,0,0.0665,3.48769999999996
26.23,-0.00490719490942363,0,0.377,3.45890000000003
26.21,-0.00487693685907614,0,0.377,3.45890000000003
29.7,-0.00484749006596072,,0.4025,3.63629999999995
26.22,-0.00480060623764692,0,0.377,3.45890000000003
24.54,-0.00477480643758156,0,0.0625,3.55529999999999
20.63,-0.00471471951439885,0.0699998385919068,0.0665,3.48769999999996
20.61,-0.00465312576007369,0.152296713631546,0.0665,3.48769999999996
20.62,-0.00461876885805528,0,0.0665,3.48769999999996
24.51,-0.00457042991760753,0.157257615043275,0.0625,3.55529999999999
30.75,-0.00456614974768821,0.0401810385891922,0.1898,3.45260000000002
24.52,-0.00445206529057729,0,0.0625,3.55529999999999
24.53,-0.00442682461468664,0.0675751758907665,0.0625,3.55529999999999
18.72,-0.00426030417165384,0,0.063,3.42600000000004
18.71,-0.00425178934102289,0.154125488396266,0.063,3.42600000000004
18.73,-0.00417759362549801,0.0742865525908303,0.063,3.42600000000004
18.74,-0.00416151798667257,0,0.063,3.42600000000004
10.65,-0.00414142507254927,0,0.2388,3.41470000000004
21.7,-0.00413344950061745,,0.4826,3.69319999999999
21.74,-0.00404601347746571,0,0.4826,3.69319999999999
29.75,-0.0040340283849667,0.0430299675360272,0.4025,3.63629999999995
30.71,-0.00402979360235108,0.241260512553884,0.1898,3.45260000000002
29.72,-0.0039812149013354,0,0.4025,3.63629999999995
29.71,-0.00387246030373785,0.265439802495155,0.4025,3.63629999999995
29.73,-0.00385082446107051,0.118019977437181,0.4025,3.63629999999995
30.72,-0.00384277486678209,0,0.1898,3.45260000000002
21.73,-0.00382479023484245,0,0.4826,3.69319999999999
29.74,-0.00372765572382408,0,0.4025,3.63629999999995
30.73,-0.00369803336120998,0.107465626147805,0.1898,3.45260000000002
30.74,-0.00366152516544814,0,0.1898,3.45260000000002
21.72,-0.00361800077809916,0,0.4826,3.69319999999999
10.64,-0.00349061337165637,0,0.2388,3.41470000000004
12.75,-0.00343970408913523,0.0372316658721277,0.0437,3.38189999999997
21.71,-0.00331506703658302,0.0453223681592038,0.4826,3.69319999999999
10.6,-0.0031836326408199,,0.2388,3.41470000000004
28.7,-0.00313975506030273,,0.0689,3.41469999999998
10.63,-0.00312357348368159,0,0.2388,3.41470000000004
10.62,-0.0030776775468274,0,0.2388,3.41470000000004
10.61,-0.00294120150988316,0.000718791718768008,0.2388,3.41470000000004
28.71,-0.00269705944015219,0.155903889296902,0.0689,3.41469999999998
28.74,-0.00269665047206947,0,0.0689,3.41469999999998
28.73,-0.00267785817711357,0.0747506901938013,0.0689,3.41469999999998
28.72,-0.00267199361504695,0,0.0689,3.41469999999998
30.65,-0.00231593629625344,0,0.1966,3.43520000000001
12.74,-0.00216316200753689,0,0.0437,3.38189999999997
30.6,-0.00215858957078368,,0.1966,3.43520000000001
12.72,-0.00213717239549565,0,0.0437,3.38189999999997
12.73,-0.00211972339950926,0.0756888253261107,0.0437,3.38189999999997
30.64,-0.00187527963005543,0,0.1966,3.43520000000001
30.63,-0.00173068722209013,0,0.1966,3.43520000000001
30.61,-0.0016403008694972,0.0466537474997234,0.1966,3.43520000000001
30.62,-0.00161176510199749,0,0.1966,3.43520000000001
25.5,-0.00129789393755457,,0.6127,3.76299999999998
25.55,-0.00118977221796724,0.0389917458580737,0.6127,3.76299999999998
25.54,-0.000925425060123976,0,0.6127,3.76299999999998
25.52,-0.000888904771065145,0,0.6127,3.76299999999998
25.53,-0.000876624431872055,0.076139230784429,0.6127,3.76299999999998
25.51,-0.00086949234652789,0.150065365796428,0.6127,3.76299999999998
30.9,-0.000643350315428732,,0.2097,3.51259999999996
30.95,-0.000596551718532852,0.0535580340641023,0.2097,3.51259999999996
15.7,-0.000542596096627064,,0.6274,3.63760000000002
33.65,-0.000505966937203849,0.0307538128609996,0.436,3.63130000000001
15.75,-0.000497908201119478,0,0.6274,3.63760000000002
30.94,-0.00047528370395912,0,0.2097,3.51259999999996
30.93,-0.000463414383145431,0.0851609782864597,0.2097,3.51259999999996
30.91,-0.000448873280995593,0.150066522372247,0.2097,3.51259999999996
30.92,-0.000436744187430275,0,0.2097,3.51259999999996
12.7,-0.000424614652064011,,0.0437,3.38189999999997
15.74,-0.000418518030693121,0,0.6274,3.63760000000002
12.71,-0.000402586859897178,0.154858563849099,0.0437,3.38189999999997
15.72,-0.000391789030889088,0,0.6274,3.63760000000002
33.64,-0.000391742070459895,0,0.436,3.63130000000001
15.71,-0.000389881900559774,0,0.6274,3.63760000000002
33.6,-0.000388746628604266,,0.436,3.63130000000001
15.73,-0.000375191003463331,0,0.6274,3.63760000000002
33.62,-0.000352874702383457,0,0.436,3.63130000000001
33.63,-0.000349648875936164,0.0717447950764444,0.436,3.63130000000001
33.61,-0.000340775911797922,0.153774591152166,0.436,3.63130000000001
13.7,-0.000203123858987503,,0.419,3.60110000000003
13.71,-0.000200961030488141,0.230335594720402,0.419,3.60110000000003
13.72,-0.000200898900562802,0,0.419,3.60110000000003
26.3,-0.000153975917767971,0.00920612206450894,0.3768,3.42500000000001
26.35,-0.000146244909344475,0,0.3768,3.42500000000001
26.31,-0.00012169078159044,0,0.3768,3.42500000000001
26.32,-0.000118642862497105,0,0.3768,3.42500000000001
26.33,-0.000116785160393921,0,0.3768,3.42500000000001
26.34,-0.000111785357819132,0,0.3768,3.42500000000001
3.01,0,0,0,-333.1275
3.1,0,,0,4.84949999999998
3.11,0,0,0,4.84949999999998
3.12,0,0,0,4.84949999999998
3.13,0,0,0,4.84949999999998
3.14,0,0,0,4.84949999999998
3.15,0,0,0,4.84949999999998
3.2,0,,0,4.84949999999998
3.21,0,0,0,4.84949999999998
3.22,0,0,0,4.84949999999998
3.23,0,0,0,4.84949999999998
3.24,0,0,0,4.84949999999998
3.25,0,0,0,4.84949999999998
3.3,0,,0,4.84949999999998
3.31,0,0.127469610901024,0,4.84949999999998
3.32,0,0.0429965873251406,0,4.84949999999998
3.33,0,0.105503895618051,0,4.84949999999998
3.34,0,0.0618511353257914,0,4.84949999999998
3.35,0,0.0936708103515209,0,4.84949999999998
13.64,0.000123772969671552,0,0.4298,3.62880000000001
13.65,0.000124012833674944,0.0324491578652756,0.4298,3.62880000000001
17.74,0.000351299395279495,0,0.4566,3.58359999999999
17.73,0.000358266437292543,0,0.4566,3.58359999999999
17.72,0.000365224508846082,0,0.4566,3.58359999999999
17.71,0.000377697132987662,0.0433987178676208,0.4566,3.58359999999999
17.75,0.000427140282091757,0,0.4566,3.58359999999999
27.63,0.000563004621373355,0.0996495476611246,0.4672,3.62130000000002
27.62,0.000567766767997879,0,0.4672,3.62130000000002
27.61,0.000573376167106379,0.226169841930331,0.4672,3.62130000000002
17.7,0.000640842905555098,,0.4566,3.58359999999999
27.64,0.00064910798890152,0,0.4672,3.62130000000002
27.65,0.00069236277198582,0.035012190419399,0.4672,3.62130000000002
27.6,0.000860985671806335,,0.4672,3.62130000000002
34.54,0.00112546704260704,0,0.041,3.4719
34.53,0.00112712350287952,0.082335559071351,0.041,3.4719
34.52,0.00114036794393315,0,0.041,3.4719
34.51,0.00117188412680844,0.185241068038933,0.041,3.4719
34.55,0.0017640515699057,0.0314689215293277,0.041,3.4719
34.5,0.0017753205288914,,0.041,3.4719
31.64,0.00223858739592451,0,0.5247,3.62610000000001
31.63,0.00224298587690993,0.113950195212652,0.5247,3.62610000000001
31.61,0.00230145025426451,0.249695362606151,0.5247,3.62610000000001
31.62,0.00235029805448463,0,0.5247,3.62610000000001
31.65,0.00236342198204494,0.0447266876859861,0.5247,3.62610000000001
35.64,0.00255785943024572,0,0.5096,3.71359999999999
35.63,0.00264410956716407,0.0706072583913076,0.5096,3.71359999999999
35.62,0.00266669605428801,0,0.5096,3.71359999999999
35.61,0.00276448683547571,0.154074769292525,0.5096,3.71359999999999
6.82,0.00290930807930828,0,0.1647,3.7407
6.83,0.00292916861445929,0.0863433784692343,0.1647,3.7407
6.84,0.00296119685386814,0,0.1647,3.7407
13.51,0.0030762256392352,0.1500865222856,0.4232,3.6438
6.81,0.00310342205358362,0.150086953290854,0.1647,3.7407
31.6,0.00312755538985181,,0.5247,3.62610000000001
13.5,0.00326612835579513,,0.4232,3.6438
35.65,0.00332829613746019,0.0285236120813091,0.5096,3.71359999999999
17.62,0.00351453157269534,0,0.4561,3.61379999999997
17.63,0.00351872877382934,0.0921375152794688,0.4561,3.61379999999997
17.61,0.00352479073411753,0.200460954217109,0.4561,3.61379999999997
5.02,0.00390681656235209,0.148546261970693,0.3682,4.18310000000002
5.03,0.00392400542622368,0,0.3682,4.18310000000002
24.64,0.00394392541210679,0,0.0677,3.57650000000001
8.84,0.00400512843365058,0,0.1429,3.54149999999998
6.85,0.00405950312437619,0.0549726528452984,0.1647,3.7407
5.01,0.00406857376894583,0,0.3682,4.18310000000002
8.83,0.00409728611799185,0.084887937289118,0.1429,3.54149999999998
6.8,0.00409911486694908,,0.1647,3.7407
8.82,0.00411096878981784,0,0.1429,3.54149999999998
17.64,0.00411766695156039,0,0.4561,3.61379999999997
24.63,0.00411949554531838,0.0743817699631311,0.0677,3.57650000000001
35.6,0.00412780054674691,,0.5096,3.71359999999999
8.81,0.0041319315100624,0.150068900013181,0.1429,3.54149999999998
24.62,0.00421547867364531,0,0.0677,3.57650000000001
24.61,0.00422891605137432,0.150090747623836,0.0677,3.57650000000001
5.04,0.00423583875220922,0.0689433122752623,0.3682,4.18310000000002
13.81,0.00437050073722107,0.00380877876964356,0.425,3.56270000000001
13.82,0.00439747465833973,0,0.425,3.56270000000001
17.6,0.00448678991681246,,0.4561,3.61379999999997
5.05,0.00460351842536111,0,0.3682,4.18310000000002
11.61,0.0046942489660759,0.268371931977015,0.5163,3.62110000000001
13.83,0.00470850403011548,0,0.425,3.56270000000001
11.62,0.00473884208770691,0,0.5163,3.62110000000001
13.84,0.00475446742828858,0,0.425,3.56270000000001
11.63,0.00489769910717097,0.123485535130382,0.5163,3.62110000000001
24.65,0.00504404052738327,0.0373696921300772,0.0677,3.57650000000001
17.65,0.00508219301496795,0.0373231674840248,0.4561,3.61379999999997
8.85,0.00519786279543243,0.0531251187184963,0.1429,3.54149999999998
11.64,0.00522903964506641,0,0.5163,3.62110000000001
26.94,0.00532263421459365,0,0.1541,3.49009999999998
26.92,0.00539802120561125,0,0.1541,3.49009999999998
26.91,0.00541312450051704,0.150075723549793,0.1541,3.49009999999998
13.85,0.0054339630463745,0,0.425,3.56270000000001
26.93,0.00545900042716786,0.0906246974725062,0.1541,3.49009999999998
13.62,0.00554587599393372,0,0.4298,3.62880000000001
11.6,0.00560354125977337,,0.5163,3.62110000000001
8.8,0.00584507978220405,,0.1429,3.54149999999998
13.63,0.00585481952734056,0.073129968022134,0.4298,3.62880000000001
29.64,0.0058554287794986,0,0.408,3.66110000000003
29.63,0.00591668866987479,0.075947120155329,0.408,3.66110000000003
13.61,0.00593771653729089,0.154282994358512,0.4298,3.62880000000001
29.62,0.00609025774291573,0,0.408,3.66110000000003
24.6,0.00615674175445728,,0.0677,3.57650000000001
19.63,0.00652567511003818,0.0736798034059748,0.4135,3.66680000000002
19.62,0.00652688713531312,0,0.4135,3.66680000000002
19.61,0.00653415233390537,0.150076997371098,0.4135,3.66680000000002
5,0.00666444263973739,0.302743150164942,0.3682,4.18310000000002
29.61,0.00671271336528704,0.150084228638839,0.408,3.66110000000003
13.43,0.00683572748267196,0.0974699599048241,0.399,3.64419999999996
13.44,0.00698414695901521,0,0.399,3.64419999999996
26.95,0.00704475731918446,0.061971916975121,0.1541,3.49009999999998
13.45,0.00714826053729678,0.0710355552771346,0.399,3.64419999999996
29.65,0.0072675865247378,0.0389738768541679,0.408,3.66110000000003
27.73,0.00743396153358484,0,0.4802,3.5865
10.92,0.00743756324603297,0,0.179,3.495
19.81,0.00745287974016885,0.0221331821562177,0.4144,3.60050000000001
10.91,0.0074765665664476,0.150072169661096,0.179,3.495
10.93,0.0074850803826824,0.0860146331728488,0.179,3.495
27.74,0.00756290199537843,0,0.4802,3.5865
21.64,0.00757278701813597,0,0.4875,3.7269
27.72,0.00760577484788717,0,0.4802,3.5865
19.82,0.00768573559470599,0,0.4144,3.60050000000001
28.84,0.00775880731695945,0,0.0812,3.45400000000001
19.84,0.00778905921904075,0,0.4144,3.60050000000001
27.71,0.00780888815690544,0.0373704104576275,0.4802,3.5865
19.83,0.0078395184307378,0,0.4144,3.60050000000001
28.81,0.00786314532280238,0.150068114267298,0.0812,3.45400000000001
28.82,0.00787199999999999,0,0.0812,3.45400000000001
20.73,0.00794593816330239,0.0797333969707507,0.0763,3.51820000000004
19.64,0.0079818429824615,0,0.4135,3.66680000000002
21.63,0.00801330720987855,0.0780075509194324,0.4875,3.7269
10.94,0.00801634424260074,0,0.179,3.495
28.83,0.00801717177964639,0.0861977134385211,0.0812,3.45400000000001
11.65,0.00804739831158861,0.0493814500662856,0.5163,3.62110000000001
9.63,0.00810060499511754,0.0711906326993145,0.5131,3.69689999999997
16.82,0.00812504211762942,0,0.0811,3.4194
13.8,0.00812602891886831,,0.425,3.56270000000001
9.61,0.00813763423390756,0.15661040974577,0.5131,3.69689999999997
9.62,0.00813927241929023,0,0.5131,3.69689999999997
16.81,0.00814463672068303,0.150089103928298,0.0811,3.4194
16.83,0.00826717826335757,0.0817262157525321,0.0811,3.4194
20.72,0.00840502352553866,0,0.0763,3.51820000000004
23.61,0.00843232343859065,0.150089372575489,0.4732,3.75279999999998
13.6,0.00851347225981055,,0.4298,3.62880000000001
9.64,0.0085482444681901,0,0.5131,3.69689999999997
20.74,0.00860402468329524,0,0.0763,3.51820000000004
23.62,0.00861643028940482,0,0.4732,3.75279999999998
20.71,0.00863765449532648,0.150065021467698,0.0763,3.51820000000004
21.62,0.00863988767186056,0,0.4875,3.7269
23.63,0.00867865044823868,0.0738598238211145,0.4732,3.75279999999998
21.61,0.00883402304779342,0.150071544659486,0.4875,3.7269
19.6,0.00899268431681742,,0.4135,3.66680000000002
31.03,0.0090071932063971,0.0919563139179758,0.2222,3.55150000000003
18.83,0.00904525317972262,0.0886388104334318,0.0765,3.4658
11.01,0.00910546942884246,0.150089130328676,0.1947,3.53770000000003
11.02,0.00913650989745277,0,0.1947,3.53770000000003
31.04,0.00915974094269048,0,0.2222,3.55150000000003
21.65,0.00920522409418381,0.0420825630835292,0.4875,3.7269
18.81,0.00920790711288906,0.150081688605819,0.0765,3.4658
31.02,0.00926420098634282,0,0.2222,3.55150000000003
10.95,0.00927005809547864,0.0551071174779975,0.179,3.495
26.81,0.00929451946340904,0.150085358638755,0.1463,3.44979999999998
31.01,0.00930019033630812,0.150073502664369,0.2222,3.55150000000003
11.04,0.00930626500507354,0,0.1947,3.53770000000003
11.03,0.00930994901839919,0.0975997942155626,0.1947,3.53770000000003
18.82,0.00937710799478011,0,0.0765,3.4658
19.65,0.00947333547052135,0.0354663312534344,0.4135,3.66680000000002
27.75,0.00947819176120068,0,0.4802,3.5865
26.83,0.00950403625502112,0.0780756491540574,0.1463,3.44979999999998
26.82,0.00952080479575729,0,0.1463,3.44979999999998
29.82,0.00954969343229927,0,0.4195,3.59899999999999
29.83,0.00962245589791201,0,0.4195,3.59899999999999
29.81,0.009629226171425,0.0299773523092291,0.4195,3.59899999999999
9.6,0.0096675009155024,,0.5131,3.69689999999997
16.85,0.00967813042280849,0.0488348777178139,0.0811,3.4194
16.84,0.00968721572523065,0,0.0811,3.4194
20.75,0.00977542104950236,0.0455675523780657,0.0763,3.51820000000004
18.84,0.00986188612601692,0,0.0765,3.4658
23.64,0.0101537384568098,0,0.4732,3.75279999999998
31.71,0.0104507535064134,0,0.5395,3.58580000000001
28.85,0.0104630263107192,0.0553939789142509,0.0812,3.45400000000001
34.64,0.0105037557711435,0,0.0621,3.49310000000003
26.9,0.0105433428726119,,0.1541,3.49009999999998
24.74,0.01062204005127,0,0.0824,3.60580000000004
19.85,0.0106243419448006,0,0.4144,3.60050000000001
24.71,0.0106306294451427,0.150070073498869,0.0824,3.60580000000004
18.85,0.0106839875391759,0.0592526090577091,0.0765,3.4658
24.72,0.0107262990810941,0,0.0824,3.60580000000004
26.84,0.0107527959111853,0,0.1463,3.44979999999998
24.73,0.010866532157435,0.0824404866998293,0.0824,3.60580000000004
29.84,0.0108966269331866,0,0.4195,3.59899999999999
34.63,0.0109279671839249,0.0740116169664648,0.0621,3.49310000000003
34.71,0.0111030880681277,0.150086418092354,0.0774,3.52379999999999
34.72,0.0111188629704775,0,0.0774,3.52379999999999
34.84,0.0111686606784556,0,0.0987,3.5609
31.72,0.0112300546345275,0,0.5395,3.58580000000001
30.84,0.0112576905507369,0,0.2104,3.47910000000002
34.62,0.0112654951036364,0,0.0621,3.49310000000003
10.9,0.0113721074716279,,0.179,3.495
19.8,0.0113788215288576,,0.4144,3.60050000000001
31.73,0.0113793045091418,0,0.5395,3.58580000000001
34.83,0.011399339456284,0.0888097201200688,0.0987,3.5609
30.81,0.0114826764975195,0.153693317380585,0.2104,3.47910000000002
29.6,0.0115187352387424,,0.408,3.66110000000003
29.85,0.0115557736595169,0,0.4195,3.59899999999999
23.65,0.0115667293403155,0.035604853212296,0.4732,3.75279999999998
30.82,0.0116231657622221,0,0.2104,3.47910000000002
34.82,0.0116351548902497,0,0.0987,3.5609
30.83,0.0116423513052102,0.0753327621129183,0.2104,3.47910000000002
34.73,0.0117756561374922,0.0809934051940306,0.0774,3.52379999999999
11,0.0117816052543534,,0.1947,3.53770000000003
34.61,0.0118123388346469,0.151794763519765,0.0621,3.49310000000003
34.74,0.0118467196733205,0,0.0774,3.52379999999999
32.82,0.0119160259342894,0,0.0632,3.43889999999999
32.83,0.0119625945099246,0.0928861070741501,0.0632,3.43889999999999
32.84,0.0120148799437999,0,0.0632,3.43889999999999
32.74,0.012025862249489,0,0.038,3.39850000000001
9.65,0.0120835562161086,0.0280530257694274,0.5131,3.69689999999997
31.05,0.012200802390416,0.0636222393230243,0.2222,3.55150000000003
34.81,0.0123376874295689,0.150070102316512,0.0987,3.5609
32.73,0.0123847939985052,0.0768775456217022,0.038,3.39850000000001
13.24,0.0125051385472007,0,0.2548,3.60509999999999
13.21,0.0125409341562411,0.219057600193707,0.2548,3.60509999999999
23.6,0.0125478344582785,,0.4732,3.75279999999998
13.22,0.0125736505820379,0,0.2548,3.60509999999999
32.81,0.0125748581027866,0.150470270834752,0.0632,3.43889999999999
13.23,0.0125781222266029,0.140894838025076,0.2548,3.60509999999999
26.85,0.0126636485154901,0.0432523007477685,0.1463,3.44979999999998
32.72,0.0127063164258231,0,0.038,3.39850000000001
20.7,0.0127585371698172,,0.0763,3.51820000000004
26.8,0.0127681900449984,,0.1463,3.44979999999998
31,0.012964878051193,,0.2222,3.55150000000003
13.25,0.0130238180905133,0.101107203659203,0.2548,3.60509999999999
34.85,0.0130767145255559,0.0588234501251971,0.0987,3.5609
33.53,0.0132144697104308,0.0790477418374536,0.4365,3.64820000000003
33.52,0.0133052815914654,0,0.4365,3.64820000000003
33.51,0.0133096237654734,0.150064793548392,0.4365,3.64820000000003
11.05,0.0133361496228039,0.0724284383634113,0.1947,3.53770000000003
16.92,0.0133560433430926,0,0.1022,3.46420000000001
12.84,0.0133654702578273,0,0.0638,3.4221
16.93,0.0133788387748284,0.0972118651557322,0.1022,3.46420000000001
28.92,0.0134375661863401,0,0.1081,3.4984
12.83,0.0134396388273366,0.0877281070391641,0.0638,3.4221
30.8,0.0134478851984436,,0.2104,3.47910000000002
32.71,0.0134727768839177,0.150078161564355,0.038,3.39850000000001
28.91,0.0134853796763321,0.150526305547813,0.1081,3.4984
28.8,0.0136857134671399,,0.0812,3.45400000000001
31.74,0.0136972579755426,0,0.5395,3.58580000000001
16.91,0.0137608184983106,0.15008785842044,0.1022,3.46420000000001
28.94,0.0138574808460883,0,0.1081,3.4984
28.93,0.0138995451196827,0.0962827998077149,0.1081,3.4984
21.6,0.0139970099160946,,0.4875,3.7269
12.82,0.0140179528475535,0,0.0638,3.4221
34.7,0.0141307251336051,,0.0774,3.52379999999999
12.81,0.0142618511789365,0.150068035512748,0.0638,3.4221
33.54,0.0142888442480419,0,0.4365,3.64820000000003
22.63,0.014291934931724,0.0746767549759965,0.0496,3.52369999999996
16.94,0.0145610156206296,0,0.1022,3.46420000000001
22.62,0.0145668020327528,0,0.0496,3.52369999999996
24.7,0.0146263296508304,,0.0824,3.60580000000004
34.75,0.0146929659606327,0.0471550018937201,0.0774,3.52379999999999
24.75,0.0147235686397188,0.0492769651754277,0.0824,3.60580000000004
31.7,0.0147255839639425,,0.5395,3.58580000000001
22.64,0.0147771222005372,0,0.0496,3.52369999999996
29.8,0.0148511138881946,,0.4195,3.59899999999999
27.7,0.0149166710893836,,0.4802,3.5865
21.43,0.0149257538489569,0.179212752806678,0.3928,3.75189999999998
27.04,0.0149609671122149,0,0.178,3.53370000000001
34.65,0.0149630427960829,0.0359196682446483,0.0621,3.49310000000003
16.8,0.0149722400193453,,0.0811,3.4194
27.01,0.0150076675684294,0.150585976516231,0.178,3.53370000000001
27.02,0.0151384388256383,0,0.178,3.53370000000001
32.8,0.0151798173190712,,0.0632,3.43889999999999
33.55,0.0152586413056597,0.0430927349398982,0.4365,3.64820000000003
21.42,0.0152650258984385,0,0.3928,3.75189999999998
11.74,0.0153669993334184,0,0.539,3.58109999999999
21.44,0.0153979083270434,0,0.3928,3.75189999999998
8.91,0.015458974187344,0.150070225932128,0.1603,3.5806
27.03,0.0154852414841408,0.0977052959920741,0.178,3.53370000000001
14.64,0.0155343427924517,0,0.0392,3.48929999999996
21.41,0.0155363926770146,0.315831583721527,0.3928,3.75189999999998
21.45,0.0156020914363596,0.108985323283486,0.3928,3.75189999999998
8.92,0.0156214111326348,0,0.1603,3.5806
32.75,0.0156252967981852,0.0415456909619034,0.038,3.39850000000001
22.61,0.0156618313623804,0.150065320982784,0.0496,3.52369999999996
11.73,0.0157040030480815,0,0.539,3.58109999999999
31.14,0.0157706010635441,0.000852220445693375,0.2439,3.59159999999997
34.6,0.015837730815278,,0.0621,3.49310000000003
14.63,0.0159249292596396,0.0742724660824051,0.0392,3.48929999999996
31.13,0.0160165128302591,0.104965282176985,0.2439,3.59159999999997
11.72,0.016039106223552,0,0.539,3.58109999999999
14.61,0.0160694323233514,0.150797473233247,0.0392,3.48929999999996
8.93,0.0160869206861435,0.0903369630031616,0.1603,3.5806
11.71,0.0161385831170747,0,0.539,3.58109999999999
14.62,0.0161662748035379,0,0.0392,3.48929999999996
8.94,0.0162993636223543,0,0.1603,3.5806
27.51,0.0165561720294756,0.150071928697904,0.4665,3.64120000000003
27.52,0.0166953855297262,0,0.4665,3.64120000000003
34.94,0.0167220038431412,0,0.127,3.6046
22.71,0.0167287368035489,0.150077739825576,0.0692,3.55540000000002
31.75,0.016807879022541,0,0.5395,3.58580000000001
22.72,0.0168211914003753,0,0.0692,3.55540000000002
30.85,0.0168242585871174,0.0368548844231034,0.2104,3.47910000000002
22.73,0.0168940608412058,0.0859169033083823,0.0692,3.55540000000002
20.81,0.0169572395925726,0.150075117999627,0.0959,3.55550000000005
32.85,0.0170312519920142,0.0654613110684282,0.0632,3.43889999999999
34.91,0.0171872814572413,0.150088352860456,0.127,3.6046
20.84,0.0172452666136635,0,0.0959,3.55550000000005
18.8,0.0175049553434796,,0.0765,3.4658
34.92,0.0175063976720828,0,0.127,3.6046
20.82,0.0175561351385982,0,0.0959,3.55550000000005
20.83,0.0176262622615497,0.0894348487874862,0.0959,3.55550000000005
34.93,0.0176578366477442,0.0984539381756552,0.127,3.6046
13.54,0.0176633313205104,0,0.4232,3.6438
3.92,0.0177200714694363,0,0.7022,4.59379999999999
3.91,0.0177742789919527,0.016991173972168,0.7022,4.59379999999999
3.93,0.0179959143139349,0,0.7022,4.59379999999999
22.74,0.0180338041096221,0,0.0692,3.55540000000002
27.53,0.0182031337349302,0.080695862065122,0.4665,3.64120000000003
28.9,0.018292338431707,,0.1081,3.4984
31.11,0.0183083325722999,0.157876097333247,0.2439,3.59159999999997
14.74,0.0183316019126839,0,0.0611,3.52170000000001
31.12,0.0184032118535773,0,0.2439,3.59159999999997
31.21,0.0185008361187622,0.295730705869178,0.2709,3.62939999999998
14.73,0.0186881901061005,0.0842937821706323,0.0611,3.52170000000001
16.95,0.018816776179825,0.0721423905176732,0.1022,3.46420000000001
13.55,0.0188487741686289,0.0515116683489592,0.4232,3.6438
28.95,0.0188843437072149,0.0701193123569347,0.1081,3.4984
13.53,0.018984182079687,0.0844325860992031,0.4232,3.6438
27,0.0190409001910855,,0.178,3.53370000000001
24.81,0.0192451125802197,0.150084162706317,0.1047,3.64330000000001
34.8,0.0192869456486071,,0.0987,3.5609
24.82,0.0193359420829147,0,0.1047,3.64330000000001
12.85,0.0193484186971998,0.0577709457672988,0.0638,3.4221
22.75,0.0193607272487483,0.054833385674778,0.0692,3.55540000000002
19.51,0.0195322433895061,0.150077272466356,0.4073,3.68109999999996
32.7,0.0195368684419565,,0.038,3.39850000000001
14.72,0.0195636933968593,0,0.0611,3.52170000000001
13.52,0.0195848782483194,0,0.4232,3.6438
22.65,0.0196074352869552,0.0381372544849869,0.0496,3.52369999999996
34.9,0.0196088439255749,,0.127,3.6046
8.9,0.0196515354022215,,0.1603,3.5806
27.5,0.0199579416762967,,0.4665,3.64120000000003
27.54,0.0199769531196843,0,0.4665,3.64120000000003
14.71,0.0199788711550759,0.150067730340818,0.0611,3.52170000000001
24.83,0.019982733144045,0.0919564713352959,0.1047,3.64330000000001
11.22,0.0200173898305603,0,0.2565,3.61840000000001
19.52,0.0200247341124765,0,0.4073,3.68109999999996
11.21,0.0200548156616702,0.24301151910631,0.2565,3.61840000000001
7.43,0.0201629475785047,0.07492447239096,0.7322,3.83139999999997
22.7,0.0203586821198613,,0.0692,3.55540000000002
33.5,0.0203665560656794,,0.4365,3.64820000000003
7.42,0.0204620063443913,0,0.7322,3.83139999999997
11.24,0.0204945937251868,0,0.2565,3.61840000000001
31.22,0.0205319090147617,0,0.2709,3.62939999999998
22.6,0.0205414863713605,,0.0496,3.52369999999996
14.6,0.0205743190272016,,0.0392,3.48929999999996
16.9,0.020621155812382,,0.1022,3.46420000000001
14.93,0.0206367635826889,0.0993608429122022,0.1219,3.60419999999999
11.23,0.0206386555300411,0.149481308277231,0.2565,3.61840000000001
14.94,0.0206809305165652,0.000171936460637157,0.1219,3.60419999999999
24.84,0.0207295972340732,0,0.1047,3.64330000000001
7.41,0.0207463094699483,0.155109110243202,0.7322,3.83139999999997
31.23,0.020908175970578,0.174932303105387,0.2709,3.62939999999998
14.81,0.021024412996908,0.150071859323923,0.0896,3.55990000000003
3.94,0.0210769045226131,0,0.7022,4.59379999999999
18.91,0.0210900308103871,0.150082918510104,0.1071,3.5104
12.94,0.0211870203786174,0,0.0959,3.46879999999999
14.84,0.0212447573973331,0,0.0896,3.55990000000003
14.92,0.0212731308442767,0,0.1219,3.60419999999999
31.24,0.0212762031085902,0,0.2709,3.62939999999998
19.53,0.0212993747594247,0.0838340025484048,0.4073,3.68109999999996
17.02,0.0213974811128873,0,0.1404,3.51209999999998
31.15,0.0214254028427094,0.0792741800302733,0.2439,3.59159999999997
17.03,0.0214910175284227,0.102949488770513,0.1404,3.51209999999998
14.82,0.0215024416918799,0,0.0896,3.55990000000003
14.83,0.0215190863660584,0.090757213238401,0.0896,3.55990000000003
14.91,0.0216521897674894,0.1500873103528,0.1219,3.60419999999999
17.01,0.0217555158947843,0.150086647128542,0.1404,3.51209999999998
18.92,0.0218206350722987,0,0.1071,3.5104
3.9,0.0219385890000082,,0.7022,4.59379999999999
12.93,0.0219531184717281,0.097546120012649,0.0959,3.46879999999999
34.95,0.0219716980943478,0.0733305342204916,0.127,3.6046
27.55,0.0219739153359955,0.0456784489013578,0.4665,3.64120000000003
31.2,0.0221087705940576,,0.2709,3.62939999999998
18.93,0.022129370615143,0.0973112410917596,0.1071,3.5104
19.54,0.0221663789184102,0,0.4073,3.68109999999996
20.92,0.0222732912491323,0,0.1252,3.5994
6.95,0.0223206434642461,0.0380764680596724,0.1822,3.77870000000001
7.44,0.0224011599015866,0,0.7322,3.83139999999997
18.94,0.0224415908796839,0,0.1071,3.5104
12.91,0.0226298814192045,0.150671044349841,0.0959,3.46879999999999
17.04,0.0226952606969388,0.00925574104140097,0.1404,3.51209999999998
31.1,0.0227765910836951,,0.2439,3.59159999999997
11.14,0.0227888973249005,0.00517088337174556,0.2253,3.57909999999998
12.92,0.0228810155959233,0,0.0959,3.46879999999999
17.51,0.0228997724384033,0.150079168590744,0.4527,3.63159999999999
32.91,0.0229114230684866,0.150480544234914,0.1018,3.48539999999997
17.52,0.0229471804478369,0,0.4527,3.63159999999999
9.01,0.0229922515040634,0.227295202032138,0.1843,3.62360000000001
17.53,0.0230104784998738,0.0823751212310467,0.4527,3.63159999999999
9.04,0.0230113832437993,0,0.1843,3.62360000000001
11.7,0.0231045145321255,,0.539,3.58109999999999
9.02,0.023109325154501,0,0.1843,3.62360000000001
29.51,0.0231491276376005,0.150090176431729,0.3983,3.6737
9.03,0.0231601013250015,0.139257070401093,0.1843,3.62360000000001
20.93,0.0232743721722135,0.0983833264081728,0.1252,3.5994
12.8,0.0232903591398325,,0.0638,3.4221
29.52,0.0232937465766322,0,0.3983,3.6737
13.11,0.0233130171942467,0.253609685187041,0.1725,3.565
11.75,0.0233466566293866,0,0.539,3.58109999999999
6.94,0.0234427172993085,0.0152681247095282,0.1822,3.77870000000001
20.91,0.0234685138002219,0.150087971040442,0.1252,3.5994
15.61,0.0236156750772989,0.192589768526307,0.628,3.68770000000001
29.54,0.0236525863429321,0,0.3983,3.6737
11.13,0.0236590662144226,0.107741641453173,0.2253,3.57909999999998
20.94,0.0237012029083335,0,0.1252,3.5994
15.63,0.0237314015554724,0.0784027930006743,0.628,3.68770000000001
17.13,0.0237661818832808,0.167974399770133,0.1749,3.55949999999996
24.8,0.0238833624088411,,0.1047,3.64330000000001
32.92,0.0238990975330365,0,0.1018,3.48539999999997
29.53,0.0239422027536871,0.0863821072338374,0.3983,3.6737
33.11,0.0240722645561602,0.305916517521115,0.1791,3.58050000000003
15.62,0.0240833781982034,0,0.628,3.68770000000001
11.25,0.0240930352717645,0.101985730371592,0.2565,3.61840000000001
17.12,0.0241081270919169,0,0.1749,3.55949999999996
24.93,0.0241246500553265,0.161273928587638,0.1362,3.68530000000004
17.14,0.0241505757945965,0,0.1749,3.55949999999996
24.92,0.0241663940063507,0,0.1362,3.68530000000004
11.12,0.024281593122602,0,0.2253,3.57909999999998
24.94,0.024304562880332,0,0.1362,3.68530000000004
6.93,0.0243186726170952,0.0455220242748432,0.1822,3.77870000000001
22.82,0.0243924807256602,0,0.098,3.59279999999995
13.03,0.024404548869549,0.104380210333339,0.1358,3.5172
32.93,0.0244577653567145,0.0975709186279937,0.1018,3.48539999999997
22.81,0.0244820604532576,0.150075683368066,0.098,3.59279999999995
20.85,0.0244833141437817,0.059930408180447,0.0959,3.55550000000005
13.12,0.0244909417331454,0,0.1725,3.565
33.03,0.0246057669931893,0.105580304810059,0.1415,3.5333
11.11,0.0246380385660124,0.159960801741776,0.2253,3.57909999999998
8.95,0.024638059768004,0.0609872205833096,0.1603,3.5806
8.71,0.0247169099881486,0.150077560202454,0.1387,3.50839999999999
13.01,0.0247319548492166,0.150087549472426,0.1358,3.5172
12.95,0.0248284815100992,0.0719768401691922,0.0959,3.46879999999999
13.02,0.0249094625538071,0,0.1358,3.5172
8.72,0.0249123272302504,0,0.1387,3.50839999999999
33.12,0.0249549151453487,0,0.1791,3.58050000000003
13.13,0.0249684035276389,0.159616736883331,0.1725,3.565
22.83,0.0251358181171227,0.0909957502962738,0.098,3.59279999999995
24.91,0.0251739755730427,0.277046356885875,0.1362,3.68530000000004
3.95,0.0252217058420062,0,0.7022,4.59379999999999
27.11,0.0253412829635283,0.226465472542801,0.2103,3.57760000000002
27.12,0.025390914853222,0,0.2103,3.57760000000002
33.04,0.02544406802245,0.0166417909281756,0.1415,3.5333
8.73,0.0256403412487094,0.0737564017431468,0.1387,3.50839999999999
20.8,0.0256809631568754,,0.0959,3.55550000000005
29.01,0.0257500053195938,0.150091668095812,0.1448,3.54579999999999
33.02,0.025777018536235,0,0.1415,3.5333
33.13,0.0259229392929233,0.185295770317896,0.1791,3.58050000000003
29.02,0.0259433905355163,0,0.1448,3.54579999999999
29.03,0.0261795800884723,0.104349927020333,0.1448,3.54579999999999
14.7,0.026257638177021,,0.0611,3.52170000000001
21.4,0.026258119769416,,0.3928,3.75189999999998
19.55,0.0264069506820566,0.0502418299463082,0.4073,3.68109999999996
24.85,0.0265059806447042,0.0635065585227884,0.1047,3.64330000000001
33.14,0.0265891048384649,0,0.1791,3.58050000000003
31.25,0.0266232392809956,0.113468552982389,0.2709,3.62939999999998
11.2,0.0266289300794214,,0.2565,3.61840000000001
17.11,0.0266736015130038,0.270908716909629,0.1749,3.55949999999996
7.45,0.0266986289848165,0.0333985113749796,0.7322,3.83139999999997
13.14,0.0267154975650224,0,0.1725,3.565
6.92,0.026761188424925,0.00156914525252868,0.1822,3.77870000000001
32.94,0.0268419879302341,0,0.1018,3.48539999999997
8.74,0.0268980589995725,0,0.1387,3.50839999999999
27.13,0.0269662512266342,0.142553578214701,0.2103,3.57760000000002
14.65,0.0269833433523121,0.0368625065907417,0.0392,3.48929999999996
15.65,0.0270971825773121,0.0199370836092315,0.628,3.68770000000001
14.85,0.0271081362281899,0.0617292600417756,0.0896,3.55990000000003
19.5,0.0271192255298796,,0.4073,3.68109999999996
13.04,0.0271227838364783,0.0134944460465443,0.1358,3.5172
15.64,0.02722213817881,0,0.628,3.68770000000001
29.13,0.0272653970450597,0.163036139704834,0.1805,3.59280000000001
29.12,0.0272956658092906,0,0.1805,3.59280000000001
29.11,0.0273004931482872,0.264004707316777,0.1805,3.59280000000001
17.54,0.0273166970163523,0,0.4527,3.63159999999999
29.14,0.0275228432942128,0,0.1805,3.59280000000001
6.91,0.0275687130274747,0.0608364628441709,0.1822,3.77870000000001
27.14,0.0277861338441691,0,0.2103,3.57760000000002
14.75,0.0278814801684024,0.052243879961816,0.0611,3.52170000000001
33.1,0.0279436452971538,,0.1791,3.58050000000003
33.01,0.0279830315618945,0.15006475498596,0.1415,3.5333
22.84,0.0281483793633779,0,0.098,3.59279999999995
14.95,0.0282376423752165,0.0746149147269794,0.1219,3.60419999999999
27.05,0.028417579893013,0.0720722125615981,0.178,3.53370000000001
17.55,0.0286188092599769,0.0483653402902868,0.4527,3.63159999999999
29.04,0.0288198153581158,0.0132237424443309,0.1448,3.54579999999999
18.9,0.0295118148706817,,0.1071,3.5104
9,0.0295210670170211,,0.1843,3.62360000000001
32.9,0.0298329493319378,,0.1018,3.48539999999997
22.92,0.0299465073171619,0,0.1294,3.63640000000004
22.91,0.0300096261475677,0.18777478611371,0.1294,3.63640000000004
29,0.0301086268219978,,0.1448,3.54579999999999
11.1,0.0301499684982769,,0.2253,3.57909999999998
29.55,0.0302896028117765,0.0543446823359824,0.3983,3.6737
33.05,0.0304091597544094,0.0842153251606258,0.1415,3.5333
22.93,0.0304368459659397,0.118488416833715,0.1294,3.63640000000004
22.94,0.0304443039595744,0,0.1294,3.63640000000004
14.9,0.0305450882920582,,0.1219,3.60419999999999
25.32,0.0311937135088979,0.178138701266865,0.5012,3.79220000000004
11.15,0.0312045081873549,0.0823268080325971,0.2253,3.57909999999998
25.31,0.0313749463988292,0,0.5012,3.79220000000004
13,0.0316982942864449,,0.1358,3.5172
13.1,0.0317465891757446,,0.1725,3.565
17,0.0317986787730841,,0.1404,3.51209999999998
7.01,0.0318218627392328,0,0.2101,3.81800000000004
24.9,0.0319375600700051,,0.1362,3.68530000000004
15.01,0.0321339287277822,0.269716352283666,0.1534,3.6506
19.13,0.0322027876240611,0.166275781846095,0.1825,3.6046
19.14,0.0322485492823923,0,0.1825,3.6046
17.05,0.0322770711345959,0.0802678925576235,0.1404,3.51209999999998
9.05,0.03231846612708,0.0951256839473283,0.1843,3.62360000000001
25.33,0.0324920893353519,0,0.5012,3.79220000000004
19.01,0.0325070465178075,0.151337335210312,0.1456,3.55779999999999
24.95,0.0325848717278391,0.10231502910038,0.1362,3.68530000000004
19.02,0.0325865521527856,0,0.1456,3.55779999999999
14.8,0.0326117354343769,,0.0896,3.55990000000003
33.15,0.0326192316872641,0.123966217919386,0.1791,3.58050000000003
20.9,0.0326246408698976,,0.1252,3.5994
19.12,0.0328062712047633,0,0.1825,3.6046
8.7,0.0328927755461255,,0.1387,3.50839999999999
7,0.0329089911414832,0.49993070194281,0.2101,3.81800000000004
25.34,0.0332099743833459,0.110831452735098,0.5012,3.79220000000004
19.03,0.0332659770962645,0.105594738732579,0.1456,3.55779999999999
35.04,0.0333864251660247,0,0.1649,3.65010000000001
7.02,0.0333915673232492,0.294646722115826,0.2101,3.81800000000004
19.04,0.0335155017859774,0.0146431887787695,0.1456,3.55779999999999
7.4,0.0336202065082778,,0.7322,3.83139999999997
19.11,0.0337685004996443,0.270275298228178,0.1825,3.6046
15.6,0.033801930883759,,0.628,3.68770000000001
35.01,0.0338228012025762,0.221548178308552,0.1649,3.65010000000001
32.95,0.0338721634231151,0.0719432338285504,0.1018,3.48539999999997
27.1,0.0339693843306972,,0.2103,3.57760000000002
12.9,0.0340437284029908,,0.0959,3.46879999999999
33.43,0.0340947742870143,0.096473193693598,0.4154,3.65199999999999
15.02,0.0342818604289106,0,0.1534,3.6506
35.05,0.0343366183541487,0.094355164185459,0.1649,3.65010000000001
7.03,0.0344305221904459,0,0.2101,3.81800000000004
35.02,0.0344779685073526,0,0.1649,3.65010000000001
15.03,0.0346097321765372,0.162486677644652,0.1534,3.6506
22.85,0.0346886546496702,0.0620418159084796,0.098,3.59279999999995
35.03,0.0351794049133927,0.13722133564518,0.1649,3.65010000000001
29.43,0.035271421904145,0.097141299937961,0.375,3.67270000000002
29.44,0.035306554586398,0,0.375,3.67270000000002
17.15,0.0353111030854376,0.115976376205682,0.1749,3.55949999999996
29.42,0.0354057155391907,0,0.375,3.67270000000002
33.41,0.0354657625077973,0.150074291581994,0.4154,3.65199999999999
22.8,0.0355099449401044,,0.098,3.59279999999995
29.41,0.0356672577322842,0.150107364604127,0.375,3.67270000000002
8.75,0.0356804587416113,0.0364477593443696,0.1387,3.50839999999999
23.53,0.0357270355015487,0.0864958528226574,0.4643,3.77300000000002
35.54,0.0358564267302357,0,0.5051,3.73770000000002
33.42,0.0360754194875224,0,0.4154,3.65199999999999
29.15,0.0361146250859231,0.11171338232186,0.1805,3.59280000000001
17.1,0.0362731747913779,,0.1749,3.55949999999996
29.5,0.0362864092795984,,0.3983,3.6737
22.9,0.0363264401777415,,0.1294,3.63640000000004
18.95,0.0364742816869387,0.0719021891579527,0.1071,3.5104
33.44,0.036580598412974,0,0.4154,3.65199999999999
23.54,0.0365952684917967,0,0.4643,3.77300000000002
23.52,0.0366956478894495,0,0.4643,3.77300000000002
19,0.0367049149548919,,0.1456,3.55779999999999
35.51,0.0367990223481103,0.150067670969328,0.5051,3.73770000000002
35.53,0.0369303262273565,0.0829630497959454,0.5051,3.73770000000002
7.05,0.0370141835572763,0,0.2101,3.81800000000004
23.51,0.0370490275475684,0.150078157639445,0.4643,3.77300000000002
35.52,0.0371119551332916,0,0.5051,3.73770000000002
15,0.0372308023524174,,0.1534,3.6506
15.04,0.0372740772505551,0,0.1534,3.6506
23.41,0.0373963684789004,0.215053066647825,0.4214,3.77910000000003
7.04,0.037620583303328,0.17111109542238,0.2101,3.81800000000004
25.35,0.0377963148905092,0,0.5012,3.79220000000004
13.15,0.0381419409575443,0.112183972198767,0.1725,3.565
17.5,0.0382129932981782,,0.4527,3.63159999999999
20.95,0.0383474137290817,0.0732406179001013,0.1252,3.5994
19.44,0.0389749644687716,0,0.3854,3.68110000000001
19.43,0.0391696420758115,0.0954416699676186,0.3854,3.68110000000001
29.1,0.0396062700661001,,0.1805,3.59280000000001
13.05,0.039629998863335,0.0823623375264946,0.1358,3.5172
33.45,0.0398019380847612,0.0696682073730098,0.4154,3.65199999999999
5.13,0.0399421987326979,0,0.4153,4.18090000000001
19.42,0.0400281476383754,0,0.3854,3.68110000000001
5.14,0.04002814779994,0.136982822865364,0.4153,4.18090000000001
23.42,0.0402492763354882,0,0.4214,3.77910000000003
5.11,0.0404248342811072,0,0.4153,4.18090000000001
5.12,0.0404449454801554,0.260516998333679,0.4153,4.18090000000001
29.05,0.0407188128051974,0.0823310380129368,0.1448,3.54579999999999
19.41,0.0410892511967465,0.150069763099524,0.3854,3.68110000000001
22.95,0.0411153641503367,0.0840370281594473,0.1294,3.63640000000004
29.4,0.0421095240579927,,0.375,3.67270000000002
23.43,0.0421330157204994,0.12707591833739,0.4214,3.77910000000003
9.53,0.0421352907316663,0.0878655885017196,0.5024,3.721
9.52,0.0422025654224127,0,0.5024,3.721
13.41,0.0426947874728871,0.150072512005886,0.399,3.64419999999996
9.33,0.0429303579901128,0.157194081024929,0.3593,3.72129999999999
35,0.0430597532308876,,0.1649,3.65010000000001
9.32,0.043157085104337,0,0.3593,3.72129999999999
9.34,0.0437539633855051,0,0.3593,3.72129999999999
6.9,0.0441351708877504,,0.1822,3.77870000000001
21.01,0.0443448998102488,0.270303792296514,0.1632,3.64510000000001
21.02,0.0443594634010576,0,0.1632,3.64510000000001
33,0.0443731696059777,,0.1415,3.5333
21.03,0.0443851581210386,0.162458850102297,0.1632,3.64510000000001
21.04,0.0443970272649278,0,0.1632,3.64510000000001
23.55,0.0443978586656139,0.0545615100114445,0.4643,3.77300000000002
33.4,0.044493773194442,,0.4154,3.65199999999999
23.44,0.0447541988865845,0,0.4214,3.77910000000003
9.54,0.0448932945120146,0,0.5024,3.721
9.51,0.0449329600713731,0.150079328675797,0.5024,3.721
13.42,0.0453137933332391,0,0.399,3.64419999999996
27.15,0.045449550187869,0.100577805282313,0.2103,3.57760000000002
15.45,0.0460759475613861,0.109048178874377,0.5132,3.74220000000003
35.55,0.0463215643126233,0.0491909730802693,0.5051,3.73770000000002
29.32,0.0466690724784592,0.0430508811193821,0.3319,3.65819999999997
9.31,0.0467090187360406,0.263673471418862,0.3593,3.72129999999999
15.44,0.0468394607279849,0,0.5132,3.74220000000003
15.24,0.0475641855302438,0.164477050135913,0.3011,3.72480000000002
29.33,0.0475679021035468,0.059527375531268,0.3319,3.65819999999997
15.05,0.0476917936685558,0.107788533618289,0.1534,3.6506
15.43,0.0479469285878268,0.179561084374913,0.5132,3.74220000000003
19.15,0.0480001667307621,0.113293974822312,0.1825,3.6046
29.34,0.0482490737450568,0.0483529420470724,0.3319,3.65819999999997
21.25,0.0485660200286123,0.01345428756198,0.3052,3.71820000000002
35.41,0.0488143821455467,0.254594288717922,0.446,3.74739999999997
23.5,0.0490541810746708,,0.4643,3.77300000000002
15.42,0.0490620085441107,0,0.5132,3.74220000000003
15.23,0.0490970734622885,0,0.3011,3.72480000000002
15.22,0.0493142070386665,0.267042250265276,0.3011,3.72480000000002
9.55,0.0495700543229393,0.0568084660312259,0.5024,3.721
21.24,0.0498039948652118,0.11055685347674,0.3052,3.71820000000002
23.4,0.0500785655307195,,0.4214,3.77910000000003
23.34,0.0503035013010061,0.0260151000579151,0.3823,3.77029999999996
21,0.0506539135298679,,0.1632,3.64510000000001
29.31,0.0511504927566423,0.0648932184665131,0.3319,3.65819999999997
9.3,0.0516886142137475,,0.3593,3.72129999999999
25.13,0.0517872766485429,0,0.2817,3.76159999999999
23.33,0.0519265432617075,0.0683189803655862,0.3823,3.77029999999996
25.11,0.0519762372965782,0,0.2817,3.76159999999999
29.35,0.0524127124681481,0.0568556576099967,0.3319,3.65819999999997
9.22,0.0524988277988256,0.119564990680211,0.3058,3.69889999999998
15.21,0.0526570814729048,0,0.3011,3.72480000000002
19.4,0.052741889303034,,0.3854,3.68110000000001
15.41,0.0528110789540228,0.3166111168504,0.5132,3.74220000000003
35.42,0.0529741218424963,0,0.446,3.74739999999997
23.45,0.0530304789313535,0.0820506889532647,0.4214,3.77910000000003
9.21,0.0530558336039392,0,0.3058,3.69889999999998
21.23,0.0532090886871423,0,0.3052,3.71820000000002
35.24,0.0532188619761769,0.129022917062353,0.316,3.72230000000002
25.12,0.0532224625802666,0.313143087561076,0.2817,3.76159999999999
5.1,0.053535745307025,0.500084870291913,0.4153,4.18090000000001
19.45,0.0540764068583639,0.0678343889261916,0.3854,3.68110000000001
31.43,0.0540842437530788,0.14804509899973,0.4434,3.66199999999998
31.44,0.0541202259763231,0,0.4434,3.66199999999998
15.25,0.054190345255786,0,0.3011,3.72480000000002
9.23,0.0543211539581477,0.00146554135936785,0.3058,3.69889999999998
35.5,0.0543721918574427,,0.5051,3.73770000000002
29.45,0.0544947976655574,0.0705817658603622,0.375,3.67270000000002
31.42,0.0545797072197574,0,0.4434,3.66199999999998
31.52,0.0548338278155881,0,0.5216,3.65170000000001
35.23,0.0549046772888957,0,0.316,3.72230000000002
17.41,0.0549459254794667,0.150249179670984,0.4277,3.63590000000005
21.22,0.054991672011481,0.164089596292419,0.3052,3.71820000000002
35.22,0.0550363831833533,0.200024621741835,0.316,3.72230000000002
23.32,0.0551608007378951,0.0102578858340652,0.3823,3.77029999999996
25.14,0.0552024526451613,0.186839177505226,0.2817,3.76159999999999
31.53,0.0552575707156984,0.0819107596210512,0.5216,3.65170000000001
11.44,0.055437798439342,0,0.4267,3.65460000000002
5.15,0.0555210639266583,0,0.4153,4.18090000000001
35.21,0.0555517095829281,0,0.316,3.72230000000002
23.31,0.0558230913389784,0.0921117789165269,0.3823,3.77029999999996
31.41,0.0558752235499563,0.250624846359055,0.4434,3.66199999999998
35.43,0.0562916043973395,0.14776002113903,0.446,3.74739999999997
17.42,0.0563666968862397,0,0.4277,3.63590000000005
31.51,0.0563871684061593,0.150078827745676,0.5216,3.65170000000001
25.3,0.0565881524940478,0.308073531513827,0.5012,3.79220000000004
9.35,0.0566242894056847,0.102359623645453,0.3593,3.72129999999999
31.54,0.0568002197235099,0,0.5216,3.65170000000001
11.42,0.0569986792641633,0,0.4267,3.65460000000002
23.35,0.0570312731959978,0.0556850638050084,0.3823,3.77029999999996
21.21,0.0570526232422568,0,0.3052,3.71820000000002
9.24,0.0571505527803625,0.0865706865862264,0.3058,3.69889999999998
25.1,0.0573857008913302,0.499915817527905,0.2817,3.76159999999999
17.32,0.0575194012635376,0,0.3588,3.62569999999999
9.42,0.0576990050077795,0,0.4402,3.7294
9.43,0.0578268349736275,0.147441945861052,0.4402,3.7294
9.41,0.0578744731554728,0.252514147965296,0.4402,3.7294
17.34,0.0579862962596463,0.0132494969204042,0.3588,3.62569999999999
19.1,0.0581668668327827,,0.1825,3.6046
11.43,0.0582085187797915,0.157990430519712,0.4267,3.65460000000002
17.33,0.0582713490018389,0.109625823080144,0.3588,3.62569999999999
17.43,0.0583039371178053,0.0980825675365527,0.4277,3.63590000000005
23.04,0.0592879409236195,0,0.1807,3.68079999999998
35.25,0.0594560585058615,0.00016650256986519,0.316,3.72230000000002
17.31,0.0600708531697098,0.161353474095648,0.3588,3.62569999999999
19.31,0.0609387304832424,0.115270740948957,0.3352,3.66930000000002
19.32,0.061029458121679,0.00669191097855728,0.3352,3.66930000000002
19.33,0.0610900934501655,0.0851295780148796,0.3352,3.66930000000002
23.13,0.0611893736511496,0,0.2533,3.7208
23.12,0.0614154643475174,0.177926932637454,0.2533,3.7208
11.52,0.0614584088754263,0,0.51,3.64570000000003
17.24,0.0615365629548153,0,0.2624,3.60000000000002
35.44,0.061908162186969,0,0.446,3.74739999999997
21.31,0.0622684112267773,0.150085009849612,0.3803,3.73970000000003
17.23,0.0625192241517354,0.158141763953395,0.2624,3.60000000000002
21.32,0.0626110091553467,0,0.3803,3.73970000000003
17.22,0.0626618358642686,0,0.2624,3.60000000000002
23.11,0.0627577951769238,0,0.2533,3.7208
23.14,0.0629041626177492,0.117233506456542,0.2533,3.7208
11.41,0.0629298440298148,0.26825818725912,0.4267,3.65460000000002
9.44,0.0629337357303554,0,0.4402,3.7294
27.34,0.0629521305198091,0,0.3639,3.63990000000001
27.33,0.0631251088396777,0.131055539843355,0.3639,3.63990000000001
19.34,0.0633370520678562,0.0292894947066178,0.3352,3.66930000000002
11.54,0.0633902532449389,0,0.51,3.64570000000003
13.4,0.0634532005802528,,0.399,3.64419999999996
35.33,0.0634699995225205,0.082563888069967,0.3984,3.7407
35.45,0.0635907460528286,0.0930524997996129,0.446,3.74739999999997
23.03,0.0642474120123617,0.111364983727449,0.1807,3.68079999999998
17.21,0.0644645077884028,0.25309583797104,0.2624,3.60000000000002
35.32,0.0646007251656557,0,0.3984,3.7407
27.32,0.0647713130502995,0,0.3639,3.63990000000001
11.53,0.0648002632179282,0.0838072488621128,0.51,3.64570000000003
17.44,0.0648410642470259,0,0.4277,3.63590000000005
27.44,0.0650962083267787,0,0.4448,3.6481
15.53,0.0652780779343049,0.115334940325153,0.5985,3.72370000000001
21.54,0.0653369924864454,0,0.4777,3.74759999999998
35.31,0.0656487840533076,0.118541598679465,0.3984,3.7407
11.51,0.0658830128678966,0.150082240625657,0.51,3.64570000000003
27.41,0.0661121316790323,0.150069048131439,0.4448,3.6481
17.4,0.0661565174074685,,0.4277,3.63590000000005
21.53,0.0661915074008465,0.0857598209346993,0.4777,3.74759999999998
3.44,0.0664451649337526,0.192152290406105,0.0671,4.84619999999995
15.52,0.0664508679727491,0,0.5985,3.72370000000001
11.45,0.0665074220587598,0.101741625368462,0.4267,3.65460000000002
9.5,0.0667022164041726,,0.5024,3.721
3.43,0.066711181842963,0,0.0671,4.84619999999995
19.35,0.0667670168736071,0.0696260651407261,0.3352,3.66930000000002
35.34,0.0667958960443591,0.0172992252540879,0.3984,3.7407
23.3,0.0670035174292441,,0.3823,3.77029999999996
3.42,0.0670219252760652,0.321086966691951,0.0671,4.84619999999995
3.41,0.0672480504268746,0,0.0671,4.84619999999995
9.45,0.0672646452600237,0.0937430600129652,0.4402,3.7294
23.01,0.06727777975111,0.171564802055585,0.1807,3.68079999999998
23.02,0.0677943668060356,0,0.1807,3.68079999999998
27.31,0.0678652445663191,0.207459912660549,0.3639,3.63990000000001
13.34,0.0680076750276644,0.0324813117669527,0.3455,3.6327
9.25,0.0682263102246458,0.0258007077338447,0.3058,3.69889999999998
13.33,0.068239579537994,0.0837609221906148,0.3455,3.6327
21.52,0.0683125815740253,0,0.4777,3.74759999999998
19.05,0.0685050139783897,0.0835197281059758,0.1456,3.55779999999999
27.43,0.068692128404299,0.0951908706356376,0.4448,3.6481
27.42,0.0687964433054486,0,0.4448,3.6481
21.51,0.0690150783477302,0.150073181352582,0.4777,3.74759999999998
35.11,0.0691257248003202,0,0.2456,3.69140000000004
35.35,0.0691657043137176,0.0638334373997984,0.3984,3.7407
17.35,0.0692785176935427,0.0832950935698665,0.3588,3.62569999999999
15.51,0.0695593087894483,0.248219070575414,0.5985,3.72370000000001
9.11,0.0699823223267474,0.129897239194054,0.2462,3.66489999999999
25.03,0.0700036087176888,0,0.2205,3.72640000000001
31.45,0.0713354871614118,0.0957627875035109,0.4434,3.66199999999998
13.32,0.0714281317922027,0.0108364531021606,0.3455,3.6327
27.35,0.0721898451170003,0.0921058735766428,0.3639,3.63990000000001
35.12,0.0722140674776732,0.145745713617867,0.2456,3.69140000000004
5.41,0.0722939380946449,0.152740032524386,0.7399,4.09630000000004
9.12,0.0723306962347992,0,0.2462,3.66489999999999
13.35,0.0725892135697617,0.0700930544228932,0.3455,3.6327
13.31,0.072634118143476,0.110793325854302,0.3455,3.6327
35.13,0.0726939188701614,0,0.2456,3.69140000000004
5.42,0.072770894934643,0,0.7399,4.09630000000004
25.02,0.0730039079140256,0.12498933759092,0.2205,3.72640000000001
9.14,0.0731882926884273,0.0165789434112215,0.2462,3.66489999999999
9.13,0.073301528723203,0.0905860120466524,0.2462,3.66489999999999
23.15,0.0733625019334042,0.0067187395883308,0.2533,3.7208
21.3,0.0735301727184659,,0.3803,3.73970000000003
15.54,0.0736944715262945,0,0.5985,3.72370000000001
11.5,0.0736975875801552,,0.51,3.64570000000003
5.43,0.0736993509425379,0.0641661984655335,0.7399,4.09630000000004
31.55,0.0738284209910278,0.0475574791206541,0.5216,3.65170000000001
35.4,0.073973889607286,,0.446,3.74739999999997
25.15,0.0751387947532807,0,0.2817,3.76159999999999
25.04,0.075276518006932,0.0871077943947016,0.2205,3.72640000000001
23.24,0.0753337895560774,0.076339983272163,0.3304,3.75010000000003
33.33,0.0753832374017834,0.0508616161675396,0.3727,3.64269999999999
21.05,0.0754178466313987,0.107507113155066,0.1632,3.64510000000001
23.23,0.0754792042704062,0.0172779456809274,0.3304,3.75010000000003
25.01,0.0756184615384615,0,0.2205,3.72640000000001
33.23,0.0756436457811074,0.148779513624148,0.2791,3.61860000000001
33.22,0.0756530600833675,0,0.2791,3.61860000000001
23.05,0.0757249124387635,0.0806768845626898,0.1807,3.68079999999998
33.21,0.0758045562573987,0.235408171432335,0.2791,3.61860000000001
9.2,0.076010568846617,0.18381466080417,0.3058,3.69889999999998
17.25,0.0764938857265533,0.109768455471214,0.2624,3.60000000000002
23.21,0.0766352520297459,0,0.3304,3.75010000000003
33.32,0.0766694830007167,0.0556522455655257,0.3727,3.64269999999999
15.55,0.0767044566410538,0.0463719168019241,0.5985,3.72370000000001
33.35,0.0768509352010993,0.0527546596030049,0.3727,3.64269999999999
21.33,0.0769433512953672,0.09699194128549,0.3803,3.73970000000003
27.45,0.077191505911311,0.0675639604670053,0.4448,3.6481
31.4,0.0778867576834535,,0.4434,3.66199999999998
23.22,0.0780999947833647,0.100622977409487,0.3304,3.75010000000003
11.55,0.0781477987756188,0.0504361041442933,0.51,3.64570000000003
33.31,0.0783123491499255,0.0475146815686797,0.3727,3.64269999999999
35.1,0.0786887239132305,0.23292331785959,0.2456,3.69140000000004
33.34,0.0793547219055473,0.0551534534262585,0.3727,3.64269999999999
21.2,0.0793667706065433,0.267690533852671,0.3052,3.71820000000002
35.3,0.0797057825501374,,0.3984,3.7407
25.43,0.0807781272323715,0.078723537009025,0.614,3.78469999999999
15.5,0.0813230223984071,,0.5985,3.72370000000001
25.44,0.0814342450441581,0,0.614,3.78469999999999
27.24,0.0814706846856421,0,0.2761,3.61509999999998
31.32,0.0817199701420782,0,0.3633,3.65460000000002
25.05,0.081906147064206,0.0174795954711554,0.2205,3.72640000000001
21.34,0.0819865253513795,0.000743616201998698,0.3803,3.73970000000003
5.44,0.0823574475908859,0,0.7399,4.09630000000004
29.21,0.0825332968445769,0.120805144725647,0.2757,3.6318
31.33,0.0828929790496968,0.135402858209187,0.3633,3.65460000000002
29.24,0.083100120457355,0.0309504551996788,0.2757,3.6318
31.5,0.0831895009054616,,0.5216,3.65170000000001
11.32,0.0832274220529161,0,0.3425,3.64530000000002
27.23,0.0833872770781466,0.146619743700745,0.2761,3.61509999999998
23,0.0836021910782489,,0.1807,3.68079999999998
9.4,0.083901636545713,,0.4402,3.7294
35.14,0.0839632804387678,0.101011826930231,0.2456,3.69140000000004
31.31,0.0839753265050086,0.220059552179607,0.3633,3.65460000000002
9.15,0.0840860390460028,0.0707261535111051,0.2462,3.66489999999999
33.24,0.0843067707862233,0,0.2791,3.61860000000001
27.22,0.0843668943675965,0,0.2761,3.61509999999998
29.22,0.08438530060188,0.00617042350377597,0.2757,3.6318
25.42,0.0845671151721845,0,0.614,3.78469999999999
11.31,0.0851745933245965,0.236055117024604,0.3425,3.64530000000002
35.2,0.0852788877432845,0.337565588363852,0.316,3.72230000000002
15.2,0.0855132490679538,0.450616296519515,0.3011,3.72480000000002
9.1,0.0855205025281223,,0.2462,3.66489999999999
29.23,0.0855444929858689,0.0897580254792168,0.2757,3.6318
27.4,0.0856550851453757,,0.4448,3.6481
25.41,0.0858660225954864,0.15304109928387,0.614,3.78469999999999
27.21,0.0858905407037178,0.235350122280853,0.2761,3.61509999999998
31.34,0.0859132229510595,0,0.3633,3.65460000000002
19.24,0.0859719898509652,0.034900220613952,0.2792,3.64339999999999
17.45,0.0864504849512835,0.0720550575905772,0.4277,3.63590000000005
19.21,0.0865292026343468,0.110413449903531,0.2792,3.64339999999999
13.3,0.0869030630762342,,0.3455,3.6327
19.23,0.0869098600748268,0.0843259113188302,0.2792,3.64339999999999
23.25,0.0869901971249032,0.0332366758319778,0.3304,3.75010000000003
11.34,0.0875569562980009,0,0.3425,3.64530000000002
19.22,0.0876206970092376,0.0140983045519166,0.2792,3.64339999999999
17.2,0.0876585011655903,,0.2624,3.60000000000002
11.33,0.0880478779520352,0.144827776125517,0.3425,3.64530000000002
33.2,0.0907639939321938,,0.2791,3.61860000000001
25,0.0908704962953254,0.198756116504772,0.2205,3.72640000000001
35.15,0.0914085382965968,0.0186548849957396,0.2456,3.69140000000004
15.4,0.0921854418041664,,0.5132,3.74220000000003
21.55,0.0925488243763743,0.0534500050593829,0.4777,3.74759999999998
3.85,0.0930161858090201,0,0.683,4.66219999999998
23.1,0.0932624218312124,0.295660738134336,0.2533,3.7208
11.4,0.0938627294472853,,0.4267,3.65460000000002
17.3,0.0949195969688148,,0.3588,3.62569999999999
29.3,0.0960205487007564,0.0330587211665209,0.3319,3.65819999999997
11.35,0.0969538854379736,0.0983274784397048,0.3425,3.64530000000002
29.2,0.0990282480853934,,0.2757,3.6318
21.5,0.0994329971211331,,0.4777,3.74759999999998
25.45,0.0995946664196715,0.0401864463387757,0.614,3.78469999999999
5.4,0.100991174142069,,0.7399,4.09630000000004
3.83,0.10110708210967,0.0672821971967078,0.683,4.66219999999998
5.35,0.102000371172697,0,0.6472,4.14249999999998
31.35,0.102518481084985,0.0923136622895974,0.3633,3.65460000000002
11.3,0.102591345254111,,0.3425,3.64530000000002
3.81,0.103871768248302,0.193062426487817,0.683,4.66219999999998
23.2,0.104130308545374,0.1469720443615,0.3304,3.75010000000003
31.3,0.104139107779121,,0.3633,3.65460000000002
3.82,0.104443646522928,0,0.683,4.66219999999998
15.14,0.104691828361787,0.0915721738760191,0.2445,3.69259999999997
5.45,0.104943637934013,0.0180279880840456,0.7399,4.09630000000004
27.25,0.105872479428565,0.101522929059799,0.2761,3.61509999999998
3.45,0.106336565722209,0,0.0671,4.84619999999995
21.35,0.106372810574056,0.069468262540297,0.3803,3.73970000000003
7.23,0.106886607033274,0,0.5358,3.86130000000003
15.11,0.108701220260871,0,0.2445,3.69259999999997
3.84,0.108745242416386,0,0.683,4.66219999999998
7.22,0.109733619228066,0.297039194470172,0.5358,3.86130000000003
5.33,0.109849078386942,0,0.6472,4.14249999999998
5.32,0.111456803259546,0.229540683661804,0.6472,4.14249999999998
15.12,0.112337079185507,0.126903805615466,0.2445,3.69259999999997
15.13,0.113261450430102,0.00042117915380353,0.2445,3.69259999999997
13.2,0.113398296748422,,0.2548,3.60509999999999
5.31,0.113444852647272,0,0.6472,4.14249999999998
27.3,0.114357902268154,,0.3639,3.63990000000001
19.25,0.114540863258966,0.0711061378812545,0.2792,3.64339999999999
3.4,0.114697481558763,0.637606435859074,0.0671,4.84619999999995
7.24,0.115377028741483,0.180189015449575,0.5358,3.86130000000003
27.2,0.115746184868311,,0.2761,3.61509999999998
33.25,0.115917266385876,0.104549963496723,0.2791,3.61860000000001
5.34,0.117611470106206,0.115751511820732,0.6472,4.14249999999998
25.4,0.119897084208686,,0.614,3.78469999999999
7.21,0.120430121918613,0,0.5358,3.86130000000003
19.2,0.124611101252289,,0.2792,3.64339999999999
7.25,0.12712091276297,0,0.5358,3.86130000000003
33.3,0.12844999391429,0.0571167133889133,0.3727,3.64269999999999
29.25,0.12944081794871,0.0740670490595099,0.2757,3.6318
19.3,0.131181806199386,,0.3352,3.66930000000002
15.15,0.13165049989836,0.0264904675998014,0.2445,3.69259999999997
7.13,0.144622918949291,0,0.3672,3.84820000000002
7.12,0.145307652430486,0.305832660987561,0.3672,3.84820000000002
21.15,0.148501242645125,0.0383344979363493,0.2534,3.68609999999995
7.11,0.148724113286928,0,0.3672,3.84820000000002
15.1,0.149509954024158,0.195711635463255,0.2445,3.69259999999997
3.53,0.150889223121341,0,0.2664,4.82589999999999
3.54,0.151922793595406,0.192132084441522,0.2664,4.82589999999999
7.15,0.152927219820133,0,0.3672,3.84820000000002
5.21,0.155035213014167,0,0.53,4.16949999999997
3.52,0.157597364192015,0.321046973905941,0.2664,4.82589999999999
3.8,0.160821531843262,,0.683,4.66219999999998
5.22,0.162915102590933,0.262102052490548,0.53,4.16949999999997
21.13,0.164891135285914,0.0239777049299659,0.2534,3.68609999999995
3.73,0.164924631267071,0,0.601,4.72979999999996
3.51,0.165101704137197,0,0.2664,4.82589999999999
21.12,0.165154587949746,0.0920945817545304,0.2534,3.68609999999995
15.31,0.165218634390579,0.186557254627969,0.4649,3.74099999999999
3.74,0.165983592138866,0.119334207332961,0.601,4.72979999999996
21.11,0.166149713573003,0,0.2534,3.68609999999995
5.23,0.167121159702224,0,0.53,4.16949999999997
5.24,0.167154838382399,0.138357470474257,0.53,4.16949999999997
3.72,0.167951604981923,0.263421439655635,0.601,4.72979999999996
3.71,0.168786618498821,0,0.601,4.72979999999996
7.14,0.169278534225636,0.18117825029494,0.3672,3.84820000000002
7.31,0.170163180804088,0.150068167459657,0.7111,3.85310000000004
15.32,0.176251153206773,0,0.4649,3.74099999999999
25.21,0.179866748283792,0,0.4553,3.78399999999999
7.32,0.18180416423317,0,0.7111,3.85310000000004
25.23,0.183138952875367,0.0171041871403059,0.4553,3.78399999999999
25.24,0.185063203558267,0.0674977487229099,0.4553,3.78399999999999
7.35,0.185293085154104,0.0623279453553616,0.7111,3.85310000000004
3.61,0.185364944439996,0,0.4651,4.78569999999996
25.22,0.186296181718631,0.0887069360127942,0.4553,3.78399999999999
25.25,0.186688812585892,0.0304000929379423,0.4553,3.78399999999999
21.14,0.187458178268647,0.0733691384861386,0.2534,3.68609999999995
5.2,0.18925741405288,0.500082170593019,0.53,4.16949999999997
15.33,0.189685855899633,0.119432431475719,0.4649,3.74099999999999
3.63,0.192519266706091,0,0.4651,4.78569999999996
3.62,0.194359163242366,0.243695433291336,0.4651,4.78569999999996
7.1,0.196442513438015,0.500000000000163,0.3672,3.84820000000002
7.33,0.197480531906607,0.0923329285045798,0.7111,3.85310000000004
15.34,0.198635050683197,0,0.4649,3.74099999999999
7.34,0.198760685656204,0,0.7111,3.85310000000004
3.55,0.202601282416698,0,0.2664,4.82589999999999
7.2,0.204794543443131,0.500087446966805,0.5358,3.86130000000003
15.3,0.204821614002451,,0.4649,3.74099999999999
3.7,0.20715134014624,0.499739494162873,0.601,4.72979999999996
21.1,0.212614488479263,0.128717155200102,0.2534,3.68609999999995
5.3,0.214400173065013,0.448567698006866,0.6472,4.14249999999998
5.25,0.217546494469617,0,0.53,4.16949999999997
25.2,0.221606777997924,0.128897948603249,0.4553,3.78399999999999
7.3,0.222066962207678,,0.7111,3.85310000000004
3.64,0.22890798857394,0.139471969096401,0.4651,4.78569999999996
15.35,0.251277182294981,0.0849618542730865,0.4649,3.74099999999999
3.75,0.256135235125213,0,0.601,4.72979999999996
3.5,0.266236738624999,0.63766956249308,0.2664,4.82589999999999
3.6,0.291287399619729,0.440904012854665,0.4651,4.78569999999996
3.65,0.302674508186005,0,0.4651,4.78569999999996
