Sample time,accel,throttle,speed,separation
3.65,0.238250555777059,0,0.4987,4.86330000000004
3.64,0.231329692259899,0.207157865533247,0.4987,4.86330000000004
3.5,0.229794150539277,0.726784020995168,0.2679,4.87180000000001
3.9,0.222850581042461,0.472657658212887,1.0101,4.68240000000003
3.75,0.205621463588555,0,0.7352,4.83159999999998
3.6,0.202857338711874,0.722224747098965,0.4987,4.86330000000004
5.9,0.195665507173711,0.433561557925157,0.4643,3.88999999999999
3.7,0.193104535641354,0.46161444737965,0.7352,4.83159999999998
3.85,0.184080138128517,0,0.89,4.77160000000004
3.63,0.182115062580306,0,0.4987,4.86330000000004
3.62,0.177749547053682,0.330556035663502,0.4987,4.86330000000004
3.61,0.165633563726581,0,0.4987,4.86330000000004
3.55,0.157374472491764,0,0.2679,4.87180000000001
5.91,0.149894930743537,0,0.4643,3.88999999999999
3.8,0.149455895844651,0.508632732331759,0.89,4.77160000000004
5.92,0.145464992481885,0.230047546171251,0.4643,3.88999999999999
3.94,0.145139989569797,0.0901969707279515,1.0101,4.68240000000003
33.8,0.145012834982353,,0.2184,3.69510000000002
3.51,0.139971853801869,0,0.2679,4.87180000000001
3.74,0.139431241952805,0.152927067122343,0.7352,4.83159999999998
3.84,0.139231501125812,0.138325197622114,0.89,4.77160000000004
3.52,0.136947289351261,0.331695857825116,0.2679,4.87180000000001
3.54,0.131594026227674,0.20452312517594,0.2679,4.87180000000001
16.8,0.131230144110792,,0.2203,3.64419999999996
5.93,0.131039882381769,0,0.4643,3.88999999999999
3.71,0.129240972376036,0,0.7352,4.83159999999998
3.91,0.128611015895873,0,1.0101,4.68240000000003
3.53,0.128432631079731,0,0.2679,4.87180000000001
3.92,0.128376664585399,0.230235777489015,1.0101,4.68240000000003
3.93,0.127776839061362,0,1.0101,4.68240000000003
5.85,0.126962163401432,0,0.3266,3.91849999999999
3.73,0.123139065116597,0,0.7352,4.83159999999998
5.94,0.123091080923254,0.125107032415302,0.4643,3.88999999999999
3.72,0.123041921331297,0.260284328798,0.7352,4.83159999999998
3.83,0.123033214054263,0,0.89,4.77160000000004
5.8,0.122893066478037,0.499999999999888,0.3266,3.91849999999999
3.82,0.122661783557897,0.266998491798138,0.89,4.77160000000004
3.95,0.122120164851682,0,1.0101,4.68240000000003
3.81,0.122083108645007,0,0.89,4.77160000000004
46.8,0.119157945490993,,0.2102,3.67629999999997
5.82,0.114039830751162,0.27004236591778,0.3266,3.91849999999999
5.81,0.112486015526314,0,0.3266,3.91849999999999
16.84,0.110995941419014,0,0.2203,3.64419999999996
5.83,0.109159047803844,0,0.3266,3.91849999999999
22.8,0.105709624455775,,0.2023,3.67540000000002
5.95,0.105475362380244,0,0.4643,3.88999999999999
15.85,0.105104991972749,0.0683926637838883,0.2271,3.65300000000002
6.05,0.10057243972448,0.0271386779817824,0.5734,3.83749999999998
5.84,0.100525486859198,0.1517601976187,0.3266,3.91849999999999
12.8,0.0986453133968032,,0.2104,3.66590000000002
16.95,0.0982846406404546,0.0634539469111062,0.2909,3.63299999999998
16.83,0.0970903703703704,0.152683240093203,0.2203,3.64419999999996
16.82,0.0969653734235918,0,0.2203,3.64419999999996
16.81,0.0967639075308686,0.26174569369521,0.2203,3.64419999999996
31.8,0.0961638586624131,0.0397310830564526,0.2061,3.70349999999996
16.85,0.0960563637710057,0.0975033286225482,0.2203,3.64419999999996
15.8,0.0958313663918333,,0.2271,3.65300000000002
33,0.0953768738077491,,0.284,3.68269999999995
38.85,0.0942672798879538,0.0619469020843644,0.2022,3.6728
33.81,0.0941742613295685,0.280407686753981,0.2184,3.69510000000002
10.8,0.0934300421064211,,0.191,3.67599999999999
12.9,0.0921759132604086,,0.2903,3.65709999999996
16.9,0.0913126714977335,,0.2909,3.63299999999998
6.04,0.0911770698514981,0,0.5734,3.83749999999998
6,0.0908828065715466,,0.5734,3.83749999999998
27.85,0.0906330893846074,0.0613863612932576,0.2105,3.6748
33.82,0.0895682345137755,0,0.2184,3.69510000000002
38.8,0.0891922467090081,,0.2022,3.6728
12.95,0.0891341752974908,0.063902750406775,0.2903,3.65709999999996
30.8,0.0877917750330533,0.00575534610609088,0.1794,3.68060000000003
33.83,0.0872343594086668,0.159541737806879,0.2184,3.69510000000002
39.8,0.0855156215471067,,0.1955,3.67220000000003
29.9,0.0847585346168041,,0.2439,3.64609999999999
22.85,0.0846313440062257,0.0527903073526442,0.2023,3.67540000000002
38.84,0.084567575293846,0,0.2022,3.6728
34.8,0.0842274954645278,,0.2219,3.66360000000003
27.84,0.0830787732145356,0.000452022147476383,0.2105,3.6748
31.85,0.0828347668994583,0.0344522805293661,0.2061,3.70349999999996
19.9,0.0822803963055931,,0.2795,3.64150000000001
33.84,0.0821180534254906,0,0.2184,3.69510000000002
12.94,0.0819378261560542,0,0.2903,3.65709999999996
22.82,0.0817343707794122,0,0.2023,3.67540000000002
30.85,0.0817266114587627,0.0456846791006655,0.1794,3.68060000000003
22.81,0.0811088964017275,0.0881547127945111,0.2023,3.67540000000002
35.8,0.0810886479519625,,0.1737,3.66679999999997
12.93,0.0804538522073351,0.092369568574533,0.2903,3.65709999999996
16.94,0.0793860385512453,0,0.2909,3.63299999999998
31.81,0.0792649142486561,0.0277561652539876,0.2061,3.70349999999996
27.83,0.0792292951526901,0.0835242536503716,0.2105,3.6748
12.92,0.0790456004755121,0,0.2903,3.65709999999996
27.8,0.0789576120479755,,0.2105,3.6748
22.83,0.0787905342047666,0.0645285217783484,0.2023,3.67540000000002
38.83,0.0783494547489646,0.0846979927689408,0.2022,3.6728
44.9,0.0783114050749655,,0.2605,3.65979999999996
27.82,0.0775325005036384,0,0.2105,3.6748
41.95,0.077291457933297,0.0642390612005621,0.24,3.6497
33.9,0.0770241910414412,,0.2973,3.68339999999995
6.03,0.0765883541151306,0.0812185181897689,0.5734,3.83749999999998
38.82,0.0763264113828506,0,0.2022,3.6728
15.84,0.0760897426879308,0,0.2271,3.65300000000002
31.82,0.0759708539268007,0.0378572205526337,0.2061,3.70349999999996
34.85,0.075646156600224,0.0929568784969876,0.2219,3.66360000000003
31.84,0.0755653795475183,0.0373343155472224,0.2061,3.70349999999996
12.91,0.074913019188469,0.150087085303061,0.2903,3.65709999999996
6.02,0.0748266384975758,0,0.5734,3.83749999999998
10.84,0.0746078880703903,0.016334041231372,0.191,3.67599999999999
33.85,0.0744713749306431,0.0980404091219936,0.2184,3.69510000000002
27.81,0.0742792391043845,0.127580725713358,0.2105,3.6748
10.85,0.0733333241236401,0.0539794620590757,0.191,3.67599999999999
22.84,0.0730547440657444,0.0190389755505346,0.2023,3.67540000000002
45.9,0.0729091709389501,,0.2517,3.66329999999999
31.83,0.0727806841817569,0.031937588697292,0.2061,3.70349999999996
38.81,0.072312431938549,0.129970855405416,0.2022,3.6728
46.85,0.0719987210652442,0.0549767975421278,0.2102,3.67629999999997
32.8,0.0718238387849308,0.135790067558304,0.1846,3.71340000000004
10.81,0.0717035571220531,0.0935674268184199,0.191,3.67599999999999
32.95,0.0715326712797049,0.0879415546506005,0.23,3.70550000000003
16.91,0.0709444463504507,0.150085196988445,0.2909,3.63299999999998
16.93,0.0704239361299851,0.0920556933183247,0.2909,3.63299999999998
15.82,0.0701995200854093,0,0.2271,3.65300000000002
15.83,0.0701419667633255,0.0953882315195862,0.2271,3.65300000000002
16.92,0.0700915472468063,0,0.2909,3.63299999999998
10.82,0.0697876370807238,0,0.191,3.67599999999999
45.8,0.0694808751065471,,0.1945,3.67189999999999
32.94,0.0690991634280075,0,0.23,3.70550000000003
39.85,0.0690765932036627,0.0564335625561036,0.1955,3.67220000000003
44.95,0.0690292785373969,0.0650933225712568,0.2605,3.65979999999996
6.01,0.0690041961197082,0.186609848612846,0.5734,3.83749999999998
46.81,0.0685403974602253,0.101981899076714,0.2102,3.67629999999997
37.95,0.0684853408325083,0.063576004781674,0.2597,3.66079999999999
44.94,0.0684291836103366,0,0.2605,3.65979999999996
15.81,0.067522197653379,0.150085840822371,0.2271,3.65300000000002
10.83,0.0669834606706128,0.0671248880360433,0.191,3.67599999999999
29.94,0.0669251604458182,0,0.2439,3.64609999999999
29.95,0.0668099395280517,0.0628838604298695,0.2439,3.64609999999999
45.85,0.0664702608932012,0.0626169268114545,0.1945,3.67189999999999
19.95,0.0664191518224545,0.0632398836483384,0.2795,3.64150000000001
38.9,0.0658868864782176,,0.2595,3.66339999999997
32.93,0.0657275999351082,0.141066459748468,0.23,3.70550000000003
41.9,0.0656332503987886,,0.24,3.6497
34.95,0.0648997220116738,0.0622186952872867,0.286,3.65279999999996
30.84,0.0644898876854282,0.0313232818472641,0.1794,3.68060000000003
34.84,0.064111822080093,0,0.2219,3.66360000000003
44.91,0.0639307343904747,0.150089013283391,0.2605,3.65979999999996
30.83,0.0636026636697466,0.0499622902339119,0.1794,3.68060000000003
30.82,0.0634463928179033,0.0223504873616946,0.1794,3.68060000000003
46.83,0.0633946485622721,0.0706221518839722,0.2102,3.67629999999997
3.45,0.0631947453463568,0,0.0671,4.86519999999996
4,0.0631031982842327,,1.0524,4.57590000000005
45.84,0.0630323232992728,0,0.1945,3.67189999999999
46.84,0.0628120501471314,0.0108036745275679,0.2102,3.67629999999997
32.9,0.0624160564303602,,0.23,3.70550000000003
3.4,0.062214897383523,0.645199128710862,0.0671,4.86519999999996
33.95,0.0620503379921474,0.0665624114110678,0.2973,3.68339999999995
7.8,0.0619723840600222,,0.1943,3.68889999999999
40.05,0.0619481476452258,0.0326725489521248,0.302,3.64330000000001
44.93,0.0616909118232735,0.0931421753068313,0.2605,3.65979999999996
32.92,0.0616879348202861,0,0.23,3.70550000000003
44.92,0.0616633086944093,0,0.2605,3.65979999999996
4.9,0.0616563404934192,0.178328628826795,0.5807,4.096
11.85,0.0614590773503215,0.066796566656658,0.2169,3.66289999999998
39.84,0.0614492530062176,0.0109043268412136,0.1955,3.67220000000003
39.81,0.0611727546115948,0.104877776570624,0.1955,3.67220000000003
46.82,0.0611461435254806,0,0.2102,3.67629999999997
26.9,0.0609632837126799,,0.2508,3.65609999999998
34.82,0.0608167438052497,0,0.2219,3.66360000000003
27.9,0.0607054815171473,,0.261,3.6669
34.83,0.0606502682970326,0.14554958949956,0.2219,3.66360000000003
33.91,0.0605603068544491,0.166312202889307,0.2973,3.68339999999995
43.9,0.0603879350036857,,0.2397,3.64979999999997
10.9,0.06031310989858,,0.2382,3.67020000000002
29.92,0.060149398504957,0,0.2439,3.64609999999999
28.05,0.0598391868922785,0.0314197341842619,0.319,3.64159999999998
39.82,0.0597193805000827,0,0.1955,3.67220000000003
33.05,0.0596865143489604,0.0348176440083147,0.284,3.68269999999995
19.8,0.0596695033721643,,0.1983,3.65109999999999
30.81,0.05950690917028,0.0589651286256552,0.1794,3.68060000000003
29.93,0.0592215468903243,0.0916407734677987,0.2439,3.64609999999999
26.8,0.0592026426669363,,0.19,3.6635
33.02,0.0591594160652577,0,0.284,3.68269999999995
33.01,0.0591498371692786,0.150075989996122,0.284,3.68269999999995
34.81,0.0590554240500768,0.249613763322102,0.2219,3.66360000000003
19.94,0.0589484270668363,0,0.2795,3.64150000000001
39.83,0.0589067357231266,0.0725583063920153,0.1955,3.67220000000003
33.03,0.0588311854686002,0.0733824382668284,0.284,3.68269999999995
29.91,0.058741659772438,0.150086738159983,0.2439,3.64609999999999
33.04,0.05865582149387,0,0.284,3.68269999999995
30.7,0.0580937001560017,,0.1118,3.6653
45.82,0.0580496360241365,0,0.1945,3.67189999999999
45.83,0.0578915993701187,0.0860768964142811,0.1945,3.67189999999999
49.95,0.0574984733358561,0.0633443162454488,0.2421,3.6558
25.95,0.0574875331725295,0.0618228061844383,0.2378,3.65499999999997
33.94,0.0570186573855511,0,0.2973,3.68339999999995
41.94,0.0568884301678426,0,0.24,3.6497
33.92,0.0567068814097786,0,0.2973,3.68339999999995
39.9,0.0566497658244342,,0.2437,3.66589999999996
19.93,0.0565837323143379,0.0919283183358458,0.2795,3.64150000000001
35.84,0.0564100112286112,0.0164862985677255,0.1737,3.66679999999997
45.81,0.0563908393727764,0.132752968041699,0.1945,3.67189999999999
25.9,0.0562510773129876,,0.2378,3.65499999999997
37.94,0.0559872916330122,0,0.2597,3.66079999999999
35.85,0.0559785786778815,0.0562814829014005,0.1737,3.66679999999997
49.9,0.0557314444293218,,0.2421,3.6558
33.93,0.0556810046892903,0.099649998041426,0.2973,3.68339999999995
35.81,0.0556655524500967,0.0982931595924386,0.1737,3.66679999999997
9.85,0.0555141652581065,0.0785808651445311,0.2177,3.66159999999996
9.9,0.0552971804903175,,0.2607,3.65269999999998
19.92,0.0548931615619314,0,0.2795,3.64150000000001
32.91,0.0546239864143843,0.245582481018643,0.23,3.70550000000003
46.9,0.0545504428759161,,0.2582,3.66749999999996
41.93,0.0542874206161682,0.0925219674075227,0.24,3.6497
43.95,0.0542785940373783,0.0626197432610958,0.2397,3.64979999999997
9.8,0.0540964854612019,,0.2177,3.66159999999996
22.9,0.054068196987328,,0.2506,3.66629999999998
12.81,0.0538763935799854,0.292491594215351,0.2104,3.66590000000002
37.9,0.0535007749217197,,0.2597,3.66079999999999
19.91,0.0534276067367787,0.15008501092711,0.2795,3.64150000000001
12.85,0.0532915899591272,0.103562009471561,0.2104,3.66590000000002
35.83,0.0532401525585589,0.0702470264083066,0.1737,3.66679999999997
23.8,0.0531419138728268,,0.2183,3.6585
41.92,0.0531357022750157,0,0.24,3.6497
35.82,0.0530848150331294,0,0.1737,3.66679999999997
32.81,0.0528953475057402,0,0.1846,3.71340000000004
35.9,0.0528879814043114,,0.2216,3.6628
37.93,0.0526670597400021,0.0920886026657024,0.2597,3.66079999999999
7.9,0.052614450550297,,0.2513,3.68049999999999
23.85,0.0524670259760683,0.0677516452421648,0.2183,3.6585
41.91,0.0520391369951975,0.150088965020199,0.24,3.6497
7.85,0.0518690240327414,0.0654028765661398,0.1943,3.68889999999999
4.94,0.0517018677317942,0.0322969296366586,0.5807,4.096
4.92,0.0515670997717406,0.0817222248260518,0.5807,4.096
12.82,0.0512187154479435,0,0.2104,3.66590000000002
36,0.051067637591191,,0.2581,3.64299999999997
4.93,0.0508561762362976,0,0.5807,4.096
10.95,0.0502781316158394,0.0759181173772697,0.2382,3.67020000000002
12.83,0.0500241814911132,0.167201980519572,0.2104,3.66590000000002
12.84,0.0495514909497749,0,0.2104,3.66590000000002
15.95,0.0492454921794819,0.0613416735030183,0.2557,3.64509999999996
37.92,0.0489118219253784,0,0.2597,3.66079999999999
4.95,0.04888234335933,0,0.5807,4.096
4.05,0.048700158162439,0,1.0524,4.57590000000005
27.95,0.0485626593727574,0.0898958229721124,0.261,3.6669
37.91,0.0478711327585455,0.150089878759138,0.2597,3.66079999999999
9.84,0.0474039783001808,0,0.2177,3.66159999999996
7.84,0.0471323627520097,0,0.1943,3.68889999999999
7.83,0.0469331725151709,0.0938062315763599,0.1943,3.68889999999999
20.8,0.0466218716043124,,0.1999,3.63909999999998
22.95,0.0465780903857119,0.0685930606807933,0.2506,3.66629999999998
4.91,0.046523934453012,0,0.5807,4.096
3.44,0.0465173372649033,0.191229839817067,0.0671,4.86519999999996
43.92,0.0465063126617391,0,0.2397,3.64979999999997
34.9,0.046499883497295,,0.286,3.65279999999996
43.94,0.046353881713532,0,0.2397,3.64979999999997
43.91,0.0463223239515194,0.150087371134889,0.2397,3.64979999999997
32.85,0.0462928948357634,0.0174054944124931,0.1846,3.71340000000004
28,0.0462487156917356,,0.319,3.64159999999998
7.81,0.0462250353249079,0.150137468970824,0.1943,3.68889999999999
20.85,0.0461898277313605,0.0749315564991282,0.1999,3.63909999999998
9.82,0.0460119298316241,0,0.2177,3.66159999999996
7.82,0.0456741884973991,0,0.1943,3.68889999999999
43.93,0.0454134351801725,0.0914557808251433,0.2397,3.64979999999997
9.83,0.0453626334547821,0.116579586124086,0.2177,3.66159999999996
35.95,0.0453279700381292,0.0750307184928032,0.2216,3.6628
32.82,0.0453015952226283,0.0877295716315212,0.1846,3.71340000000004
15.9,0.0452815232113063,,0.2557,3.64509999999996
25.8,0.0450670836082087,,0.187,3.66140000000001
23.82,0.0450476373619629,0,0.2183,3.6585
47.05,0.0450334612803651,0.0515636344164313,0.2998,3.64170000000001
10.94,0.044853886158747,0,0.2382,3.67020000000002
49.92,0.0448249080464889,0,0.2421,3.6558
44.8,0.0447876429182946,,0.1777,3.66570000000002
9.81,0.0446294896074534,0.192690411396788,0.2177,3.66159999999996
49.91,0.0446102858957717,0.150088374760332,0.2421,3.6558
11,0.0444350985142624,,0.2755,3.64870000000002
37.8,0.0442953565671725,,0.1812,3.66860000000003
32.05,0.0438326282355518,0.0319461235007523,0.2798,3.67570000000001
25.91,0.0438185246073579,0.150086969336779,0.2378,3.65499999999997
25.93,0.0437956476215337,0.0909324663412035,0.2378,3.65499999999997
49.93,0.0437241936091042,0.0919347742942117,0.2421,3.6558
25.92,0.0437161247117334,0,0.2378,3.65499999999997
25.94,0.0436826051622691,0,0.2378,3.65499999999997
23.83,0.0436290320024093,0.094864428556172,0.2183,3.6585
23.84,0.0435813673643877,0,0.2183,3.6585
23.81,0.0433585095134298,0.150089620214103,0.2183,3.6585
27.92,0.0432158097799142,0,0.261,3.6669
45.95,0.0431608241628752,0.0746193075912712,0.2517,3.66329999999999
19.81,0.0430726455079509,0.291693039392324,0.1983,3.65109999999999
49.94,0.0430481671664769,0,0.2421,3.6558
32.83,0.0426881492721691,0,0.1846,3.71340000000004
30.71,0.0425612988677633,0.203854586198876,0.1118,3.6653
19.85,0.0424646257056369,0.104945761540885,0.1983,3.65109999999999
34.94,0.042404528282841,0,0.286,3.65279999999996
34.93,0.042247538640435,0.0912330130427805,0.286,3.65279999999996
11.84,0.0421129960196507,0,0.2169,3.66289999999998
32.84,0.0419857102598837,0.0633452061205469,0.1846,3.71340000000004
19.82,0.041980709559251,0,0.1983,3.65109999999999
34.92,0.0419725714035929,0,0.286,3.65279999999996
22.7,0.0418478566397997,,0.1157,3.66129999999998
10.92,0.0417661532619267,0,0.2382,3.67020000000002
19.84,0.0416029325246804,0,0.1983,3.65109999999999
30.9,0.0415390022513933,,0.2116,3.67509999999999
10.93,0.04134243600908,0.113200257413222,0.2382,3.67020000000002
27.94,0.0413067524216085,0,0.261,3.6669
30.72,0.0412110734946322,0,0.1118,3.6653
19.83,0.0409766397536879,0.167853766126964,0.1983,3.65109999999999
35.94,0.0409564095005698,0,0.2216,3.6628
22.91,0.0408673735003924,0.158963506568791,0.2506,3.66629999999998
34.91,0.0408535069252919,0.150086458840875,0.286,3.65279999999996
27.91,0.0408242140158816,0.248367764195968,0.261,3.6669
45.94,0.0407552247010639,0,0.2517,3.66329999999999
38.91,0.0407313360653237,0.206405131330021,0.2595,3.66339999999997
10.91,0.0407040668466405,0.187480678202439,0.2382,3.67020000000002
3.43,0.0406436544915749,0,0.0671,4.86519999999996
31.7,0.0406308482860351,,0.1315,3.6884
27.93,0.0404714809252487,0.14316469159308,0.261,3.6669
24.8,0.0404418787062657,,0.1972,3.65719999999999
7.95,0.0403252204537941,0.076288846300608,0.2513,3.68049999999999
4.04,0.0402929347774248,0,1.0524,4.57590000000005
32.7,0.0401689442850869,,0.1294,3.69919999999996
22.93,0.0400558536527495,0.0986175523151417,0.2506,3.66629999999998
11.83,0.0400450932699259,0.0942326074954965,0.2169,3.66289999999998
30.75,0.0400435697560289,0.0812932006193084,0.1118,3.6653
22.94,0.040040019922681,0,0.2506,3.66629999999998
38.95,0.0399072148726984,0.0792522661819212,0.2595,3.66339999999997
3.41,0.0398773798384149,0,0.0671,4.86519999999996
40,0.0397463550821575,,0.302,3.64330000000001
35.7,0.0397431654660766,,0.1095,3.64910000000003
3.42,0.0397042190859381,0.317879563261788,0.0671,4.86519999999996
45.91,0.0395617935158114,0.187284170322431,0.2517,3.66329999999999
45.92,0.0395378007472021,0,0.2517,3.66329999999999
22.92,0.0392869036856037,0,0.2506,3.66629999999998
15.6,0.0391987697640632,,0.1414,3.61560000000003
45.93,0.0391242474123915,0.112183763593772,0.2517,3.66329999999999
47.9,0.0391154615178012,,0.2228,3.63959999999997
26.94,0.0390589119536832,0,0.2508,3.65609999999998
10.7,0.0389383260977592,,0.1181,3.6594
26.81,0.0388682697973173,0.242044010263719,0.19,3.6635
23.9,0.0388532299039013,,0.2461,3.65269999999998
10.74,0.0386947668538573,0,0.1181,3.6594
29.8,0.038526489506921,,0.1771,3.65260000000001
26.82,0.0384013993047205,0,0.19,3.6635
20.9,0.0383354411144352,,0.2376,3.63240000000002
11.8,0.0379695288100303,,0.2169,3.66289999999998
26.95,0.0377733694555742,0.0623267847399734,0.2508,3.65609999999998
36.8,0.0376521672637798,,0.2067,3.66129999999998
15.65,0.037527579152856,0.0487692704396828,0.1414,3.61560000000003
20.81,0.0374802304314493,0.170319246897179,0.1999,3.63909999999998
20.82,0.0374633354091086,0,0.1999,3.63909999999998
8.8,0.0374008368417291,,0.2255,3.6678
48.9,0.0371969070572855,,0.2246,3.64589999999998
38.92,0.0370565544846344,0,0.2595,3.66339999999997
8.85,0.037054716713284,0.0674941539622167,0.2255,3.6678
32.04,0.0370465819406249,0,0.2798,3.67570000000001
20.84,0.0369915026549052,0,0.1999,3.63909999999998
24.85,0.0369264785163459,0.0731248794036148,0.1972,3.65719999999999
39.91,0.0368295409548169,0.247160569015241,0.2437,3.66589999999996
32,0.0367698863018628,,0.2798,3.67570000000001
11.82,0.0367404213784272,0,0.2169,3.66289999999998
10.75,0.0366752026007198,0.0896708590754141,0.1181,3.6594
39.95,0.0363858882139611,0.0902877149855352,0.2437,3.66589999999996
20.83,0.0363796114238282,0.106505725008003,0.1999,3.63909999999998
47.95,0.0362803958203585,0.0617321804668299,0.2228,3.63959999999997
26.83,0.0362677349247074,0.141610850408739,0.19,3.6635
35.93,0.0362265769178755,0.110319382719266,0.2216,3.6628
30.73,0.036175519764676,0.12239191516079,0.1118,3.6653
38.93,0.0360979448528197,0.121780382094403,0.2595,3.66339999999997
35.92,0.035890763343778,0,0.2216,3.6628
46.91,0.0357359953991324,0.204881106440762,0.2582,3.66749999999996
28.02,0.0357265574126808,0,0.319,3.64159999999998
28.03,0.0356487597577399,0.0727584240442716,0.319,3.64159999999998
26.92,0.0355371724240765,0,0.2508,3.65609999999998
24.9,0.0355115297458579,,0.2325,3.65090000000004
35.91,0.0354972819839605,0.180786454508716,0.2216,3.6628
39.93,0.035356282024152,0.143037390279569,0.2437,3.66589999999996
26.84,0.0353507125030191,0,0.19,3.6635
46.95,0.035292592164081,0.0789460415395861,0.2582,3.66749999999996
39.92,0.0352377740980761,0,0.2437,3.66589999999996
26.91,0.0352011025221962,0.150087164232452,0.2508,3.65609999999998
28.04,0.0351377638730607,0,0.319,3.64159999999998
30.74,0.0350703574289059,0,0.1118,3.6653
40.04,0.0350217157392104,0,0.302,3.64330000000001
26.93,0.0349953181795726,0.0912839060780603,0.2508,3.65609999999998
14.9,0.0348881563781118,,0.2143,3.63650000000001
11.05,0.0348295095295661,0.0330385063806159,0.2755,3.64870000000002
4.01,0.0348249926294363,0,1.0524,4.57590000000005
4.02,0.0347933039302012,0,1.0524,4.57590000000005
38.94,0.0347391773907488,0,0.2595,3.66339999999997
40.03,0.0346899291810423,0.0734080217698809,0.302,3.64330000000001
39.94,0.0346549940860455,0,0.2437,3.66589999999996
4.03,0.0346286909457848,0,1.0524,4.57590000000005
49.8,0.0346261167494775,,0.1845,3.66040000000004
7.91,0.034313716281967,0.200665101182737,0.2513,3.68049999999999
42.85,0.0343090408202572,0.0657725929349582,0.2075,3.64830000000001
11.81,0.0343030887444454,0.150089340526372,0.2169,3.66289999999998
7.92,0.0336902331926023,0,0.2513,3.68049999999999
49.85,0.033685970077955,0.0887918897173386,0.1845,3.66040000000004
36.85,0.0335507939621005,0.0673396962371871,0.2067,3.66129999999998
46.92,0.0334667491173126,0,0.2582,3.66749999999996
28.01,0.0334282346507049,0.154865048527589,0.319,3.64159999999998
40.02,0.0334192873826188,0,0.302,3.64330000000001
32.02,0.0332342224436694,0,0.2798,3.67570000000001
7.94,0.0332151480039679,0,0.2513,3.68049999999999
32.03,0.033163479470832,0.0730153340649303,0.2798,3.67570000000001
7.93,0.0331497032025835,0.117851218095679,0.2513,3.68049999999999
13.9,0.0330806284443649,,0.227,3.62259999999998
40.01,0.0326264310893715,0.154244494891351,0.302,3.64330000000001
22.75,0.032538218767588,0.106283244882456,0.1157,3.66129999999998
43.8,0.0325060877775625,,0.1813,3.65619999999996
32.01,0.0324411755209019,0.154273079385006,0.2798,3.67570000000001
26.85,0.0324331549049344,0.090948349109739,0.19,3.6635
36.9,0.0324122760182157,,0.2338,3.65560000000005
18.8,0.0323289241699011,,0.1848,3.62700000000001
14.8,0.0322971862718815,,0.1849,3.63920000000002
31.9,0.0322879125900174,,0.234,3.69740000000002
8.81,0.0322471663392282,0.150690696458536,0.2255,3.6678
46.93,0.0322368062716565,0.121090274118154,0.2582,3.66749999999996
10.73,0.0321796531261938,0.140063560415194,0.1181,3.6594
15.64,0.0321658049583089,0,0.1414,3.61560000000003
15.94,0.0321358693316831,0,0.2557,3.64509999999996
44.81,0.0319226007673071,0.288692935540546,0.1777,3.66570000000002
44.83,0.0318706930644815,0.165418311658502,0.1777,3.66570000000002
35.75,0.0318481435803037,0.0775140492949941,0.1095,3.64910000000003
14.95,0.0318219333794399,0.062200042426528,0.2143,3.63650000000001
8.83,0.0317248066977013,0.0948951140651415,0.2255,3.6678
15.92,0.0315943453285538,0,0.2557,3.64509999999996
8.82,0.0315682810646213,0,0.2255,3.6678
15.91,0.0315681548656031,0.150083778453333,0.2557,3.64509999999996
10.72,0.0315495066699127,0,0.1181,3.6594
44.84,0.0315150499348295,0,0.1777,3.66570000000002
47.8,0.0315065315896113,,0.1853,3.64489999999995
15.93,0.0314677050526354,0.0906641835104593,0.2557,3.64509999999996
47,0.0311970173826288,,0.2998,3.64170000000001
44.82,0.0311825913707674,0,0.1777,3.66570000000002
29.85,0.0310150729058348,0.0953384345421053,0.1771,3.65260000000001
43.85,0.0309129829187147,0.0894152338037441,0.1813,3.65619999999996
21.95,0.0308737865092325,0.0610991213572011,0.2146,3.63650000000001
36.84,0.0308139233341226,0,0.2067,3.66129999999998
41.8,0.0306990513975063,,0.1781,3.65390000000002
31.73,0.0306200563291481,0.149388986642339,0.1315,3.6884
15,0.0305415494218942,,0.2365,3.61840000000001
14.94,0.0304655938333827,0,0.2143,3.63650000000001
18.85,0.0304487072081265,0.066852588049821,0.1848,3.62700000000001
47.1,0.030300448760338,,0.3317,3.61160000000001
46.94,0.0302817791842898,0,0.2582,3.66749999999996
47.94,0.0302776622776623,0,0.2228,3.63959999999997
15.63,0.0302169431582256,0.0819101328051953,0.1414,3.61560000000003
15.61,0.0301700146150551,0.15007828476784,0.1414,3.61560000000003
15.62,0.0300466250956513,0,0.1414,3.61560000000003
16,0.0300289691109717,,0.2751,3.62110000000001
8.84,0.0299646651187712,0,0.2255,3.6678
49.83,0.0299415846697256,0.137096448948832,0.1845,3.66040000000004
10.71,0.0298294404032237,0.23986874326342,0.1181,3.6594
8,0.0298003147707577,,0.2909,3.65640000000002
49.84,0.0297594690989083,0,0.1845,3.66040000000004
44.85,0.0296423351293436,0.10272710531278,0.1777,3.66570000000002
22.71,0.0296293249412703,0.300542030880192,0.1157,3.66129999999998
13.85,0.0296215693488201,0.0641255538009943,0.2032,3.62880000000001
31.72,0.0295656258986467,0,0.1315,3.6884
20.95,0.0295511522921378,0.0626103517351758,0.2376,3.63240000000002
14.85,0.0294534627508505,0.0688971052805244,0.1849,3.63920000000002
31.71,0.0293375580831565,0.260393027289078,0.1315,3.6884
36.01,0.029325291160966,0.150822151085072,0.2581,3.64299999999997
48.95,0.0293233726690855,0.0610748651568334,0.2246,3.64589999999998
31.74,0.0293224087196924,0,0.1315,3.6884
24.81,0.0292566687941763,0.169252398043059,0.1972,3.65719999999999
22.72,0.0292429840462617,0,0.1157,3.66129999999998
21.9,0.0292297811330089,,0.2146,3.63650000000001
24.84,0.0290708932011003,0,0.1972,3.65719999999999
31.75,0.0290401419360422,0.0931614068247572,0.1315,3.6884
24.83,0.0290095480230417,0.104952560288909,0.1972,3.65719999999999
39,0.0289833242773257,,0.3019,3.63839999999999
24.95,0.0289519708249005,0.0615936172351692,0.2325,3.65090000000004
39.05,0.0289510038842601,0.0335221011641212,0.3019,3.63839999999999
24.82,0.0288835735828297,0,0.1972,3.65719999999999
35.71,0.0288737367795231,0.189744401800417,0.1095,3.64910000000003
29.83,0.0288260749168956,0.149414836792255,0.1771,3.65260000000001
35.72,0.0288254058036284,0,0.1095,3.64910000000003
17.9,0.0287269171059732,,0.2156,3.60739999999998
11.01,0.0286442146198563,0.154364527106744,0.2755,3.64870000000002
35.73,0.0285349596571567,0.115004572263314,0.1095,3.64910000000003
49.82,0.0285051432498257,0,0.1845,3.66040000000004
41.85,0.0284605727658105,0.0919015799723371,0.1781,3.65390000000002
30.95,0.0283525641601606,0.065996110957299,0.2116,3.67509999999999
13.8,0.0283419404922417,,0.2032,3.62880000000001
36.05,0.0282654348135142,0.0355552507745464,0.2581,3.64299999999997
29.84,0.0282002271968549,0,0.1771,3.65260000000001
36.83,0.0281470738954492,0.0945580063038395,0.2067,3.66129999999998
47.91,0.0281296040947941,0.15008688117623,0.2228,3.63959999999997
47.93,0.0281059792465946,0.090822823973562,0.2228,3.63959999999997
47.92,0.0280401402663063,0,0.2228,3.63959999999997
18.9,0.0279327637712872,,0.2128,3.62240000000003
29.81,0.027835734906443,0.256458980488683,0.1771,3.65260000000001
35.74,0.0278017453920956,0,0.1095,3.64910000000003
22.73,0.0277843520909426,0.171681886911362,0.1157,3.66129999999998
15.05,0.0276357095200218,0.0367112830415529,0.2365,3.61840000000001
47.04,0.0276221065446216,0,0.2998,3.64170000000001
47.03,0.0275867757807263,0.127326450582946,0.2998,3.64170000000001
30,0.0273740790556454,,0.2669,3.62389999999999
43.84,0.0273690938793141,0,0.1813,3.65619999999996
11.9,0.0272450199896559,,0.2434,3.65519999999998
16.1,0.0271974634161834,,0.2996,3.59379999999999
42,0.0271098838983755,,0.2641,3.62880000000001
11.02,0.0270998682141001,0,0.2755,3.64870000000002
49.81,0.0270626220527212,0.233054627538542,0.1845,3.66040000000004
29.82,0.0269122615745537,0,0.1771,3.65260000000001
46,0.0268938633440974,,0.2876,3.6395
22.74,0.0268806176612514,0,0.1157,3.66129999999998
47.85,0.0268005333111365,0.0747085614331777,0.1853,3.64489999999995
42.8,0.0267097040866907,,0.2075,3.64830000000001
11.04,0.0267065104139105,0,0.2755,3.64870000000002
36.02,0.0267017061370003,0,0.2581,3.64299999999997
11.03,0.026666769937751,0.073728890528206,0.2755,3.64870000000002
8.05,0.0265935341444553,0.0330887349995507,0.2909,3.65640000000002
16.15,0.0265903963442245,0,0.2996,3.59379999999999
42.84,0.0264866957048046,0,0.2075,3.64830000000001
36.82,0.0264756174530714,0,0.2067,3.66129999999998
37.81,0.0262844919786096,0.291408700315065,0.1812,3.66860000000003
47.02,0.0262676772901769,0,0.2998,3.64170000000001
48.94,0.0262233483408491,0,0.2246,3.64589999999998
43.83,0.0261722387351362,0.137689301997333,0.1813,3.65619999999996
43.82,0.0261206439035943,0,0.1813,3.65619999999996
35,0.0259796328301568,,0.3065,3.6266
36.03,0.0259135104209513,0.0741219395443304,0.2581,3.64299999999997
43.81,0.025805286262684,0.233564640728446,0.1813,3.65619999999996
47.15,0.0257420257577448,0,0.3317,3.61160000000001
20.94,0.0257094179316086,0,0.2376,3.63240000000002
36.81,0.0254884214302711,0.150091020820316,0.2067,3.66129999999998
30.94,0.0254824714055525,0,0.2116,3.67509999999999
21.8,0.0254590425701478,,0.1853,3.64120000000003
14.93,0.0253721670318817,0.0911480950399445,0.2143,3.63650000000001
46.05,0.0253592322953332,0.0318904418214129,0.2876,3.6395
30.93,0.0253546928392679,0.0939421614773983,0.2116,3.67509999999999
47.01,0.0252710633995997,0.274934370600445,0.2998,3.64170000000001
30.92,0.0252703427655128,0,0.2116,3.67509999999999
18.6,0.0252645135058824,,0.1477,3.58670000000001
21.94,0.0252435361830619,0,0.2146,3.63650000000001
23.95,0.0251883485447778,0.0624490955267905,0.2461,3.65269999999998
26.05,0.0251760342805693,0.0339584402272686,0.2594,3.63349999999997
50,0.0250388660625991,,0.2651,3.63580000000002
30.91,0.0250328235202533,0.150084047437881,0.2116,3.67509999999999
19.7,0.0249908363510631,,0.1389,3.63729999999998
21.85,0.0249645451100373,0.0686538519334947,0.1853,3.64120000000003
39.04,0.0249315148014602,0,0.3019,3.63839999999999
14.91,0.0248489241489655,0.150085748472135,0.2143,3.63650000000001
14.92,0.0247978542082687,0,0.2143,3.63650000000001
14.84,0.0247447778576532,0,0.1849,3.63920000000002
46.7,0.0247082892345862,,0.1246,3.66399999999999
36.04,0.0246966950534693,0,0.2581,3.64299999999997
26,0.0246943673696347,,0.2594,3.63349999999997
12.05,0.0246613421404065,0.0306817868935311,0.2622,3.63339999999999
21.91,0.0245916550171591,0.150084758613289,0.2146,3.63650000000001
25,0.0245671574684335,,0.2535,3.63
21.92,0.0245193336911349,0,0.2146,3.63650000000001
25.05,0.0245123936214622,0.0328653943077949,0.2535,3.63
14.81,0.0244991742474229,0.150090671948766,0.1849,3.63920000000002
21.93,0.0244501116531511,0.0904267839884183,0.2146,3.63650000000001
17.95,0.0244179143815453,0.0588572803867626,0.2156,3.60739999999998
14.82,0.0243986228589895,0,0.1849,3.63920000000002
14.83,0.0243531852667435,0.0955589650707234,0.1849,3.63920000000002
31.05,0.0243024285700881,0.0330480454188665,0.2363,3.65609999999998
20.92,0.0240957184436135,0,0.2376,3.63240000000002
39.03,0.0240284941664471,0.0809612243171832,0.3019,3.63839999999999
11.95,0.0240086090440756,0.0601723070824465,0.2434,3.65519999999998
20.91,0.0239775912511695,0.150085655761961,0.2376,3.63240000000002
37.82,0.0239326620952,0,0.1812,3.66860000000003
20.65,0.0239235953266878,0.0451273327110054,0.1352,3.5985
48.93,0.0238445872009253,0.0904082375083498,0.2246,3.64589999999998
42.82,0.0236566108638218,0,0.2075,3.64830000000001
39.01,0.0236470372606222,0.17465902132165,0.3019,3.63839999999999
47.82,0.0235896045821068,0,0.1853,3.64489999999995
39.02,0.0235887909315556,0,0.3019,3.63839999999999
42.83,0.0235737777362603,0.0935558813056172,0.2075,3.64830000000001
20.93,0.0235632949367126,0.0914420817463061,0.2376,3.63240000000002
47.81,0.0235178448146222,0.175235143618822,0.1853,3.64489999999995
8.01,0.0235108390437378,0.150657980795681,0.2909,3.65640000000002
16.7,0.0232880490324358,,0.1368,3.63190000000003
37.83,0.0232227857396798,0.166476974501627,0.1812,3.66860000000003
47.11,0.0232016414069599,0.027614252028547,0.3317,3.61160000000001
31.94,0.0231981241847428,0,0.234,3.69740000000002
16.05,0.0231942196808602,0.0436529263554257,0.2751,3.62110000000001
37.85,0.0231716476150415,0.103046349751474,0.1812,3.66860000000003
8.03,0.0231682310372629,0.0723622299654406,0.2909,3.65640000000002
8.02,0.0231122964595674,0,0.2909,3.65640000000002
42.81,0.0230855065140993,0.150101682136706,0.2075,3.64830000000001
25.85,0.0230396225934984,0.0840644813581863,0.187,3.66140000000001
17.8,0.0229948314832107,,0.1892,3.61239999999998
25.81,0.0229234703563348,0.214019151647362,0.187,3.66140000000001
8.04,0.0228881417816968,0,0.2909,3.65640000000002
24.94,0.0228300334758615,0,0.2325,3.65090000000004
48.92,0.0228061003856178,0,0.2246,3.64589999999998
45,0.0227777097197313,,0.2853,3.6379
17.85,0.0227307006694968,0.0658332394193124,0.1892,3.61239999999998
38,0.0226791431780055,,0.2831,3.637
15.7,0.0226571112786513,,0.1553,3.64200000000005
39.7,0.0226088175422977,,0.118,3.65680000000003
37.84,0.0225381593162625,0,0.1812,3.66860000000003
23.05,0.0225357403011297,0.0418881034958894,0.2769,3.64339999999999
47.83,0.0224959896100907,0.107970493013529,0.1853,3.64489999999995
41.81,0.0224676427097727,0.242828673396586,0.1781,3.65390000000002
44,0.0224607896121129,,0.2623,3.62810000000002
19.75,0.0224449184136904,0.0892664402231008,0.1389,3.63729999999998
24.92,0.0223419080845516,0,0.2325,3.65090000000004
15.04,0.022330566312851,0,0.2365,3.61840000000001
22,0.0223228416425453,,0.2358,3.61739999999997
23.94,0.02231982190336,0,0.2461,3.65269999999998
48.91,0.0223034118180971,0.150086217543911,0.2246,3.64589999999998
24.93,0.0222841042420776,0.0907726294739304,0.2325,3.65090000000004
47.12,0.0222301728758534,0,0.3317,3.61160000000001
48.8,0.0222298486756069,,0.1898,3.65139999999997
24.91,0.022193115857415,0.150086677072877,0.2325,3.65090000000004
23.92,0.022144291221793,0,0.2461,3.65269999999998
30.04,0.0221360189627835,0,0.2669,3.62389999999999
23.91,0.0220465677421307,0.15008737728079,0.2461,3.65269999999998
47.84,0.0219957110995913,0,0.1853,3.64489999999995
25.82,0.0219729450488919,0,0.187,3.66140000000001
30.05,0.0219541095828061,0.035704630046708,0.2669,3.62389999999999
32.75,0.0219254928460505,0.0663742243310224,0.1294,3.69919999999996
31.92,0.0218820157746521,0,0.234,3.69740000000002
41.84,0.0218626750827456,0,0.1781,3.65390000000002
49,0.0218540342333812,,0.2454,3.62580000000003
40.95,0.0218124906627332,0.0569150112999085,0.2325,3.63550000000004
41.82,0.021760032851198,0,0.1781,3.65390000000002
28.95,0.0216819657442189,0.0579641152545968,0.2288,3.63420000000002
42.05,0.0216024274079282,0.0387276946216368,0.2641,3.62880000000001
41.83,0.0216003339623637,0.142483324809647,0.1781,3.65390000000002
47.13,0.0215260347027262,0,0.3317,3.61160000000001
31,0.0215015283205658,,0.2363,3.65609999999998
12.7,0.0214544312637052,,0.15,3.65230000000003
19.71,0.0214488400413344,0.233137206460766,0.1389,3.63729999999998
31.93,0.0213756266040248,0.127708406021489,0.234,3.69740000000002
46.75,0.021374525942843,0.106695695240436,0.1246,3.66399999999999
25.83,0.0213019747143649,0.127479819711908,0.187,3.66140000000001
34.05,0.0212769563069858,0.0212437751659641,0.3239,3.65559999999999
42.65,0.0212440446127085,0.0402365953837057,0.1667,3.61070000000001
16.74,0.0212230709730056,0,0.1368,3.63190000000003
18.81,0.021193142955785,0.150143012489144,0.1848,3.62700000000001
38.05,0.0211640312845693,0.0354267864520333,0.2831,3.637
19.73,0.0211611480076645,0.137253481344989,0.1389,3.63729999999998
48,0.0211461974261809,,0.2443,3.61870000000005
31.91,0.0211410652816043,0.218271866917281,0.234,3.69740000000002
34,0.021071172386701,,0.3239,3.65559999999999
19.72,0.0210157838140955,0,0.1389,3.63729999999998
25.84,0.0210133148652283,0,0.187,3.66140000000001
17,0.020957419616295,,0.3126,3.60629999999998
18.05,0.020952064511525,0.0331533417282353,0.2345,3.5883
23.93,0.0209361619854239,0.091327796328667,0.2461,3.65269999999998
42.9,0.0209162929419053,,0.2335,3.64159999999998
16.73,0.0208724164721767,0.17272698407293,0.1368,3.63190000000003
45.7,0.0207618509374465,,0.1292,3.6576
9.05,0.0207524203261048,0.0316364075462498,0.2726,3.63950000000005
32.72,0.0207344893859706,0,0.1294,3.69919999999996
32.71,0.0206948649878093,0.158222296374229,0.1294,3.69919999999996
19.74,0.0206850904444927,0,0.1389,3.63729999999998
36.94,0.0206790375246059,0,0.2338,3.65560000000005
45.05,0.0206440045329242,0.0380913472103665,0.2853,3.6379
32.73,0.0205267895808615,0.0970583866121002,0.1294,3.69919999999996
21.05,0.0205147131162321,0.0313207077350398,0.2593,3.61099999999999
40.9,0.0204876847006268,,0.2325,3.63550000000004
31.95,0.0203733894167993,0.0818764063615723,0.234,3.69740000000002
18.82,0.0203519445216703,0,0.1848,3.62700000000001
15.01,0.020326474884848,0.150080845475593,0.2365,3.61840000000001
24.05,0.0202876013233495,0.0314075701657546,0.2667,3.63150000000002
36.93,0.0202353562463727,0.0900895277197148,0.2338,3.65560000000005
20.05,0.0201122977233667,0.0312320528431852,0.3021,3.61580000000004
17.94,0.0201002429899417,0,0.2156,3.60739999999998
36.95,0.0200928116697278,0.0605925835674183,0.2338,3.65560000000005
47.14,0.0199902434418318,0,0.3317,3.61160000000001
30.02,0.0199675019145986,0,0.2669,3.62389999999999
32.74,0.0199035719990092,0,0.1294,3.69919999999996
10,0.0198835564377708,,0.281,3.62909999999999
19,0.0198758401884466,,0.2334,3.60340000000002
18.83,0.0198605317488937,0.0942908414356466,0.1848,3.62700000000001
17.05,0.0198516404752194,0,0.3126,3.60629999999998
20,0.0198386538610454,,0.3021,3.61580000000004
15.02,0.0198370549135903,0,0.2365,3.61840000000001
46.74,0.0197700944956119,0,0.1246,3.66399999999999
18.95,0.0197693327542614,0.0604653554055237,0.2128,3.62240000000003
36.91,0.0197286856063762,0.150086935098507,0.2338,3.65560000000005
36.92,0.0197076488446648,0,0.2338,3.65560000000005
18.84,0.0196205638792334,0,0.1848,3.62700000000001
30.03,0.019606363039577,0.0737491041569942,0.2669,3.62389999999999
11.65,0.0195470148912945,0.0420758110465357,0.1693,3.62630000000001
46.73,0.019515066209433,0.174511969863971,0.1246,3.66399999999999
21.84,0.0194652395475982,0,0.1853,3.64120000000003
21.81,0.0194545546037901,0.150089820146487,0.1853,3.64120000000003
21.83,0.0194356816727118,0.0954252059687429,0.1853,3.64120000000003
15.03,0.0193569578865527,0.0743741531057209,0.2365,3.61840000000001
21.82,0.0193290384353978,0,0.1853,3.64120000000003
30.01,0.0192881662554534,0.150079413209136,0.2669,3.62389999999999
46.71,0.0192382923638835,0.308290569178401,0.1246,3.66399999999999
16.12,0.0192309250491251,0,0.2996,3.59379999999999
46.72,0.0191339519480958,0,0.1246,3.66399999999999
42.6,0.0191135039988953,,0.1667,3.61070000000001
13.84,0.0191101877164206,0,0.2032,3.62880000000001
26.04,0.0190642960493921,0,0.2594,3.63349999999997
16.13,0.0190608099510497,0,0.2996,3.59379999999999
19.05,0.0189496145275901,0.0336545553040688,0.2334,3.60340000000002
29,0.0189347238002291,,0.2461,3.6139
49.05,0.0188982952406328,0.0350884758436179,0.2454,3.62580000000003
18,0.0188551088531,,0.2345,3.5883
16.72,0.0188418111031404,0,0.1368,3.63190000000003
16.01,0.0188177595234131,0.252140477914367,0.2751,3.62110000000001
17.91,0.0188043538348411,0.150080992297815,0.2156,3.60739999999998
38.04,0.0187920803711441,0,0.2831,3.637
44.7,0.0187766802192919,,0.1434,3.64960000000002
38.7,0.0187633062843478,,0.1271,3.65899999999999
16.71,0.0187072858343101,0.305183234319957,0.1368,3.63190000000003
16.14,0.0186921462768666,0,0.2996,3.59379999999999
16.75,0.0185850038127297,0.105835607901552,0.1368,3.63190000000003
17.93,0.0185318137406675,0.0888860209884989,0.2156,3.60739999999998
44.75,0.0184878680802492,0.0704879524381535,0.1434,3.64960000000002
16.11,0.0184802336455321,0.0267016608138157,0.2996,3.59379999999999
13.83,0.0184731736296333,0.092378590346714,0.2032,3.62880000000001
34.7,0.0183818008067018,,0.1546,3.65199999999999
17.92,0.018338427457553,0,0.2156,3.60739999999998
16.02,0.0182899247674129,0,0.2751,3.62110000000001
26.02,0.0182735489388481,0,0.2594,3.63349999999997
28.9,0.0182658856831791,,0.2288,3.63420000000002
26.01,0.0181807350801605,0.150075939505859,0.2594,3.63349999999997
44.05,0.0181651630607669,0.0358194487792115,0.2623,3.62810000000002
22.05,0.0181504517851566,0.0349211076393761,0.2358,3.61739999999997
13.82,0.0181262107586362,0,0.2032,3.62880000000001
8.9,0.0181100059051743,,0.2527,3.66120000000001
26.03,0.0181010026612961,0.0726317203828542,0.2594,3.63349999999997
40.92,0.0180839631793391,0,0.2325,3.63550000000004
13.81,0.0180819778831597,0.15008572832274,0.2032,3.62880000000001
7.75,0.0180409953010916,0.0799666945588566,0.1468,3.67509999999999
45.04,0.0179844668479774,0,0.2853,3.6379
8.95,0.0179135966134004,0.0620647832268435,0.2527,3.66120000000001
23,0.0178687449298275,,0.2769,3.64339999999999
48.85,0.0178309209516875,0.0727282475056025,0.1898,3.65139999999997
46.04,0.0178004808566427,0,0.2876,3.6395
40.94,0.0177914242249546,0,0.2325,3.63550000000004
31.04,0.0177172790455864,0,0.2363,3.65609999999998
10.05,0.0176782677266716,0.0295856205983555,0.281,3.62909999999999
24,0.0176753286200576,,0.2667,3.63150000000002
42.95,0.0176628589198715,0.0599776920849555,0.2335,3.64159999999998
42.64,0.0175535436306298,0,0.1667,3.61070000000001
22.04,0.0175430184033587,0,0.2358,3.61739999999997
46.01,0.0174711161751295,0.153677862911802,0.2876,3.6395
17.81,0.0173926616973289,0.150151148339505,0.1892,3.61239999999998
23.64,0.0173551804343807,0,0.1588,3.61989999999997
28.93,0.0173256001197916,0.0883194378901046,0.2288,3.63420000000002
46.02,0.01730387062966,0,0.2876,3.6395
16.04,0.0172693020926186,0,0.2751,3.62110000000001
17.84,0.0172623006836,0,0.1892,3.61239999999998
28.94,0.0172319971241002,0,0.2288,3.63420000000002
25.01,0.01720306560105,0.150562048586957,0.2535,3.63
17.83,0.0171890259318369,0.0935335148251788,0.1892,3.61239999999998
27.7,0.0171704896898678,,0.127,3.66049999999996
16.03,0.0171663071642402,0.114232342445176,0.2751,3.62110000000001
20.64,0.0171635219545419,0,0.1352,3.5985
11.64,0.0171486394169557,0,0.1693,3.62630000000001
11.91,0.017130690011251,0.150086179614772,0.2434,3.65519999999998
11.93,0.0170951996148741,0.0898279521778522,0.2434,3.65519999999998
11.92,0.0170756598727034,0,0.2434,3.65519999999998
39.71,0.0170202033069872,0.267553405527494,0.118,3.65680000000003
25.04,0.0170103057901994,0,0.2535,3.63
46.03,0.0170090315701008,0.0726201375879961,0.2876,3.6395
45.71,0.0169750910739759,0.252206409786242,0.1292,3.6576
17.82,0.0169617264881393,0,0.1892,3.61239999999998
40.91,0.0169462471121037,0.150082249243844,0.2325,3.63550000000004
38.01,0.0169314513922553,0.150079271264792,0.2831,3.637
17.03,0.016900770759135,0.0352564066058872,0.3126,3.60629999999998
28.92,0.0168841772629609,0,0.2288,3.63420000000002
44.74,0.0168531810848901,0,0.1434,3.64960000000002
34.01,0.0168473923561301,0.175815909935491,0.3239,3.65559999999999
11.94,0.0168473773799112,0,0.2434,3.65519999999998
23.04,0.0168366243169816,0,0.2769,3.64339999999999
12,0.0168341656241327,,0.2622,3.63339999999999
28.85,0.0168286055751731,0.0643698696633166,0.2048,3.64050000000003
17.04,0.0168103719409711,0,0.3126,3.60629999999998
50.05,0.0168087872874268,0.0377662647301318,0.2651,3.63580000000002
25.02,0.0167858487222,0,0.2535,3.63
40.85,0.0167554073745284,0.0625632109422746,0.2105,3.64119999999997
14.05,0.0167037978953681,0.0316955704945823,0.244,3.60250000000002
27,0.016702413592459,,0.2727,3.63329999999996
42.01,0.0166980354402444,0.15008578919431,0.2641,3.62880000000001
41.05,0.0166561331537691,0.0319506064481499,0.2486,3.6139
45.72,0.0166443896607811,0,0.1292,3.6576
34.04,0.0166416553279526,0,0.3239,3.65559999999999
17.02,0.0166251229398151,0,0.3126,3.60629999999998
25.03,0.0166082860052042,0.0720444165405987,0.2535,3.63
45.03,0.0166020907204648,0.0753787867789045,0.2853,3.6379
40.93,0.0165858156869724,0.0876106453291115,0.2325,3.63550000000004
38.74,0.0165808584400493,0,0.1271,3.65899999999999
45.01,0.0165728619203531,0.150082506447256,0.2853,3.6379
23.6,0.0165711345501161,,0.1588,3.61989999999997
23.65,0.016562954797513,0.0426102627177212,0.1588,3.61989999999997
42.04,0.0165592658290058,0,0.2641,3.62880000000001
45.74,0.0165591261752621,0,0.1292,3.6576
34.02,0.016537509156749,0,0.3239,3.65559999999999
26.75,0.0165170894131151,0.0706743063847946,0.1565,3.64960000000002
23.03,0.0165093996402092,0.101984580111169,0.2769,3.64339999999999
48.84,0.0164881863065527,0,0.1898,3.65139999999997
20.63,0.0164465195399879,0.0794954299370723,0.1352,3.5985
48.81,0.0164264822817632,0.168268271885216,0.1898,3.65139999999997
39.73,0.0164209009009009,0.153832351236135,0.118,3.65680000000003
17.01,0.0164162994947937,0.104498359794094,0.3126,3.60629999999998
45.02,0.0164120479334801,0,0.2853,3.6379
27.05,0.0163867767262218,0.0327500332781364,0.2727,3.63329999999996
38.02,0.0163562045002317,0,0.2831,3.637
40.8,0.0163553686399677,,0.2105,3.64119999999997
38.75,0.0163382806634843,0.0997389423040251,0.1271,3.65899999999999
39.75,0.0162984801919353,0.0963530804874376,0.118,3.65680000000003
31.01,0.016296220195493,0.15354071863491,0.2363,3.65609999999998
42.03,0.0162930487875642,0.0757231259785402,0.2641,3.62880000000001
38.03,0.0162924258184251,0.0736096701683322,0.2831,3.637
31.03,0.0162917610945117,0.0734361867303334,0.2363,3.65609999999998
18.91,0.016277293800823,0.150082941403036,0.2128,3.62240000000003
31.02,0.0162529625457706,0,0.2363,3.65609999999998
28.91,0.0162080696347749,0.150082676223099,0.2288,3.63420000000002
22.03,0.016199947675838,0.0731608017619576,0.2358,3.61739999999997
48.82,0.0161866094146454,0,0.1898,3.65139999999997
48.83,0.016159251549554,0.104319846441342,0.1898,3.65139999999997
45.75,0.0161551816716358,0.0928128066444689,0.1292,3.6576
39.72,0.016142193009388,0,0.118,3.65680000000003
45.73,0.01610612736,0.14614270642558,0.1292,3.6576
18.92,0.0160593844567606,0,0.2128,3.62240000000003
42.02,0.0160353832413508,0,0.2641,3.62880000000001
9,0.0160352435257051,,0.2726,3.63950000000005
39.74,0.0160223645981994,0,0.118,3.65680000000003
23.02,0.0160185576208178,0,0.2769,3.64339999999999
22.01,0.0160013325199433,0.150080102649725,0.2358,3.61739999999997
22.02,0.0160002671772208,0,0.2358,3.61739999999997
10.01,0.0159064514031856,0.155318132977669,0.281,3.62909999999999
19.65,0.0158754882664648,0.0531566786579249,0.1196,3.60910000000001
18.94,0.0158396234329375,0,0.2128,3.62240000000003
18.93,0.0158377650292237,0.0899917190921254,0.2128,3.62240000000003
34.03,0.0157960329431819,0.0738413405989017,0.3239,3.65559999999999
11.6,0.0157953594924871,,0.1693,3.62630000000001
15.74,0.0157422162458451,0,0.1553,3.64200000000005
50.01,0.0157371414775156,0.150084025054143,0.2651,3.63580000000002
20.62,0.0157317810770942,0,0.1352,3.5985
8.65,0.015723254785236,0.0419324410478081,0.1674,3.63060000000002
21,0.0156766433913322,,0.2593,3.61099999999999
27.75,0.0156418863011218,0.105693948418649,0.127,3.66049999999996
42.62,0.015618922982308,0,0.1667,3.61070000000001
38.72,0.0155945973473462,0,0.1271,3.65899999999999
27.71,0.0155693912267301,0.304812436225357,0.127,3.66049999999996
44.73,0.0155666423673044,0.100910271051119,0.1434,3.64960000000002
10.02,0.0155598671795762,0,0.281,3.62909999999999
23.01,0.0154948329859141,0.219717685208289,0.2769,3.64339999999999
7.74,0.01547809644308,0,0.1468,3.67509999999999
42.61,0.0154690932255955,0.150063848042471,0.1667,3.61070000000001
13.05,0.0154628971133267,0.0384830515530298,0.3129,3.63229999999999
27.74,0.0154263985101154,0,0.127,3.66049999999996
42.91,0.0154146771172725,0.150085110913102,0.2335,3.64159999999998
42.63,0.015376665790263,0.0763805352168902,0.1667,3.61070000000001
7.7,0.0153719367902999,,0.1468,3.67509999999999
37,0.0153657898091434,,0.2534,3.63369999999998
13.95,0.015339410514605,0.0575324610960288,0.227,3.62259999999998
44.04,0.0153216336822505,0,0.2623,3.62810000000002
38.73,0.0152802345709542,0.16038870908176,0.1271,3.65899999999999
12.04,0.0152367188837511,0,0.2622,3.63339999999999
41,0.0151418577441134,,0.2486,3.6139
50.02,0.0151155800059228,0,0.2651,3.63580000000002
13,0.0150887933743273,,0.3129,3.63229999999999
7.73,0.0150666566850602,0.122426047664325,0.1468,3.67509999999999
44.01,0.0150653161305908,0.150081545010942,0.2623,3.62810000000002
14,0.0150111932631579,,0.244,3.60250000000002
20.6,0.0149984591422133,,0.1352,3.5985
10.03,0.0149492274170979,0.0715656203881538,0.281,3.62909999999999
13.91,0.0149285363147206,0.150081697835347,0.227,3.62259999999998
27.73,0.0149029273722823,0.172623888284404,0.127,3.66049999999996
42.93,0.0148896849941084,0.0896737567450503,0.2335,3.64159999999998
10.04,0.0147827018280371,0,0.281,3.62909999999999
15.75,0.0147740653191964,0.0915465109389981,0.1553,3.64200000000005
27.72,0.0147164979657731,0,0.127,3.66049999999996
28.8,0.0146747104482254,,0.2048,3.64050000000003
42.94,0.0146654774904653,0,0.2335,3.64159999999998
44.02,0.0146579829809475,0,0.2623,3.62810000000002
7.71,0.0146362413714232,0.207600055471203,0.1468,3.67509999999999
44.03,0.0146059227848725,0.0738005806175585,0.2623,3.62810000000002
44.72,0.014601542570327,0,0.1434,3.64960000000002
42.92,0.0145892738267245,0,0.2335,3.64159999999998
23.61,0.0145881277565639,0.150070149061838,0.1588,3.61989999999997
50.03,0.0145679760917791,0.0751102823396268,0.2651,3.63580000000002
38.71,0.0145480645608842,0.280516972225141,0.1271,3.65899999999999
29.75,0.0145389686936315,0.0665720153285995,0.1483,3.63759999999996
7.72,0.0145372991707904,0,0.1468,3.67509999999999
20.01,0.0145295577120277,0.154605583813211,0.3021,3.61580000000004
15.71,0.0145173908907775,0.252478754665021,0.1553,3.64200000000005
13.92,0.0144984285400984,0,0.227,3.62259999999998
20.02,0.0144694755095312,0,0.3021,3.61580000000004
13.93,0.0144610010995204,0.0880122307859384,0.227,3.62259999999998
37.05,0.0144259356865223,0.0318927778162651,0.2534,3.63369999999998
20.04,0.0144226264986915,0,0.3021,3.61580000000004
40.84,0.0144207311842041,0,0.2105,3.64119999999997
41.75,0.0144132306486733,0.0661107630359729,0.1498,3.63810000000001
12.75,0.0144009792827948,0.0900018320493956,0.15,3.65230000000003
23.63,0.0143779361449957,0.0778943206916651,0.1588,3.61989999999997
48.05,0.014366457594851,0.0345840600390348,0.2443,3.61870000000005
44.71,0.0143562763990069,0.163063950709016,0.1434,3.64960000000002
23.62,0.0143461534626895,0,0.1588,3.61989999999997
40.82,0.0142843607545783,0,0.2105,3.64119999999997
35.1,0.0142309594899384,,0.3204,3.59620000000001
50.04,0.0141978912665941,0,0.2651,3.63580000000002
12.03,0.014166585556905,0.0712620763141281,0.2622,3.63339999999999
15.73,0.0141517849930092,0.145432736747669,0.1553,3.64200000000005
13.94,0.0141298117288363,0,0.227,3.62259999999998
11.63,0.0141098644895895,0.0775435809674538,0.1693,3.62630000000001
8.61,0.0141032098112311,0.15007083602286,0.1674,3.63060000000002
24.02,0.0140947290600215,0,0.2667,3.63150000000002
49.01,0.0140929665952123,0.150082592040228,0.2454,3.62580000000003
8.93,0.0140738212156389,0.0910733245526699,0.2527,3.66120000000001
12.01,0.0140636748263285,0.152521693242782,0.2622,3.63339999999999
20.03,0.0140514571428148,0.0724317951375862,0.3021,3.61580000000004
29.7,0.0140306402274712,,0.1483,3.63759999999996
21.04,0.0140274050430995,0,0.2593,3.61099999999999
40.83,0.0140225120550766,0.0913897940927731,0.2105,3.64119999999997
12.02,0.0140144093726895,0,0.2622,3.63339999999999
18.01,0.0140107645865294,0.15098860871311,0.2345,3.5883
29.05,0.0139984372070053,0.0329121042720019,0.2461,3.6139
40.81,0.0139713787493986,0.15008395283578,0.2105,3.64119999999997
34.65,0.0139516878846942,0.046588422286717,0.1433,3.62559999999996
8.6,0.0139449424156183,,0.1674,3.63060000000002
15.72,0.0139340319211484,0,0.1553,3.64200000000005
26.7,0.0139005184869179,,0.1565,3.64960000000002
18.65,0.0138812419071259,0.0437424106164817,0.1477,3.58670000000001
8.63,0.0138662623092453,0.077448022138179,0.1674,3.63060000000002
28.84,0.0138018028865929,0,0.2048,3.64050000000003
18.02,0.0138014484563274,0,0.2345,3.5883
35.15,0.0137833853690136,0,0.3204,3.59620000000001
49.02,0.0137693101891748,0,0.2454,3.62580000000003
8.62,0.013739893469492,0,0.1674,3.63060000000002
27.04,0.0137278730263109,0,0.2727,3.63329999999996
12.71,0.0137245043363456,0.246395613296445,0.15,3.65230000000003
24.01,0.0137191071422901,0.153427010091573,0.2667,3.63150000000002
11.61,0.0136964819433425,0.150070458490207,0.1693,3.62630000000001
8.94,0.0136919882144679,0,0.2527,3.66120000000001
49.04,0.0136865549986273,0,0.2454,3.62580000000003
20.61,0.0136770283738387,0.150072365928867,0.1352,3.5985
11.62,0.0136754720812627,0,0.1693,3.62630000000001
19.04,0.0136570236508968,0,0.2334,3.60340000000002
24.03,0.013650335070643,0.0721194514762198,0.2667,3.63150000000002
9.04,0.0136498501350812,0,0.2726,3.63950000000005
19.03,0.0136401422067302,0.0724643559038604,0.2334,3.60340000000002
35.05,0.0136098731977251,0.0419343966416621,0.3065,3.6266
24.04,0.0135875034046341,0,0.2667,3.63150000000002
18.04,0.0135724049514613,0,0.2345,3.5883
18.03,0.0135422168467231,0.0722554752399787,0.2345,3.5883
28.81,0.0135334488146632,0.150086132403113,0.2048,3.64050000000003
9.65,0.0135230258832916,0.0434494050911345,0.1552,3.62459999999999
21.03,0.0134704202605983,0.072189309769947,0.2593,3.61099999999999
18.64,0.0134613829192399,0,0.1477,3.58670000000001
49.03,0.0134357459758149,0.0732638725204636,0.2454,3.62580000000003
19.02,0.0134201675916046,0,0.2334,3.60340000000002
28.83,0.0134175984360421,0.0925708918299489,0.2048,3.64050000000003
21.02,0.0133975115735118,0,0.2593,3.61099999999999
35.01,0.0133851041439646,0.227945665094749,0.3065,3.6266
8.92,0.0132933899318231,0,0.2527,3.66120000000001
24.6,0.0132883477595524,,0.1535,3.61750000000001
48.01,0.0132751264910636,0.150078470336158,0.2443,3.61870000000005
28.82,0.0132719472620199,0,0.2048,3.64050000000003
37.04,0.0132558848693493,0,0.2534,3.63369999999998
12.72,0.0131463891001164,0,0.15,3.65230000000003
27.02,0.0131390539564383,0,0.2727,3.63329999999996
19.01,0.0131182247216259,0.150457777654335,0.2334,3.60340000000002
40.65,0.0130771536826102,0.038914851670214,0.1907,3.60759999999999
8.64,0.0130634646091107,0,0.1674,3.63060000000002
8.91,0.0130355672813571,0.150089021989382,0.2527,3.66120000000001
27.01,0.0130339953684784,0.152143265760743,0.2727,3.63329999999996
41.04,0.0129215282728955,0,0.2486,3.6139
9.03,0.0128966372835474,0.0714438454496742,0.2726,3.63950000000005
20.7,0.0128354845390683,,0.1464,3.62569999999999
9.02,0.0127925098817561,0,0.2726,3.63950000000005
40.6,0.0127429267516384,,0.1907,3.60759999999999
21.01,0.0126705019538292,0.153940097529296,0.2593,3.61099999999999
20.75,0.0126690843972664,0.0856033399369717,0.1464,3.62569999999999
21.6,0.0126492641669471,,0.1493,3.60110000000003
35.02,0.0125837836572094,0,0.3065,3.6266
27.03,0.0125702556467119,0.0726053873256363,0.2727,3.63329999999996
43.75,0.0125455450354878,0.0666097650982477,0.1529,3.64159999999998
9.01,0.0124605729675179,0.151203432846994,0.2726,3.63950000000005
5,0.0123905298354313,,0.592,4.03809999999999
12.73,0.0123731177196389,0.142216126472307,0.15,3.65230000000003
9.6,0.0123399406599215,,0.1552,3.62459999999999
25.75,0.0121980631089138,0.0660522902280004,0.1598,3.6474
12.74,0.0121916963658331,0,0.15,3.65230000000003
34.71,0.0121767370019346,0.2659133744186,0.1546,3.65199999999999
23.15,0.0120904476333349,0,0.2911,3.61590000000001
23.1,0.0120625570731866,,0.2911,3.61590000000001
41.02,0.0120375368149723,0,0.2486,3.6139
29.04,0.012034048108689,0,0.2461,3.6139
35.03,0.0120294964813856,0.104708891480485,0.3065,3.6266
41.03,0.0120260034655995,0.0711430706330887,0.2486,3.6139
48.02,0.0120210909391451,0,0.2443,3.61870000000005
37.01,0.0119281364254342,0.151272802205015,0.2534,3.63369999999998
13.01,0.0119232802606257,0.19807640275473,0.3129,3.63229999999999
34.72,0.0118919875248086,0,0.1546,3.65199999999999
18.61,0.0118562446197912,0.150066687661076,0.1477,3.58670000000001
37.02,0.0118498193014218,0,0.2534,3.63369999999998
29.03,0.0118182314378831,0.0717747949796885,0.2461,3.6139
18.62,0.0117884790303456,0,0.1477,3.58670000000001
5.05,0.0117853269610451,0.0158289915032158,0.592,4.03809999999999
18.63,0.0117685813367237,0.0786457532243889,0.1477,3.58670000000001
37.03,0.0117137126841481,0.0716371198702714,0.2534,3.63369999999998
43.05,0.0117008295672449,0.0318212208135246,0.2525,3.6207
14.04,0.011690557957506,0,0.244,3.60250000000002
35.04,0.01165645154512,0,0.3065,3.6266
26.73,0.0116550463228469,0.102530027322594,0.1565,3.64960000000002
21.65,0.0116462229274097,0.0430460938165515,0.1493,3.60110000000003
26.71,0.0116193239380168,0.167575898944609,0.1565,3.64960000000002
34.75,0.0116086958608983,0.0950938495710637,0.1546,3.65199999999999
26.72,0.0116051987013255,0,0.1565,3.64960000000002
48.03,0.0115729587312261,0.0729693393269781,0.2443,3.61870000000005
9.64,0.0115236180586277,0,0.1552,3.62459999999999
26.74,0.0115027096668787,0,0.1565,3.64960000000002
34.73,0.0115019244928616,0.152261095109012,0.1546,3.65199999999999
35.14,0.0114843624988674,0,0.3204,3.59620000000001
29.01,0.011482878764381,0.150079920263199,0.2461,3.6139
13.02,0.0114316810219031,0,0.3129,3.63229999999999
48.04,0.0114277667597252,0,0.2443,3.61870000000005
13.04,0.0113995252646605,0,0.3129,3.63229999999999
34.74,0.0113906898250623,0,0.1546,3.65199999999999
25.7,0.0112527099976311,,0.1598,3.6474
14.75,0.0112420142180834,0.065759266197624,0.1579,3.62310000000002
16.65,0.0112022930330668,0.0461120937661923,0.1239,3.60379999999998
29.74,0.0111916085325901,0,0.1483,3.63759999999996
29.73,0.0111346360720211,0.0938384409916046,0.1483,3.63759999999996
35.13,0.0111109931715052,0,0.3204,3.59620000000001
43.7,0.0110978258385984,,0.1529,3.64159999999998
29.02,0.0110754644626081,0,0.2461,3.6139
13.03,0.0110644658335648,0.0922900113328227,0.3129,3.63229999999999
41.01,0.010939387877757,0.150079604322939,0.2486,3.6139
29.72,0.0109311275365046,0,0.1483,3.63759999999996
29.71,0.0108942961038961,0.150065574570218,0.1483,3.63759999999996
35.12,0.01061568761551,0,0.3204,3.59620000000001
9.61,0.0105786820674826,0.150070121735102,0.1552,3.62459999999999
37.75,0.0105450495410445,0.0666500503086003,0.1527,3.654
33.7,0.0105052296923632,,0.1656,3.68360000000001
21.75,0.0105035969008347,0.0667877191843769,0.1575,3.62700000000001
41.74,0.010495863494766,0,0.1498,3.63810000000001
28.6,0.0104295382702619,,0.18,3.60429999999997
21.7,0.0104280875887622,,0.1575,3.62700000000001
17.6,0.0104253951006893,,0.1595,3.5736
41.7,0.0103302035470543,,0.1498,3.63810000000001
14.03,0.010283982219453,0.071745969771237,0.244,3.60250000000002
18.75,0.0102277369256696,0.067155069535578,0.1567,3.61280000000005
9.62,0.0101651695057981,0,0.1552,3.62459999999999
9.63,0.0101599735596909,0.0784820815995913,0.1552,3.62459999999999
35.11,0.0101445138793429,0.00305866484026498,0.3204,3.59620000000001
43,0.0101411735961233,,0.2525,3.6207
5.04,0.0101191857788861,0,0.592,4.03809999999999
40.63,0.0100783314529989,0.0754546270320843,0.1907,3.60759999999999
14.01,0.0100690067712121,0.152208504469264,0.244,3.60250000000002
14.02,0.0100652686022744,0,0.244,3.60250000000002
41.73,0.0100490489923869,0.093565344993341,0.1498,3.63810000000001
34.6,0.0100288465787045,,0.1433,3.62559999999996
18.7,0.00996692612346202,,0.1567,3.61280000000005
40.64,0.00992479633297953,0,0.1907,3.60759999999999
24.65,0.00989068594691998,0.0438278307675062,0.1535,3.61750000000001
34.64,0.00988977825931909,0,0.1433,3.62559999999996
49.7,0.0097553881678172,,0.1576,3.64520000000005
20.73,0.00974226027084761,0.13082751283939,0.1464,3.62569999999999
9.75,0.00971063861805912,0.0863130566217134,0.1632,3.6499
20.72,0.00970235944590055,0,0.1464,3.62569999999999
6.9,0.0096892393124803,,0.2823,3.6875
20.71,0.00966797452124432,0.221674809739665,0.1464,3.62569999999999
24.75,0.00964260594449613,0.072442333461995,0.1619,3.64400000000001
24.7,0.0096092059457248,,0.1619,3.64400000000001
41.72,0.00959401020133309,0,0.1498,3.63810000000001
36.65,0.00959249625677622,0.0408289203031313,0.1686,3.62489999999997
20.74,0.00958692187598853,0,0.1464,3.62569999999999
6.95,0.00939476977616201,0.0508300437118698,0.2823,3.6875
21.61,0.00937626340287257,0.15006734753489,0.1493,3.60110000000003
40.62,0.00927388414854997,0,0.1907,3.60759999999999
40.61,0.00927312259039887,0.150064899691514,0.1907,3.60759999999999
5.03,0.0092104758795454,0.0606541104990503,0.592,4.03809999999999
36.6,0.00920595276227842,,0.1686,3.62489999999997
34.63,0.00917492152219109,0.0804612243370403,0.1433,3.62559999999996
16.6,0.0091741212847293,,0.1239,3.60379999999998
24.61,0.00911896855918663,0.150071158550918,0.1535,3.61750000000001
19.6,0.0091082900026261,,0.1196,3.60910000000001
14.7,0.00910491035436721,,0.1579,3.62310000000002
5.02,0.00910250192053589,0,0.592,4.03809999999999
33.75,0.00908308886373612,0.0844838422323326,0.1656,3.68360000000001
24.64,0.0090794885545601,0,0.1535,3.61750000000001
34.62,0.00900589112951882,0,0.1433,3.62559999999996
41.71,0.0089532662356187,0.150092008865143,0.1498,3.63810000000001
34.61,0.00894504920113155,0.150077540525407,0.1433,3.62559999999996
24.63,0.0089398779855143,0.0786987255489519,0.1535,3.61750000000001
5.01,0.00893005375483047,0.150090123810968,0.592,4.03809999999999
24.62,0.00890726278651838,0,0.1535,3.61750000000001
23.11,0.00890680863536579,0.033660857699305,0.2911,3.61590000000001
19.63,0.00886473352480597,0.0847124849078356,0.1196,3.60910000000001
19.62,0.0088497123127023,0,0.1196,3.60910000000001
49.75,0.00883782460225741,0.0653848707414229,0.1576,3.64520000000005
19.64,0.0087500600948321,0,0.1196,3.60910000000001
25.73,0.00874656586025977,0.0935005585314223,0.1598,3.6474
43.71,0.00874022649505237,0.150065563659523,0.1529,3.64159999999998
19.61,0.00869661653990317,0.15008603973654,0.1196,3.60910000000001
25.74,0.00860056620936832,0,0.1598,3.6474
25.71,0.00859130803140478,0.150065960809071,0.1598,3.6474
25.72,0.00857408180796071,0,0.1598,3.6474
21.62,0.00848664389167001,0,0.1493,3.60110000000003
21.64,0.00843176054593688,0,0.1493,3.60110000000003
43.72,0.00840055720379831,0,0.1529,3.64159999999998
43.73,0.00839213740358096,0.0938770304150221,0.1529,3.64159999999998
33.74,0.00835387814392965,0,0.1656,3.68360000000001
16.61,0.00831380267096737,0.150075919208996,0.1239,3.60379999999998
43.01,0.00830118343133629,0.150988615859217,0.2525,3.6207
21.63,0.00829585735199845,0.0781997309120282,0.1493,3.60110000000003
48.65,0.00829030379968659,0.0433175032508835,0.1558,3.61250000000001
21.74,0.00824334419078436,0,0.1575,3.62700000000001
23.12,0.00824087579282942,0,0.2911,3.61590000000001
9.7,0.00823809795044537,,0.1632,3.6499
43.74,0.00823496056750499,0,0.1529,3.64159999999998
16.62,0.00820710051119447,0,0.1239,3.60379999999998
48.75,0.00820360121611854,0.0652378862123617,0.1637,3.63780000000003
6.94,0.00816490529661376,0,0.2823,3.6875
6.92,0.00815158499028257,0,0.2823,3.6875
16.63,0.00813145086635163,0.0800956472614229,0.1239,3.60379999999998
21.72,0.00811164479161509,0,0.1575,3.62700000000001
14.6,0.00811067517510351,,0.1493,3.59710000000001
21.71,0.00810548919332299,0.150066657231052,0.1575,3.62700000000001
11.7,0.0080217559126381,,0.1749,3.6515
21.73,0.00800393125516344,0.0939204706383984,0.1575,3.62700000000001
23.14,0.00799993509694493,0,0.2911,3.61590000000001
25.6,0.00799082922182531,,0.1504,3.62170000000003
25.65,0.00797875797630537,0.0447503222471885,0.1504,3.62170000000003
6.93,0.00796617113637403,0.0835526668206913,0.2823,3.6875
23.13,0.00792875157585611,0,0.2911,3.61590000000001
14.65,0.00788000966209505,0.04371819906064,0.1493,3.59710000000001
43.02,0.00787465807907684,0,0.2525,3.6207
37.7,0.00787265024804372,,0.1527,3.654
17.1,0.00785307451278412,,0.3194,3.57530000000003
16.64,0.00778812580049586,0,0.1239,3.60379999999998
6.91,0.00776001679350747,0.150084331450122,0.2823,3.6875
36.63,0.00775299561424411,0.076790306451604,0.1686,3.62489999999997
43.04,0.0077398083786973,0,0.2525,3.6207
43.03,0.00766442474335473,0.0714271646078233,0.2525,3.6207
14.74,0.00764736492402674,0,0.1579,3.62310000000002
9.74,0.00764276925529856,0,0.1632,3.6499
36.61,0.0076018734840386,0.150066051816046,0.1686,3.62489999999997
36.62,0.00757824495332683,0,0.1686,3.62489999999997
34.1,0.00754742477555699,,0.3322,3.6232
49.74,0.0075008478582306,0,0.1576,3.64520000000005
24.74,0.00748780699088468,0,0.1619,3.64400000000001
33.73,0.0074586797042826,0.133544210367992,0.1656,3.68360000000001
36.64,0.00745303130886985,0,0.1686,3.62489999999997
24.71,0.00742170164181682,0.174807820324506,0.1619,3.64400000000001
9.72,0.00739848698324922,0,0.1632,3.6499
9.73,0.00736839802979031,0.135146729514617,0.1632,3.6499
23.75,0.00736243219996841,0.0851532463105415,0.1658,3.64589999999998
24.72,0.00733963443646802,0,0.1619,3.64400000000001
24.73,0.00730107770831044,0.106144071380247,0.1619,3.64400000000001
9.71,0.00728910167985629,0.232889133028692,0.1632,3.6499
17.15,0.00724824575849067,0,0.3194,3.57530000000003
49.72,0.00722493212766108,0,0.1576,3.64520000000005
49.71,0.00716975042735042,0.150092009275985,0.1576,3.64520000000005
37.74,0.00712714593277451,0,0.1527,3.654
33.72,0.00712549521490459,0,0.1656,3.68360000000001
17.65,0.00711452382755351,0.0417348498472448,0.1595,3.5736
49.73,0.0070714885762208,0.0930933548812784,0.1576,3.64520000000005
33.71,0.00705443552908357,0.231479638422726,0.1656,3.68360000000001
48.7,0.00704965535729104,,0.1637,3.63780000000003
37.73,0.00697218144975623,0.0941919489219647,0.1527,3.654
7.05,0.00695029003118709,0.0292523054384099,0.2901,3.6635
48.6,0.00691956330882515,,0.1558,3.61250000000001
23.7,0.00689390985829509,,0.1658,3.64589999999998
14.73,0.00682329623849655,0.0932436823937122,0.1579,3.62310000000002
37.72,0.00680342384983594,0,0.1527,3.654
14.71,0.00678555911096064,0.150065457416742,0.1579,3.62310000000002
37.71,0.00676283579947727,0.150856338948264,0.1527,3.654
14.72,0.00674782051713754,0,0.1579,3.62310000000002
28.65,0.00667372487531926,0.0410897682157582,0.18,3.60429999999997
18.74,0.00658198480949094,0,0.1567,3.61280000000005
43.65,0.00657396654506148,0.0455428049103727,0.1422,3.61509999999998
23.74,0.00656332778940216,0,0.1658,3.64589999999998
26.65,0.00652629806323194,0.0445318066735129,0.1471,3.62349999999998
14.64,0.00650091200779396,0,0.1493,3.59710000000001
11.75,0.00649120546090176,0.0776947125766593,0.1749,3.6515
48.64,0.00646755690642689,0,0.1558,3.61250000000001
13.1,0.00643463183256291,,0.319,3.6019
14.63,0.00638834310490793,0.0786273061457989,0.1493,3.59710000000001
12.65,0.0063097859281212,0.0461680158492618,0.1385,3.62549999999999
26.6,0.00628461407109618,,0.1471,3.62349999999998
48.63,0.00620285114894862,0.0784240480203981,0.1558,3.61250000000001
25.64,0.00618604756885251,0,0.1504,3.62170000000003
18.71,0.00615630459316473,0.150067116931557,0.1567,3.61280000000005
14.61,0.00612451136488623,0.150068350905896,0.1493,3.59710000000001
18.73,0.00611837730338281,0.0941108931631726,0.1567,3.61280000000005
18.72,0.006112056941991,0,0.1567,3.61280000000005
47.75,0.00610268557587794,0.065297456509221,0.1592,3.63080000000002
25.63,0.00608384912212593,0.0793568392131108,0.1504,3.62170000000003
42.7,0.00607482390210382,,0.1714,3.6361
14.62,0.00607272359412811,0,0.1493,3.59710000000001
7,0.00599787171396988,,0.2901,3.6635
25.62,0.0059429087704018,0,0.1504,3.62170000000003
13.6,0.00591720464087401,,0.1791,3.59319999999997
48.71,0.00590044333010429,0.150064890738,0.1637,3.63780000000003
48.72,0.00589949784388366,0,0.1637,3.63780000000003
23.71,0.00583776956817396,0.227202459427282,0.1658,3.64589999999998
48.61,0.00580240865981145,0.150067280183209,0.1558,3.61250000000001
23.72,0.00576110135452008,0,0.1658,3.64589999999998
48.62,0.00575777007271378,0,0.1558,3.61250000000001
34.15,0.00573267868552268,0,0.3322,3.6232
30.65,0.00567361685458803,0.0583074621191836,0.0833,3.63409999999999
17.64,0.00566518953025055,0,0.1595,3.5736
25.61,0.00566246445234172,0.150070725402447,0.1504,3.62170000000003
13.15,0.00563943141166227,0,0.319,3.6019
43.6,0.00562174177893837,,0.1422,3.61509999999998
48.73,0.00561304808739653,0.0929511166649224,0.1637,3.63780000000003
23.73,0.00560036318273204,0.132430889186355,0.1658,3.64589999999998
17.61,0.00557640635794921,0.150068183033489,0.1595,3.5736
17.63,0.00557454025907448,0.0771952053959412,0.1595,3.5736
17.14,0.00557379323552923,0,0.3194,3.57530000000003
48.74,0.00556814045795371,0,0.1637,3.63780000000003
17.62,0.005568051735623,0,0.1595,3.5736
11.71,0.00556495157224359,0.200421209036679,0.1749,3.6515
9.95,0.00553404135977406,0.0619645445152566,0.2607,3.65269999999998
11.72,0.00546121905001057,0,0.1749,3.6515
9.94,0.00542889705433049,0,0.2607,3.65269999999998
43.64,0.00538608723760857,0,0.1422,3.61509999999998
28.61,0.00536790751247814,0.150070244152973,0.18,3.60429999999997
9.93,0.00533703049286616,0.091015607499997,0.2607,3.65269999999998
17.13,0.00533300184926527,0,0.3194,3.57530000000003
9.92,0.00532438645072535,0,0.2607,3.65269999999998
28.64,0.00532196804861833,0,0.18,3.60429999999997
28.63,0.00531052698633768,0.0768077977996653,0.18,3.60429999999997
9.91,0.00529832917107202,0.150087936442205,0.2607,3.65269999999998
34.12,0.00526990413188109,0,0.3322,3.6232
28.62,0.00525360611247965,0,0.18,3.60429999999997
11.73,0.00524524504352408,0.118343517084746,0.1749,3.6515
34.13,0.00520733834730423,0,0.3322,3.6232
17.12,0.00520182004545009,0,0.3194,3.57530000000003
34.11,0.00517426642192015,0,0.3322,3.6232
17.11,0.00516742982518124,0,0.3194,3.57530000000003
11.74,0.00510567634483163,0,0.1749,3.6515
13.65,0.00509144761918635,0.0407912973038722,0.1791,3.59319999999997
34.14,0.00502021385793659,0,0.3322,3.6232
7.04,0.00499845247007705,0,0.2901,3.6635
43.63,0.00499534145254655,0.0798542994461411,0.1422,3.61509999999998
8.75,0.00495884476654105,0.0850187456647403,0.1731,3.65590000000003
17.7,0.00495532538292608,,0.1646,3.59870000000001
13.14,0.00485691453737803,0,0.319,3.6019
43.62,0.00481036209760342,0,0.1422,3.61509999999998
43.61,0.00473847726493595,0.150071551274734,0.1422,3.61509999999998
8.7,0.00469646300785379,,0.1731,3.65590000000003
30.6,0.0046728961862784,,0.0833,3.63409999999999
7.03,0.00465442360988603,0.0693392297225198,0.2901,3.6635
17.75,0.00463566472998831,0.0642089033481027,0.1646,3.59870000000001
36.7,0.00462744201650398,,0.1735,3.64910000000003
7.02,0.00459536765811007,0,0.2901,3.6635
26.61,0.00455601739622317,0.150070973037767,0.1471,3.62349999999998
13.13,0.00450687419630998,0,0.319,3.6019
7.01,0.00446757648960999,0.150084711766892,0.2901,3.6635
13.12,0.00440040906112354,0,0.319,3.6019
26.64,0.00436701533674237,0,0.1471,3.62349999999998
26.63,0.00436226777055415,0.0792036146611968,0.1471,3.62349999999998
26.62,0.004286496015241,0,0.1471,3.62349999999998
8.73,0.00424137583071067,0.133611462384677,0.1731,3.65590000000003
13.11,0.00421246594332943,0,0.319,3.6019
8.71,0.00418113708584371,0.230927504802079,0.1731,3.65590000000003
12.6,0.00417955018783694,,0.1385,3.62549999999999
8.74,0.00417819230406259,0,0.1731,3.65590000000003
8.72,0.00415489085117144,0,0.1731,3.65590000000003
47.7,0.00415132557056359,,0.1592,3.63080000000002
30.64,0.00412532512612033,0,0.0833,3.63409999999999
49.6,0.00407191092989152,,0.1479,3.61919999999998
36.75,0.00403018499707816,0.0713157756158539,0.1735,3.64910000000003
30.63,0.00380317875790571,0.0881575167362569,0.0833,3.63409999999999
22.65,0.00379533162349176,0.0558391757915668,0.0902,3.63059999999996
30.62,0.00371399198636353,0,0.0833,3.63409999999999
36.74,0.00363223427738257,0,0.1735,3.64910000000003
47.74,0.00361614605943809,0,0.1592,3.63080000000002
28.7,0.00360706288951538,,0.1832,3.62849999999997
13.75,0.00359526389534518,0.062035820456116,0.1817,3.61660000000001
13.61,0.0035929208997927,0.150070929815092,0.1791,3.59319999999997
47.73,0.00359209914357684,0.0928988338087659,0.1592,3.63080000000002
13.64,0.00357850119957273,0,0.1791,3.59319999999997
30.61,0.00353468718726627,0.15008473558261,0.0833,3.63409999999999
13.62,0.0035218964802061,0,0.1791,3.59319999999997
13.63,0.00351332941316407,0.0765515365244655,0.1791,3.59319999999997
47.72,0.00349161338343362,0,0.1592,3.63080000000002
47.71,0.00340333547059882,0.150066891697395,0.1592,3.63080000000002
36.73,0.00339743269469194,0.105315420332155,0.1735,3.64910000000003
42.75,0.00339307602274762,0.0736942164365584,0.1714,3.6361
12.64,0.00334270526447219,0,0.1385,3.62549999999999
36.71,0.00333941943880709,0.17461364787315,0.1735,3.64910000000003
36.72,0.00333082500441633,0,0.1735,3.64910000000003
12.61,0.00332235256841855,0.150074065756348,0.1385,3.62549999999999
42.71,0.00330745553870315,0.181322067495137,0.1714,3.6361
42.72,0.00330495474244521,0,0.1714,3.6361
12.63,0.00327068450137504,0.0802571691716071,0.1385,3.62549999999999
12.62,0.00326556611241018,0,0.1385,3.62549999999999
42.74,0.0032201634483919,0,0.1714,3.6361
17.71,0.00320492964900163,0.150065312778788,0.1646,3.59870000000001
42.73,0.00319358937264591,0.10914610384799,0.1714,3.6361
17.74,0.00308525251359744,0,0.1646,3.59870000000001
17.72,0.00308388699548466,0,0.1646,3.59870000000001
17.73,0.00302731116234243,0.0921118105163607,0.1646,3.59870000000001
22.6,0.00294761165185004,,0.0902,3.63059999999996
49.65,0.00291965275627909,0.0450872492109006,0.1479,3.61919999999998
22.64,0.00279929355329844,0,0.0902,3.63059999999996
49.64,0.00278335528464229,0,0.1479,3.61919999999998
28.71,0.00277062060309807,0.150179423771737,0.1832,3.62849999999997
49.62,0.00275895675053445,0,0.1479,3.61919999999998
49.63,0.00272590306139901,0.0795480610748086,0.1479,3.61919999999998
28.75,0.00272372325594138,0.0620395218819158,0.1832,3.62849999999997
49.61,0.00272084945696893,0.150071884808721,0.1479,3.61919999999998
41.6,0.0026503251166267,,0.1391,3.6103
41.65,0.00259281288702538,0.0451241623684483,0.1391,3.6103
22.63,0.00258982591413411,0.0866040631969421,0.0902,3.63059999999996
22.62,0.00254260918325207,0,0.0902,3.63059999999996
22.61,0.00248413340736628,0.150086506625977,0.0902,3.63059999999996
28.72,0.00235940751887102,0,0.1832,3.62849999999997
41.64,0.00235407036965358,0,0.1391,3.6103
29.65,0.00232237031203862,0.0452137296652955,0.1375,3.61070000000001
29.6,0.00226045749598796,,0.1375,3.61070000000001
28.73,0.00223511443873065,0.0908306820178652,0.1832,3.62849999999997
41.61,0.00219894813341771,0.150069461564981,0.1391,3.6103
41.62,0.0021573188796504,0,0.1391,3.6103
28.74,0.00215538096385156,0,0.1832,3.62849999999997
13.7,0.00213178947944583,,0.1817,3.61660000000001
41.63,0.00211541753624399,0.0796051466403469,0.1391,3.6103
13.73,0.00197159905552923,0.09071602351077,0.1817,3.61660000000001
13.72,0.00196854186034337,0,0.1817,3.61660000000001
13.71,0.00196696891864592,0.150091991274272,0.1817,3.61660000000001
13.74,0.00196625251975233,0,0.1817,3.61660000000001
29.64,0.00196145729465715,0,0.1375,3.61070000000001
29.61,0.00187587204881906,0.1500700161865,0.1375,3.61070000000001
29.63,0.00185782309978938,0.0796562557433997,0.1375,3.61070000000001
29.62,0.00185704623831008,0,0.1375,3.61070000000001
37.65,0.00170448196688001,0.0447547783511633,0.1427,3.62760000000003
37.6,0.00138071581996691,,0.1427,3.62760000000003
37.63,0.00125113004440831,0.0793826972278375,0.1427,3.62760000000003
37.62,0.00124286491602046,0,0.1427,3.62760000000003
37.64,0.00123682228418827,0,0.1427,3.62760000000003
37.61,0.00120758471770362,0.150070309064582,0.1427,3.62760000000003
6.85,0.00112440543396427,0.0542491002206692,0.2719,3.69759999999997
6.8,0.00104948774247626,,0.2719,3.69759999999997
6.84,0.000932825908470018,0,0.2719,3.69759999999997
6.83,0.000906461691406079,0.0857801807497479,0.2719,3.69759999999997
6.82,0.000892976674786505,0,0.2719,3.69759999999997
33.65,0.000864973102282007,0.0437368955992259,0.1581,3.65840000000003
6.81,0.000852626454101453,0.150087472149866,0.2719,3.69759999999997
40.7,0.000849158259156017,,0.1916,3.62990000000002
33.6,0.000704771058424188,,0.1581,3.65840000000003
33.64,0.000702313078131968,0,0.1581,3.65840000000003
35.65,0.000667404566791308,0.0564104145124284,0.0831,3.61779999999999
40.75,0.000666591370222222,0.05958060987673,0.1916,3.62990000000002
33.63,0.000619628983990155,0.0786628194584836,0.1581,3.65840000000003
33.61,0.000607550646243985,0.15007524181644,0.1581,3.65840000000003
33.62,0.000607088345856869,0,0.1581,3.65840000000003
40.71,0.000582751761049873,0.150085510058883,0.1916,3.62990000000002
40.72,0.000536827393192649,0,0.1916,3.62990000000002
40.73,0.000528783393264115,0.0892295338475767,0.1916,3.62990000000002
40.74,0.00051793893192613,0,0.1916,3.62990000000002
35.6,0.000511226171322702,,0.0831,3.61779999999999
35.64,0.000483794408046504,0,0.0831,3.61779999999999
35.63,0.000439685617168927,0.0867879866655994,0.0831,3.61779999999999
35.61,0.000433399964350939,0.150068426991253,0.0831,3.61779999999999
35.62,0.000427587704431285,0,0.0831,3.61779999999999
44.6,0.000266702953613335,,0.13,3.62209999999999
44.65,0.000230114253266443,0.0476103177934856,0.13,3.62209999999999
44.63,0.000220587981613748,0.0811955552173267,0.13,3.62209999999999
44.62,0.000216519878480967,0,0.13,3.62209999999999
44.61,0.000207787451914866,0.150075788648441,0.13,3.62209999999999
44.64,0.000206550332529818,0,0.13,3.62209999999999
47.6,0.000110088741787895,,0.1541,3.60419999999999
47.65,8.97232983436307E-05,0.0414705314491903,0.1541,3.60419999999999
47.61,7.43848970941544E-05,0.150069626616716,0.1541,3.60419999999999
47.64,7.37744115976004E-05,0,0.1541,3.60419999999999
47.62,7.11788114984233E-05,0,0.1541,3.60419999999999
47.63,6.99864842767009E-05,0.0770758822089295,0.1541,3.60419999999999
3.01,0,0,0,-333.1275
3.1,0,,0,4.84949999999998
3.11,0,0,0,4.84949999999998
3.12,0,0,0,4.84949999999998
3.13,0,0,0,4.84949999999998
3.14,0,0,0,4.84949999999998
3.15,0,0,0,4.84949999999998
3.2,0,,0,4.84949999999998
3.21,0,0,0,4.84949999999998
3.22,0,0,0,4.84949999999998
3.23,0,0,0,4.84949999999998
3.24,0,0,0,4.84949999999998
3.25,0,0,0,4.84949999999998
3.3,0,,0,4.8535
3.31,0,0.127469610901024,0,4.8535
3.32,0,0.0429965873251406,0,4.8535
3.33,0,0.105503895618051,0,4.8535
3.34,0,0.0618511353257914,0,4.8535
3.35,0,0.0936708103515209,0,4.8535
10.13,-8.08283983743496E-05,0,0.2733,3.60290000000003
10.14,-8.10071409178994E-05,0,0.2733,3.60290000000003
10.15,-8.12303803618116E-05,0,0.2733,3.60290000000003
42.14,-0.000130548988116344,0,0.2639,3.60489999999999
42.13,-0.000132503869944574,0,0.2639,3.60489999999999
42.12,-0.000133004514024856,0,0.2639,3.60489999999999
42.11,-0.000135041154946386,0.0425182740760369,0.2639,3.60489999999999
42.15,-0.000164508637646353,0,0.2639,3.60489999999999
42.1,-0.000204075571579381,,0.2639,3.60489999999999
39.13,-0.000285302736367817,0,0.3014,3.6096
39.11,-0.000287731612648297,0.0174491395554522,0.3014,3.6096
39.12,-0.00029314110709009,0,0.3014,3.6096
39.14,-0.000320515967324108,0,0.3014,3.6096
39.15,-0.000338137428310226,0,0.3014,3.6096
39.1,-0.00035634881930839,,0.3014,3.6096
10.21,-0.000403445308518746,0,0.2349,3.58010000000002
10.2,-0.000405989320039561,,0.2349,3.58010000000002
50.12,-0.000633744278940451,0,0.264,3.61079999999998
50.14,-0.000636251663464993,0,0.264,3.61079999999998
50.13,-0.00063868965564976,0,0.264,3.61079999999998
15.14,-0.000651016499293754,0,0.2358,3.59620000000001
36.11,-0.000658788695711767,0.0439257333480551,0.257,3.61869999999999
10.64,-0.000665819911919854,0,0.094,3.62909999999999
10.63,-0.000666141681546646,0.0862061758054258,0.094,3.62909999999999
50.11,-0.000673984567874176,0.0430468582693495,0.264,3.61079999999998
15.13,-0.000677576336626559,0,0.2358,3.59620000000001
15.11,-0.00067990172035688,0.0457708927345418,0.2358,3.59620000000001
36.12,-0.000680011378391956,0,0.257,3.61869999999999
15.12,-0.000689701921337656,0,0.2358,3.59620000000001
10.62,-0.000697135204699475,0,0.094,3.62909999999999
36.13,-0.000701158391285312,0,0.257,3.61869999999999
10.61,-0.000708128195728102,0.150065252927067,0.094,3.62909999999999
36.14,-0.000720696682323788,0,0.257,3.61869999999999
36.1,-0.000728204211958445,,0.257,3.61869999999999
50.1,-0.000786650116623238,,0.264,3.61079999999998
10.6,-0.000823963539211071,,0.094,3.62909999999999
50.15,-0.000857214542643947,0,0.264,3.61079999999998
36.15,-0.000879958040330863,0,0.257,3.61869999999999
15.15,-0.000882918429638958,0,0.2358,3.59620000000001
45.12,-0.000955808420713607,0,0.2838,3.61099999999999
45.13,-0.000957554099179039,0,0.2838,3.61099999999999
45.14,-0.00100794570849074,0,0.2838,3.61099999999999
45.11,-0.00101637224540436,0.0215892207790339,0.2838,3.61099999999999
10.65,-0.00105236451224409,0.0555071715595386,0.094,3.62909999999999
15.1,-0.00106466383095994,,0.2358,3.59620000000001
45.15,-0.00115890575984704,0,0.2838,3.61099999999999
22.13,-0.00142791157424196,0,0.2335,3.59530000000001
33.13,-0.00145580673952279,0,0.2819,3.65589999999997
22.12,-0.00148050995022967,0,0.2335,3.59530000000001
33.11,-0.00148303947683013,0.0394698072421743,0.2819,3.65589999999997
22.14,-0.00148427306478588,0,0.2335,3.59530000000001
33.12,-0.00148460677812405,0,0.2819,3.65589999999997
31.14,-0.00152296357913744,0,0.2341,3.63400000000001
31.13,-0.00153413493782805,0,0.2341,3.63400000000001
22.11,-0.00157348313140605,0.0388875759512844,0.2335,3.59530000000001
31.12,-0.00159435977448221,0,0.2341,3.63400000000001
33.14,-0.0016126474363082,0,0.2819,3.65589999999997
31.11,-0.00163091435792749,0.0438361824683312,0.2341,3.63400000000001
44.12,-0.00164415883759521,0,0.2596,3.6035
45.1,-0.00165713337494963,,0.2838,3.61099999999999
44.13,-0.00165837876149737,0,0.2596,3.6035
44.14,-0.00166548828015847,0,0.2596,3.6035
22.15,-0.0016847035976927,0,0.2335,3.59530000000001
49.14,-0.00173457565274101,0,0.2428,3.60289999999998
44.11,-0.00173465955113318,0.0301580224436955,0.2596,3.6035
31.15,-0.00176295906826033,0,0.2341,3.63400000000001
49.13,-0.0017894933549502,0,0.2428,3.60289999999998
33.15,-0.00180895527537773,0,0.2819,3.65589999999997
49.11,-0.00185401567172681,0.0380206598413438,0.2428,3.60289999999998
30.11,-0.00187216461713573,0.00857548158057582,0.2641,3.59889999999996
49.12,-0.0018722224721146,0,0.2428,3.60289999999998
30.12,-0.00187348469185907,0,0.2641,3.59889999999996
30.13,-0.00189678387999149,0,0.2641,3.59889999999996
48.11,-0.00196926520158143,0.0393534117510955,0.2414,3.5969
33.1,-0.00197056655778781,,0.2819,3.65589999999997
48.14,-0.00197812031530278,0,0.2414,3.5969
30.14,-0.0020237931135501,0,0.2641,3.59889999999996
19.12,-0.0020574759002209,0,0.2303,3.58170000000001
19.14,-0.00205760288139106,0,0.2303,3.58170000000001
19.11,-0.00205796437514046,0.0389351333929875,0.2303,3.58170000000001
48.12,-0.00207262710377038,0,0.2414,3.5969
19.13,-0.00207376858678992,0,0.2303,3.58170000000001
48.13,-0.00210767584352213,0,0.2414,3.5969
27.63,-0.00213116743015473,0.0824410963676108,0.1097,3.63029999999998
48.1,-0.00219248344842378,,0.2414,3.5969
27.62,-0.00219609643876858,0,0.1097,3.63029999999998
44.15,-0.00220575693595006,0,0.2596,3.6035
27.61,-0.00227906404308933,0.1500775329022,0.1097,3.63029999999998
49.1,-0.0023164975932637,,0.2428,3.60289999999998
31.1,-0.00232079195171027,,0.2341,3.63400000000001
27.64,-0.00233704206468328,0,0.1097,3.63029999999998
11.13,-0.00242478871660295,0,0.2722,3.62270000000001
11.11,-0.00245806263252674,0.0416049011567013,0.2722,3.62270000000001
40.14,-0.00245974890436904,0,0.2983,3.6148
38.13,-0.00246178180629894,0,0.2794,3.6105
48.15,-0.00247331306718937,0,0.2414,3.5969
11.12,-0.00248293635517256,0,0.2722,3.62270000000001
49.15,-0.00249209659248021,0,0.2428,3.60289999999998
46.61,-0.00249252949041747,0.150081266039016,0.1057,3.63339999999999
38.12,-0.00249278773052257,0,0.2794,3.6105
40.13,-0.00249512834240934,0,0.2983,3.6148
30.15,-0.00251687723419031,0,0.2641,3.59889999999996
38.11,-0.00251906061097947,0.0225966857523554,0.2794,3.6105
40.12,-0.00254940216319931,0,0.2983,3.6148
22.1,-0.00255202897285514,,0.2335,3.59530000000001
18.13,-0.00256163755998933,0,0.2307,3.56650000000002
18.14,-0.00257225825297559,0,0.2307,3.56650000000002
40.11,-0.00258718169375448,0.041207225357446,0.2983,3.6148
27.65,-0.0025876090334571,0.0494591804589242,0.1097,3.63029999999998
38.14,-0.00260969636635144,0,0.2794,3.6105
44.1,-0.00263150306263766,,0.2596,3.6035
46.62,-0.00263784409295305,0,0.1057,3.63339999999999
31.64,-0.00264912848716878,0,0.1139,3.65949999999998
30.1,-0.00265716943906459,,0.2641,3.59889999999996
31.62,-0.0026582464898596,0,0.1139,3.65949999999998
18.11,-0.00266514754301213,0.0407810547040389,0.2307,3.56650000000002
31.61,-0.00267155084432272,0.150078903510188,0.1139,3.65949999999998
18.12,-0.00269722400946326,0,0.2307,3.56650000000002
31.63,-0.00270943812129028,0.083017788445388,0.1139,3.65949999999998
11.14,-0.00272668594618023,0,0.2722,3.62270000000001
46.6,-0.00273687928761903,,0.1057,3.63339999999999
27.6,-0.00278567513604835,,0.1097,3.63029999999998
32.63,-0.00283107522212498,0.0849845571492823,0.1089,3.66899999999998
32.62,-0.00285159974436724,0,0.1089,3.66899999999998
32.61,-0.00288681001018639,0.150088606775685,0.1089,3.66899999999998
27.11,-0.00289237312795106,0.0234426131892005,0.2676,3.6078
19.1,-0.00290514238218976,,0.2303,3.58170000000001
46.63,-0.00292464664824272,0.0832903645414535,0.1057,3.63339999999999
32.64,-0.00294012505491014,0,0.1089,3.66899999999998
19.15,-0.00295991458770126,0,0.2303,3.58170000000001
46.64,-0.00297130496999866,0,0.1057,3.63339999999999
27.12,-0.00300257578394767,0,0.2676,3.6078
38.15,-0.00300817318353457,0,0.2794,3.6105
11.15,-0.00303450644228474,0,0.2722,3.62270000000001
26.11,-0.00304110238152783,0.0368915720094215,0.2555,3.60929999999996
27.13,-0.00306684249689243,0,0.2676,3.6078
28.14,-0.00309831940980854,0,0.3136,3.61149999999998
41.14,-0.00309982044726593,0,0.2427,3.59179999999998
26.12,-0.00310501056340034,0,0.2555,3.60929999999996
26.13,-0.0031175560845361,0,0.2555,3.60929999999996
27.14,-0.00311764171595304,0,0.2676,3.6078
26.14,-0.0031238609731877,0,0.2555,3.60929999999996
31.6,-0.0031896687540766,,0.1139,3.65949999999998
28.12,-0.00319356944448362,0,0.3136,3.61149999999998
41.13,-0.0032522445203193,0,0.2427,3.59179999999998
28.13,-0.00325404241746812,0,0.3136,3.61149999999998
39.64,-0.00328908911617038,0,0.1002,3.62669999999997
29.12,-0.00332074692916842,0,0.2413,3.59099999999995
39.61,-0.00332757146143899,0.150076895942967,0.1002,3.62669999999997
28.11,-0.00333658531411358,0.0372404379956213,0.3136,3.61149999999998
38.63,-0.003354571011537,0.0819493324132127,0.1106,3.62979999999999
41.12,-0.00335692707556153,0,0.2427,3.59179999999998
27.1,-0.00336759294710327,,0.2676,3.6078
39.62,-0.00338045859359259,0,0.1002,3.62669999999997
37.11,-0.00338682780432004,0.0357200490677786,0.248,3.61109999999996
29.14,-0.00339822687637356,0,0.2413,3.59099999999995
37.12,-0.00340534794349189,0,0.248,3.61109999999996
11.1,-0.0034121468771956,,0.2722,3.62270000000001
32.15,-0.00342046358155963,0,0.2759,3.64940000000001
29.13,-0.00343208743251377,0,0.2413,3.59099999999995
39.63,-0.00343913101409704,0.081910738988382,0.1002,3.62669999999997
29.11,-0.00344708392617745,0.0353522438500961,0.2413,3.59099999999995
38.61,-0.00344771019333771,0.150076893465271,0.1106,3.62979999999999
32.6,-0.00349735174437996,,0.1089,3.66899999999998
25.14,-0.00351404583934373,0,0.2489,3.60639999999995
40.1,-0.00354174269464957,,0.2983,3.6148
38.62,-0.00355197049862482,0,0.1106,3.62979999999999
32.13,-0.00355697598716185,0.011743035657318,0.2759,3.64940000000001
37.13,-0.00358389386888365,0,0.248,3.61109999999996
43.14,-0.00358718814050145,0,0.2468,3.59719999999999
28.15,-0.00359919108451312,0,0.3136,3.61149999999998
40.15,-0.00360487732811765,0,0.2983,3.6148
25.13,-0.00361411313375018,0,0.2489,3.60639999999995
8.12,-0.0037004755392827,0,0.2861,3.62910000000005
18.15,-0.00371243916584949,0,0.2307,3.56650000000002
38.1,-0.00371595067404165,,0.2794,3.6105
38.64,-0.00372583901817602,0,0.1106,3.62979999999999
8.11,-0.00373752405492857,0.0397989593658537,0.2861,3.62910000000005
25.11,-0.0037376088274665,0.0369199413950736,0.2489,3.60639999999995
32.12,-0.00374868184828618,0,0.2759,3.64940000000001
32.11,-0.0037498161745322,0.0736804273705229,0.2759,3.64940000000001
25.12,-0.00377406955909393,0,0.2489,3.60639999999995
43.13,-0.00378295119631762,0,0.2468,3.59719999999999
41.11,-0.0037864981493184,0.0349344385121446,0.2427,3.59179999999998
8.13,-0.00381735600059156,0,0.2861,3.62910000000005
18.1,-0.00386211158631886,,0.2307,3.56650000000002
32.65,-0.0038687725792715,0.0533731270708625,0.1089,3.66899999999998
39.6,-0.00390865918664033,,0.1002,3.62669999999997
24.14,-0.00390974846234326,0,0.2609,3.60660000000001
45.64,-0.00397062543389082,0,0.113,3.62860000000001
45.63,-0.00397736367030766,0.0820195200038408,0.113,3.62860000000001
14.13,-0.00398253816855434,0,0.2387,3.57980000000003
24.13,-0.00400126372162332,0,0.2609,3.60660000000001
32.14,-0.00400558938619992,0,0.2759,3.64940000000001
43.12,-0.00402157387439822,0,0.2468,3.59719999999999
43.11,-0.00403623239347451,0.034614765870674,0.2468,3.59719999999999
45.61,-0.00403816984549472,0.150077593184402,0.113,3.62860000000001
14.12,-0.00405825298301471,0,0.2387,3.57980000000003
31.65,-0.00407191173011221,0.0502106518617804,0.1139,3.65949999999998
46.65,-0.00409113910880627,0.0508123980989885,0.1057,3.63339999999999
38.6,-0.00409663646251859,,0.1106,3.62979999999999
41.15,-0.00410791251112202,0,0.2427,3.59179999999998
26.1,-0.0041091807405063,,0.2555,3.60929999999996
24.11,-0.00412062299808085,0.0378302609537173,0.2609,3.60660000000001
43.15,-0.00413181929418272,0,0.2468,3.59719999999999
45.62,-0.00413287908460506,0,0.113,3.62860000000001
21.13,-0.00415869517258474,0,0.2537,3.58679999999998
38.65,-0.00416889270401778,0.048726366462319,0.1106,3.62979999999999
21.12,-0.00417908764338417,0,0.2537,3.58679999999998
6.11,-0.00421519099815294,0,0.5676,3.7817
14.11,-0.0042291345134932,0.0408427730290711,0.2387,3.57980000000003
9.14,-0.00425513919315211,0,0.2662,3.61400000000003
21.11,-0.0042891477802917,0.0390891342889851,0.2537,3.58679999999998
21.14,-0.00429665649581092,0,0.2537,3.58679999999998
37.14,-0.00430084550048138,0,0.248,3.61109999999996
24.12,-0.00435849918480693,0,0.2609,3.60660000000001
20.13,-0.00436395106088959,0,0.295,3.5874
20.11,-0.00436759286039042,0,0.295,3.5874
9.13,-0.00437682441697606,0,0.2662,3.61400000000003
46.11,-0.00439705029807089,0.0192340142411417,0.2824,3.61349999999999
24.15,-0.00439972567460028,0,0.2609,3.60660000000001
6.12,-0.00441373512469045,0,0.5676,3.7817
20.12,-0.00442241989257132,0,0.295,3.5874
25.15,-0.00444023510892428,0,0.2489,3.60639999999995
14.14,-0.00444497545544889,0,0.2387,3.57980000000003
20.14,-0.00445035618321751,0,0.295,3.5874
29.1,-0.00446874052765461,,0.2413,3.59099999999995
6.13,-0.00449430672253385,0,0.5676,3.7817
25.1,-0.00450196432738167,,0.2489,3.60639999999995
8.14,-0.00452634945187367,0,0.2861,3.62910000000005
46.12,-0.00455082622865993,0,0.2824,3.61349999999999
9.12,-0.00455997091788721,0,0.2662,3.61400000000003
29.15,-0.00457645724885095,0,0.2413,3.59099999999995
6.14,-0.00459725324710914,0,0.5676,3.7817
32.1,-0.004600517937699,,0.2759,3.64940000000001
37.1,-0.00467030301280718,,0.248,3.61109999999996
46.13,-0.00477696513599113,0,0.2824,3.61349999999999
9.11,-0.00479963553335254,0.0361471778747447,0.2662,3.61400000000003
12.14,-0.00482841133313859,0,0.2555,3.60899999999998
26.15,-0.00483456103277368,0,0.2555,3.60929999999996
46.14,-0.00485195905827814,0,0.2824,3.61349999999999
12.13,-0.0048720835377683,0,0.2555,3.60899999999998
12.12,-0.00492361653666364,0,0.2555,3.60899999999998
7.62,-0.00494732864795794,0,0.1349,3.64800000000002
7.61,-0.00495778521704992,0.150078326504195,0.1349,3.64800000000002
9.15,-0.00500125678173256,0,0.2662,3.61400000000003
5.72,-0.00501108067270591,0.175623367672525,0.2421,3.91890000000001
41.1,-0.00502106997855335,,0.2427,3.59179999999998
37.15,-0.00503362341902264,0,0.248,3.61109999999996
45.6,-0.00504971524170469,,0.113,3.62860000000001
8.15,-0.0050524652171294,0,0.2861,3.62910000000005
12.11,-0.00505360550285482,0.0336336146620045,0.2555,3.60899999999998
39.65,-0.00506657888776481,0.0486886150170132,0.1002,3.62669999999997
5.71,-0.00508195757145961,0,0.2421,3.91890000000001
24.1,-0.00508468493173588,,0.2609,3.60660000000001
27.15,-0.00508889115157512,0,0.2676,3.6078
7.63,-0.00509100589988831,0.0806989453158892,0.1349,3.64800000000002
46.1,-0.00510340731311821,,0.2824,3.61349999999999
5.73,-0.00512917080890549,0,0.2421,3.91890000000001
28.1,-0.0051406967522873,,0.3136,3.61149999999998
8.1,-0.00520237194759551,,0.2861,3.62910000000005
20.15,-0.00521352637789348,0,0.295,3.5874
45.65,-0.00522063790724932,0.0488533306688337,0.113,3.62860000000001
5.74,-0.0052591214043369,0.0966830776938144,0.2421,3.91890000000001
14.1,-0.00547997958856664,,0.2387,3.57980000000003
43.1,-0.00562926218680908,,0.2468,3.59719999999999
36.23,-0.00566903269406539,0,0.2469,3.59520000000003
7.64,-0.0056979254867523,0,0.1349,3.64800000000002
36.22,-0.00570039297584606,0,0.2469,3.59520000000003
36.21,-0.00577932747612551,0,0.2469,3.59520000000003
46.15,-0.00590599872187867,0,0.2824,3.61349999999999
6.1,-0.00592886501557347,0.046829394206444,0.5676,3.7817
6.15,-0.00595948202623188,0,0.5676,3.7817
21.15,-0.00601267715023691,0,0.2537,3.58679999999998
10.11,-0.00601506381758213,0.0185950463428818,0.2733,3.60290000000003
31.21,-0.00610114849294866,0.0179650082417037,0.224,3.6139
20.1,-0.00617177570713267,,0.295,3.5874
14.15,-0.00623565862073802,0,0.2387,3.57980000000003
10.12,-0.00623930513268322,0,0.2733,3.60290000000003
31.23,-0.00624660414528553,0,0.224,3.6139
31.22,-0.00624842845553638,0,0.224,3.6139
5.75,-0.00625680434534619,0,0.2421,3.91890000000001
21.1,-0.00627207417079898,,0.2537,3.58679999999998
15.21,-0.0062921229650343,0,0.2283,3.57470000000001
36.24,-0.00634745500776903,0,0.2469,3.59520000000003
7.65,-0.00636004224124082,0.0468626397755724,0.1349,3.64800000000002
15.22,-0.00638565721523921,0,0.2283,3.57470000000001
15.24,-0.00639410699367649,0,0.2283,3.57470000000001
9.1,-0.00644747481637694,,0.2662,3.61400000000003
12.15,-0.00651268309640457,0,0.2555,3.60899999999998
15.23,-0.00660554989763243,0,0.2283,3.57470000000001
12.1,-0.00663975578636976,,0.2555,3.60899999999998
7.11,-0.00665019645619,0.0298411136586814,0.2795,3.63669999999996
7.14,-0.00665063416414611,0,0.2795,3.63669999999996
5.7,-0.00665318372888312,0.329606998049701,0.2421,3.91890000000001
7.13,-0.00668084528587679,0,0.2795,3.63669999999996
7.12,-0.00668424024379793,0,0.2795,3.63669999999996
7.6,-0.00673473377158358,,0.1349,3.64800000000002
31.24,-0.00680680164857677,0,0.224,3.6139
10.1,-0.00718015922738484,,0.2733,3.60290000000003
36.25,-0.00743222097462385,0,0.2469,3.59520000000003
4.14,-0.00753898787393744,0,1.0429,4.47250000000003
4.13,-0.00755770586204678,0,1.0429,4.47250000000003
4.12,-0.00785601949519132,0.0551745446099179,1.0429,4.47250000000003
31.2,-0.00794460674051944,,0.224,3.6139
4.11,-0.00796801426991665,0,1.0429,4.47250000000003
36.2,-0.00797241629545151,,0.2469,3.59520000000003
33.24,-0.00877120809719984,0,0.2659,3.6302
42.22,-0.00883542648968147,0,0.2486,3.58100000000002
42.23,-0.00888916686290211,0,0.2486,3.58100000000002
33.23,-0.00889233663980323,0,0.2659,3.6302
7.1,-0.00895617608724993,,0.2795,3.63669999999996
33.22,-0.00897877142211106,0,0.2659,3.6302
7.15,-0.00901731932249867,0,0.2795,3.63669999999996
49.22,-0.00904161960076619,0,0.2253,3.58119999999997
42.24,-0.00905042474603667,0,0.2486,3.58100000000002
42.21,-0.00908974198007912,0,0.2486,3.58100000000002
49.23,-0.00913153962809665,0,0.2253,3.58119999999997
15.25,-0.00925674232191884,0,0.2283,3.57470000000001
49.24,-0.00926551778113275,0,0.2253,3.58119999999997
49.21,-0.00937831497712927,0,0.2253,3.58119999999997
15.2,-0.00942723826363188,,0.2283,3.57470000000001
33.21,-0.00955036175578209,0,0.2659,3.6302
11.23,-0.00964592073365709,0,0.2576,3.59900000000005
22.24,-0.0098448565970898,0,0.2183,3.57549999999998
31.25,-0.00990839952191719,0,0.224,3.6139
22.21,-0.0100388495702028,0.00156429423163948,0.2183,3.57549999999998
11.21,-0.0102082154037988,0,0.2576,3.59900000000005
8.24,-0.0102088766105079,0,0.2664,3.60419999999999
22.23,-0.010277405880134,0,0.2183,3.57549999999998
22.22,-0.0103400972809031,0,0.2183,3.57549999999998
48.24,-0.0103564736055404,0,0.2246,3.57529999999997
11.22,-0.0104151899543674,0,0.2576,3.59900000000005
8.23,-0.0104724567902956,0,0.2664,3.60419999999999
11.24,-0.0105791243957806,0,0.2576,3.59900000000005
48.22,-0.0106637429477711,0,0.2246,3.57529999999997
33.25,-0.010678388110525,0,0.2659,3.6302
48.23,-0.0107078035148504,0,0.2246,3.57529999999997
8.22,-0.0107509174630643,0,0.2664,3.60419999999999
4.15,-0.0107700612754042,0,1.0429,4.47250000000003
18.21,-0.0108391365637026,0,0.215,3.54599999999999
9.21,-0.0109544629823615,0,0.2477,3.59109999999998
22.25,-0.0109573589627246,0,0.2183,3.57549999999998
40.21,-0.0109786470363931,0,0.2821,3.58750000000003
9.22,-0.0110265841510292,0,0.2477,3.59109999999998
9.23,-0.0111143994442415,0,0.2477,3.59109999999998
19.22,-0.0111870528275731,0,0.2146,3.56119999999999
19.21,-0.0112106499055998,0,0.2146,3.56119999999999
40.24,-0.0112164937997702,0,0.2821,3.58750000000003
33.2,-0.0112953545363962,,0.2659,3.6302
40.22,-0.0113100308601904,0,0.2821,3.58750000000003
40.23,-0.0113534965261649,0,0.2821,3.58750000000003
48.21,-0.0113547900716923,0,0.2246,3.57529999999997
42.2,-0.0113700810593887,,0.2486,3.58100000000002
24.21,-0.0114095239575642,0,0.2427,3.58420000000001
19.23,-0.0114244178195079,0,0.2146,3.56119999999999
8.21,-0.0114283209199332,0,0.2664,3.60419999999999
18.22,-0.0115452377930116,0,0.215,3.54599999999999
26.24,-0.0115680367323632,0,0.2342,3.58749999999998
42.25,-0.0115959803832991,0,0.2486,3.58100000000002
50.21,-0.0116739548558571,0,0.2498,3.58689999999996
11.25,-0.0116873117031835,0,0.2576,3.59900000000005
9.24,-0.0117022394148475,0,0.2477,3.59109999999998
4.1,-0.0117343228287791,0.27683175777295,1.0429,4.47250000000003
26.23,-0.0117362953270881,0,0.2342,3.58749999999998
18.23,-0.0118289271427057,0,0.215,3.54599999999999
18.24,-0.0118406041622463,0,0.215,3.54599999999999
19.24,-0.0118430956881435,0,0.2146,3.56119999999999
49.2,-0.0120141878100719,,0.2253,3.58119999999997
50.2,-0.0120905212642862,,0.2498,3.58689999999996
25.23,-0.0121308118074511,0,0.2297,3.58420000000001
50.22,-0.0122260323924869,0,0.2498,3.58689999999996
24.22,-0.0123307282812717,0,0.2427,3.58420000000001
6.74,-0.0123365847825388,0,0.2707,3.69209999999998
26.22,-0.0124095798821253,0,0.2342,3.58749999999998
48.25,-0.0124281373043561,0,0.2246,3.57529999999997
24.23,-0.0124443624851448,0,0.2427,3.58420000000001
25.21,-0.0126458051214085,0,0.2297,3.58420000000001
22.51,-0.0127593417987218,0.153955568666752,0.087,3.5976
25.22,-0.0127822958428106,0,0.2297,3.58420000000001
43.21,-0.0127891967773401,0,0.2262,3.57530000000003
50.23,-0.0127916867407777,0,0.2498,3.58689999999996
6.72,-0.0128138768791579,0,0.2707,3.69209999999998
25.24,-0.0130178716360392,0,0.2297,3.58420000000001
50.24,-0.0130813769473553,0,0.2498,3.58689999999996
6.73,-0.0131008911692115,0.0799998129246326,0.2707,3.69209999999998
6.71,-0.013103932967532,0.150085216786947,0.2707,3.69209999999998
22.53,-0.0131306059890612,0.0685737833361358,0.087,3.5976
22.52,-0.0132073731098501,0,0.087,3.5976
9.25,-0.0133167589980161,0,0.2477,3.59109999999998
26.21,-0.0133610921142365,0,0.2342,3.58749999999998
49.25,-0.0134048107354899,0,0.2253,3.58119999999997
19.25,-0.0134714713746509,0,0.2146,3.56119999999999
22.2,-0.0136072612560696,,0.2183,3.57549999999998
40.25,-0.0137379422117716,0,0.2821,3.58750000000003
41.52,-0.0137528584201861,0,0.1362,3.5831
41.53,-0.0138330347348671,0.0818204061430683,0.1362,3.5831
18.25,-0.0138452359556704,0,0.215,3.54599999999999
22.54,-0.0138671104290591,0,0.087,3.5976
9.2,-0.0140093096145548,,0.2477,3.59109999999998
7.24,-0.0140248568046054,0,0.2536,3.61270000000002
7.23,-0.0140418977005834,0,0.2536,3.61270000000002
24.25,-0.0140807909527402,0,0.2427,3.58420000000001
43.22,-0.0140901780134766,0,0.2262,3.57530000000003
24.24,-0.0141518463355265,0,0.2427,3.58420000000001
37.21,-0.0142396405058713,0,0.2281,3.589
7.22,-0.0142705381248391,0,0.2536,3.61270000000002
19.2,-0.0142818416800592,,0.2146,3.56119999999999
28.21,-0.0142821227015417,0,0.2915,3.584
28.22,-0.0142888595934122,0,0.2915,3.584
37.22,-0.0143075955863573,0,0.2281,3.589
24.2,-0.0144508786230684,,0.2427,3.58420000000001
6.75,-0.0144831485793428,0.0458277784435969,0.2707,3.69209999999998
28.23,-0.0145516440947502,0,0.2915,3.584
41.21,-0.0145618369479519,0,0.2224,3.57030000000003
41.22,-0.0145760712708298,0,0.2224,3.57030000000003
40.2,-0.0145797427699649,,0.2821,3.58750000000003
41.51,-0.014601495072836,0.187976641012395,0.1362,3.5831
15.32,-0.0146355835071205,0,0.207,3.56349999999998
15.31,-0.0146368063961204,0.00120905394515123,0.207,3.56349999999998
12.24,-0.0146638105285955,0,0.2329,3.58629999999999
37.23,-0.0146820634166763,0,0.2281,3.589
8.25,-0.0147882093492334,0,0.2664,3.60419999999999
14.21,-0.0148262552373031,0,0.2217,3.55859999999996
11.2,-0.0148728043386919,,0.2576,3.59900000000005
14.24,-0.0148825454074881,0,0.2217,3.55859999999996
41.23,-0.0149129111086201,0,0.2224,3.57030000000003
15.33,-0.0149858635618709,0,0.207,3.56349999999998
26.25,-0.0149955477971291,0,0.2342,3.58749999999998
43.23,-0.015005646464664,0,0.2262,3.57530000000003
44.24,-0.0150191592065696,0,0.2327,3.5806
15.34,-0.0150317035342021,0,0.207,3.56349999999998
14.22,-0.0150519126479001,0,0.2217,3.55859999999996
14.23,-0.0151526391622004,0,0.2217,3.55859999999996
7.21,-0.0152273429361204,0,0.2536,3.61270000000002
43.25,-0.0152668367170245,0,0.2262,3.57530000000003
43.24,-0.0152817147536518,0,0.2262,3.57530000000003
32.23,-0.015401997328531,0,0.2519,3.62560000000002
32.21,-0.0154232358317258,0,0.2519,3.62560000000002
6.64,-0.0154847241723613,0,0.289,3.67739999999998
44.23,-0.0155095602543624,0,0.2327,3.5806
37.24,-0.0155782395341458,0,0.2281,3.589
22.5,-0.0156620030713076,,0.087,3.5976
41.24,-0.0156785150921438,0,0.2224,3.57030000000003
32.22,-0.0157351307414308,0,0.2519,3.62560000000002
29.22,-0.0157542914784575,0,0.2219,3.56959999999998
12.23,-0.0157761954564367,0,0.2329,3.58629999999999
29.21,-0.0157773240236787,0,0.2219,3.56959999999998
44.22,-0.0157815580869682,0,0.2327,3.5806
41.54,-0.0157959053363799,0,0.1362,3.5831
25.2,-0.0158203175039732,,0.2297,3.58420000000001
43.2,-0.0158436990963502,,0.2262,3.57530000000003
48.53,-0.0158538955208621,0.0944597412205376,0.1461,3.58580000000001
49.51,-0.0158734222371143,0.19514418578602,0.1441,3.59179999999998
8.2,-0.015938449050766,,0.2664,3.60419999999999
49.54,-0.0159753422215799,0,0.1441,3.59179999999998
29.24,-0.0159940358801688,0,0.2219,3.56959999999998
37.43,-0.0160139215641055,0,0.1684,3.58049999999997
37.2,-0.0161067541474579,,0.2281,3.589
30.51,-0.0161790345174821,0.151090541104141,0.0785,3.60039999999998
25.25,-0.0161896334895391,0,0.2297,3.58420000000001
21.21,-0.016194066839343,0,0.2338,3.5652
21.24,-0.0162210066484115,0,0.2338,3.5652
49.52,-0.0162448224435841,0,0.1441,3.59179999999998
6.63,-0.0162466264979934,0.0644887034960365,0.289,3.67739999999998
37.42,-0.0163047715653931,0,0.1684,3.58049999999997
48.54,-0.0163140832465883,0,0.1461,3.58580000000001
37.41,-0.0163563206664477,0.029831620368565,0.1684,3.58049999999997
28.24,-0.0163721642124525,0,0.2915,3.584
48.42,-0.0163883152103129,0,0.1705,3.56689999999998
30.53,-0.0164476625535241,0.0683842697120129,0.0785,3.60039999999998
6.62,-0.0164892115759928,0,0.289,3.67739999999998
29.23,-0.0165052369206803,0,0.2219,3.56959999999998
21.22,-0.0165609417516374,0,0.2338,3.5652
21.23,-0.0166018206843876,0,0.2338,3.5652
48.2,-0.0166208219798468,,0.2246,3.57529999999997
49.53,-0.0166291964333286,0.0849062905741171,0.1441,3.59179999999998
41.55,-0.0166365740379648,0.0289861660167399,0.1362,3.5831
30.52,-0.0166848114163524,0,0.0785,3.60039999999998
48.52,-0.0166875137743181,0,0.1461,3.58580000000001
12.22,-0.0166911017317732,0,0.2329,3.58629999999999
6.7,-0.0167359157837816,,0.2707,3.69209999999998
23.23,-0.0168493173236003,0,0.2666,3.59069999999997
48.43,-0.0168728035567422,0,0.1705,3.56689999999998
23.24,-0.0169027795048935,0,0.2666,3.59069999999997
14.44,-0.0169069850855244,0,0.1685,3.55160000000001
42.41,-0.0169909267042986,0.0117124514852737,0.191,3.56799999999998
37.44,-0.0170056625378235,0,0.1684,3.58049999999997
6.61,-0.0170179201142392,0.150065509871762,0.289,3.67739999999998
44.21,-0.017049500967118,0,0.2327,3.5806
23.22,-0.0170540909060735,0,0.2666,3.59069999999997
36.41,-0.0171264020150605,0.0181570868014109,0.1942,3.58319999999998
42.42,-0.0171545208122371,0,0.191,3.56799999999998
44.53,-0.0172859380128195,0.0769564843421307,0.1298,3.59309999999999
44.51,-0.0172915613522225,0.177871057661264,0.1298,3.59309999999999
48.55,-0.0173459645863807,0.0336961302242148,0.1461,3.58580000000001
14.43,-0.0173549999687717,0,0.1685,3.55160000000001
9.32,-0.0173647564211414,0,0.2142,3.57749999999999
44.52,-0.0174123159788897,0,0.1298,3.59309999999999
42.43,-0.017457454754216,0,0.191,3.56799999999998
30.54,-0.0174822218679755,0,0.0785,3.60039999999998
48.41,-0.0175420493517357,0.0337922502615564,0.1705,3.56689999999998
41.2,-0.0175944659421772,,0.2224,3.57030000000003
19.32,-0.0176063056350932,0,0.1883,3.55060000000003
23.21,-0.0176561006578914,0,0.2666,3.59069999999997
7.54,-0.0176583629777362,0,0.1433,3.61970000000002
19.33,-0.017711693004287,0,0.1883,3.55060000000003
9.31,-0.0177139732051119,0,0.2142,3.57749999999999
14.42,-0.017728677316192,0,0.1685,3.55160000000001
37.53,-0.0177475726614423,0.0811097464294055,0.1411,3.59979999999996
36.42,-0.0177571843725877,0,0.1942,3.58319999999998
37.52,-0.0177663252459647,0,0.1411,3.59979999999996
50.25,-0.0177765060111508,0,0.2498,3.58689999999996
12.25,-0.0177800084781687,0,0.2329,3.58629999999999
19.31,-0.0178233590776012,1.92802417956717E-05,0.1883,3.55060000000003
13.23,-0.0178390689988445,0,0.2911,3.57279999999997
9.33,-0.0178511859781429,0,0.2142,3.57749999999999
21.44,-0.0179059459776193,0,0.1725,3.55560000000003
25.51,-0.0179104030348019,0.205691316980688,0.1436,3.59449999999998
7.53,-0.0179687795129856,0.0665630970641299,0.1433,3.61970000000002
42.44,-0.0179822499763459,0,0.191,3.56799999999998
48.44,-0.0179886088978689,0,0.1705,3.56689999999998
32.24,-0.0180124497632655,0,0.2519,3.62560000000002
46.54,-0.0180619546223052,0,0.1087,3.60309999999998
28.2,-0.0181142616162386,,0.2915,3.584
37.51,-0.0181158799937348,0.186999840308232,0.1411,3.59979999999996
13.24,-0.0181247909596819,0,0.2911,3.57279999999997
7.25,-0.0182372677122261,0,0.2536,3.61270000000002
46.53,-0.0182447354417913,0.0672008386218371,0.1087,3.60309999999998
36.44,-0.018262859261254,0,0.1942,3.58319999999998
48.51,-0.0182712990632348,0.21572304585803,0.1461,3.58580000000001
21.43,-0.0182824208530563,0,0.1725,3.55560000000003
16.22,-0.0183141540812696,0,0.2688,3.56710000000004
41.25,-0.0183239762321348,0,0.2224,3.57030000000003
42.33,-0.0183357832179804,0,0.22,3.56710000000004
42.34,-0.0183654835677301,0,0.22,3.56710000000004
7.52,-0.0183725287601221,0,0.1433,3.61970000000002
37.25,-0.0183877622074131,0,0.2281,3.589
16.23,-0.0183935294879808,0,0.2688,3.56710000000004
9.34,-0.018415285916307,0,0.2142,3.57749999999999
13.22,-0.0184453645219255,0,0.2911,3.57279999999997
16.24,-0.0184617684543281,0,0.2688,3.56710000000004
37.54,-0.0184668592090366,0,0.1411,3.59979999999996
14.41,-0.0184743461206037,0.0301997497137557,0.1685,3.55160000000001
44.54,-0.018486823673472,0,0.1298,3.59309999999999
36.43,-0.0186069436258877,0,0.1942,3.58319999999998
43.53,-0.0186691627857137,0.0870834984317725,0.1364,3.5872
42.32,-0.0186906700820502,0,0.22,3.56710000000004
43.52,-0.0187984847830922,0,0.1364,3.5872
21.32,-0.0187993390418209,0,0.2031,3.55279999999999
46.52,-0.01880635790541,0,0.1087,3.60309999999998
25.31,-0.0188219821932085,0,0.199,3.57230000000004
7.51,-0.0188785657717245,0.157506508680255,0.1433,3.61970000000002
21.33,-0.018879715202726,0,0.2031,3.55279999999999
16.21,-0.018898595631445,0,0.2688,3.56710000000004
44.25,-0.0189031689806942,0,0.2327,3.5806
12.21,-0.0189236238483575,0,0.2329,3.58629999999999
43.33,-0.0189477815439725,0,0.195,3.56379999999996
23.25,-0.0189919748351886,0,0.2666,3.59069999999997
50.33,-0.0190424068916849,0,0.2222,3.57279999999997
15.3,-0.0190449409286838,,0.207,3.56349999999998
43.32,-0.0190487834232189,0,0.195,3.56379999999996
43.51,-0.0190566127398353,0.19967173113484,0.1364,3.5872
21.42,-0.0190627245384914,0,0.1725,3.55560000000003
29.42,-0.0191311246847285,0,0.1605,3.56350000000003
50.34,-0.0191398818501219,0,0.2222,3.57279999999997
36.34,-0.0192088331705164,0,0.2191,3.58230000000003
13.21,-0.0192222283255035,0,0.2911,3.57279999999997
42.31,-0.0192555539075467,0,0.22,3.56710000000004
50.32,-0.0193144648774188,0,0.2222,3.57279999999997
41.41,-0.0193658129867577,0.034453913937522,0.16,3.56319999999999
25.33,-0.019367459092461,0,0.199,3.57230000000004
29.41,-0.0194083498003711,0.0327334771727909,0.1605,3.56350000000003
25.32,-0.0194246063566436,0,0.199,3.57230000000004
21.34,-0.0194900242177662,0,0.2031,3.55279999999999
25.52,-0.0195148991821682,0,0.1436,3.59449999999998
41.5,-0.0195703871753199,,0.1362,3.5831
49.5,-0.0195798059656879,,0.1441,3.59179999999998
29.43,-0.0196292414744387,0,0.1605,3.56350000000003
50.31,-0.0196431518557546,0,0.2222,3.57279999999997
21.31,-0.019684253194589,0,0.2031,3.55279999999999
19.34,-0.019701556189789,0,0.1883,3.55060000000003
40.51,-0.019718577552506,0.229351631394317,0.1802,3.58449999999999
41.42,-0.0197198203089691,0,0.16,3.56319999999999
36.33,-0.0197429141889604,0,0.2191,3.58230000000003
25.53,-0.0197485634195571,0.0897384250794214,0.1436,3.59449999999998
32.2,-0.0197574261623251,,0.2519,3.62560000000002
36.31,-0.0197796535725857,0,0.2191,3.58230000000003
43.54,-0.0198035505938641,0,0.1364,3.5872
40.52,-0.0198162470048143,0,0.1802,3.58449999999999
29.44,-0.0198514477701403,0,0.1605,3.56350000000003
11.31,-0.0198593644625658,0,0.2257,3.58429999999998
48.32,-0.0198901839129537,0,0.1975,3.56369999999998
18.2,-0.0199094100395766,,0.215,3.54599999999999
29.25,-0.0199657210719772,0,0.2219,3.56959999999998
46.51,-0.0199662585858313,0.154861201998651,0.1087,3.60309999999998
21.41,-0.0199735910871382,0.0223124941502081,0.1725,3.55560000000003
41.43,-0.0200460705217052,0,0.16,3.56319999999999
21.2,-0.0200615907626931,,0.2338,3.5652
25.34,-0.0200926466902913,0,0.199,3.57230000000004
36.32,-0.0201326476128647,0,0.2191,3.58230000000003
48.45,-0.0201742270740958,0,0.1705,3.56689999999998
19.52,-0.0201835127803327,0,0.1067,3.5788
43.31,-0.0202840091141595,0,0.195,3.56379999999996
18.32,-0.0203039223994331,0,0.1887,3.53530000000001
18.33,-0.0203097914710442,0,0.1887,3.53530000000001
44.5,-0.0203947923536786,,0.1298,3.59309999999999
18.31,-0.0204049150767842,0,0.1887,3.53530000000001
45.52,-0.0204913357506749,0,0.1178,3.59800000000001
29.52,-0.020541758255213,0,0.1357,3.58239999999995
36.4,-0.0205548913390042,,0.1942,3.58319999999998
45.51,-0.0205564403171226,0.15748043931264,0.1178,3.59800000000001
28.25,-0.0205659246045745,0,0.2915,3.584
42.45,-0.0205850882062252,0,0.191,3.56799999999998
40.53,-0.0207534599007206,0.0963182828449431,0.1802,3.58449999999999
45.22,-0.0207633386079165,0,0.2497,3.58589999999998
41.44,-0.0207802744419903,0,0.16,3.56319999999999
48.31,-0.0208026424597364,0,0.1975,3.56369999999998
7.2,-0.0208075500783402,,0.2536,3.61270000000002
29.34,-0.0208240387833905,0,0.1909,3.55850000000004
48.4,-0.0208297618981928,,0.1705,3.56689999999998
29.53,-0.0208418884959476,0.0799937487855489,0.1357,3.58239999999995
32.25,-0.0208731552558567,0,0.2519,3.62560000000002
45.21,-0.0208758339925795,0,0.2497,3.58589999999998
45.53,-0.0208993387577586,0.0671940045189793,0.1178,3.59800000000001
37.33,-0.0209085844614872,0,0.1982,3.57730000000004
48.33,-0.0209208775804694,0,0.1975,3.56369999999998
29.51,-0.0209553809767478,0.184061637561382,0.1357,3.58239999999995
48.34,-0.0209710556961838,0,0.1975,3.56369999999998
42.4,-0.0210124943640098,,0.191,3.56799999999998
45.23,-0.0210321184056703,0,0.2497,3.58589999999998
45.54,-0.0210820484273038,0,0.1178,3.59800000000001
38.53,-0.0211185398348446,0.0673059600953543,0.115,3.59899999999999
37.32,-0.0211293185563085,0,0.1982,3.57730000000004
29.32,-0.0211370366336392,0,0.1909,3.55850000000004
19.54,-0.0212018277664521,0,0.1067,3.5788
27.54,-0.0212470142616068,0,0.1129,3.59929999999997
40.5,-0.0212637633714982,,0.1802,3.58449999999999
29.33,-0.0212710994195672,0,0.1909,3.55850000000004
40.54,-0.0213153154098361,0,0.1802,3.58449999999999
50.35,-0.0213382518759919,0,0.2222,3.57279999999997
11.32,-0.0213449904201571,0,0.2257,3.58429999999998
27.53,-0.0213959942102916,0.0674278046101294,0.1129,3.59929999999997
31.42,-0.0214041943119518,0,0.1448,3.60829999999999
36.45,-0.0214215884332881,0,0.1942,3.58319999999998
31.51,-0.021432121277779,0.15283102407037,0.1165,3.62899999999996
11.33,-0.0214421379589966,0,0.2257,3.58429999999998
19.53,-0.0214468867086972,0.0929149130893528,0.1067,3.5788
31.41,-0.0214597151405733,0.0274549869496641,0.1448,3.60829999999999
37.31,-0.0214616568693387,0,0.1982,3.57730000000004
49.55,-0.0215224260518246,0.0299102522724096,0.1441,3.59179999999998
13.25,-0.0215697520478357,0,0.2911,3.57279999999997
14.2,-0.0215871996318532,,0.2217,3.55859999999996
31.52,-0.0215919647248861,0,0.1165,3.62899999999996
37.45,-0.0215926716016964,0,0.1684,3.58049999999997
38.23,-0.0216264063363858,0,0.2448,3.58590000000004
7.5,-0.0216371398692403,,0.1433,3.61970000000002
26.42,-0.0216454979648574,0,0.1716,3.57800000000003
31.53,-0.021648435205416,0.067535800929574,0.1165,3.62899999999996
22.55,-0.0216598520482156,0.0265685955223686,0.087,3.5976
26.44,-0.0216647211919448,0,0.1716,3.57800000000003
29.54,-0.0216654702538777,0,0.1357,3.58239999999995
26.41,-0.0216752669745111,0.0268413404328624,0.1716,3.57800000000003
38.52,-0.0216942401920808,0,0.115,3.59899999999999
25.43,-0.0217056247617915,0,0.1694,3.57640000000003
29.2,-0.0217161372419241,,0.2219,3.56959999999998
49.34,-0.0217649661308862,0,0.1974,3.56959999999998
45.24,-0.0218208368843017,0,0.2497,3.58589999999998
49.31,-0.0218475357058843,0,0.1974,3.56959999999998
27.52,-0.0218753546293882,0,0.1129,3.59929999999997
26.43,-0.0219442520636539,0,0.1716,3.57800000000003
38.24,-0.0219558197032574,0,0.2448,3.58590000000004
31.54,-0.0219679163767193,0,0.1165,3.62899999999996
38.54,-0.0220129120986439,0,0.115,3.59899999999999
49.33,-0.0221257882735541,0,0.1974,3.56959999999998
47.21,-0.0221280074145368,0,0.3021,3.58150000000001
28.51,-0.0221306905947541,0.225986734423831,0.1704,3.58019999999999
36.52,-0.0221345341353706,0,0.1558,3.5994
36.53,-0.0221418067439456,0.103145507466726,0.1558,3.5994
7.44,-0.022165872785025,0,0.1764,3.60090000000002
49.32,-0.0221747589829494,0,0.1974,3.56959999999998
43.34,-0.0221846732115339,0,0.195,3.56379999999996
38.22,-0.0222041384670701,0,0.2448,3.58590000000004
19.51,-0.0222247345170532,0.211565125712352,0.1067,3.5788
7.55,-0.0222524831861925,0.0216733431638939,0.1433,3.61970000000002
30.5,-0.0222971854709193,,0.0785,3.60039999999998
24.44,-0.0223015349377797,0,0.1797,3.57299999999998
29.31,-0.0223236106914265,0,0.1909,3.55850000000004
41.34,-0.0223677977167042,0,0.191,3.55920000000003
27.51,-0.0224019461046451,0.154960158860818,0.1129,3.59929999999997
6.6,-0.0224952832968235,,0.289,3.67739999999998
26.52,-0.0225049936530972,0,0.1418,3.59609999999998
37.5,-0.0225178265743177,,0.1411,3.59979999999996
26.54,-0.0225244606232734,0,0.1418,3.59609999999998
32.54,-0.0225300524726932,0,0.1119,3.6379
36.51,-0.0225433302167256,0.236525306841147,0.1558,3.5994
26.51,-0.0225511200119801,0.201913463504451,0.1418,3.59609999999998
32.53,-0.0225537977941007,0.0668048508413207,0.1119,3.6379
7.43,-0.0225715036911516,0,0.1764,3.60090000000002
18.42,-0.0225729965654939,0,0.1625,3.5403
38.21,-0.0225798796033664,0,0.2448,3.58590000000004
18.43,-0.0225819955202104,0,0.1625,3.5403
21.25,-0.0225897522253707,0,0.2338,3.5652
24.43,-0.0225924563299553,0,0.1797,3.57299999999998
38.51,-0.0226018034965249,0.15708097711163,0.115,3.59899999999999
14.54,-0.0226036460964875,0,0.1416,3.56979999999999
18.41,-0.0226252812544395,0.0287737098582599,0.1625,3.5403
12.31,-0.0226292823052046,0,0.1991,3.57429999999999
32.52,-0.0226331836795106,0,0.1119,3.6379
43.35,-0.022639006157024,0,0.195,3.56379999999996
21.45,-0.0226820505189565,0,0.1725,3.55560000000003
25.44,-0.0226833048737039,0,0.1694,3.57640000000003
31.43,-0.0227386105770921,0,0.1448,3.60829999999999
26.53,-0.0228186848840903,0.0877788109059835,0.1418,3.59609999999998
41.33,-0.0228331883834347,0,0.191,3.55920000000003
43.5,-0.0228337382046939,,0.1364,3.5872
37.4,-0.0228354439556264,,0.1684,3.58049999999997
14.51,-0.022844330483869,0.208351304253505,0.1416,3.56979999999999
37.34,-0.0228456253461191,0,0.1982,3.57730000000004
25.54,-0.022852608557925,0,0.1436,3.59449999999998
41.45,-0.0228945112374191,0,0.16,3.56319999999999
9.35,-0.0229207034646335,0,0.2142,3.57749999999999
42.35,-0.0229467892463492,0,0.22,3.56710000000004
14.32,-0.0229717390046831,0,0.195,3.54730000000001
14.31,-0.0229877714030006,0,0.195,3.54730000000001
47.22,-0.0230004554464984,0,0.3021,3.58150000000001
48.35,-0.0230387131715069,0,0.1975,3.56369999999998
25.35,-0.023056479102989,0,0.199,3.57230000000004
7.42,-0.0230879229874832,0,0.1764,3.60090000000002
25.45,-0.0231018457822627,0,0.1694,3.57640000000003
39.21,-0.0231398476922319,0,0.2622,3.58300000000003
14.52,-0.0231455211532268,0,0.1416,3.56979999999999
24.31,-0.0231675566687626,0,0.2109,3.57100000000003
44.2,-0.0231713797869478,,0.2327,3.5806
41.31,-0.023210113247449,0,0.191,3.55920000000003
49.44,-0.0232290979577709,0,0.1694,3.57280000000003
18.34,-0.0232487971387443,0,0.1887,3.53530000000001
11.34,-0.0233060724761885,0,0.2257,3.58429999999998
25.41,-0.0233277837821587,0.0325071606040722,0.1694,3.57640000000003
41.32,-0.0233286414771489,0,0.191,3.55920000000003
32.51,-0.0233671912058246,0.151724397651262,0.1119,3.6379
36.54,-0.0234190211665215,0,0.1558,3.5994
14.34,-0.0234500693736271,0,0.195,3.54730000000001
14.33,-0.0234572407538127,0,0.195,3.54730000000001
40.44,-0.0235199270232613,0,0.2081,3.57039999999995
8.43,-0.023520422559095,0,0.1983,3.58879999999999
23.2,-0.0235221355698645,,0.2666,3.59069999999997
23.32,-0.0235462183374681,0,0.2301,3.5754
27.34,-0.0235757361724753,0,0.1898,3.57370000000003
30.55,-0.02357991348208,0.0278650545440464,0.0785,3.60039999999998
14.25,-0.0236125097691176,0,0.2217,3.55859999999996
41.4,-0.0237217942121952,,0.16,3.56319999999999
47.24,-0.0237249802978823,0,0.3021,3.58150000000001
7.41,-0.0237274335258408,0.0253415063126699,0.1764,3.60090000000002
12.32,-0.0237602571657465,0,0.1991,3.57429999999999
31.5,-0.0237643805382376,,0.1165,3.62899999999996
44.44,-0.0237944793588405,0,0.1573,3.57369999999997
24.42,-0.0238021442290903,0,0.1797,3.57299999999998
40.42,-0.0238106968844977,0,0.2081,3.57039999999995
28.52,-0.0238307377044934,0,0.1704,3.58019999999999
44.43,-0.023858672516967,0,0.1573,3.57369999999997
39.22,-0.0238799727528747,0,0.2622,3.58300000000003
4.84,-0.0239153415213604,0.0785521647518908,0.5291,4.13970000000001
14.53,-0.0239170009093935,0.0910374866366005,0.1416,3.56979999999999
40.43,-0.0239277654252716,0,0.2081,3.57039999999995
23.33,-0.0239544007335338,0,0.2301,3.5754
8.42,-0.0240348064550442,0,0.1983,3.58879999999999
24.41,-0.0240587955369011,0.0202081295893789,0.1797,3.57299999999998
39.23,-0.0240609594722347,0,0.2622,3.58300000000003
23.31,-0.0240853612912056,0,0.2301,3.5754
15.35,-0.0241043499094792,0,0.207,3.56349999999998
25.42,-0.0241246810098247,0,0.1694,3.57640000000003
24.32,-0.0241261682334278,0,0.2109,3.57100000000003
44.42,-0.0241497412526536,0,0.1573,3.57369999999997
49.41,-0.0241513466825975,0.0326258044682958,0.1694,3.57280000000003
49.43,-0.0241603396915785,0,0.1694,3.57280000000003
26.2,-0.0242106294206598,,0.2342,3.58749999999998
14.45,-0.0242168523707225,0,0.1685,3.55160000000001
27.33,-0.0242445317919075,0,0.1898,3.57370000000003
39.24,-0.0242959424877166,0,0.2622,3.58300000000003
8.41,-0.0243066634972577,0.0110303130949879,0.1983,3.58879999999999
8.44,-0.0243169583005699,0,0.1983,3.58879999999999
24.33,-0.0243217225571396,0,0.2109,3.57100000000003
49.42,-0.0243825013131697,0,0.1694,3.57280000000003
4.85,-0.0243910031337835,0,0.5291,4.13970000000001
20.33,-0.0243979845712782,0,0.2132,3.54700000000003
43.55,-0.024471962295709,0.0308703719386018,0.1364,3.5872
48.3,-0.0245388429794886,,0.1975,3.56369999999998
20.32,-0.0245502192806864,0,0.2132,3.54700000000003
9.41,-0.0246282982896693,0.0193313066052993,0.1813,3.57929999999999
47.23,-0.0246806654858249,0,0.3021,3.58150000000001
21.35,-0.0246816456841427,0,0.2031,3.55279999999999
9.42,-0.024685661620146,0,0.1813,3.57929999999999
44.41,-0.0247662400954781,0.0307004949706339,0.1573,3.57369999999997
4.83,-0.0248089509988141,0,0.5291,4.13970000000001
5.13,-0.0248307049854085,0,0.5608,3.98249999999996
33.54,-0.0248400017525226,0,0.1574,3.63219999999995
18.35,-0.0248613247630166,0,0.1887,3.53530000000001
25.3,-0.0249348638087086,,0.199,3.57230000000004
5.14,-0.0249511481598707,0,0.5608,3.98249999999996
5.12,-0.0249871180537655,0,0.5608,3.98249999999996
29.5,-0.0249963928052195,,0.1357,3.58239999999995
28.53,-0.0250855502392345,0.0944057664290007,0.1704,3.58019999999999
27.24,-0.0251136567692619,0,0.2342,3.58539999999999
27.32,-0.0251313532924435,0,0.1898,3.57370000000003
36.55,-0.0251316214339547,0.0360582008103127,0.1558,3.5994
46.55,-0.0251410400769696,0.0241169080625858,0.1087,3.60309999999998
36.3,-0.0251742637171887,,0.2191,3.58230000000003
5.11,-0.0252343449520621,0,0.5608,3.98249999999996
19.3,-0.0252654447841871,,0.1883,3.55060000000003
43.41,-0.0252928807051626,0.0306473761612274,0.1634,3.56740000000002
8.31,-0.0252965349138343,0,0.2317,3.58879999999999
31.34,-0.0254199060377926,0,0.1849,3.60300000000001
19.35,-0.0254366127005283,0,0.1883,3.55060000000003
34.22,-0.0254419508611814,0,0.2886,3.59370000000001
34.21,-0.0254486778830766,0,0.2886,3.59370000000001
26.31,-0.0254594292278229,0,0.2026,3.5752
10.31,-0.0254724581350889,0,0.1842,3.56869999999998
12.43,-0.0254755980644158,0,0.1659,3.57859999999999
22.31,-0.0254879573506509,0.00318155886983547,0.165,3.56580000000002
10.24,-0.0255271933305861,0,0.2349,3.58010000000002
43.43,-0.0255299981123135,0,0.1634,3.56740000000002
45.5,-0.0255369511830311,,0.1178,3.59800000000001
25.5,-0.0255747221742984,,0.1436,3.59449999999998
27.22,-0.0256247525777533,0,0.2342,3.58539999999999
43.42,-0.0256263522569518,0,0.1634,3.56740000000002
24.45,-0.0256330353638041,0,0.1797,3.57299999999998
33.53,-0.0256402337328166,0.0845858638316519,0.1574,3.63219999999995
38.25,-0.0256426286699744,0,0.2448,3.58590000000004
27.21,-0.025657041111044,0,0.2342,3.58539999999999
31.4,-0.0256713250393408,,0.1448,3.60829999999999
9.3,-0.0256888802757032,,0.2142,3.57749999999999
27.23,-0.0256986949024442,0,0.2342,3.58539999999999
12.42,-0.0258024927364364,0,0.1659,3.57859999999999
48.5,-0.0258198926746812,,0.1461,3.58580000000001
40.41,-0.0258209718220978,0,0.2081,3.57039999999995
6.65,-0.0258267369056592,0.0226066422747442,0.289,3.67739999999998
34.23,-0.0258351316750513,0,0.2886,3.59370000000001
23.43,-0.025835791670592,0,0.1876,3.57600000000002
29.4,-0.0258866128930747,,0.1605,3.56350000000003
28.54,-0.0258973250382381,0,0.1704,3.58019999999999
25.55,-0.0259026644453381,0.0317390943897643,0.1436,3.59449999999998
33.52,-0.0259054918785717,0,0.1574,3.63219999999995
31.44,-0.0259391202774792,0,0.1448,3.60829999999999
44.31,-0.0259914560451301,0,0.195,3.56869999999998
12.33,-0.0260022661276714,0,0.1991,3.57429999999999
9.43,-0.0260195008890473,0,0.1813,3.57929999999999
23.34,-0.0260711870410485,0,0.2301,3.5754
20.31,-0.0260952556711443,0,0.2132,3.54700000000003
10.32,-0.0261999951703082,0,0.1842,3.56869999999998
23.44,-0.0262407178964785,0,0.1876,3.57600000000002
23.42,-0.0262579573174324,0,0.1876,3.57600000000002
12.2,-0.0263348586732454,,0.2329,3.58629999999999
7.45,-0.0263536079453641,0,0.1764,3.60090000000002
36.35,-0.0263553608892887,0,0.2191,3.58230000000003
33.51,-0.0264121118384591,0.197277471074277,0.1574,3.63219999999995
30.24,-0.0264625228234807,0,0.219,3.57620000000003
30.23,-0.0264685212796919,0,0.219,3.57620000000003
38.42,-0.0265047539401045,0,0.1502,3.57749999999999
12.41,-0.0265903795573327,0.0259126786186128,0.1659,3.57859999999999
22.32,-0.0265935957365816,0,0.165,3.56580000000002
44.32,-0.0266114094052349,0,0.195,3.56869999999998
30.22,-0.0266191467828456,0,0.219,3.57620000000003
39.2,-0.0266813231552163,,0.2622,3.58300000000003
33.41,-0.0266817114287199,0.0188456279613775,0.1966,3.61519999999996
27.55,-0.0267164082774683,0.0243986187313398,0.1129,3.59929999999997
33.42,-0.0267600402821418,0,0.1966,3.61519999999996
9.44,-0.026760540747047,0,0.1813,3.57929999999999
27.41,-0.0267852879011321,0.0224688720865379,0.1455,3.57850000000002
37.55,-0.0268254654328218,0.0283698895345947,0.1411,3.59979999999996
11.42,-0.0268436616806992,0,0.1961,3.5847
34.24,-0.0268579749854601,0,0.2886,3.59370000000001
11.41,-0.0268755056607858,0.0152220334019765,0.1961,3.5847
44.33,-0.0268974031907709,0,0.195,3.56869999999998
18.52,-0.0269058111060495,0,0.1349,3.5591
38.41,-0.0269090984539699,0.0209038656235548,0.1502,3.57749999999999
8.32,-0.0269369227921852,0,0.2317,3.58879999999999
18.51,-0.026940437469019,0.222903404328379,0.1349,3.5591
20.34,-0.0269532441368298,0,0.2132,3.54700000000003
18.53,-0.0269959120928324,0.0980413812102991,0.1349,3.5591
11.43,-0.027007811489122,0,0.1961,3.5847
33.43,-0.0270107651868299,0,0.1966,3.61519999999996
28.32,-0.0270217872475391,0,0.246,3.56639999999999
19.5,-0.0270312155070455,,0.1067,3.5788
46.23,-0.0270920151609326,0,0.2453,3.58870000000002
8.54,-0.0271359278324359,0,0.1524,3.60490000000004
25.4,-0.0271397651338283,,0.1694,3.57640000000003
28.33,-0.0271954923283224,0,0.246,3.56639999999999
44.34,-0.0272207369254605,0,0.195,3.56869999999998
11.44,-0.0272283931810257,0,0.1961,3.5847
33.31,-0.0272295266022049,0,0.2272,3.6148
28.31,-0.0272297168458526,0,0.246,3.56639999999999
26.32,-0.0272631916898077,0,0.2026,3.5752
11.3,-0.0272858396518462,,0.2257,3.58429999999998
42.3,-0.0273210331955405,,0.22,3.56710000000004
45.25,-0.0273312962255209,0,0.2497,3.58589999999998
6.31,-0.0273963005191052,0,0.4548,3.68850000000003
31.33,-0.0274226903776535,0,0.1849,3.60300000000001
23.41,-0.0274510284631033,0.00946041208541661,0.1876,3.57600000000002
28.34,-0.0274940041894894,0,0.246,3.56639999999999
50.3,-0.0275011499080625,,0.2222,3.57279999999997
43.3,-0.0276443528850094,,0.195,3.56379999999996
49.3,-0.0276916607743749,,0.1974,3.56959999999998
26.34,-0.0276958774644503,0,0.2026,3.5752
45.2,-0.0276992225086326,,0.2497,3.58589999999998
6.32,-0.0277193440609498,0,0.4548,3.68850000000003
37.3,-0.027745813471388,,0.1982,3.57730000000004
40.55,-0.0277605718122015,0.0294185467670148,0.1802,3.58449999999999
40.31,-0.0277925480490796,0,0.244,3.57150000000001
22.33,-0.0278228601653518,0,0.165,3.56580000000002
31.32,-0.0278235965647469,0,0.1849,3.60300000000001
40.32,-0.0278298167759463,0,0.244,3.57150000000001
47.2,-0.0278728836603655,,0.3021,3.58150000000001
27.31,-0.0278788923121143,0,0.1898,3.57370000000003
21.4,-0.0278803294051201,,0.1725,3.55560000000003
18.44,-0.0278894997741243,0,0.1625,3.5403
41.35,-0.0279049725508143,0,0.191,3.55920000000003
30.21,-0.0279088492731514,0,0.219,3.57620000000003
26.3,-0.0279295011716313,,0.2026,3.5752
20.21,-0.0279511393314963,0,0.2594,3.56119999999999
6.33,-0.0279715705056051,0,0.4548,3.68850000000003
46.22,-0.0279935162284978,0,0.2453,3.58870000000002
19.55,-0.0280092902064289,0.0335359280581809,0.1067,3.5788
12.34,-0.0280098699553873,0,0.1991,3.57429999999999
35.54,-0.0280120766804512,0,0.0827,3.58420000000001
20.54,-0.0280207030019353,0,0.1203,3.56960000000004
39.42,-0.028034257279729,0,0.1496,3.57379999999995
12.51,-0.0281094161711959,0.191227061004901,0.1355,3.59719999999999
16.43,-0.0281677800569513,0,0.1704,3.55360000000002
40.33,-0.0281945391125767,0,0.244,3.57150000000001
10.33,-0.028260348929927,0,0.1842,3.56869999999998
35.51,-0.0282878508699731,0.156322599421263,0.0827,3.58420000000001
24.51,-0.0283340652627251,0.223503841881032,0.1429,3.5915
8.53,-0.0283405593960878,0.107448684415916,0.1524,3.60490000000004
31.35,-0.0283448390625999,0,0.1849,3.60300000000001
10.23,-0.0283595028234262,0,0.2349,3.58010000000002
27.42,-0.0283764639620034,0,0.1455,3.57850000000002
18.4,-0.0283839581772816,,0.1625,3.5403
29.35,-0.0283884021518899,0,0.1909,3.55850000000004
29.45,-0.028419607273246,0,0.1605,3.56350000000003
46.21,-0.0284243760868612,0,0.2453,3.58870000000002
35.53,-0.0284356395381528,0.0670177127045219,0.0827,3.58420000000001
38.43,-0.0284378052668402,0,0.1502,3.57749999999999
16.2,-0.028465283012216,,0.2688,3.56710000000004
33.32,-0.0285030193755027,0,0.2272,3.6148
31.31,-0.0285274688236573,0.0187334621714371,0.1849,3.60300000000001
39.43,-0.028577857459804,0,0.1496,3.57379999999995
10.51,-0.0285791961721522,0.155780445165004,0.0947,3.59649999999999
26.4,-0.0285907149689407,,0.1716,3.57800000000003
10.53,-0.028593435619482,0.0678282731030264,0.0947,3.59649999999999
12.52,-0.0285948123047527,0,0.1355,3.59719999999999
26.33,-0.0286112731951196,0,0.2026,3.5752
35.52,-0.0286280239505462,0,0.0827,3.58420000000001
44.45,-0.0286838138843035,0,0.1573,3.57369999999997
10.52,-0.0287128135696356,0,0.0947,3.59649999999999
12.53,-0.0287373036614995,0.0830067808434274,0.1355,3.59719999999999
33.3,-0.0287634390051141,,0.2272,3.6148
20.53,-0.0287760350692213,0.102398745892802,0.1203,3.56960000000004
10.34,-0.0289608622429593,0,0.1842,3.56869999999998
24.34,-0.0289829306515891,0,0.2109,3.57100000000003
12.3,-0.0289848428877817,,0.1991,3.57429999999999
24.3,-0.0289852610716684,,0.2109,3.57100000000003
24.52,-0.0289909969797599,0,0.1429,3.5915
39.44,-0.0290037534113756,0,0.1496,3.57379999999995
5.15,-0.0290482319200888,0,0.5608,3.98249999999996
38.44,-0.0291102505640941,0,0.1502,3.57749999999999
16.44,-0.0291290087169531,0,0.1704,3.55360000000002
46.5,-0.0291329735702813,,0.1087,3.60309999999998
16.25,-0.0291675558415461,0,0.2688,3.56710000000004
27.44,-0.029169453275855,0,0.1455,3.57850000000002
46.24,-0.0292144416429015,0,0.2453,3.58870000000002
8.33,-0.0292258407363974,0,0.2317,3.58879999999999
12.44,-0.0292958095795105,0,0.1659,3.57859999999999
47.25,-0.0293102312920673,0,0.3021,3.58150000000001
27.43,-0.0293794003560801,0,0.1455,3.57850000000002
20.22,-0.0293911868890664,0,0.2594,3.56119999999999
6.34,-0.0294149059218992,0,0.4548,3.68850000000003
9.4,-0.0295811685616779,,0.1813,3.57929999999999
8.3,-0.0296031381993105,,0.2317,3.58879999999999
18.3,-0.0296163374715409,,0.1887,3.53530000000001
20.23,-0.0297165259755767,0,0.2594,3.56119999999999
38.5,-0.0297691493463024,,0.115,3.59899999999999
8.34,-0.0297832997661003,0,0.2317,3.58879999999999
7.31,-0.0298498028898752,0,0.2147,3.59890000000001
9.52,-0.029855220508968,0,0.1434,3.59769999999997
47.51,-0.0299212003757119,0.189320832556324,0.154,3.57900000000001
44.55,-0.0299500569953703,0.0268579415543325,0.1298,3.59309999999999
17.23,-0.0299655208492661,0,0.2825,3.54659999999996
16.42,-0.0299755835316675,0,0.1704,3.55360000000002
32.5,-0.0299854444587426,,0.1119,3.6379
17.22,-0.0299901403882039,0,0.2825,3.54659999999996
47.54,-0.0300127553654211,0,0.154,3.57900000000001
21.51,-0.030016155510435,0.222466671223189,0.1381,3.57370000000003
38.55,-0.0300883253071714,0.0230733071054061,0.115,3.59899999999999
47.52,-0.0301527947184913,0,0.154,3.57900000000001
10.22,-0.0301678970111429,0,0.2349,3.58010000000002
40.45,-0.0301696494461987,0,0.2081,3.57039999999995
9.53,-0.030171584403654,0.0995397944107305,0.1434,3.59769999999997
24.53,-0.0301836410746796,0.0974346238639511,0.1429,3.5915
26.5,-0.0301922695002911,,0.1418,3.59609999999998
45.41,-0.0302150721342984,0.0238856360693616,0.1524,3.57779999999997
7.32,-0.0302380977762292,0,0.2147,3.59890000000001
39.41,-0.030261817070744,0.0120416358667924,0.1496,3.57379999999995
47.53,-0.030278890466385,0.0743092266330776,0.154,3.57900000000001
8.52,-0.03037590761565,0,0.1524,3.60490000000004
46.33,-0.0303851863957039,0,0.1937,3.57629999999995
40.34,-0.0303859364797466,0,0.244,3.57150000000001
9.51,-0.0303926355980001,0.228262402140176,0.1434,3.59769999999997
23.3,-0.0303988784994768,,0.2301,3.5754
13.52,-0.030436638070051,0,0.1741,3.5693
18.45,-0.0304669866477399,0,0.1625,3.5403
10.25,-0.030496116272861,0,0.2349,3.58010000000002
45.44,-0.0305308288795977,0,0.1524,3.57779999999997
13.51,-0.0305616773226496,0.210000798320025,0.1741,3.5693
43.4,-0.0305758065885393,,0.1634,3.56740000000002
11.35,-0.0306406677826912,0,0.2257,3.58429999999998
29.55,-0.0306462962079095,0.0282645096952448,0.1357,3.58239999999995
14.55,-0.0307136165683502,0.0324291620265762,0.1416,3.56979999999999
4.82,-0.030745361830049,0.169507106839489,0.5291,4.13970000000001
37.35,-0.0307531963687548,0,0.1982,3.57730000000004
33.33,-0.0307745151749556,0,0.2272,3.6148
13.53,-0.0308022194660226,0.0855470342801421,0.1741,3.5693
27.35,-0.0308219418970114,0,0.1898,3.57370000000003
41.3,-0.0308253120187244,,0.191,3.55920000000003
49.35,-0.0308426652750433,0,0.1974,3.56959999999998
47.31,-0.0308991835715719,0,0.254,3.56309999999996
34.25,-0.0309092783449395,0,0.2886,3.59370000000001
20.41,-0.0309318976308245,0.00902044112105487,0.1678,3.55040000000002
14.4,-0.0309343723734087,,0.1685,3.55160000000001
47.32,-0.0309421194427701,0,0.254,3.56309999999996
17.52,-0.030967322478836,0,0.1539,3.54770000000002
20.52,-0.0310060119741468,0,0.1203,3.56960000000004
47.33,-0.0310142787481514,0,0.254,3.56309999999996
17.51,-0.0310146039628816,0.205104155447445,0.1539,3.54770000000002
46.34,-0.0310765025056359,0,0.1937,3.57629999999995
20.44,-0.0310958591306875,0,0.1678,3.55040000000002
20.24,-0.0311087916263875,0,0.2594,3.56119999999999
22.34,-0.0313215191377337,0,0.165,3.56580000000002
17.21,-0.0313958920971597,0,0.2825,3.54659999999996
9.45,-0.0314176498337963,0,0.1813,3.57929999999999
7.33,-0.031472854613144,0,0.2147,3.59890000000001
18.54,-0.0314871414466437,0,0.1349,3.5591
46.25,-0.031502602139871,0,0.2453,3.58870000000002
20.25,-0.0315043817055133,0,0.2594,3.56119999999999
16.41,-0.0315089623834216,0.000659614937079644,0.1704,3.55360000000002
45.42,-0.0315166967233309,0,0.1524,3.57779999999997
17.53,-0.0315460031338138,0.0834925829079268,0.1539,3.54770000000002
13.2,-0.031551170175765,,0.2911,3.57279999999997
28.44,-0.0315987714543812,0,0.2033,3.56529999999998
32.41,-0.0316036939885564,0.0222057190813761,0.1469,3.61709999999999
4.81,-0.0316349871436898,0,0.5291,4.13970000000001
46.32,-0.0316475331937344,0,0.1937,3.57629999999995
45.43,-0.0316594332665132,0,0.1524,3.57779999999997
33.5,-0.0317541039165207,,0.1574,3.63219999999995
23.35,-0.0319049545888404,0,0.2301,3.5754
43.44,-0.0319335804688121,0,0.1634,3.56740000000002
20.43,-0.0320363331942556,0,0.1678,3.55040000000002
28.43,-0.0320528856706171,0,0.2033,3.56529999999998
11.54,-0.0320969679530352,0,0.1544,3.60079999999999
8.51,-0.0321056354718907,0.24724599571893,0.1524,3.60490000000004
33.44,-0.0323313354661561,0,0.1966,3.61519999999996
20.51,-0.0323314719518864,0.234812118412436,0.1203,3.56960000000004
40.4,-0.0323805078072079,,0.2081,3.57039999999995
43.45,-0.0324275143066154,0,0.1634,3.56740000000002
20.35,-0.032437242806207,0,0.2132,3.54700000000003
32.43,-0.0324960754429184,0,0.1469,3.61709999999999
22.43,-0.0325283668346039,0,0.111,3.57370000000003
46.41,-0.0325457997606701,0.0209630240083499,0.1439,3.58099999999996
32.42,-0.032556227542096,0,0.1469,3.61709999999999
49.4,-0.0326400444685316,,0.1694,3.57280000000003
12.35,-0.0326439553840344,0,0.1991,3.57429999999999
21.52,-0.0327143577255681,0,0.1381,3.57370000000003
23.45,-0.032784753973538,0,0.1876,3.57600000000002
38.31,-0.03279954630734,0,0.1972,3.57329999999996
10.5,-0.0328179486139205,,0.0947,3.59649999999999
46.31,-0.0328180359772121,0,0.1937,3.57629999999995
31.45,-0.032843954203631,0,0.1448,3.60829999999999
28.5,-0.0328807464806184,,0.1704,3.58019999999999
44.3,-0.0328926014494562,,0.195,3.56869999999998
6.23,-0.032929401148393,0,0.5099,3.72949999999997
11.51,-0.0329466337644528,0.244926853706933,0.1544,3.60079999999999
11.53,-0.0330195937646901,0.106709814737493,0.1544,3.60079999999999
21.3,-0.033021526941117,,0.2031,3.55279999999999
12.54,-0.0330266145521702,0,0.1355,3.59719999999999
29.3,-0.0330913242543704,,0.1909,3.55850000000004
8.45,-0.0331023373235476,0,0.1983,3.58879999999999
9.54,-0.0331466667778755,0,0.1434,3.59769999999997
11.52,-0.0331498920227213,0,0.1544,3.60079999999999
27.5,-0.0331887449695381,,0.1129,3.59929999999997
45.33,-0.0332114976082023,0,0.2012,3.5729
12.45,-0.0333604590178073,0,0.1659,3.57859999999999
17.24,-0.0333687246478676,0,0.2825,3.54659999999996
9.55,-0.0334878450869195,0.0348909372919383,0.1434,3.59769999999997
38.34,-0.0334912770204757,0,0.1972,3.57329999999996
28.55,-0.0335197914860023,0.0282888518256171,0.1704,3.58019999999999
49.45,-0.0335378547175253,0,0.1694,3.57280000000003
20.42,-0.0336228626720462,0,0.1678,3.55040000000002
24.54,-0.0336351563753007,0,0.1429,3.5915
14.3,-0.0336360655974049,,0.195,3.54730000000001
34.2,-0.0336515584245906,,0.2886,3.59370000000001
15.53,-0.0336600911247505,0.111419279349248,0.1194,3.58710000000002
15.52,-0.0336653202336847,0,0.1194,3.58710000000002
15.51,-0.0337018107100611,0.253136367202581,0.1194,3.58710000000002
39.45,-0.0337148715953641,0,0.1496,3.57379999999995
32.31,-0.0337175295817538,0,0.1981,3.61270000000002
7.34,-0.0337771353334272,0,0.2147,3.59890000000001
35.24,-0.0337868441424221,0,0.2681,3.56830000000002
8.55,-0.0338198032491989,0.0370506626420303,0.1524,3.60490000000004
10.54,-0.0338343970155021,0,0.0947,3.59649999999999
32.33,-0.0339888832120307,0,0.1981,3.61270000000002
42.53,-0.0340061821531198,0.113610156730256,0.1469,3.58569999999997
39.25,-0.034026638410596,0,0.2622,3.58300000000003
35.23,-0.0340363819622556,0,0.2681,3.56830000000002
42.51,-0.0340620413785483,0.25939842524992,0.1469,3.58569999999997
20.2,-0.0340666567193464,,0.2594,3.56119999999999
14.5,-0.0341500908334216,,0.1416,3.56979999999999
38.32,-0.0341900801797451,0,0.1972,3.57329999999996
10.35,-0.0342038600842505,0,0.1842,3.56869999999998
42.52,-0.0342450482381191,0,0.1469,3.58569999999997
34.31,-0.0343080784194155,0,0.2328,3.57709999999997
6.24,-0.0343193307760485,0,0.5099,3.72949999999997
39.31,-0.0343863374925866,0,0.2058,3.56909999999999
6.22,-0.0343939544514634,0.0702295330010766,0.5099,3.72949999999997
32.32,-0.0344465068907194,0,0.1981,3.61270000000002
47.34,-0.0344812536896096,0,0.254,3.56309999999996
32.34,-0.0345688808683064,0,0.1981,3.61270000000002
24.35,-0.0345873539593755,0,0.2109,3.57100000000003
39.34,-0.0345920967694764,0,0.2058,3.56909999999999
21.53,-0.0346154353437935,0.0972227077154162,0.1381,3.57370000000003
22.42,-0.034658842432413,0,0.111,3.57370000000003
46.42,-0.0346819145788468,0,0.1439,3.58099999999996
20.55,-0.0347180948298246,0.0359830519040839,0.1203,3.56960000000004
34.33,-0.0347590640506025,0,0.2328,3.57709999999997
45.32,-0.0347818512591134,0,0.2012,3.5729
34.52,-0.0348127860449344,0,0.1312,3.5976
39.32,-0.0348274365569298,0,0.2058,3.56909999999999
39.51,-0.0349852838744052,0.157929968361549,0.1042,3.5949
39.52,-0.034985540983968,0,0.1042,3.5949
35.22,-0.0350060799182944,0,0.2681,3.56830000000002
5.52,-0.0350744946459126,0,0.2747,3.88499999999999
35.21,-0.0351014179326589,0,0.2681,3.56830000000002
5.53,-0.0351172140579469,0.0569357475777031,0.2747,3.88499999999999
6.21,-0.0351679395023534,0,0.5099,3.72949999999997
18.55,-0.035191927696559,0.0354844379321307,0.1349,3.5591
22.44,-0.0352646362482776,0,0.111,3.57370000000003
24.5,-0.0352656598100434,,0.1429,3.5915
22.41,-0.0353326317530096,0.0339991813474929,0.111,3.57370000000003
30.25,-0.0353423307693314,0,0.219,3.57620000000003
39.33,-0.0353590474411041,0,0.2058,3.56909999999999
28.41,-0.0353819643171119,0,0.2033,3.56529999999998
17.34,-0.0353901327064312,0,0.2362,3.52999999999997
45.55,-0.0354112938087604,0.0226985323437843,0.1178,3.59800000000001
34.51,-0.035429769239258,0.230191653078914,0.1312,3.5976
39.53,-0.0355114740267612,0.0669908021107854,0.1042,3.5949
21.5,-0.0355820283750558,,0.1381,3.57370000000003
23.4,-0.035644241286295,,0.1876,3.57600000000002
28.35,-0.0356758514198119,0,0.246,3.56639999999999
28.42,-0.0357465761309973,0,0.2033,3.56529999999998
13.31,-0.0358390433302052,0,0.2504,3.55520000000001
38.33,-0.0358393566291965,0,0.1972,3.57329999999996
12.4,-0.0358885728939277,,0.1659,3.57859999999999
27.4,-0.0359416730564636,,0.1455,3.57850000000002
34.32,-0.035968636573206,0,0.2328,3.57709999999997
24.4,-0.0360013218411359,,0.1797,3.57299999999998
32.55,-0.036055576432331,0.0250878908014263,0.1119,3.6379
17.33,-0.0360692787120309,0,0.2362,3.52999999999997
47.55,-0.0361393970228619,0.0167094562453671,0.154,3.57900000000001
16.31,-0.0361891982108489,0,0.2237,3.55189999999999
45.31,-0.0361988433381617,0,0.2012,3.5729
5.51,-0.0362099255780869,0.152233526788185,0.2747,3.88499999999999
33.34,-0.0362319648393642,0,0.2272,3.6148
21.54,-0.0363890547384137,0,0.1381,3.57370000000003
46.35,-0.0363951740838401,0,0.1937,3.57629999999995
32.44,-0.0364041981352772,0,0.1469,3.61709999999999
23.53,-0.0366036045358292,0.111430525294707,0.14,3.59319999999997
30.44,-0.0366134926187379,0,0.107,3.57590000000005
23.51,-0.0366256967268751,0.256325157840556,0.14,3.59319999999997
47.43,-0.0366347858562737,0,0.196,3.56189999999998
23.52,-0.0366781800612133,0,0.14,3.59319999999997
26.45,-0.0366951588049693,0,0.1716,3.57800000000003
13.54,-0.0368362494772353,0,0.1741,3.5693
22.3,-0.0368818532951025,,0.165,3.56580000000002
34.53,-0.0369252417138914,0.0993725977187257,0.1312,3.5976
47.42,-0.0369376676105953,0,0.196,3.56189999999998
31.55,-0.0369997204575917,0.0255482809505019,0.1165,3.62899999999996
8.35,-0.0370447051157724,0,0.2317,3.58879999999999
46.44,-0.0370740551967242,0,0.1439,3.58099999999996
22.35,-0.0370856542432039,0,0.165,3.56580000000002
38.4,-0.0372045287348946,,0.1502,3.57749999999999
27.2,-0.0372527612138747,,0.2342,3.58539999999999
11.4,-0.0373119467210036,,0.1961,3.5847
39.5,-0.0373661038048704,,0.1042,3.5949
46.43,-0.0374032739540581,0,0.1439,3.58099999999996
17.31,-0.0374219366127295,0,0.2362,3.52999999999997
16.32,-0.0374331356562762,0,0.2237,3.55189999999999
40.35,-0.0374468612242411,0,0.244,3.57150000000001
13.32,-0.0375108600057132,0,0.2504,3.55520000000001
44.35,-0.0375409859760165,0,0.195,3.56869999999998
17.32,-0.0376383653549839,0,0.2362,3.52999999999997
30.43,-0.0377149425930292,0,0.107,3.57590000000005
26.35,-0.037773491981612,0,0.2026,3.5752
5.64,-0.0378082192051467,0,0.2455,3.90170000000001
47.41,-0.0378674570065875,0,0.196,3.56189999999998
17.54,-0.0379535799048755,0,0.1539,3.54770000000002
23.54,-0.0379951376605977,0,0.14,3.59319999999997
16.33,-0.0379959285810413,0,0.2237,3.55189999999999
8.4,-0.0380192073731718,,0.1983,3.58879999999999
16.34,-0.0380531783014351,0,0.2237,3.55189999999999
6.35,-0.0380867402672099,0,0.4548,3.68850000000003
40.3,-0.0381188490135322,,0.244,3.57150000000001
5.1,-0.0381191515243316,,0.5608,3.98249999999996
27.45,-0.0381714743072204,0,0.1455,3.57850000000002
13.44,-0.0382729385693336,0,0.2056,3.55469999999997
6.3,-0.0382779442094349,0.0442718532529675,0.4548,3.68850000000003
14.35,-0.0382991682027886,0,0.195,3.54730000000001
45.34,-0.0383110714359702,0,0.2012,3.5729
26.55,-0.0384553465404412,0.0307469014377968,0.1418,3.59609999999998
47.44,-0.0384688395128886,0,0.196,3.56189999999998
13.42,-0.0384712658748764,0,0.2056,3.55469999999997
33.55,-0.0384981436134467,0.0282681852694468,0.1574,3.63219999999995
35.55,-0.0385450474518839,0.0231786587362905,0.0827,3.58420000000001
42.55,-0.0385621615130591,0.0400929545172558,0.1469,3.58569999999997
13.43,-0.0385851025487281,0,0.2056,3.55469999999997
28.45,-0.0386026039012825,0,0.2033,3.56529999999998
44.4,-0.0387664530807175,,0.1573,3.57369999999997
11.55,-0.0387849068754088,0.0371160773529848,0.1544,3.60079999999999
23.55,-0.0391046656350994,0.0383782019029945,0.14,3.59319999999997
33.35,-0.0391422926468141,0,0.2272,3.6148
20.45,-0.0391471247571568,0,0.1678,3.55040000000002
7.3,-0.039182346544735,,0.2147,3.59890000000001
5.63,-0.0392041218950064,0.0758794597679808,0.2455,3.90170000000001
13.41,-0.0392802264356042,0,0.2056,3.55469999999997
39.4,-0.0392873022550376,,0.1496,3.57379999999995
5.54,-0.0393921144099293,0,0.2747,3.88499999999999
17.41,-0.0395201163157368,0,0.1863,3.5301
30.42,-0.0397198761542045,0,0.107,3.57590000000005
42.54,-0.0397253562247245,0,0.1469,3.58569999999997
46.2,-0.0397881522809153,,0.2453,3.58870000000002
30.31,-0.0398176083688005,0,0.1623,3.5668
13.33,-0.039928280546479,0,0.2504,3.55520000000001
33.4,-0.0399542082980525,,0.1966,3.61519999999996
5.62,-0.039992710553814,0,0.2455,3.90170000000001
34.34,-0.0400249278227455,0,0.2328,3.57709999999997
45.4,-0.0401014939362473,,0.1524,3.57779999999997
34.44,-0.0401057259207596,0,0.1733,3.57920000000001
11.45,-0.0401149631812439,0,0.1961,3.5847
36.5,-0.0401539914586808,,0.1558,3.5994
32.35,-0.0402591164008043,0,0.1981,3.61270000000002
15.54,-0.0403142724584739,0,0.1194,3.58710000000002
35.25,-0.0403245083015927,0,0.2681,3.56830000000002
34.54,-0.0403851885463361,0,0.1312,3.5976
31.3,-0.0404718719290842,,0.1849,3.60300000000001
30.41,-0.0404967989817529,0.0250488094626786,0.107,3.57590000000005
10.3,-0.040588876592577,,0.1842,3.56869999999998
39.54,-0.0406604447803964,0,0.1042,3.5949
38.2,-0.0407547905012244,,0.2448,3.58590000000004
5.61,-0.0408161236011224,0.150067393569512,0.2455,3.90170000000001
27.25,-0.040863938393326,0,0.2342,3.58539999999999
30.32,-0.0408728489669088,0,0.1623,3.5668
22.45,-0.0408744752462025,0,0.111,3.57370000000003
38.45,-0.0409800097703957,0,0.1502,3.57749999999999
46.45,-0.0410313691178926,0,0.1439,3.58099999999996
34.41,-0.0411512756246207,0,0.1733,3.57920000000001
35.5,-0.0411863625850198,,0.0827,3.58420000000001
24.55,-0.0413032879850147,0.0342000563938491,0.1429,3.5915
20.3,-0.0414130072898167,,0.2132,3.54700000000003
28.3,-0.0414724417217377,,0.246,3.56639999999999
17.42,-0.0415720572923391,0,0.1863,3.5301
38.3,-0.0416432262680241,,0.1972,3.57329999999996
34.5,-0.0417003656630063,,0.1312,3.5976
12.5,-0.0417260371554514,,0.1355,3.59719999999999
16.51,-0.0417568332175147,0.216038919468454,0.1151,3.57389999999998
20.5,-0.0419166545690187,,0.1203,3.56960000000004
30.33,-0.0420771376857109,0,0.1623,3.5668
13.34,-0.0420853235508747,0,0.2504,3.55520000000001
45.3,-0.0421558182330609,,0.2012,3.5729
30.2,-0.0421580366391799,,0.219,3.57620000000003
16.45,-0.0422217989314064,0,0.1704,3.55360000000002
15.55,-0.0422382120212511,0.0399628834645266,0.1194,3.58710000000002
45.45,-0.0423006014363213,0,0.1524,3.57779999999997
35.31,-0.0423534110358495,0,0.1986,3.55449999999996
35.33,-0.0424300391689943,0,0.1986,3.55449999999996
16.54,-0.0424456331388667,0,0.1151,3.57389999999998
17.43,-0.0426299025582532,0,0.1863,3.5301
16.53,-0.0428584911712751,0.093078310142679,0.1151,3.57389999999998
10.44,-0.0428791173850362,0,0.1352,3.57429999999999
32.45,-0.0428908267457049,0,0.1469,3.61709999999999
39.35,-0.0429122169857527,0,0.2058,3.56909999999999
35.32,-0.0429508080973283,0,0.1986,3.55449999999996
13.55,-0.0430031005582046,0.0231546175462547,0.1741,3.5693
10.43,-0.0430159814809389,0,0.1352,3.57429999999999
6.25,-0.043070946412999,0,0.5099,3.72949999999997
34.42,-0.0430965797117467,0,0.1733,3.57920000000001
30.34,-0.0431694482403085,0,0.1623,3.5668
34.43,-0.0431706836424024,0,0.1733,3.57920000000001
34.3,-0.0432939188921713,,0.2328,3.57709999999997
7.35,-0.0434129419496633,0,0.2147,3.59890000000001
17.44,-0.0435218631809656,0,0.1863,3.5301
10.42,-0.0435992787227453,0,0.1352,3.57429999999999
10.41,-0.0437683592260922,0.0155173999009637,0.1352,3.57429999999999
17.25,-0.043780268899481,0,0.2825,3.54659999999996
47.3,-0.0438056451010535,,0.254,3.56309999999996
9.5,-0.0438923708334254,,0.1434,3.59769999999997
18.5,-0.0440085727971534,,0.1349,3.5591
11.5,-0.0442740641699047,,0.1544,3.60079999999999
47.35,-0.0443383234398866,0,0.254,3.56309999999996
16.52,-0.0443556505093504,0,0.1151,3.57389999999998
47.5,-0.0443802557093731,,0.154,3.57900000000001
23.5,-0.0443871296382756,,0.14,3.59319999999997
30.45,-0.044496990216015,0,0.107,3.57590000000005
5.41,-0.0445072809606429,0,0.3332,3.88170000000002
12.55,-0.0445256756539685,0.029064668830366,0.1355,3.59719999999999
20.4,-0.0446552043261902,,0.1678,3.55040000000002
15.41,-0.0446829838667925,0.0248586592078136,0.1535,3.56700000000001
33.45,-0.0446897042755221,0,0.1966,3.61519999999996
42.5,-0.0447623580430953,,0.1469,3.58569999999997
15.42,-0.0448476594383931,0,0.1535,3.56700000000001
17.55,-0.0449057079412076,0.0225968243310664,0.1539,3.54770000000002
15.43,-0.0449734070079026,0,0.1535,3.56700000000001
34.55,-0.0450155375575185,0.0337674447706974,0.1312,3.5976
7.4,-0.0453654677412978,,0.1764,3.60090000000002
19.44,-0.0456709868712614,0,0.134,3.55700000000002
45.35,-0.0457394111232279,0,0.2012,3.5729
47.4,-0.0458590900179463,,0.196,3.56189999999998
10.45,-0.04626587816315,0,0.1352,3.57429999999999
35.34,-0.0465629562186623,0,0.1986,3.55449999999996
46.4,-0.0467699212725367,,0.1439,3.58099999999996
4.8,-0.0467826851512814,0.346398438654694,0.5291,4.13970000000001
5.6,-0.0468014111460977,,0.2455,3.90170000000001
8.5,-0.0471442066211024,,0.1524,3.60490000000004
21.55,-0.0478495367401015,0.0344697590149384,0.1381,3.57370000000003
38.35,-0.0478731792143143,0,0.1972,3.57329999999996
39.3,-0.0479327660367724,,0.2058,3.56909999999999
17.2,-0.0481418587998893,,0.2825,3.54659999999996
13.5,-0.0482447192857534,,0.1741,3.5693
39.55,-0.0483517810194884,0.0222093701047972,0.1042,3.5949
13.45,-0.0483995134930468,0,0.2056,3.55469999999997
6.52,-0.0488251605208555,0,0.3198,3.66720000000004
15.4,-0.0488720987568279,,0.1535,3.56700000000001
13.3,-0.0488722062440058,,0.2504,3.55520000000001
5.42,-0.0489030601081144,0,0.3332,3.88170000000002
27.3,-0.0491369559573188,,0.1898,3.57370000000003
6.51,-0.0491904300234559,0,0.3198,3.66720000000004
19.42,-0.0494885382945575,0,0.134,3.55700000000002
19.41,-0.0495131760511327,0.0316045129299304,0.134,3.55700000000002
34.45,-0.0495142222813029,0,0.1733,3.57920000000001
22.4,-0.0497472832461354,,0.111,3.57370000000003
17.3,-0.049806815406041,,0.2362,3.52999999999997
28.4,-0.0498432541467216,,0.2033,3.56529999999998
6.53,-0.0499249957712861,0,0.3198,3.66720000000004
6.44,-0.0500208262810016,0,0.3768,3.6678
6.42,-0.0501054028348917,0,0.3768,3.6678
5.33,-0.0503033008277832,0,0.4091,3.89710000000002
6.43,-0.0503970090440371,0,0.3768,3.6678
46.3,-0.0505760597492066,,0.1937,3.57629999999995
19.43,-0.0507058064257582,0,0.134,3.55700000000002
17.4,-0.0507515330279612,,0.1863,3.5301
17.5,-0.0509664636190776,,0.1539,3.54770000000002
5.5,-0.0511003013534874,,0.2747,3.88499999999999
6.41,-0.0511680487976539,0,0.3768,3.6678
5.43,-0.051431177457034,0,0.3332,3.88170000000002
30.3,-0.051723193471774,,0.1623,3.5668
35.2,-0.0517256086472619,,0.2681,3.56830000000002
34.4,-0.0517469577333953,,0.1733,3.57920000000001
32.3,-0.0523006003407076,,0.1981,3.61270000000002
5.23,-0.0524342306881784,0,0.4908,3.93259999999998
5.31,-0.0524613073890645,0,0.4091,3.89710000000002
47.45,-0.0527602572193847,0,0.196,3.56189999999998
6.54,-0.0534311018536315,0,0.3198,3.66720000000004
16.3,-0.0537364667916595,,0.2237,3.55189999999999
34.35,-0.0537374464616593,0,0.2328,3.57709999999997
6.2,-0.0538124658518092,0.271082585430996,0.5099,3.72949999999997
5.34,-0.053921033245635,0,0.4091,3.89710000000002
13.35,-0.0540237961688298,0,0.2504,3.55520000000001
17.35,-0.0541524985917849,0,0.2362,3.52999999999997
16.35,-0.0541546027219999,0,0.2237,3.55189999999999
5.32,-0.0554072804119877,0,0.4091,3.89710000000002
5.21,-0.0554904876564443,0,0.4908,3.93259999999998
16.5,-0.0555057029357991,,0.1151,3.57389999999998
15.44,-0.0555347220606688,0,0.1535,3.56700000000001
5.22,-0.0560522795957991,0,0.4908,3.93259999999998
17.45,-0.0561365999254358,0,0.1863,3.5301
32.4,-0.0563781618085254,,0.1469,3.61709999999999
35.35,-0.0568826279206816,0,0.1986,3.55449999999996
16.4,-0.0573309748166385,,0.1704,3.55360000000002
15.5,-0.0580539465106934,,0.1194,3.58710000000002
6.45,-0.058128360245622,0,0.3768,3.6678
5.65,-0.0583288534130904,0.0392839149500304,0.2455,3.90170000000001
35.3,-0.0585613062903796,,0.1986,3.55449999999996
5.4,-0.0597340186361743,,0.3332,3.88170000000002
10.55,-0.0598295700931946,0.0245290156358209,0.0947,3.59649999999999
35.41,-0.0599510502481474,0.0165597671758367,0.1249,3.56079999999997
5.44,-0.0602670955723665,0,0.3332,3.88170000000002
13.4,-0.0603708322864826,,0.2056,3.55469999999997
30.35,-0.0605823016568506,0,0.1623,3.5668
35.43,-0.0605854323804148,0,0.1249,3.56079999999997
16.55,-0.0608535184558432,0.031683920656327,0.1151,3.57389999999998
5.24,-0.061074939206154,0,0.4908,3.93259999999998
6.5,-0.0611361418116169,,0.3198,3.66720000000004
4.61,-0.0612226981940916,0.174555848023232,0.5799,4.17830000000004
5.35,-0.0619957406298452,0,0.4091,3.89710000000002
35.42,-0.0621659537053796,0,0.1249,3.56079999999997
35.44,-0.0637874176760694,0,0.1249,3.56079999999997
4.62,-0.0644449125708584,0,0.5799,4.17830000000004
15.45,-0.0645151383769673,0,0.1535,3.56700000000001
5.45,-0.0654023033448176,0,0.3332,3.88170000000002
19.45,-0.0656961191670537,0,0.134,3.55700000000002
5.25,-0.066049654005705,0,0.4908,3.93259999999998
4.63,-0.0671504481978209,0.0662594488186032,0.5799,4.17830000000004
30.4,-0.0676478941642775,,0.107,3.57590000000005
6.55,-0.0677046650524617,0,0.3198,3.66720000000004
4.71,-0.0679306939176409,0,0.5489,4.16359999999997
5.55,-0.0690219397959442,0.00964359834003412,0.2747,3.88499999999999
4.73,-0.0691937843245773,0,0.5489,4.16359999999997
4.6,-0.0694243625395586,,0.5799,4.17830000000004
5.3,-0.0696070145988515,,0.4091,3.89710000000002
4.72,-0.0698723844223399,0,0.5489,4.16359999999997
19.4,-0.0703514029153654,,0.134,3.55700000000002
4.64,-0.0708698143891233,0,0.5799,4.17830000000004
4.54,-0.0723578596767161,0,0.6401,4.19760000000002
4.23,-0.0732330066344774,0,0.947,4.37209999999999
4.22,-0.0733347469598352,0,0.947,4.37209999999999
4.7,-0.0742206376116675,0.0117635533848646,0.5489,4.16359999999997
4.21,-0.074532175408299,0,0.947,4.37209999999999
4.53,-0.0751951476678863,0,0.6401,4.19760000000002
4.24,-0.0756112594553138,0,0.947,4.37209999999999
5.2,-0.0773371685658442,,0.4908,3.93259999999998
4.52,-0.0786544316965792,0,0.6401,4.19760000000002
4.51,-0.0802874986055474,0,0.6401,4.19760000000002
35.45,-0.0834731315095201,0,0.1249,3.56079999999997
4.74,-0.0836712338640135,0,0.5489,4.16359999999997
6.4,-0.0842433582423921,,0.3768,3.6678
10.4,-0.0859294471807136,,0.1352,3.57429999999999
4.31,-0.086005079629276,0,0.8514,4.29079999999999
35.4,-0.0867535374943871,,0.1249,3.56079999999997
4.32,-0.0878165119161815,0,0.8514,4.29079999999999
4.75,-0.0888575146246786,0,0.5489,4.16359999999997
4.33,-0.0891387386874684,0,0.8514,4.29079999999999
4.34,-0.0915412662689742,0,0.8514,4.29079999999999
4.55,-0.102188132423689,0,0.6401,4.19760000000002
4.43,-0.103514992536734,0,0.7307,4.23250000000002
4.41,-0.103966733437796,0,0.7307,4.23250000000002
4.42,-0.104012445025199,0,0.7307,4.23250000000002
4.44,-0.10460410620493,0,0.7307,4.23250000000002
4.2,-0.10779729634265,0.0748315836846186,0.947,4.37209999999999
4.5,-0.111866545302537,,0.6401,4.19760000000002
4.25,-0.114801256257599,0,0.947,4.37209999999999
4.65,-0.11636293708034,0.0124405104671701,0.5799,4.17830000000004
4.3,-0.118788890159471,0.0399426162917064,0.8514,4.29079999999999
4.35,-0.139735101235738,0,0.8514,4.29079999999999
4.45,-0.161187894904418,0,0.7307,4.23250000000002
4.4,-0.172300215369954,,0.7307,4.23250000000002
