Sample time,accel,throttle,speed,separation
4.5,-0.171435621594537,,0.7198,4.17410000000001
4.35,-0.157782584707171,0,0.96,4.28139999999996
4.65,-0.144427944153521,0,0.6355,4.15500000000003
4.4,-0.137554080436402,0.0292717748484118,0.8495,4.21370000000002
4.45,-0.137055382167771,0,0.8495,4.21370000000002
43.3,-0.13446297289145,0.0269827845195591,0.2126,3.49419999999998
4.3,-0.131283608447827,0.333642756635437,0.96,4.28139999999996
4.55,-0.126793513221224,0,0.7198,4.17410000000001
7.35,-0.11867225944714,0,0.3175,3.5729
7.3,-0.11831796015854,0.0665861467999345,0.3175,3.5729
43.2,-0.1093421445618,,0.2955,3.5095
4.52,-0.104901882020359,0,0.7198,4.17410000000001
4.34,-0.104764552535577,0,0.96,4.28139999999996
4.51,-0.104618236378986,0,0.7198,4.17410000000001
29.4,-0.102357856012599,,0.0933,3.5138
4.53,-0.102097350504668,0,0.7198,4.17410000000001
4.54,-0.101964351693748,0,0.7198,4.17410000000001
5.4,-0.100773961004118,,0.4893,3.78450000000004
43.25,-0.100462848066421,0,0.2955,3.5095
4.75,-0.0999977646587417,0,0.5998,4.14370000000002
32.3,-0.0994948690759795,,0.231,3.53990000000005
19.35,-0.0974024004165856,0,0.325,3.52859999999998
25.45,-0.0965678002866957,0,0.1611,3.50009999999997
32.4,-0.0962940021274081,,0.1533,3.54590000000002
9.45,-0.0959021983596542,0,0.2304,3.51310000000001
4.42,-0.0941213749294298,0,0.8495,4.21370000000002
43.35,-0.0938358494018335,0,0.2126,3.49419999999998
4.31,-0.0934116055677657,0,0.96,4.28139999999996
4.41,-0.093346423205359,0,0.8495,4.21370000000002
4.32,-0.0928920452735179,0.0500316501093425,0.96,4.28139999999996
19.3,-0.0926302496854858,0.11779228742454,0.325,3.52859999999998
4.33,-0.0926289531189462,0,0.96,4.28139999999996
33.35,-0.0917148385437076,0,0.2075,3.56200000000001
33.3,-0.0915111768269934,,0.2075,3.56200000000001
9.55,-0.0914994726418745,0.0054524775100375,0.1729,3.53340000000003
4.64,-0.0914810707207651,0,0.6355,4.15500000000003
4.43,-0.0911482441787287,0,0.8495,4.21370000000002
32.35,-0.0901343690842078,0,0.231,3.53990000000005
4.44,-0.0901220355066404,0,0.8495,4.21370000000002
4.74,-0.0899443483484204,0.044416995856763,0.5998,4.14370000000002
32.45,-0.0888773980724443,0,0.1533,3.54590000000002
6.3,-0.0885814560438646,,0.2657,3.64049999999997
25.35,-0.0884809144651311,0,0.2292,3.49549999999999
4.6,-0.0873194000893989,,0.6355,4.15500000000003
35.45,-0.087212638591113,0,0.2213,3.51139999999998
33.4,-0.0869441690425098,,0.1393,3.5702
9.3,-0.0869292952487478,0.0244160125108174,0.3045,3.51499999999999
29.35,-0.0867772764104809,0,0.159,3.50079999999997
25.4,-0.0865748586496931,,0.1611,3.50009999999997
33.45,-0.0861160046963904,0,0.1393,3.5702
28.45,-0.0855188482368431,0,0.3107,3.51890000000003
35.35,-0.0853609434879943,0,0.2856,3.512
7.34,-0.085351906215439,0,0.3175,3.5729
9.4,-0.0851848909280775,,0.2304,3.51310000000001
35.3,-0.0846380677134815,0.0402750550169213,0.2856,3.512
7.33,-0.0843177017363483,0,0.3175,3.5729
35.4,-0.0841664603391079,,0.2213,3.51139999999998
4.63,-0.084138795813761,0.0447642212387588,0.6355,4.15500000000003
26.35,-0.0840578732785129,0,0.2068,3.51249999999999
26.4,-0.0840372952565883,,0.142,3.52039999999999
6.55,-0.0840325903526967,0.0227615263386549,0.1512,3.6644
25.3,-0.0838327097574509,,0.2292,3.49549999999999
5.35,-0.0837214899149772,0,0.5596,3.81219999999996
28.4,-0.083424841088016,,0.3107,3.51890000000003
4.62,-0.0831655095589343,0,0.6355,4.15500000000003
7.32,-0.0825782446876809,0,0.3175,3.5729
18.55,-0.0824531734788125,0.0234734277776019,0.1168,3.60640000000001
27.4,-0.0824503370287016,,0.1012,3.58819999999997
4.61,-0.0821497290251831,0.151456113225192,0.6355,4.15500000000003
7.31,-0.0819520491467943,0,0.3175,3.5729
34.4,-0.0811613135013269,,0.2199,3.56139999999999
4.73,-0.0809391687522634,0,0.5998,4.14370000000002
26.3,-0.0807101361427815,,0.2068,3.51249999999999
4.7,-0.0805412492940245,0.249219489596696,0.5998,4.14370000000002
14.45,-0.0802301225609898,0,0.1891,3.52459999999996
33.34,-0.0798823462100626,0,0.2075,3.56200000000001
19.34,-0.0798735856486923,0,0.325,3.52859999999998
43.31,-0.0794181617517741,0,0.2126,3.49419999999998
14.4,-0.0792341446272925,,0.1891,3.52459999999996
22.4,-0.0791950798100197,,0.2081,3.49459999999999
40.45,-0.0783468265702518,0,0.2352,3.49650000000003
4.72,-0.0781486144933586,0.113312758628699,0.5998,4.14370000000002
26.45,-0.0762371844592112,0,0.142,3.52039999999999
38.3,-0.0758048338299566,,0.2386,3.53720000000004
27.45,-0.0752742293826119,0,0.1012,3.58819999999997
39.4,-0.0752509368437803,,0.2076,3.52870000000001
38.4,-0.0749479384714786,,0.1855,3.54129999999998
25.25,-0.0747663191886811,0,0.298,3.51089999999999
5.45,-0.0744666334648274,0,0.4893,3.78450000000004
6.35,-0.0744374544701292,0,0.2657,3.64049999999997
14.35,-0.0743019714025648,0,0.2549,3.52170000000001
4.71,-0.0739794631502497,0,0.5998,4.14370000000002
43.24,-0.073931243011654,0,0.2955,3.5095
43.32,-0.0738868457165928,0,0.2126,3.49419999999998
40.4,-0.0738176084382094,,0.2352,3.49650000000003
11.35,-0.0736014416054242,0,0.1688,3.47159999999997
5.34,-0.07340032,0,0.5596,3.81219999999996
34.45,-0.0730364054899065,0,0.2199,3.56139999999999
9.5,-0.0723294665243105,,0.1729,3.53340000000003
36.55,-0.0722299348386005,0.0249491633570497,0.1047,3.55410000000001
29.3,-0.0721444845079376,,0.159,3.50079999999997
43.34,-0.0718244279375676,0,0.2126,3.49419999999998
43.23,-0.0715243644194748,0,0.2955,3.5095
29.2,-0.0714992884244069,,0.2261,3.5086
43.22,-0.0713472487242118,0,0.2955,3.5095
4.2,-0.0710522785955618,0.281981257187692,1.074,4.37509999999998
43.21,-0.0708410355221676,0,0.2955,3.5095
19.33,-0.0707106718292972,0,0.325,3.52859999999998
32.55,-0.0705542361049859,0.0242384740549893,0.0999,3.5729
38.35,-0.0704251832617597,0,0.2386,3.53720000000004
43.33,-0.0703036519066683,0,0.2126,3.49419999999998
19.32,-0.0697736320031349,0,0.325,3.52859999999998
5.3,-0.0696737340416268,0.0703689641192554,0.5596,3.81219999999996
32.33,-0.0693457892542811,0,0.231,3.53990000000005
34.3,-0.0686453493178759,,0.2732,3.56080000000003
22.45,-0.0685617694437543,0,0.2081,3.49459999999999
32.31,-0.0684294152453153,0,0.231,3.53990000000005
6.45,-0.0682481470719115,0,0.205,3.64250000000004
9.44,-0.0682376491665642,0,0.2304,3.51310000000001
32.32,-0.0681984853847223,0,0.231,3.53990000000005
25.2,-0.0681692851175173,,0.298,3.51089999999999
7.25,-0.0680536892632489,0,0.4049,3.59909999999996
16.3,-0.0679567879150322,,0.179,3.52639999999997
28.35,-0.0678461459187259,0,0.368,3.52809999999999
26.34,-0.067621945511569,0,0.2068,3.51249999999999
8.35,-0.0672440468661723,0,0.2346,3.53250000000003
4.25,-0.0671185906127617,0,1.074,4.37509999999998
19.31,-0.0666137345969348,0,0.325,3.52859999999998
32.25,-0.0666130409319962,0,0.3012,3.55509999999998
28.3,-0.0663214097950131,0.0617252688465386,0.368,3.52809999999999
35.25,-0.0663065828058105,0,0.3446,3.53249999999997
9.43,-0.0659186629535915,0,0.2304,3.51310000000001
34.2,-0.0656368723941209,,0.3295,3.57999999999998
9.42,-0.0655726412574503,0,0.2304,3.51310000000001
32.5,-0.0654031880486138,,0.0999,3.5729
32.44,-0.065369710016147,0,0.1533,3.54590000000002
39.55,-0.0653116413057168,0.0270418421837971,0.1668,3.54949999999997
32.43,-0.0652055663865546,0,0.1533,3.54590000000002
17.5,-0.0651403880402437,,0.1263,3.59370000000001
35.44,-0.0645889506985923,0,0.2213,3.51139999999998
6.34,-0.0645211780405783,0,0.2657,3.64049999999997
33.44,-0.0644873128964917,0,0.1393,3.5702
25.42,-0.0644841962392962,0,0.1611,3.50009999999997
36.45,-0.0644732776364005,0,0.1505,3.52620000000002
32.34,-0.0643988995938436,0,0.231,3.53990000000005
39.5,-0.064327155965372,,0.1668,3.54949999999997
35.42,-0.0642450724530657,0,0.2213,3.51139999999998
42.3,-0.0641266557850423,,0.2295,3.50829999999996
35.41,-0.0640488623641869,0,0.2213,3.51139999999998
38.45,-0.0639766813453866,0,0.1855,3.54129999999998
33.33,-0.063901182012009,0,0.2075,3.56200000000001
8.3,-0.0638361203761685,,0.2346,3.53250000000003
35.43,-0.0638147146845866,0,0.2213,3.51139999999998
25.44,-0.0638125744005398,0,0.1611,3.50009999999997
43.45,-0.0636009314251873,0,0.1427,3.50130000000001
33.32,-0.0635000460608069,0,0.2075,3.56200000000001
33.31,-0.0632118980457322,0,0.2075,3.56200000000001
11.3,-0.0631996241067896,,0.1688,3.47159999999997
32.2,-0.0631803121881414,,0.3012,3.55509999999998
9.41,-0.0630867075339185,0,0.2304,3.51310000000001
35.55,-0.063082909623114,0.022146001443242,0.1804,3.5308
25.41,-0.06304982548463,0,0.1611,3.50009999999997
16.45,-0.0626820462408113,0,0.1174,3.53710000000001
5.33,-0.0625241324390487,0,0.5596,3.81219999999996
5.2,-0.0623359471960179,0.0621832675142119,0.6359,3.86130000000003
4.24,-0.0620999147231239,0,1.074,4.37509999999998
5.32,-0.0620968430529819,0,0.5596,3.81219999999996
25.43,-0.0620916406132817,0,0.1611,3.50009999999997
32.42,-0.0618818028842959,0,0.1533,3.54590000000002
14.3,-0.0618801057444573,,0.2549,3.52170000000001
40.44,-0.0618168396125081,0,0.2352,3.49650000000003
36.4,-0.0617662309291142,,0.1505,3.52620000000002
17.55,-0.0616945171490077,0.0223834918361932,0.1263,3.59370000000001
26.5,-0.0616585831084619,,0.0982,3.548
5.55,-0.061566034407831,0,0.441,3.77699999999999
5.31,-0.0613349244394529,0,0.5596,3.81219999999996
7.4,-0.0610842873337802,,0.2647,3.56850000000003
32.41,-0.0609533449418049,0,0.1533,3.54590000000002
34.35,-0.0608907797673076,0,0.2732,3.56080000000003
36.3,-0.0607023048112773,,0.2013,3.51830000000001
18.3,-0.0606968634262865,,0.2282,3.57560000000001
33.41,-0.060599387929336,0.0205015832914059,0.1393,3.5702
6.2,-0.0605332132824146,,0.3291,3.65880000000004
5.44,-0.0603134049938737,0,0.4893,3.78450000000004
16.4,-0.0601849385499846,,0.1174,3.53710000000001
43.4,-0.0601084252544823,,0.1427,3.50130000000001
15.3,-0.0600963509169975,,0.2516,3.51639999999998
25.34,-0.0600294387272187,0,0.2292,3.49549999999999
7.2,-0.0599089451669329,0.0135872906601114,0.4049,3.59909999999996
14.41,-0.0598391202310435,0,0.1891,3.52459999999996
39.45,-0.0598258798781516,0,0.2076,3.52870000000001
25.31,-0.0596824269398932,0,0.2292,3.49549999999999
33.2,-0.0596393856330335,,0.2806,3.5763
33.42,-0.0596105864333242,0,0.1393,3.5702
14.5,-0.0595924731063751,,0.1429,3.54750000000001
26.33,-0.0594961791387492,0,0.2068,3.51249999999999
6.4,-0.0593790603156537,,0.205,3.64250000000004
15.4,-0.0592077407448094,,0.2002,3.51909999999998
39.3,-0.0592051831057533,,0.2651,3.5274
35.34,-0.0591989244559484,0,0.2856,3.512
31.45,-0.0589809196389655,0,0.2181,3.56229999999999
6.44,-0.0589757658335901,0,0.205,3.64250000000004
33.43,-0.0589500401447519,0,0.1393,3.5702
6.33,-0.0588829363648844,0,0.2657,3.64049999999997
25.33,-0.0588412568869821,0,0.2292,3.49549999999999
6.25,-0.0588227479814623,0,0.3291,3.65880000000004
42.55,-0.0588012675289053,0.0315242915919983,0.1425,3.5376
28.44,-0.0587526571163155,0,0.3107,3.51890000000003
38.25,-0.058700273505047,0,0.2924,3.55350000000004
25.32,-0.0585902503659757,0,0.2292,3.49549999999999
31.35,-0.0585531376027182,0,0.2623,3.5609
8.4,-0.0582961707895629,,0.1821,3.53699999999998
35.31,-0.0581931249206342,0,0.2856,3.512
7.45,-0.0579933619294524,0,0.2647,3.56850000000003
35.32,-0.0579142080160264,0,0.2856,3.512
35.33,-0.0577479758426599,0,0.2856,3.512
27.35,-0.0576810877459038,0,0.1578,3.57550000000003
14.42,-0.0576217644897278,0,0.1891,3.52459999999996
35.5,-0.0576136789430201,,0.1804,3.5308
35.2,-0.0575801201951403,,0.3446,3.53249999999997
18.4,-0.0575355910765739,,0.1715,3.58109999999999
14.55,-0.0573888350273651,0.03872306592529,0.1429,3.54750000000001
26.32,-0.0573777423429855,0,0.2068,3.51249999999999
6.32,-0.0572226648504763,0,0.2657,3.64049999999997
28.43,-0.0571726045698381,0,0.3107,3.51890000000003
20.3,-0.0571030588235294,,0.2416,3.45690000000002
14.43,-0.0570408283764401,0,0.1891,3.52459999999996
18.5,-0.0569395976005937,,0.1168,3.60640000000001
39.35,-0.0568890683997975,0,0.2651,3.5274
6.31,-0.0567477611086688,0,0.2657,3.64049999999997
28.42,-0.0567391965550456,0,0.3107,3.51890000000003
9.54,-0.0566203025259011,0,0.1729,3.53340000000003
25.5,-0.0565683458412257,,0.1161,3.52690000000001
21.45,-0.0565508034140062,0,0.1592,3.48750000000001
9.35,-0.0564430908566607,0,0.3045,3.51499999999999
42.45,-0.056415837606975,0,0.1793,3.51320000000004
26.31,-0.0563253716060262,0,0.2068,3.51249999999999
11.45,-0.0562744531184272,0,0.1082,3.48320000000001
16.35,-0.0562663479072689,0,0.179,3.52639999999997
39.54,-0.0561232357976347,0,0.1668,3.54949999999997
9.53,-0.0561145500318763,0.0557924857392986,0.1729,3.53340000000003
25.24,-0.056077052542253,0,0.298,3.51089999999999
22.35,-0.0560386079412557,0,0.2535,3.49270000000001
24.3,-0.0559441018125073,,0.2292,3.51139999999998
28.41,-0.0559184582345455,0,0.3107,3.51890000000003
5.25,-0.055869142729817,0,0.6359,3.86130000000003
28.55,-0.0558550145225901,0,0.2737,3.52879999999999
17.54,-0.0558383258792462,0,0.1263,3.59370000000001
11.34,-0.0557433617232095,0,0.1688,3.47159999999997
5.41,-0.0556356658987175,0,0.4893,3.78450000000004
9.52,-0.0556209594095941,0,0.1729,3.53340000000003
18.35,-0.0555562537637144,0,0.2282,3.57560000000001
22.42,-0.0552282263406711,0,0.2081,3.49459999999999
14.44,-0.0552025608960896,0,0.1891,3.52459999999996
23.35,-0.0550899023653295,0,0.2136,3.49950000000001
38.2,-0.0550415245622915,,0.2924,3.55350000000004
27.41,-0.0550087951005995,0.0278231877082037,0.1012,3.58819999999997
28.25,-0.0549715203228849,0,0.4122,3.55650000000003
11.4,-0.0547492040762257,,0.1082,3.48320000000001
5.42,-0.0547304164276871,0,0.4893,3.78450000000004
28.5,-0.0546289053397118,,0.2737,3.52879999999999
22.43,-0.0546175627357341,0,0.2081,3.49459999999999
26.44,-0.0545753898917693,0,0.142,3.52039999999999
22.41,-0.0545559096834451,0,0.2081,3.49459999999999
39.41,-0.0544106487382824,0,0.2076,3.52870000000001
11.2,-0.054298609520817,,0.2305,3.4812
27.42,-0.0541168439577274,0,0.1012,3.58819999999997
29.25,-0.0540366580862751,0,0.2261,3.5086
27.44,-0.0539967079417357,0,0.1012,3.58819999999997
33.55,-0.0538292439022809,0.0277566055626253,0.0997,3.59809999999999
5.5,-0.0537989752469069,,0.441,3.77699999999999
27.43,-0.0537943301020154,0,0.1012,3.58819999999997
29.45,-0.0537800545673837,0,0.0933,3.5138
26.43,-0.0536326375196344,0,0.142,3.52039999999999
26.42,-0.0535793504025486,0,0.142,3.52039999999999
41.3,-0.0535640312717449,,0.2129,3.4941
10.35,-0.0534937213037317,0,0.2939,3.48219999999998
13.5,-0.053462516327788,,0.1899,3.58050000000003
13.45,-0.0533247195348353,0,0.223,3.5616
25.55,-0.0533037213597634,0.0250817195319628,0.1161,3.52690000000001
26.41,-0.0532995442912865,0,0.142,3.52039999999999
24.45,-0.0531848749230931,0,0.1785,3.51639999999998
26.55,-0.0531789818124976,0.0250299085341104,0.0982,3.548
40.43,-0.0531575768641696,0,0.2352,3.49650000000003
5.43,-0.0531147394607097,0,0.4893,3.78450000000004
39.42,-0.0531074204729126,0,0.2076,3.52870000000001
22.44,-0.0530093929659097,0,0.2081,3.49459999999999
27.55,-0.0529996244434976,0.0324318444517665,0.0754,3.6191
19.2,-0.0529623929336027,0.127859514547143,0.4133,3.55550000000005
18.45,-0.0529225571914333,0,0.1715,3.58109999999999
13.55,-0.0528901910168006,0.029893483258427,0.1899,3.58050000000003
9.51,-0.0528568253794313,0.157440166483345,0.1729,3.53340000000003
34.44,-0.0525856690690804,0,0.2199,3.56139999999999
4.23,-0.0525081445622545,0,1.074,4.37509999999998
42.35,-0.0524079618441971,0,0.2295,3.50829999999996
40.42,-0.0523521573289951,0,0.2352,3.49650000000003
8.45,-0.0523015329365211,0,0.1821,3.53699999999998
29.34,-0.0522526129110117,0,0.159,3.50079999999997
43.55,-0.0521910875566751,0.0270940116959141,0.0933,3.5292
40.41,-0.0521403709564254,0,0.2352,3.49650000000003
17.3,-0.0521377870236485,,0.2291,3.56349999999998
15.45,-0.0519208294338223,0,0.2002,3.51909999999998
14.34,-0.0517285717723499,0,0.2549,3.52170000000001
38.31,-0.0516394506829848,0,0.2386,3.53720000000004
29.33,-0.0515649336653273,0,0.159,3.50079999999997
6.42,-0.0515647506263456,0,0.205,3.64250000000004
34.43,-0.051562848872477,0,0.2199,3.56139999999999
39.44,-0.0515225629204578,0,0.2076,3.52870000000001
6.43,-0.0515113339227798,0,0.205,3.64250000000004
38.32,-0.0514894524611411,0,0.2386,3.53720000000004
34.42,-0.0514810370063327,0,0.2199,3.56139999999999
41.4,-0.0514534432413406,,0.1662,3.50050000000004
38.34,-0.0513233914526804,0,0.2386,3.53720000000004
34.41,-0.0513013493784579,0,0.2199,3.56139999999999
25.22,-0.0512868205272274,0,0.298,3.51089999999999
6.41,-0.0512393011493883,0.00575197134298846,0.205,3.64250000000004
42.5,-0.0512303508614709,,0.1425,3.5376
34.25,-0.0512089804481282,0,0.3295,3.57999999999998
5.24,-0.051168860861687,0,0.6359,3.86130000000003
23.3,-0.0511380043431621,,0.2136,3.49950000000001
4.21,-0.0510269730373969,0,1.074,4.37509999999998
43.42,-0.0509658114356839,0,0.1427,3.50130000000001
25.23,-0.0509302510230993,0,0.298,3.51089999999999
14.2,-0.0509195758049777,,0.3164,3.53899999999999
15.35,-0.0508239169323326,0,0.2516,3.51639999999998
22.3,-0.0507696948525635,,0.2535,3.49270000000001
9.31,-0.0507254952380267,0,0.3045,3.51499999999999
4.22,-0.0507150575850702,0.0499427213231132,1.074,4.37509999999998
22.5,-0.0506795510514082,,0.1766,3.51479999999998
43.44,-0.0506263673332654,0,0.1427,3.50130000000001
20.4,-0.0505686792495271,,0.188,3.45929999999998
6.24,-0.0505496981795548,0,0.3291,3.65880000000004
10.3,-0.0505408142981279,0.0859714704579854,0.2939,3.48219999999998
29.32,-0.0504191714738192,0,0.159,3.50079999999997
43.43,-0.0504128277982399,0,0.1427,3.50130000000001
29.31,-0.0504091473687416,0,0.159,3.50079999999997
21.35,-0.0503536445921113,0,0.2034,3.4803
23.4,-0.0503147422466052,,0.1686,3.50470000000001
33.25,-0.0503142707364505,0,0.2806,3.5763
8.25,-0.0502031881683007,0,0.2888,3.54739999999998
27.3,-0.0501647300147864,,0.1578,3.57550000000003
43.41,-0.0500089294322134,0.00874760955099978,0.1427,3.50130000000001
25.21,-0.0500044125123654,0,0.298,3.51089999999999
38.33,-0.0499766466010214,0,0.2386,3.53720000000004
20.35,-0.0497741772151898,0,0.2416,3.45690000000002
31.4,-0.0497638447827861,,0.2181,3.56229999999999
39.43,-0.0496598325127819,0,0.2076,3.52870000000001
34.5,-0.0496307052536609,,0.1858,3.58069999999998
17.53,-0.0492152169686484,0.0669008032666792,0.1263,3.59370000000001
42.4,-0.0491191295665563,,0.1793,3.51320000000004
24.4,-0.0491008154868145,,0.1785,3.51639999999998
16.2,-0.0490647312202515,,0.2405,3.53590000000003
41.45,-0.0490246324041027,0,0.1662,3.50050000000004
18.54,-0.0489787945963486,0,0.1168,3.60640000000001
21.3,-0.0489731583623742,,0.2034,3.4803
17.52,-0.0486226162743962,0,0.1263,3.59370000000001
16.44,-0.048447239152447,0,0.1174,3.53710000000001
11.32,-0.0484212001429499,0,0.1688,3.47159999999997
11.55,-0.0483545983672961,0.0274410403584832,0.0675,3.51509999999996
9.32,-0.0483384908922112,0,0.3045,3.51499999999999
14.31,-0.0482120127394249,0,0.2549,3.52170000000001
24.5,-0.0480297861898608,,0.1435,3.54079999999999
18.53,-0.0480066181498609,0.0666850904462679,0.1168,3.60640000000001
39.53,-0.0479658051966253,0.091739993686708,0.1668,3.54949999999997
5.52,-0.0478548475428269,0,0.441,3.77699999999999
16.32,-0.0478498956557549,0,0.179,3.52639999999997
33.5,-0.0477882969130776,,0.0997,3.59809999999999
18.34,-0.047783820993604,0,0.2282,3.57560000000001
8.5,-0.0477565802569715,,0.1473,3.56009999999998
11.31,-0.0477539266424442,0,0.1688,3.47159999999997
40.5,-0.0477310873823786,,0.195,3.51429999999999
11.33,-0.0476434164859402,0,0.1688,3.47159999999997
24.35,-0.0476262866709005,0,0.2292,3.51139999999998
40.3,-0.0476231874483897,0.0460905275381304,0.2942,3.4982
36.35,-0.0475514134446971,0,0.2013,3.51830000000001
39.52,-0.0475036442825775,0,0.1668,3.54949999999997
28.2,-0.0474245433363848,0.0801922713244857,0.4122,3.55650000000003
41.44,-0.0472806965354266,0,0.1662,3.50050000000004
14.33,-0.0472536598501877,0,0.2549,3.52170000000001
38.44,-0.0472359580911983,0,0.1855,3.54129999999998
16.33,-0.047178296677671,0,0.179,3.52639999999997
16.31,-0.0470686215510493,0,0.179,3.52639999999997
14.32,-0.0470425263480403,0,0.2549,3.52170000000001
5.54,-0.0470282221030566,0,0.441,3.77699999999999
17.51,-0.0467925593742748,0.157405160244862,0.1263,3.59370000000001
35.24,-0.0467468283454473,0,0.3446,3.53249999999997
8.31,-0.0467383806032595,0,0.2346,3.53250000000003
5.53,-0.0466568286649992,0,0.441,3.77699999999999
5.21,-0.0466498752024076,0,0.6359,3.86130000000003
40.55,-0.046602862544361,0,0.195,3.51429999999999
26.2,-0.0465055951369791,,0.2708,3.52620000000002
33.24,-0.0463909512730497,0,0.2806,3.5763
28.34,-0.0463240130035308,0,0.368,3.52809999999999
11.5,-0.0463186125160086,,0.0675,3.51509999999996
5.51,-0.0462954866987667,0,0.441,3.77699999999999
38.42,-0.0462770466474121,0,0.1855,3.54129999999998
18.52,-0.0462277712673786,0,0.1168,3.60640000000001
35.23,-0.0459894179515716,0,0.3446,3.53249999999997
8.33,-0.0459809662967255,0,0.2346,3.53250000000003
5.22,-0.0459512751234523,0,0.6359,3.86130000000003
5.23,-0.0459314797830752,0,0.6359,3.86130000000003
8.32,-0.0458555691420157,0,0.2346,3.53250000000003
32.23,-0.0458553621821809,0,0.3012,3.55509999999998
8.34,-0.0458534418227513,0,0.2346,3.53250000000003
8.2,-0.045734273907855,,0.2888,3.54739999999998
31.34,-0.0457186031574443,0,0.2623,3.5609
30.5,-0.045717973033365,,0.1558,3.59300000000002
34.34,-0.0456603434493827,0,0.2732,3.56080000000003
18.51,-0.0456042165355426,0.154747854360533,0.1168,3.60640000000001
21.5,-0.0455896109820245,,0.1287,3.51259999999996
12.4,-0.0454912321536756,,0.1509,3.55129999999997
23.45,-0.0454506155002023,0,0.1686,3.50470000000001
36.5,-0.0454025561684889,,0.1047,3.55410000000001
35.22,-0.0453569800777397,0,0.3446,3.53249999999997
38.43,-0.0453332130513546,0,0.1855,3.54129999999998
30.55,-0.0453051339936703,0.0280171215465332,0.1558,3.59300000000002
16.34,-0.045303451110151,0,0.179,3.52639999999997
17.34,-0.0452953184764351,0,0.2291,3.56349999999998
6.54,-0.0451419965391348,0,0.1512,3.6644
14.53,-0.0449984545433435,0.11176492621909,0.1429,3.54750000000001
29.41,-0.044983940697403,0.0246962840115364,0.0933,3.5138
28.33,-0.044954263724166,0,0.368,3.52809999999999
32.24,-0.0449293437120617,0,0.3012,3.55509999999998
28.32,-0.0449188639216124,0,0.368,3.52809999999999
9.33,-0.0448811525967822,0,0.3045,3.51499999999999
28.31,-0.0448265428659858,0,0.368,3.52809999999999
31.3,-0.0447882012293328,,0.2623,3.5609
17.35,-0.0446566209359744,0,0.2291,3.56349999999998
34.31,-0.0446466609819874,0,0.2732,3.56080000000003
28.6,-0.0446185264062616,,0.2435,3.55169999999998
32.22,-0.0445933727894532,0,0.3012,3.55509999999998
14.54,-0.0445927365446395,0,0.1429,3.54750000000001
7.24,-0.0445589703685766,0,0.4049,3.59909999999996
7.23,-0.0445366908833923,0,0.4049,3.59909999999996
32.54,-0.0445127776585342,0,0.0999,3.5729
34.33,-0.0444985028680833,0,0.2732,3.56080000000003
34.32,-0.0444939752262013,0,0.2732,3.56080000000003
23.55,-0.0444656487029328,0.0346812647845584,0.1373,3.52999999999997
17.4,-0.0444500211954218,,0.1811,3.5684
27.34,-0.0444283658274249,0,0.1578,3.57550000000003
39.51,-0.0444159641199738,0.220918100020743,0.1668,3.54949999999997
38.41,-0.0443497886033804,0,0.1855,3.54129999999998
41.25,-0.0443264908771962,0,0.2597,3.50640000000004
8.55,-0.04422414155431,0.0270727125538922,0.1473,3.56009999999998
35.21,-0.0441767132117946,0,0.3446,3.53249999999997
16.25,-0.0441655485486305,0,0.2405,3.53590000000003
14.51,-0.0440877867698083,0.257281689707755,0.1429,3.54750000000001
18.31,-0.0440328507614708,0,0.2282,3.57560000000001
14.25,-0.0440315289638242,0,0.3164,3.53899999999999
35.54,-0.0440218621146256,0,0.1804,3.5308
20.45,-0.0440089998003281,0,0.188,3.45929999999998
7.22,-0.0438878333054767,0,0.4049,3.59909999999996
36.44,-0.043886033667759,0,0.1505,3.52620000000002
32.21,-0.0438192335150006,0,0.3012,3.55509999999998
13.4,-0.0437595352122945,,0.223,3.5616
32.53,-0.0437514325452017,0.0661058557804406,0.0999,3.5729
32.51,-0.0437341756194716,0.152216864617938,0.0999,3.5729
32.52,-0.0437182122787259,0,0.0999,3.5729
14.52,-0.0437044622671298,0,0.1429,3.54750000000001
11.25,-0.0436764214745898,0,0.2305,3.4812
6.5,-0.0436680074620511,,0.1512,3.6644
41.35,-0.0436370527663661,0,0.2129,3.4941
34.55,-0.0436294926163523,0.0311899236630386,0.1858,3.58069999999998
41.2,-0.0435824495861777,,0.2597,3.50640000000004
23.34,-0.0435245890702278,0,0.2136,3.49950000000001
36.43,-0.043513109481896,0,0.1505,3.52620000000002
6.21,-0.0434570626007316,0,0.3291,3.65880000000004
7.21,-0.0432862089015045,0,0.4049,3.59909999999996
18.32,-0.043262030550646,0,0.2282,3.57560000000001
29.5,-0.0432256416478244,,0.0634,3.54570000000001
16.43,-0.0432146449586368,0,0.1174,3.53710000000001
29.42,-0.043140331952546,0,0.0933,3.5138
40.35,-0.0431080010713774,0,0.2942,3.4982
37.3,-0.0430867856752306,,0.2372,3.55880000000002
21.4,-0.0430702728421679,,0.1592,3.48750000000001
9.34,-0.0430565296985942,0,0.3045,3.51499999999999
18.33,-0.0430239819301151,0,0.2282,3.57560000000001
6.22,-0.0429572192883003,0,0.3291,3.65880000000004
20.55,-0.0429409838345595,0.00263196911436163,0.1509,3.48290000000003
20.2,-0.0427599806835864,,0.289,3.47220000000004
33.23,-0.0426744270414303,0,0.2806,3.5763
6.23,-0.042661883966673,0,0.3291,3.65880000000004
29.44,-0.0425558572997148,0,0.0933,3.5138
21.55,-0.0425300947504904,0.0370783290274024,0.1287,3.51259999999996
39.33,-0.0423930586222983,0,0.2651,3.5274
13.35,-0.0423660369189469,0,0.2645,3.56060000000002
41.43,-0.0423053075047354,0,0.1662,3.50050000000004
29.43,-0.0422842747407542,0,0.0933,3.5138
39.32,-0.042191518756806,0,0.2651,3.5274
39.34,-0.0421900058881256,0,0.2651,3.5274
38.5,-0.0420394619053585,,0.1511,3.5641
33.22,-0.0419499700611334,0,0.2806,3.5763
16.42,-0.0419101786099536,0,0.1174,3.53710000000001
17.45,-0.0418342708956712,0,0.1811,3.5684
31.55,-0.0418100742406417,0.0380376785411963,0.1837,3.58170000000001
42.53,-0.0416487822989746,0.0904613867485703,0.1425,3.5376
36.41,-0.0415457384305207,0.0102729638846334,0.1505,3.52620000000002
29.24,-0.0414665442450416,0,0.2261,3.5086
38.24,-0.0414089317236112,0,0.2924,3.55350000000004
41.42,-0.0413983021695252,0,0.1662,3.50050000000004
28.24,-0.0413971689624058,0,0.4122,3.55650000000003
41.41,-0.0413774885874651,0,0.1662,3.50050000000004
42.54,-0.0413720384154562,0,0.1425,3.5376
22.55,-0.0413503516266842,0.00584934458786319,0.1766,3.51479999999998
31.43,-0.0413301936444664,0,0.2181,3.56229999999999
39.31,-0.0411998199828608,0,0.2651,3.5274
31.41,-0.0411627177998974,0,0.2181,3.56229999999999
36.2,-0.0411472269144575,,0.2525,3.53060000000005
36.42,-0.0411267389974193,0,0.1505,3.52620000000002
35.53,-0.0411134332407436,0.084266602281546,0.1804,3.5308
41.55,-0.041097584783618,0.0345328988199568,0.1356,3.52500000000003
13.3,-0.0410877349141473,,0.2645,3.56060000000002
16.41,-0.0410342251720419,0.0273133855198905,0.1174,3.53710000000001
35.52,-0.0409787861183305,0,0.1804,3.5308
31.5,-0.0409617442603218,,0.1837,3.58170000000001
31.44,-0.040931151554224,0,0.2181,3.56229999999999
18.44,-0.0409187716989021,0,0.1715,3.58109999999999
36.54,-0.0408732844099943,0,0.1047,3.55410000000001
15.55,-0.0408342008863319,0.0380336729609715,0.1627,3.54140000000001
42.52,-0.0407735698115201,0,0.1425,3.5376
7.41,-0.0407152590261104,0,0.2647,3.56850000000003
26.25,-0.040644437596302,0,0.2708,3.52620000000002
29.21,-0.0406260325181109,0,0.2261,3.5086
38.23,-0.040606949448515,0,0.2924,3.55350000000004
17.31,-0.0405597471597197,0,0.2291,3.56349999999998
19.25,-0.0405418664293066,0,0.4133,3.55550000000005
31.42,-0.0405274226290281,0,0.2181,3.56229999999999
29.22,-0.0403650464418705,0,0.2261,3.5086
10.45,-0.0402814309723889,0,0.2619,3.47900000000004
29.23,-0.0402421134427039,0,0.2261,3.5086
33.21,-0.0402388281335847,0,0.2806,3.5763
7.44,-0.0402023104153127,0,0.2647,3.56850000000003
35.51,-0.0402010282079944,0.20885986034485,0.1804,3.5308
41.5,-0.0400509593828794,,0.1356,3.52500000000003
11.24,-0.04005092540745,0,0.2305,3.4812
38.55,-0.0400134384576346,0.0216025781195429,0.1511,3.5641
15.42,-0.0399638942265805,0,0.2002,3.51909999999998
42.51,-0.0399439950105715,0.208959617191768,0.1425,3.5376
29.55,-0.0397776208223245,0.0301481493333376,0.0634,3.54570000000001
24.44,-0.0395139088165777,0,0.1785,3.51639999999998
13.53,-0.0394852894884287,0.0969118885288554,0.1899,3.58050000000003
17.32,-0.0394448420045981,0,0.2291,3.56349999999998
15.41,-0.0394200782962788,0,0.2002,3.51909999999998
7.42,-0.0394160108640903,0,0.2647,3.56850000000003
7.43,-0.0394149585844312,0,0.2647,3.56850000000003
38.22,-0.0393734026219543,0,0.2924,3.55350000000004
38.21,-0.0392679240126444,0,0.2924,3.55350000000004
20.25,-0.0392170313675995,0,0.289,3.47220000000004
13.54,-0.0391715631498311,0,0.1899,3.58050000000003
31.32,-0.0391501160207356,0,0.2623,3.5609
17.33,-0.0390909414430797,0,0.2291,3.56349999999998
10.4,-0.0390619751922282,,0.2619,3.47900000000004
31.33,-0.0390583695882219,0,0.2623,3.5609
11.23,-0.0390310578265249,0,0.2305,3.4812
36.53,-0.0390178116209019,0.0680941048960494,0.1047,3.55410000000001
11.42,-0.0388700008258017,0,0.1082,3.48320000000001
18.25,-0.0388085227278805,0,0.2886,3.59120000000001
36.52,-0.0388006922349785,0,0.1047,3.55410000000001
27.33,-0.0387299772155541,0,0.1578,3.57550000000003
15.43,-0.0386687590646485,0,0.2002,3.51909999999998
36.51,-0.0386515017414382,0.156176376517793,0.1047,3.55410000000001
20.33,-0.0386493640283518,0,0.2416,3.45690000000002
10.2,-0.0386430219343172,,0.3398,3.50300000000004
41.31,-0.0386373961105425,0,0.2129,3.4941
6.51,-0.038619733012035,0.150066018003064,0.1512,3.6644
24.34,-0.0385869653769302,0,0.2292,3.51139999999998
27.31,-0.038585749441174,0,0.1578,3.57550000000003
6.52,-0.0385136763127128,0,0.1512,3.6644
34.21,-0.0385077176920888,0,0.3295,3.57999999999998
20.32,-0.0385075790256601,0,0.2416,3.45690000000002
6.53,-0.0384914054898643,0.0645453545098655,0.1512,3.6644
13.44,-0.0384501878731784,0,0.223,3.5616
28.52,-0.0384166985590264,0,0.2737,3.52879999999999
11.41,-0.0384009630501422,0.0142446586829001,0.1082,3.48320000000001
24.2,-0.0383650708634209,,0.2798,3.52660000000003
31.31,-0.0383511099104341,0,0.2623,3.5609
42.31,-0.0383430610694514,0,0.2295,3.50829999999996
42.32,-0.038249076504139,0,0.2295,3.50829999999996
18.43,-0.0382148970858809,0,0.1715,3.58109999999999
15.44,-0.0382074784760055,0,0.2002,3.51909999999998
20.41,-0.0381710171198047,0,0.188,3.45929999999998
28.51,-0.0381688616922373,0.0290508764219269,0.2737,3.52879999999999
34.22,-0.038119786485068,0,0.3295,3.57999999999998
13.34,-0.0381194928390764,0,0.2645,3.56060000000002
24.25,-0.0381164645921528,0,0.2798,3.52660000000003
24.33,-0.038100943835555,0,0.2292,3.51139999999998
26.54,-0.0380900331324926,0,0.0982,3.548
11.43,-0.0380638557323825,0,0.1082,3.48320000000001
41.54,-0.0380321876574232,0,0.1356,3.52500000000003
11.22,-0.0380233160238694,0,0.2305,3.4812
7.55,-0.0379811981971475,0.0184202648077609,0.2383,3.58369999999996
15.25,-0.0378926044683005,0,0.3001,3.53379999999999
18.41,-0.0378493672542076,0.00249559095234517,0.1715,3.58109999999999
18.42,-0.0378462351104512,0,0.1715,3.58109999999999
42.33,-0.0378101568332972,0,0.2295,3.50829999999996
23.33,-0.0378050866721082,0,0.2136,3.49950000000001
34.23,-0.0377886003121603,0,0.3295,3.57999999999998
27.32,-0.0377852401652418,0,0.1578,3.57550000000003
13.52,-0.0377844657213619,0,0.1899,3.58050000000003
20.31,-0.0377761835054837,0,0.2416,3.45690000000002
8.21,-0.0377598775947838,0,0.2888,3.54739999999998
20.42,-0.0377513701441108,0,0.188,3.45929999999998
12.35,-0.0377406400239949,0,0.1876,3.54270000000002
28.23,-0.0376494297217715,0,0.4122,3.55650000000003
11.44,-0.0375983240906059,0,0.1082,3.48320000000001
28.22,-0.0375719591461929,0,0.4122,3.55650000000003
15.5,-0.0375664037029872,,0.1627,3.54140000000001
34.24,-0.0375651166516345,0,0.3295,3.57999999999998
20.34,-0.0375550423039652,0,0.2416,3.45690000000002
42.41,-0.0374864799886056,0,0.1793,3.51320000000004
42.34,-0.0374738211936645,0,0.2295,3.50829999999996
24.32,-0.0374480855989385,0,0.2292,3.51139999999998
41.33,-0.0374371437726003,0,0.2129,3.4941
39.25,-0.0374322270008349,0,0.3184,3.5455
8.24,-0.0374141602731964,0,0.2888,3.54739999999998
24.31,-0.0374141529131776,0,0.2292,3.51139999999998
13.51,-0.0373440773826336,0.23025424829467,0.1899,3.58050000000003
28.53,-0.0373367002848564,0,0.2737,3.52879999999999
20.44,-0.0373343387703723,0,0.188,3.45929999999998
20.43,-0.0373154383198527,0,0.188,3.45929999999998
28.54,-0.0372956044853955,0,0.2737,3.52879999999999
8.23,-0.0372819199597147,0,0.2888,3.54739999999998
41.32,-0.0372640171310112,0,0.2129,3.4941
23.32,-0.0371070233819096,0,0.2136,3.49950000000001
15.31,-0.037066265800066,0,0.2516,3.51639999999998
8.44,-0.036913148868974,0,0.1821,3.53699999999998
15.32,-0.0368636808275057,0,0.2516,3.51639999999998
23.31,-0.0368509642679377,0,0.2136,3.49950000000001
26.53,-0.036829536359317,0.0674603898726825,0.0982,3.548
14.24,-0.0367381732508474,0,0.3164,3.53899999999999
8.43,-0.0367330973439517,0,0.1821,3.53699999999998
8.22,-0.0367095638716463,0,0.2888,3.54739999999998
30.54,-0.0366923628728895,0,0.1558,3.59300000000002
12.55,-0.0366858858553218,0.0258146288238624,0.1234,3.57729999999998
11.21,-0.0366725999180834,0,0.2305,3.4812
15.34,-0.0366126858767841,0,0.2516,3.51639999999998
42.44,-0.0365818973572239,0,0.1793,3.51320000000004
20.5,-0.036568633664297,,0.1509,3.48290000000003
17.44,-0.0365342242175577,0,0.1811,3.5684
10.33,-0.0364853416214987,0,0.2939,3.48219999999998
22.34,-0.0364587537294506,0,0.2535,3.49270000000001
41.34,-0.0364551393996122,0,0.2129,3.4941
28.21,-0.0364270145462606,0,0.4122,3.55650000000003
26.51,-0.0364108372427653,0.154460129278886,0.0982,3.548
24.55,-0.0363959805922007,0.0344031207555342,0.1435,3.54079999999999
26.52,-0.0363937421402337,0,0.0982,3.548
39.2,-0.0363762468175445,,0.3184,3.5455
25.52,-0.0363609126846522,0,0.1161,3.52690000000001
42.43,-0.0363048654650916,0,0.1793,3.51320000000004
40.54,-0.0363001696050085,0,0.195,3.51429999999999
10.32,-0.0362009671966228,0,0.2939,3.48219999999998
24.41,-0.0361575471839272,0,0.1785,3.51639999999998
42.42,-0.0360925275595545,0,0.1793,3.51320000000004
15.33,-0.0359893608476504,0,0.2516,3.51639999999998
25.51,-0.0359811271477401,0.173544635798011,0.1161,3.52690000000001
25.53,-0.0359705669913496,0.0739824939970432,0.1161,3.52690000000001
10.34,-0.0359095341536705,0,0.2939,3.48219999999998
11.54,-0.0358807003442869,0,0.0675,3.51509999999996
21.44,-0.0358592226913919,0,0.1592,3.48750000000001
22.33,-0.0357482560079579,0,0.2535,3.49270000000001
8.42,-0.0357329291624543,0,0.1821,3.53699999999998
20.54,-0.0357138184572307,0,0.1509,3.48290000000003
18.24,-0.0356804067563248,0,0.2886,3.59120000000001
10.31,-0.0356373290683726,0,0.2939,3.48219999999998
40.53,-0.035605522676448,0,0.195,3.51429999999999
40.34,-0.0355440363627025,0,0.2942,3.4982
40.52,-0.035509017942886,0,0.195,3.51429999999999
14.22,-0.0354799870819999,0,0.3164,3.53899999999999
14.21,-0.0354384994519935,0,0.3164,3.53899999999999
21.34,-0.0354060438622635,0,0.2034,3.4803
25.54,-0.0353876706164692,0,0.1161,3.52690000000001
19.21,-0.0353826546123237,0,0.4133,3.55550000000005
8.41,-0.0353498544754615,0,0.1821,3.53699999999998
33.53,-0.0353390166445746,0.0677655071216573,0.0997,3.59809999999999
9.2,-0.0352808012725934,,0.3549,3.53810000000004
33.54,-0.0352524611541376,0,0.0997,3.59809999999999
14.23,-0.035234755315989,0,0.3164,3.53899999999999
24.43,-0.035186124319736,0,0.1785,3.51639999999998
36.33,-0.0351625125955617,0,0.2013,3.51830000000001
22.31,-0.0351515232783285,0,0.2535,3.49270000000001
24.42,-0.0350826806215695,0,0.1785,3.51639999999998
22.32,-0.0350155365312477,0,0.2535,3.49270000000001
21.43,-0.0349981946279837,0,0.1592,3.48750000000001
12.3,-0.034920929266524,,0.1876,3.54270000000002
40.51,-0.0348909100841797,0.0367639696790428,0.195,3.51429999999999
11.53,-0.0348769095675021,0.0695454762608097,0.0675,3.51509999999996
26.21,-0.0348564915510576,0,0.2708,3.52620000000002
36.34,-0.0347948690828019,0,0.2013,3.51830000000001
41.24,-0.0347271601212095,0,0.2597,3.50640000000004
33.52,-0.0347263589207498,0,0.0997,3.59809999999999
33.51,-0.0346736555732305,0.150065523332027,0.0997,3.59809999999999
13.33,-0.0345924213260908,0,0.2645,3.56060000000002
36.32,-0.0345864595274946,0,0.2013,3.51830000000001
29.54,-0.0345782250113046,0,0.0634,3.54570000000001
21.42,-0.0345632407238233,0,0.1592,3.48750000000001
13.32,-0.0344480150517403,0,0.2645,3.56060000000002
36.31,-0.0343811371877857,0,0.2013,3.51830000000001
13.43,-0.0343787940613576,0,0.223,3.5616
27.5,-0.0343365602848131,,0.0754,3.6191
21.41,-0.0343261967345457,0,0.1592,3.48750000000001
9.25,-0.0343120645214494,0,0.3549,3.53810000000004
19.22,-0.0342632960471412,0.00502632663678719,0.4133,3.55550000000005
34.52,-0.0341714827990721,0,0.1858,3.58069999999998
11.52,-0.0341620634739574,0,0.0675,3.51509999999996
34.51,-0.0340629995760754,0.222722249851795,0.1858,3.58069999999998
37.45,-0.0340143913122781,0,0.2083,3.56200000000001
21.33,-0.0339533541273524,0,0.2034,3.4803
21.31,-0.0339116946781443,0,0.2034,3.4803
34.53,-0.033839677658243,0.0949693220803296,0.1858,3.58069999999998
21.32,-0.0338048846807134,0,0.2034,3.4803
36.25,-0.0337837391293404,0,0.2525,3.53060000000005
26.24,-0.0337573394698736,0,0.2708,3.52620000000002
23.5,-0.0337521570966531,,0.1373,3.52999999999997
27.54,-0.0336881399663782,0,0.0754,3.6191
26.22,-0.0335983393950853,0,0.2708,3.52620000000002
29.53,-0.0335462642139305,0.069439359757741,0.0634,3.54570000000001
26.23,-0.0335317720199021,0,0.2708,3.52620000000002
5.75,-0.0334908440507623,0.0427060917159892,0.4049,3.78929999999997
22.51,-0.0334489245351805,0.148346589865903,0.1766,3.51479999999998
13.31,-0.0334426273862059,0,0.2645,3.56060000000002
34.54,-0.033414814908266,0,0.1858,3.58069999999998
18.2,-0.0333903752430256,,0.2886,3.59120000000001
30.3,-0.0333042514914986,,0.2213,3.56629999999996
30.53,-0.0332946670080036,0.0801265071363711,0.1558,3.59300000000002
13.42,-0.0332584240122132,0,0.223,3.5616
30.35,-0.0332510387384299,0,0.2213,3.56629999999996
11.51,-0.0332151963046701,0.155751994544279,0.0675,3.51509999999996
19.24,-0.0331902151545629,0,0.4133,3.55550000000005
43.5,-0.0331636115926162,,0.0933,3.5292
29.52,-0.0331111195129292,0,0.0634,3.54570000000001
13.41,-0.0330733305972305,0,0.223,3.5616
23.54,-0.0330334948417291,0,0.1373,3.52999999999997
16.24,-0.0328663136430677,0,0.2405,3.53590000000003
22.52,-0.0327701944326629,0,0.1766,3.51479999999998
19.23,-0.0327395393692534,0,0.4133,3.55550000000005
30.51,-0.032707567658194,0.184912125598873,0.1558,3.59300000000002
17.41,-0.0326376935833983,0.00148609483015716,0.1811,3.5684
30.52,-0.0326111226657699,0,0.1558,3.59300000000002
10.25,-0.032546344359913,0,0.3398,3.50300000000004
23.41,-0.0325253585663893,0,0.1686,3.50470000000001
16.22,-0.0325045774866188,0,0.2405,3.53590000000003
40.31,-0.0324802097576086,0,0.2942,3.4982
22.53,-0.0324009976285477,0.0531449326137698,0.1766,3.51479999999998
17.42,-0.0323429201172738,0,0.1811,3.5684
40.32,-0.0322914262517672,0,0.2942,3.4982
40.33,-0.0322909240218302,0,0.2942,3.4982
5.7,-0.0322842960504935,,0.4049,3.78929999999997
23.44,-0.032140369997003,0,0.1686,3.50470000000001
16.21,-0.0321119899552033,0,0.2405,3.53590000000003
16.23,-0.0320926066360381,0,0.2405,3.53590000000003
8.53,-0.0320381791403179,0.0796646927407779,0.1473,3.56009999999998
21.52,-0.0320288104954808,0,0.1287,3.51259999999996
30.34,-0.0320053248482706,0,0.2213,3.56629999999996
29.51,-0.0319947979559608,0.150223908730234,0.0634,3.54570000000001
23.42,-0.0319788009454182,0,0.1686,3.50470000000001
17.43,-0.0319488429000576,0,0.1811,3.5684
21.51,-0.0318347303064614,0.228717721803225,0.1287,3.51259999999996
24.53,-0.0318147643268758,0.097336345794099,0.1435,3.54079999999999
24.51,-0.0317988450224627,0.223376300711221,0.1435,3.54079999999999
28.65,-0.0316278557285359,0.0320193627677455,0.2435,3.55169999999998
37.44,-0.031616483764701,0,0.2083,3.56200000000001
24.54,-0.0316010875204233,0,0.1435,3.54079999999999
8.51,-0.0315996828812602,0.18592470647017,0.1473,3.56009999999998
8.52,-0.0315996828812602,0,0.1473,3.56009999999998
12.34,-0.0315968540063061,0,0.1876,3.54270000000002
8.54,-0.0315875787623949,0,0.1473,3.56009999999998
27.52,-0.0315802041084337,0,0.0754,3.6191
27.53,-0.0314835467963097,0.0710886397132241,0.0754,3.6191
23.43,-0.0314108443018405,0,0.1686,3.50470000000001
24.52,-0.0313614260414063,0,0.1435,3.54079999999999
22.54,-0.0312553850957979,0,0.1766,3.51479999999998
41.53,-0.0312503992929162,0.0957064184261268,0.1356,3.52500000000003
21.53,-0.031213786877286,0.100937178709481,0.1287,3.51259999999996
27.51,-0.0311072331985132,0.150090602355827,0.0754,3.6191
15.53,-0.0311011715853477,0.110388658330001,0.1627,3.54140000000001
15.52,-0.0310605130068505,0,0.1627,3.54140000000001
21.54,-0.0310217549032921,0,0.1287,3.51259999999996
20.53,-0.0309722018892786,0.0465092996979999,0.1509,3.48290000000003
15.54,-0.0309490349480826,0,0.1627,3.54140000000001
12.45,-0.0309433837494472,0,0.1509,3.55129999999997
41.51,-0.0309225771042392,0.218374046736386,0.1356,3.52500000000003
41.23,-0.0308680501987497,0,0.2597,3.50640000000004
37.4,-0.0308570359112998,,0.2083,3.56200000000001
28.61,-0.0307943600228524,0.150091374284748,0.2435,3.55169999999998
17.2,-0.0307488978145371,,0.2824,3.57900000000001
7.5,-0.0306379752803579,,0.2383,3.58369999999996
28.62,-0.0306208343929644,0,0.2435,3.55169999999998
41.52,-0.0305661421069553,0,0.1356,3.52500000000003
23.2,-0.0305207355905706,,0.2602,3.51189999999997
38.54,-0.0305144156044658,0,0.1511,3.5641
15.51,-0.0305125504140793,0.254539261877514,0.1627,3.54140000000001
40.2,-0.0304470561903105,,0.3437,3.51910000000004
43.54,-0.0304018912684951,0,0.0933,3.5292
20.52,-0.0303573379113912,0,0.1509,3.48290000000003
41.22,-0.0303269402768611,0,0.2597,3.50640000000004
41.21,-0.030081928124811,0,0.2597,3.50640000000004
31.54,-0.0300687630849,0,0.1837,3.58170000000001
38.52,-0.0300236506800286,0,0.1511,3.5641
28.63,-0.0298910907696483,0.0705926062832957,0.2435,3.55169999999998
38.51,-0.029772862967793,0.157547374024893,0.1511,3.5641
38.53,-0.0296483635295109,0.0662903741159533,0.1511,3.5641
18.23,-0.0296356107014423,0,0.2886,3.59120000000001
23.53,-0.0296003542616467,0.0962961619669593,0.1373,3.52999999999997
31.53,-0.029592966145844,0.111298864916568,0.1837,3.58170000000001
15.24,-0.029455392688601,0,0.3001,3.53379999999999
20.51,-0.0293911273210802,0.135225300454389,0.1509,3.48290000000003
42.25,-0.0293623301747631,0,0.2798,3.52339999999998
23.52,-0.0292522405033958,0,0.1373,3.52999999999997
18.22,-0.0291949654986501,0,0.2886,3.59120000000001
43.51,-0.0289837731193295,0.150067254001204,0.0933,3.5292
31.52,-0.0287250211230873,0,0.1837,3.58170000000001
28.64,-0.0286515615994644,0,0.2435,3.55169999999998
37.35,-0.0286143728309261,0,0.2372,3.55880000000002
42.2,-0.0285728802118008,,0.2798,3.52339999999998
27.2,-0.0285105713569844,,0.2162,3.58259999999996
43.52,-0.0284107711546478,0,0.0933,3.5292
31.51,-0.0283784083126651,0.256875039992918,0.1837,3.58170000000001
22.25,-0.0283295084986061,0,0.2912,3.5086
10.41,-0.0282704692657178,0,0.2619,3.47900000000004
10.43,-0.0281660545241258,0,0.2619,3.47900000000004
23.51,-0.0281633994718359,0.219755718441809,0.1373,3.52999999999997
10.44,-0.028093774764573,0,0.2619,3.47900000000004
30.4,-0.0280844971010839,,0.1958,3.56989999999996
20.21,-0.0279966974994834,0,0.289,3.47220000000004
43.53,-0.0279512384693627,0.0670582844959263,0.0933,3.5292
20.22,-0.0277925181196213,0,0.289,3.47220000000004
19.45,-0.0276558443598217,0,0.3072,3.52140000000003
10.42,-0.0275757932129774,0,0.2619,3.47900000000004
18.21,-0.0275460756173161,0,0.2886,3.59120000000001
15.2,-0.0274539058425706,,0.3001,3.53379999999999
20.23,-0.0273672341474254,0,0.289,3.47220000000004
5.65,-0.0272894226610789,0.0205864914609907,0.4274,3.78210000000001
20.24,-0.0272766481031824,0,0.289,3.47220000000004
24.23,-0.027228864283911,0,0.2798,3.52660000000003
37.5,-0.0272173769360552,,0.1878,3.58170000000001
21.25,-0.0271916576101836,0,0.249,3.49270000000001
24.24,-0.0270858010041814,0,0.2798,3.52660000000003
5.71,-0.0269860511401006,0.15008933503531,0.4049,3.78929999999997
17.25,-0.0269377006643143,0,0.2824,3.57900000000001
24.22,-0.0268620744620289,0,0.2798,3.52660000000003
24.21,-0.0268610231724109,0,0.2798,3.52660000000003
12.31,-0.0268326048217759,0,0.1876,3.54270000000002
5.72,-0.0267293861736116,0,0.4049,3.78929999999997
12.33,-0.0267251960864918,0,0.1876,3.54270000000002
39.21,-0.0267230916741421,0,0.3184,3.5455
12.32,-0.0266570722139836,0,0.1876,3.54270000000002
6.1,-0.0262757598710626,,0.3777,3.69139999999999
39.22,-0.0262337131630648,0,0.3184,3.5455
12.5,-0.0261750184949009,,0.1234,3.57729999999998
39.24,-0.0261423781491558,0,0.3184,3.5455
37.31,-0.0260827243111389,0,0.2372,3.55880000000002
37.32,-0.0260627526128214,0,0.2372,3.55880000000002
22.2,-0.0260386086854666,,0.2912,3.5086
5.73,-0.026028800194171,0.0780713905219393,0.4049,3.78929999999997
37.33,-0.0260197762702367,0,0.2372,3.55880000000002
36.22,-0.0258945117445618,0,0.2525,3.53060000000005
40.25,-0.0258698615016587,0,0.3437,3.51910000000004
36.21,-0.0258207346586996,0,0.2525,3.53060000000005
37.34,-0.0257947158132799,0,0.2372,3.55880000000002
5.74,-0.0257750077156911,0,0.4049,3.78929999999997
39.23,-0.0256400068256185,0,0.3184,3.5455
36.23,-0.025366360937184,0,0.2525,3.53060000000005
19.4,-0.0253575154199386,,0.3072,3.52140000000003
37.43,-0.0253341691154648,0,0.2083,3.56200000000001
21.2,-0.02530366056179,,0.249,3.49270000000001
37.41,-0.0252280823679752,0,0.2083,3.56200000000001
12.44,-0.025210818785571,0,0.1509,3.55129999999997
37.42,-0.0251451858059752,0,0.2083,3.56200000000001
15.23,-0.0251338785946982,0,0.3001,3.53379999999999
16.55,-0.0251174972828253,0.0282944307225573,0.0866,3.56669999999997
23.25,-0.0248312427461497,0,0.2602,3.51189999999997
36.24,-0.0246832661468295,0,0.2525,3.53060000000005
12.41,-0.0245881956948163,0.0296981975370507,0.1509,3.55129999999997
15.22,-0.0245608900774221,0,0.3001,3.53379999999999
10.21,-0.0243616914721103,0,0.3398,3.50300000000004
17.24,-0.0243381211478962,0,0.2824,3.57900000000001
7.54,-0.0240681521604462,0,0.2383,3.58369999999996
10.22,-0.0240524781125113,0,0.3398,3.50300000000004
10.23,-0.024039420376531,0,0.3398,3.50300000000004
9.24,-0.0240148725016911,0,0.3549,3.53810000000004
7.53,-0.0239748722223545,0.0686189154397078,0.2383,3.58369999999996
12.42,-0.0238909334835723,0,0.1509,3.55129999999997
12.43,-0.0238372881439922,0,0.1509,3.55129999999997
9.23,-0.0238221036624466,0,0.3549,3.53810000000004
7.51,-0.0237740684217984,0.171023892817038,0.2383,3.58369999999996
10.24,-0.023750639908273,0,0.3398,3.50300000000004
30.33,-0.0237258223148257,0,0.2213,3.56629999999996
7.6,-0.0236728067309813,,0.2232,3.60999999999996
7.52,-0.0236221689461187,0,0.2383,3.58369999999996
37.54,-0.0232805534271055,0,0.1878,3.58170000000001
16.5,-0.0231777315044899,,0.0866,3.56669999999997
9.21,-0.0230867504150427,0,0.3549,3.53810000000004
30.32,-0.0230737722836419,0,0.2213,3.56629999999996
9.22,-0.0230717466823704,0,0.3549,3.53810000000004
40.6,-0.0229864813131583,,0.1786,3.5444
17.23,-0.0229432195385694,0,0.2824,3.57900000000001
27.25,-0.022782199449044,0,0.2162,3.58259999999996
15.21,-0.0226720332707101,0,0.3001,3.53379999999999
23.24,-0.0226422457061323,0,0.2602,3.51189999999997
9.65,-0.022611643894187,0.0446206317411873,0.1613,3.56540000000001
30.31,-0.0225462305711042,0,0.2213,3.56629999999996
17.22,-0.0225437039896239,0,0.2824,3.57900000000001
12.2,-0.0225382729432764,,0.2248,3.55189999999999
37.51,-0.0223556626756627,0.207970588368705,0.1878,3.58170000000001
17.21,-0.0223393984560399,0,0.2824,3.57900000000001
30.45,-0.0222829827660922,0,0.1958,3.56989999999996
10.65,-0.0222469589639093,0.0334801624898867,0.2399,3.5163
37.52,-0.0222058397252137,0,0.1878,3.58170000000001
37.55,-0.0221043404937942,0.031076406542793,0.1878,3.58170000000001
37.53,-0.022073300730358,0.0899772255285759,0.1878,3.58170000000001
12.54,-0.0218178956766491,0,0.1234,3.57729999999998
12.25,-0.0216809099469827,0,0.2248,3.55189999999999
12.53,-0.02132840233951,0.0688872713091261,0.1234,3.57729999999998
40.24,-0.0211726973832965,0,0.3437,3.51910000000004
23.23,-0.021057199736738,0,0.2602,3.51189999999997
23.21,-0.0210364505283977,0,0.2602,3.51189999999997
31.2,-0.0207657693667842,,0.3107,3.5795
23.22,-0.0206367740241767,0,0.2602,3.51189999999997
27.24,-0.0204984124431842,0,0.2162,3.58259999999996
27.23,-0.0203457324874508,0,0.2162,3.58259999999996
40.22,-0.0201393387473512,0,0.3437,3.51910000000004
40.23,-0.0201324243217162,0,0.3437,3.51910000000004
12.52,-0.0200820669963089,0,0.1234,3.57729999999998
12.51,-0.0200696972755144,0.156383202157322,0.1234,3.57729999999998
40.21,-0.0199957218316562,0,0.3437,3.51910000000004
27.21,-0.0199599977261543,0,0.2162,3.58259999999996
27.22,-0.0198845220813094,0,0.2162,3.58259999999996
21.23,-0.0196891322289147,0,0.249,3.49270000000001
6.15,-0.0196614004547014,0,0.3777,3.69139999999999
19.41,-0.0196452969084264,0,0.3072,3.52140000000003
21.24,-0.0195024149419961,0,0.249,3.49270000000001
42.24,-0.0194730733297056,0,0.2798,3.52339999999998
21.22,-0.0194127302294163,0,0.249,3.49270000000001
42.23,-0.019332494773467,0,0.2798,3.52339999999998
21.21,-0.0192836171713124,0,0.249,3.49270000000001
42.22,-0.0192614416794644,0,0.2798,3.52339999999998
42.21,-0.0192106859867175,0,0.2798,3.52339999999998
5.6,-0.019178022371124,,0.4274,3.78210000000001
19.42,-0.0191210728079252,0,0.3072,3.52140000000003
19.43,-0.0188566131215777,0,0.3072,3.52140000000003
5.64,-0.0187955854742676,0,0.4274,3.78210000000001
6.65,-0.0187562704826396,0.0531976526192107,0.14,3.69920000000002
19.44,-0.0187026191168072,0,0.3072,3.52140000000003
5.15,-0.0184839032038937,0,0.6903,3.9271
22.21,-0.0183827592565794,0,0.2912,3.5086
12.24,-0.0180101434366931,0,0.2248,3.55189999999999
30.41,-0.0179668014466874,0.0160834919717195,0.1958,3.56989999999996
22.24,-0.0178601475101634,0,0.2912,3.5086
22.23,-0.0177885451359159,0,0.2912,3.5086
22.22,-0.0177787997808622,0,0.2912,3.5086
10.6,-0.0177662463165273,,0.2399,3.5163
9.6,-0.0176139388322521,,0.1613,3.56540000000001
12.23,-0.0176094862583603,0,0.2248,3.55189999999999
12.22,-0.0175323256426799,0,0.2248,3.55189999999999
12.21,-0.0175114481812191,0,0.2248,3.55189999999999
30.42,-0.0174913858547666,0,0.1958,3.56989999999996
37.25,-0.0174271997934618,0,0.2682,3.5727
30.43,-0.0172848063686712,0,0.1958,3.56989999999996
30.44,-0.0172785514771334,0,0.1958,3.56989999999996
5.14,-0.0170019041476306,0,0.6903,3.9271
5.1,-0.0169837610543248,0.0809323398697977,0.6903,3.9271
31.25,-0.0168176469962481,0,0.3107,3.5795
6.14,-0.0167245185624206,0,0.3777,3.69139999999999
16.51,-0.0166248717209571,0.151373123986189,0.0866,3.56669999999997
16.53,-0.0166033124738936,0.0686466742740957,0.0866,3.56669999999997
16.52,-0.0165210960985348,0,0.0866,3.56669999999997
6.6,-0.0164117039086628,,0.14,3.69920000000002
5.63,-0.0164007700889006,0.0631860672285204,0.4274,3.78210000000001
6.13,-0.0163772536881114,0,0.3777,3.69139999999999
6.11,-0.0163572510152964,0,0.3777,3.69139999999999
16.54,-0.0163101731332279,0,0.0866,3.56669999999997
6.12,-0.0161425496480204,0,0.3777,3.69139999999999
31.24,-0.0160046799000101,0,0.3107,3.5795
5.62,-0.0159879295373965,0,0.4274,3.78210000000001
31.21,-0.0158871774139001,0,0.3107,3.5795
7.65,-0.0158263757309211,0.0399635397257268,0.2232,3.60999999999996
5.61,-0.0149603281474565,0.150075910822643,0.4274,3.78210000000001
20.6,-0.0146995030624611,,0.1402,3.51690000000002
31.22,-0.0146724133844495,0,0.3107,3.5795
19.7,-0.0146636626356112,,0.3046,3.56389999999999
31.23,-0.0145088338519155,0,0.3107,3.5795
13.2,-0.0144029633043483,,0.3092,3.57819999999998
5.13,-0.0143597891340081,0,0.6903,3.9271
9.61,-0.0143343467424033,0.150075997325267,0.1613,3.56540000000001
37.2,-0.0141853465944725,,0.2682,3.5727
9.62,-0.013949586678288,0,0.1613,3.56540000000001
38.65,-0.0139199203495769,0.0521500031056396,0.1415,3.59879999999998
5.12,-0.0138270820060287,0,0.6903,3.9271
10.64,-0.0137845259892563,0,0.2399,3.5163
10.63,-0.0136277379210397,0.0721510131300936,0.2399,3.5163
18.65,-0.0136183859778238,0.0549651063717613,0.1108,3.64420000000001
5.11,-0.0135980150959889,0,0.6903,3.9271
40.64,-0.0135866417266301,0,0.1786,3.5444
10.62,-0.0135111368197598,0,0.2399,3.5163
9.64,-0.0134855735133113,0,0.1613,3.56540000000001
10.61,-0.0133187489234354,0.151318806175623,0.2399,3.5163
7.61,-0.0132989783130911,0.150071212637866,0.2232,3.60999999999996
6.64,-0.0132697020149091,0,0.14,3.69920000000002
9.63,-0.0132318906070677,0.0789303145200601,0.1613,3.56540000000001
40.65,-0.0132163710528085,0.0418636809456802,0.1786,3.5444
6.61,-0.0131047867301222,0.150090834783182,0.14,3.69920000000002
7.62,-0.0131045693227974,0,0.2232,3.60999999999996
19.75,-0.0130774346774689,0.0422615778375009,0.3046,3.56389999999999
7.63,-0.0129684971988337,0.0760094230351877,0.2232,3.60999999999996
7.64,-0.0129130499424016,0,0.2232,3.60999999999996
40.61,-0.0128767773324523,0.150070777739801,0.1786,3.5444
40.62,-0.0125821217813759,0,0.1786,3.5444
20.65,-0.0125799374914156,0.0448257474670973,0.1402,3.51690000000002
6.62,-0.012578038010271,0,0.14,3.69920000000002
6.63,-0.0125729883199332,0.0848772813981424,0.14,3.69920000000002
17.65,-0.0125201648362299,0.051381778187147,0.1186,3.62970000000001
40.63,-0.012315581281679,0.0771356816138488,0.1786,3.5444
38.6,-0.0120362409799901,,0.1415,3.59879999999998
8.1,-0.0119403791278719,,0.3354,3.57649999999995
13.25,-0.0115597522447381,0,0.3092,3.57819999999998
28.1,-0.0114674956777664,0.0585243106678619,0.46,3.59840000000003
22.6,-0.0114298163105578,,0.168,3.54609999999997
38.64,-0.0112674700791082,0,0.1415,3.59879999999998
8.15,-0.0111350653082387,0,0.3354,3.57649999999995
17.64,-0.0109567583118469,0,0.1186,3.62970000000001
28.75,-0.0108944786674264,0.0551736171382487,0.2342,3.57640000000003
37.23,-0.0105589808942106,0,0.2682,3.5727
37.24,-0.0104754625186407,0,0.2682,3.5727
37.22,-0.0104730753771525,0,0.2682,3.5727
28.15,-0.0104672114855293,0,0.46,3.59840000000003
28.74,-0.0104113412996885,0,0.2342,3.57640000000003
19.71,-0.0103051759908068,0.150082028571339,0.3046,3.56389999999999
10.7,-0.0102077556995818,,0.2334,3.54119999999995
17.6,-0.0101982874934477,,0.1186,3.62970000000001
18.6,-0.0101381482421474,,0.1108,3.64420000000001
13.24,-0.0101103949582364,0,0.3092,3.57819999999998
13.22,-0.0101080385591071,0,0.3092,3.57819999999998
13.21,-0.0101052667885046,0,0.3092,3.57819999999998
22.65,-0.0100787428609748,0.0462806257230645,0.168,3.54609999999997
37.21,-0.0100162135242538,0,0.2682,3.5727
38.61,-0.0099527931125684,0.150084473141132,0.1415,3.59879999999998
38.63,-0.00994529535552331,0.0840025180234158,0.1415,3.59879999999998
38.62,-0.00991771267555681,0,0.1415,3.59879999999998
30.2,-0.00988868690174713,,0.2472,3.57830000000001
19.72,-0.00981552214163574,0,0.3046,3.56389999999999
13.23,-0.00978583161291019,0,0.3092,3.57819999999998
19.73,-0.0097390366212634,0.0778346767706594,0.3046,3.56389999999999
19.74,-0.0097244042331404,0,0.3046,3.56389999999999
29.1,-0.00948608838795189,,0.2766,3.53209999999996
10.5,-0.00939854553502268,,0.2538,3.49240000000003
20.61,-0.00931154772476411,0.150066624605123,0.1402,3.51690000000002
20.62,-0.00914870274446491,0,0.1402,3.51690000000002
38.15,-0.00906209362111783,0,0.3357,3.58260000000001
17.63,-0.00905622845734091,0.0836662604806742,0.1186,3.62970000000001
10.55,-0.00905042900070328,0,0.2538,3.49240000000003
28.7,-0.0090471636916911,,0.2342,3.57640000000003
20.63,-0.00901607635701042,0.0791710161860147,0.1402,3.51690000000002
17.62,-0.00900090320782587,0,0.1186,3.62970000000001
17.61,-0.00900030119776833,0.150080032275452,0.1186,3.62970000000001
38.1,-0.00898237724627193,,0.3357,3.58260000000001
28.14,-0.00896945965494901,0,0.46,3.59840000000003
18.64,-0.00895456644807305,0,0.1108,3.64420000000001
20.64,-0.00887434134110581,0,0.1402,3.51690000000002
5.8,-0.00872767830203403,,0.3989,3.786
18.61,-0.00864718773730454,0.150087464560356,0.1108,3.64420000000001
28.73,-0.00855730655744538,0.0860835502239371,0.2342,3.57640000000003
18.63,-0.00852353556804211,0.0859911491255586,0.1108,3.64420000000001
18.62,-0.00851618038212423,0,0.1108,3.64420000000001
5.85,-0.0084570821753464,0.0496240271733174,0.3989,3.786
29.15,-0.00841075276677831,0,0.2766,3.53209999999996
28.72,-0.00817831108464705,0,0.2342,3.57640000000003
8.14,-0.00817614369192101,0,0.3354,3.57649999999995
28.11,-0.00803216870184291,0,0.46,3.59840000000003
28.12,-0.00795754320374534,0,0.46,3.59840000000003
28.71,-0.0079356609519857,0.150082378993246,0.2342,3.57640000000003
28.13,-0.00793494686158787,0,0.46,3.59840000000003
8.11,-0.00791965275031878,0,0.3354,3.57649999999995
8.12,-0.00789251251898326,0,0.3354,3.57649999999995
8.13,-0.00784715434985969,0,0.3354,3.57649999999995
22.64,-0.00772651733865699,0,0.168,3.54609999999997
22.63,-0.00771145277803313,0.0800404501033511,0.168,3.54609999999997
22.62,-0.00723180509359781,0,0.168,3.54609999999997
36.15,-0.00715108832789644,0,0.2845,3.55470000000003
22.61,-0.00712485717107472,0.15007511932696,0.168,3.54609999999997
29.14,-0.00697269246713562,0,0.2766,3.53209999999996
36.1,-0.00675928891690184,,0.2845,3.55470000000003
10.75,-0.00669840469574234,0.051822081949349,0.2334,3.54119999999995
5.84,-0.0065716549373931,0,0.3989,3.786
10.54,-0.00654818107700225,0,0.2538,3.49240000000003
30.25,-0.00654384437905988,0,0.2472,3.57830000000001
11.1,-0.00652521150658028,,0.2717,3.50369999999998
10.53,-0.00648674300181577,0,0.2538,3.49240000000003
38.13,-0.00648472544376384,0,0.3357,3.58260000000001
10.52,-0.00644563804941536,0,0.2538,3.49240000000003
38.12,-0.0064448934117574,0,0.3357,3.58260000000001
10.51,-0.0064212970036724,0.038294240890725,0.2538,3.49240000000003
38.14,-0.00640891766954088,0,0.3357,3.58260000000001
29.11,-0.00635918941689678,0.00439797319627853,0.2766,3.53209999999996
29.12,-0.00635864026620505,0,0.2766,3.53209999999996
29.13,-0.00635096210314871,0,0.2766,3.53209999999996
38.11,-0.00631921655831092,0,0.3357,3.58260000000001
5.83,-0.0062782246415679,0.0828296216922741,0.3989,3.786
5.82,-0.00622380325857925,0,0.3989,3.786
30.21,-0.00621585294625312,0,0.2472,3.57830000000001
5.81,-0.00614854836463498,0.150090282510219,0.3989,3.786
41.1,-0.00613562978597638,,0.2941,3.53269999999998
12.65,-0.00613439361490968,0.0553463113856671,0.1206,3.61419999999998
42.1,-0.00610841671681494,,0.3106,3.5505
42.15,-0.00610398868706842,0,0.3106,3.5505
30.24,-0.00593294225914405,0,0.2472,3.57830000000001
30.23,-0.0059304651008051,0,0.2472,3.57830000000001
30.22,-0.00592027233703367,0,0.2472,3.57830000000001
11.15,-0.00575620535187772,0,0.2717,3.50369999999998
10.73,-0.00553842978480491,0.0840387597470994,0.2334,3.54119999999995
24.15,-0.00551949034067598,0,0.3158,3.55410000000001
10.74,-0.00548124016108182,0,0.2334,3.54119999999995
10.72,-0.00541967608744486,0,0.2334,3.54119999999995
10.71,-0.00537185620129455,0.150067053453056,0.2334,3.54119999999995
24.1,-0.00531652957141578,,0.3158,3.55410000000001
23.1,-0.00503675377990273,,0.2885,3.53679999999997
32.65,-0.00469101332570173,0.0595307708035052,0.0965,3.61219999999997
41.15,-0.00468473878683302,0,0.2941,3.53269999999998
25.1,-0.00454118400135205,,0.3585,3.54180000000002
36.14,-0.00446557265345523,0,0.2845,3.55470000000003
41.14,-0.00445343000591565,0,0.2941,3.53269999999998
36.11,-0.00440975482110399,0.0244431349275495,0.2845,3.55470000000003
36.13,-0.00439585902037185,0,0.2845,3.55470000000003
36.12,-0.00439350554123982,0,0.2845,3.55470000000003
11.12,-0.0043163904048574,0,0.2717,3.50369999999998
11.11,-0.00426423072096331,0.0136080621093184,0.2717,3.50369999999998
42.13,-0.00422967364831955,0,0.3106,3.5505
11.13,-0.0042261120968288,0,0.2717,3.50369999999998
42.11,-0.00422273977026431,0,0.3106,3.5505
42.14,-0.00421860475531697,0,0.3106,3.5505
42.12,-0.00417422832452978,0,0.3106,3.5505
12.6,-0.00411972231284355,,0.1206,3.61419999999998
11.14,-0.00411327253113662,0,0.2717,3.50369999999998
16.1,-0.00401866471284452,,0.2855,3.55959999999999
41.11,-0.00400553694074358,0,0.2941,3.53269999999998
41.12,-0.00395855202992401,0,0.2941,3.53269999999998
41.13,-0.00392099466760788,0,0.2941,3.53269999999998
31.15,-0.00390828922363168,0,0.3303,3.60879999999997
23.15,-0.00390559006641593,0,0.2885,3.53679999999997
25.15,-0.00383390735740991,0,0.3585,3.54180000000002
31.1,-0.00381025077575534,,0.3303,3.60879999999997
24.11,-0.00370618491291112,0,0.3158,3.55410000000001
24.12,-0.00365829242806447,0,0.3158,3.55410000000001
36.6,-0.00364932319705917,,0.1023,3.59280000000001
24.14,-0.00363651902500059,0,0.3158,3.55410000000001
32.6,-0.00362625167509618,,0.0965,3.61219999999997
24.13,-0.00362421498315043,0,0.3158,3.55410000000001
12.64,-0.00355963397520027,0,0.1206,3.61419999999998
36.65,-0.00348484719241155,0.0557462991262382,0.1023,3.59280000000001
12.61,-0.00343842718406806,0.150083242632299,0.1206,3.61419999999998
12.62,-0.00342508995779901,0,0.1206,3.61419999999998
12.63,-0.00339194047956006,0.0862706349459326,0.1206,3.61419999999998
16.15,-0.00327424199843873,0,0.2855,3.55959999999999
31.14,-0.0032462264731222,0,0.3303,3.60879999999997
31.13,-0.0031919482506559,0,0.3303,3.60879999999997
31.12,-0.00306356598206651,0,0.3303,3.60879999999997
23.11,-0.00305531207860412,0,0.2885,3.53679999999997
34.15,-0.00304503760316538,0,0.3721,3.61420000000004
32.61,-0.00302674573494017,0.150067831401526,0.0965,3.61219999999997
23.12,-0.00301167015666592,0,0.2885,3.53679999999997
23.14,-0.00299370355615756,0,0.2885,3.53679999999997
31.11,-0.00298962063163662,0.0397081495428595,0.3303,3.60879999999997
25.11,-0.00298693419994476,0,0.3585,3.54180000000002
23.13,-0.00297457084755157,0,0.2885,3.53679999999997
25.12,-0.00296995723809194,0,0.3585,3.54180000000002
25.14,-0.00295805899726326,0,0.3585,3.54180000000002
25.13,-0.0029476697554671,0,0.3585,3.54180000000002
32.62,-0.00294043989170754,0,0.0965,3.61219999999997
26.65,-0.00292585034646329,0.0585728835776024,0.0967,3.58729999999997
32.64,-0.0029232673543351,0,0.0965,3.61219999999997
32.63,-0.00290589744634721,0.0887962392258163,0.0965,3.61219999999997
30.65,-0.00279732159530476,0.0476287086974435,0.1544,3.6266
16.11,-0.00272220668380856,0.0105338775036031,0.2855,3.55959999999999
36.61,-0.00266428362337061,0.150084613092265,0.1023,3.59280000000001
34.1,-0.00266271972020792,,0.3721,3.61420000000004
36.62,-0.00262166529936166,0,0.1023,3.59280000000001
16.12,-0.00260888951496204,0,0.2855,3.55959999999999
19.85,-0.00260629864596155,0.0516028133365994,0.3025,3.57030000000003
16.14,-0.00260080566680528,0,0.2855,3.55959999999999
36.63,-0.00257387689978931,0.0864348654281166,0.1023,3.59280000000001
26.6,-0.00254868564437657,,0.0967,3.58729999999997
16.13,-0.00253598116415215,0,0.2855,3.55959999999999
36.64,-0.00247283182297207,0,0.1023,3.59280000000001
21.15,-0.00239781014424586,0,0.2786,3.51660000000004
7.75,-0.00229908336587942,0.0616861240253398,0.2216,3.63630000000001
19.8,-0.00225074383079631,,0.3025,3.57030000000003
34.14,-0.00207819789060234,0,0.3721,3.61420000000004
21.1,-0.0020450995680398,,0.2786,3.51660000000004
34.13,-0.00202148860054027,0,0.3721,3.61420000000004
26.64,-0.00199639399506888,0,0.0967,3.58729999999997
34.12,-0.00198525576592086,0,0.3721,3.61420000000004
25.65,-0.0019628780551725,0.0547201712237029,0.1146,3.5643
26.61,-0.00191777017079141,0.150206509630227,0.0967,3.58729999999997
26.62,-0.00191625730994152,0,0.0967,3.58729999999997
30.64,-0.00191384027716665,0,0.1544,3.6266
26.63,-0.00191358207184766,0.0882398717909657,0.0967,3.58729999999997
34.11,-0.00189032470059945,0,0.3721,3.61420000000004
30.6,-0.00186662394303514,,0.1544,3.6266
19.82,-0.00184710654788866,0,0.3025,3.57030000000003
19.83,-0.00182038424655269,0.0839973679753666,0.3025,3.57030000000003
19.81,-0.00181437702128711,0.150069087980977,0.3025,3.57030000000003
19.84,-0.00181293551016375,0,0.3025,3.57030000000003
30.63,-0.00181219697063215,0.0812528566330571,0.1544,3.6266
25.6,-0.00179142195735182,,0.1146,3.5643
30.62,-0.00175880765820811,0,0.1544,3.6266
13.1,-0.0017520945076612,,0.3244,3.60809999999998
30.61,-0.00165695287919702,0.15007321418729,0.1544,3.6266
6.05,-0.00158233327569672,0.0197702914162689,0.3997,3.7285
21.12,-0.00150922610908661,0,0.2786,3.51660000000004
21.13,-0.00150604604248442,0,0.2786,3.51660000000004
21.11,-0.00150171268245605,0,0.2786,3.51660000000004
21.14,-0.00148778309492176,0,0.2786,3.51660000000004
13.15,-0.0014660443439863,0,0.3244,3.60809999999998
6,-0.00137264636900149,,0.3997,3.7285
25.64,-0.00133518447384896,0,0.1146,3.5643
25.63,-0.00131591787560866,0.0856090571269958,0.1146,3.5643
25.61,-0.00129598358663365,0.150086073572674,0.1146,3.5643
25.62,-0.00129190130433354,0,0.1146,3.5643
13.14,-0.00124143744524338,0,0.3244,3.60809999999998
43.65,-0.00120101480399735,0.0550764190926221,0.0926,3.56900000000002
7.7,-0.00116816304079154,,0.2216,3.63630000000001
13.12,-0.00115200703129292,0,0.3244,3.60809999999998
13.11,-0.00114205511455121,0.0417158908934058,0.3244,3.60809999999998
13.13,-0.00112169159728289,0,0.3244,3.60809999999998
7.74,-0.00110223956665206,0,0.2216,3.63630000000001
7.73,-0.00108475074233381,0.0905868511020572,0.2216,3.63630000000001
7.71,-0.0010694179533311,0.150123695430695,0.2216,3.63630000000001
7.72,-0.00106714431101161,0,0.2216,3.63630000000001
8.65,-0.00103203034212216,0.0507946699064262,0.1466,3.59449999999998
43.6,-0.00100448966604969,,0.0926,3.56900000000002
6.03,-0.000999673234938341,0.0643926565623958,0.3997,3.7285
6.04,-0.000996463058029731,0,0.3997,3.7285
6.02,-0.000986688047801718,0,0.3997,3.7285
6.01,-0.000977685643468177,0.153897201497334,0.3997,3.7285
43.64,-0.000873574140413925,0,0.0926,3.56900000000002
43.63,-0.000859805666024344,0.0859736374587115,0.0926,3.56900000000002
43.62,-0.000844796096000175,0,0.0926,3.56900000000002
8.6,-0.000815443589935845,,0.1466,3.59449999999998
43.61,-0.000797435181513482,0.150081479787216,0.0926,3.56900000000002
33.1,-0.000790860110493641,,0.326,3.60400000000004
33.15,-0.000729518485112747,0,0.326,3.60400000000004
8.64,-0.000720669021430951,0,0.1466,3.59449999999998
8.62,-0.000710515339175193,0,0.1466,3.59449999999998
8.61,-0.000708947232437553,0.150079515664122,0.1466,3.59449999999998
8.63,-0.000686417319336944,0.0831788389472121,0.1466,3.59449999999998
33.14,-0.00056367477489583,0,0.326,3.60400000000004
33.11,-0.000559582678170826,0.00826580150866077,0.326,3.60400000000004
33.13,-0.000557190073861506,0,0.326,3.60400000000004
33.12,-0.000557098093237608,0,0.326,3.60400000000004
18.1,-0.000483642391169625,,0.3232,3.61919999999998
18.15,-0.000355247783038454,0,0.3232,3.61919999999998
18.14,-0.000322983491996274,0,0.3232,3.61919999999998
18.12,-0.000316683296242405,0,0.3232,3.61919999999998
18.11,-0.000309920124136411,0.0211999855221725,0.3232,3.61919999999998
18.13,-0.000307432112746266,0,0.3232,3.61919999999998
3.01,0,0,0,-333.1275
3.1,0,,0,4.84949999999998
3.11,0,0,0,4.84949999999998
3.12,0,0,0,4.84949999999998
3.13,0,0,0,4.84949999999998
3.14,0,0,0,4.84949999999998
3.15,0,0,0,4.84949999999998
3.2,0,,0,4.84949999999998
3.21,0,0,0,4.84949999999998
3.22,0,0,0,4.84949999999998
3.23,0,0,0,4.84949999999998
3.24,0,0,0,4.84949999999998
3.25,0,0,0,4.84949999999998
3.3,0,,0,4.85550000000001
3.31,0,0.127469610901024,0,4.85550000000001
3.32,0,0.0429965873251406,0,4.85550000000001
3.33,0,0.105503895618051,0,4.85550000000001
3.34,0,0.0618511353257914,0,4.85550000000001
3.35,0,0.0936708103515209,0,4.85550000000001
33.6,0,,0.0997,3.63720000000001
33.61,0,0.150069838888761,0.0997,3.63720000000001
33.62,0,0,0.0997,3.63720000000001
33.63,0,0.0905662075299329,0.0997,3.63720000000001
33.64,0,0,0.0997,3.63720000000001
33.65,0,0.0620968537032482,0.0997,3.63720000000001
37.11,0.000742412881919984,0.0472157787687352,0.2785,3.59730000000002
37.12,0.00074280732380544,0,0.2785,3.59730000000002
37.13,0.000747864875466813,0,0.2785,3.59730000000002
37.14,0.000758324564598108,0,0.2785,3.59730000000002
37.15,0.000975283448821142,0,0.2785,3.59730000000002
19.64,0.00109343603576047,0,0.3173,3.54640000000001
19.63,0.00110540680625421,0.0707141961510829,0.3173,3.54640000000001
19.62,0.0011110111216673,0,0.3173,3.54640000000001
19.61,0.00112874512231223,0.156307540614523,0.3173,3.54640000000001
15.13,0.0011288020803547,0,0.3308,3.56279999999998
37.1,0.00113621467243033,,0.2785,3.59730000000002
15.12,0.00122507930017232,0,0.3308,3.56279999999998
15.11,0.0012475876774696,0,0.3308,3.56279999999998
15.14,0.00131123220007815,0,0.3308,3.56279999999998
15.15,0.00132153750721235,0,0.3308,3.56279999999998
5.93,0.00152718679738205,0.0798989010255326,0.4009,3.76479999999998
5.94,0.00153600093750057,0,0.4009,3.76479999999998
5.92,0.00153735776164618,0,0.4009,3.76479999999998
5.91,0.00154868801219956,0.150088969404852,0.4009,3.76479999999998
12.11,0.00158628164679794,0.0317617772367686,0.2478,3.57279999999997
12.12,0.00158711251140169,0,0.2478,3.57279999999997
12.13,0.0015946168822723,0,0.2478,3.57279999999997
17.11,0.00159995466088302,0.0301898545560836,0.3083,3.60590000000002
17.12,0.00160469425679368,0,0.3083,3.60590000000002
19.6,0.00160788781635986,,0.3173,3.54640000000001
12.14,0.00161834043080321,0,0.2478,3.57279999999997
17.14,0.00162184965180468,0,0.3083,3.60590000000002
17.13,0.00164926008313672,0,0.3083,3.60590000000002
19.65,0.00165219409969695,0.0285797449322901,0.3173,3.54640000000001
15.1,0.00170542624942185,,0.3308,3.56279999999998
5.95,0.00193249831252693,0.0452842451314423,0.4009,3.76479999999998
17.15,0.00207657413912608,0,0.3083,3.60590000000002
17.1,0.00215819817700675,,0.3083,3.60590000000002
4.12,0.00218378265804471,0,1.1281,4.48359999999997
4.11,0.00222210857203413,0,1.1281,4.48359999999997
4.13,0.00222657934644325,0,1.1281,4.48359999999997
12.1,0.002264015932135,,0.2478,3.57279999999997
20.02,0.00245210720059996,0,0.3121,3.53090000000003
20.01,0.00245539398196934,0.230043400533261,0.3121,3.53090000000003
4.14,0.00248224794640542,0,1.1281,4.48359999999997
20.03,0.0025019863294066,0.102859061196194,0.3121,3.53090000000003
20.04,0.00253871827249599,0,0.3121,3.53090000000003
5.9,0.00259701989727841,,0.4009,3.76479999999998
12.15,0.00261017503406349,0,0.2478,3.57279999999997
16.61,0.00266519198194649,0.150288019060687,0.0901,3.60669999999999
16.62,0.00266876773641125,0,0.0901,3.60669999999999
16.63,0.00271776033827453,0.0901458101904868,0.0901,3.60669999999999
16.6,0.00287823510843331,,0.0901,3.60669999999999
4.15,0.00300344719763037,0,1.1281,4.48359999999997
16.64,0.00306742112081575,0,0.0901,3.60669999999999
4.1,0.00307299782400058,,1.1281,4.48359999999997
40.73,0.00312490305484462,0.0933306845105248,0.1823,3.57479999999998
40.72,0.00314449994529162,0,0.1823,3.57479999999998
40.71,0.00314950314769188,0.150091429956709,0.1823,3.57479999999998
35.64,0.00323400834273583,0,0.1834,3.56130000000002
35.61,0.00323899485690457,0.150076826336262,0.1834,3.56130000000002
35.63,0.00324446518679721,0.0796135315256408,0.1834,3.56130000000002
35.62,0.0032721644337189,0,0.1834,3.56130000000002
40.74,0.00351254708995186,0,0.1823,3.57479999999998
20.05,0.00354241426811547,0.0388271420098372,0.3121,3.53090000000003
20,0.00362849630542241,,0.3121,3.53090000000003
30.14,0.00371296829229032,0,0.2557,3.60070000000002
40.7,0.00372039594276137,,0.1823,3.57479999999998
30.13,0.00372562841298389,0,0.2557,3.60070000000002
30.12,0.00374572758289641,0,0.2557,3.60070000000002
30.11,0.00381671783905409,0.0458478797629727,0.2557,3.60070000000002
37.63,0.00414994218216046,0.0798921883865257,0.1917,3.61170000000004
37.62,0.00419325031146021,0,0.1917,3.61170000000004
37.61,0.00424568770764121,0.150071035281335,0.1917,3.61170000000004
35.65,0.00431887474386213,0.0456467872547598,0.1834,3.56130000000002
27.11,0.00467730111463275,0.0534600422131257,0.2455,3.60419999999999
37.65,0.00470511005004892,0.045611027462942,0.1917,3.61170000000004
27.12,0.00474350559550168,0,0.2455,3.60419999999999
27.14,0.00474944764000969,0,0.2455,3.60419999999999
27.13,0.00481393230539684,0.00203671098091898,0.2455,3.60419999999999
40.75,0.00489344504110209,0.0660683206196393,0.1823,3.57479999999998
16.65,0.00493955598026879,0.0612066794352293,0.0901,3.60669999999999
35.6,0.00498497010898632,,0.1834,3.56130000000002
19.91,0.00534682385174473,0.150068899263083,0.3092,3.55840000000001
37.6,0.00537466259241007,,0.1917,3.61170000000004
19.94,0.00543202808232946,0,0.3092,3.55840000000001
19.92,0.00544602907718126,0,0.3092,3.55840000000001
19.93,0.00548139214359137,0.0806968825707989,0.3092,3.55840000000001
30.15,0.00549949716158827,0,0.2557,3.60070000000002
26.12,0.00550045129751919,0,0.3191,3.5532
26.13,0.00551200738699045,0,0.3191,3.5532
37.64,0.00557766504246898,0,0.1917,3.61170000000004
26.11,0.00569306267658709,0,0.3191,3.5532
30.1,0.00570339689348467,,0.2557,3.60070000000002
27.1,0.00574642139852504,,0.2455,3.60419999999999
26.14,0.00605377752540551,0,0.3191,3.5532
35.74,0.006084524469945,0,0.1892,3.59110000000004
29.63,0.00610888708661104,0.109892261653948,0.0729,3.58749999999998
35.73,0.00611337752871108,0.109175375952195,0.1892,3.59110000000004
29.62,0.00616953622286324,0,0.0729,3.58749999999998
29.61,0.00626363885020106,0.182622739850076,0.0729,3.58749999999998
37.72,0.00631075720819983,0,0.1982,3.64060000000001
37.71,0.00635131963033109,0.178602063673094,0.1982,3.64060000000001
27.15,0.00640876136724466,0,0.2455,3.60419999999999
37.73,0.00643157023116681,0.109215732978084,0.1982,3.64060000000001
35.72,0.00649207222497985,0,0.1892,3.59110000000004
29.64,0.00667579560742607,0,0.0729,3.58749999999998
20.71,0.00669673505548277,0.150090986609201,0.1484,3.55070000000001
20.74,0.00670105382930803,0,0.1484,3.55070000000001
35.71,0.00674555389491372,0.177125047222594,0.1892,3.59110000000004
20.72,0.0067509972028933,0,0.1484,3.55070000000001
22.74,0.00678749874952187,0,0.1746,3.57749999999999
22.73,0.00682293133789799,0.095302190875377,0.1746,3.57749999999999
22.72,0.00683563466116175,0,0.1746,3.57749999999999
20.73,0.00684755695630448,0.095979136031068,0.1484,3.55070000000001
22.71,0.00688531436388508,0.150066785611955,0.1746,3.57749999999999
34.61,0.00695919031027045,0.150083176461,0.1911,3.61079999999998
10.82,0.00697536836721739,0,0.2427,3.55599999999998
10.81,0.00699440498198817,0.15020544146286,0.2427,3.55599999999998
34.62,0.0070085570068825,0,0.1911,3.61079999999998
10.83,0.00704723819709923,0.0920751279782248,0.2427,3.55599999999998
10.84,0.00705107260031055,0,0.2427,3.55599999999998
26.15,0.00706700388414947,0,0.3191,3.5532
19.51,0.0070856270908102,0.132629272585518,0.3158,3.5292
34.63,0.00716529017576545,0.0814620343150432,0.1911,3.61079999999998
19.52,0.00721078496792525,0,0.3158,3.5292
37.75,0.00722320499369427,0.075081741530834,0.1982,3.64060000000001
11.62,0.00722993434076983,0,0.0741,3.55679999999995
11.63,0.00724255110290173,0.0887504826794955,0.0741,3.55679999999995
13.72,0.00730333275291661,0,0.2048,3.63779999999997
34.64,0.00737231369245616,0,0.1911,3.61079999999998
19.95,0.00738197151428224,0.0467162768132992,0.3092,3.55840000000001
19.53,0.00738346134794022,0.0415400184688544,0.3158,3.5292
13.71,0.00739361605250822,0.283842911698104,0.2048,3.63779999999997
13.74,0.00742418993172071,0,0.2048,3.63779999999997
42.63,0.00743123613269006,0.0820472970974386,0.149,3.57089999999999
42.62,0.00745368638333357,0,0.149,3.57089999999999
19.54,0.00746309717064092,0,0.3158,3.5292
42.61,0.00748014958666122,0.150074016764035,0.149,3.57089999999999
42.64,0.00750510682460724,0,0.149,3.57089999999999
37.74,0.00752106993886692,0,0.1982,3.64060000000001
7.14,0.00757278889925753,0.0111560689999586,0.465,3.64319999999998
13.73,0.00763939468391419,0.161722928550074,0.2048,3.63779999999997
11.61,0.00765231606183241,0.150083487308145,0.0741,3.55679999999995
7.12,0.00771083432655466,0.134347688008628,0.465,3.64319999999998
14.11,0.00771710713786038,0,0.3625,3.57050000000004
7.13,0.00775168110573051,0,0.465,3.64319999999998
7.11,0.00782398034851211,0,0.465,3.64319999999998
14.12,0.00787725901334027,0,0.3625,3.57050000000004
37.7,0.00788722328299482,,0.1982,3.64060000000001
13.75,0.00791552884016946,0.100242948400109,0.2048,3.63779999999997
20.7,0.0079220385721887,,0.1484,3.55070000000001
14.13,0.00801644456124424,0,0.3625,3.57050000000004
35.75,0.00809743539217383,0.0760808797284547,0.1892,3.59110000000004
20.14,0.00809930436936302,0,0.3213,3.50030000000004
19.9,0.00810692268636047,,0.3092,3.55840000000001
20.13,0.00826934959732894,0,0.3213,3.50030000000004
20.12,0.00828741149915058,0,0.3213,3.50030000000004
20.11,0.00830158572528838,0,0.3213,3.50030000000004
26.1,0.00832101073646456,,0.3191,3.5532
34.6,0.00833198196408559,,0.1911,3.61079999999998
13.7,0.0086067807354951,,0.2048,3.63779999999997
22.7,0.00863383507939131,,0.1746,3.57749999999999
11.64,0.00873085761865112,0,0.0741,3.55679999999995
14.1,0.00904885385087319,,0.3625,3.57050000000004
11.6,0.00912812437966794,,0.0741,3.55679999999995
31.74,0.00923490656442983,0,0.2071,3.64020000000005
14.14,0.00928281370890027,0,0.3625,3.57050000000004
19.55,0.00930003284698827,0,0.3158,3.5292
31.71,0.00933064799415248,0.251580853369588,0.2071,3.64020000000005
31.73,0.00938863136352008,0.145931906761683,0.2071,3.64020000000005
31.72,0.00939818154658169,0,0.2071,3.64020000000005
39.74,0.00945449485777226,0,0.1837,3.61249999999995
9.71,0.00948211174261205,0.276677051549703,0.167,3.59739999999999
24.62,0.00949400649991176,0,0.1544,3.57470000000001
24.61,0.00954114306941646,0.150074896261016,0.1544,3.57470000000001
39.73,0.00954878542970973,0.173419939251553,0.1837,3.61249999999995
19.11,0.00956468120040136,0,0.455,3.59720000000004
10.8,0.0096255656345313,,0.2427,3.55599999999998
19.12,0.00964570313281154,0,0.455,3.59720000000004
24.63,0.00967478655033258,0.0824051301295278,0.1544,3.57470000000001
15.71,0.00967995963889694,0.191267377273688,0.1891,3.6028
29.6,0.00971549983297857,,0.0729,3.58749999999998
9.74,0.00979126713955738,0,0.167,3.59739999999999
39.61,0.0098083765618865,0.150078839251857,0.1749,3.58109999999999
39.72,0.00983547316220458,0,0.1837,3.61249999999995
39.62,0.00994193027686166,0,0.1749,3.58109999999999
39.71,0.00999417168046703,0.304741435992901,0.1837,3.61249999999995
5.01,0.010000527508378,0.221007822669513,0.7084,3.99459999999999
19.13,0.0100117888566702,0,0.455,3.59720000000004
15.72,0.0100238192817623,0,0.1891,3.6028
9.73,0.0100458149883396,0.159343653810683,0.167,3.59739999999999
5.02,0.0100939913130217,0,0.7084,3.99459999999999
34.74,0.010116150407078,0,0.1993,3.6397
39.64,0.0101188577147146,0,0.1749,3.58109999999999
39.63,0.0101269714050656,0.0811153846361607,0.1749,3.58109999999999
34.73,0.0101816755675023,0.159389520051842,0.1993,3.6397
9.72,0.0102286967013221,0,0.167,3.59739999999999
31.75,0.0102295345163988,0.0929553050922779,0.2071,3.64020000000005
5.03,0.0103009642533516,0.0854596672185507,0.7084,3.99459999999999
39.75,0.0103770953031607,0.107200827475677,0.1837,3.61249999999995
11.65,0.0104054332087897,0.0592532508197616,0.0741,3.55679999999995
15.73,0.0104064411376081,0.117168910326119,0.1891,3.6028
29.02,0.0104542106856095,0,0.2845,3.55770000000001
29.03,0.0104683241224843,0.0717571701178205,0.2845,3.55770000000001
42.65,0.0104695322250512,0.0490632456628699,0.149,3.57089999999999
34.72,0.0104702780340046,0,0.1993,3.6397
29.01,0.0104801456362663,0.154543340609071,0.2845,3.55770000000001
7.15,0.010487262388713,0,0.465,3.64319999999998
23.64,0.0105698275442959,0,0.1486,3.56449999999995
24.64,0.01063031769173,0,0.1544,3.57470000000001
30.74,0.0106608232026361,0,0.1655,3.65890000000002
23.62,0.0106834751992066,0,0.1486,3.56449999999995
35.7,0.0106983905114144,,0.1892,3.59110000000004
23.63,0.0107421942385712,0.0828194536142303,0.1486,3.56449999999995
30.73,0.0108675690299509,0.0999390980995913,0.1655,3.65890000000002
23.61,0.0109001589637916,0.150074764093209,0.1486,3.56449999999995
42.6,0.0109082447085184,,0.149,3.57089999999999
20.15,0.0109973457667984,0,0.3213,3.50030000000004
20.75,0.0110145948784956,0.0700298980924524,0.1484,3.55070000000001
19.5,0.0110587579711567,,0.3158,3.5292
29.65,0.0110700549809275,0.0746633695813407,0.0729,3.58749999999998
34.71,0.0111010563553031,0.278678850583576,0.1993,3.6397
11.04,0.0111220166933885,0,0.2781,3.52859999999998
9.75,0.0112068311067361,0.100546697164554,0.167,3.59739999999999
22.75,0.0112631292339866,0.0690733493154598,0.1746,3.57749999999999
11.03,0.0112634609529501,0.072614490048022,0.2781,3.52859999999998
24.6,0.0112967975132074,,0.1544,3.57470000000001
5.04,0.011322450013032,0,0.7084,3.99459999999999
28.82,0.0113744649025149,0,0.2456,3.589
5.05,0.0113880253985137,0.0162315686570227,0.7084,3.99459999999999
28.81,0.011393545755216,0.15006713395269,0.2456,3.589
30.72,0.0114137436289688,0,0.1655,3.65890000000002
28.83,0.0114155516772948,0.0946273812232054,0.2456,3.589
11.02,0.0115145173043219,0,0.2781,3.52859999999998
19.14,0.0116076103017264,0,0.455,3.59720000000004
34.65,0.0116275649381218,0.0483334233974796,0.1911,3.61079999999998
15.7,0.0116601846440301,,0.1891,3.6028
11.01,0.0117426296419215,0.153790114520639,0.2781,3.52859999999998
23.65,0.0117623088014493,0.0502471647370468,0.1486,3.56449999999995
41.64,0.0118828211404317,0,0.1467,3.55959999999999
41.63,0.0119266863750711,0.0830873668709549,0.1467,3.55959999999999
14.15,0.0119355572155231,0,0.3625,3.57050000000004
30.71,0.0120329415291889,0.161192488797938,0.1655,3.65890000000002
43.11,0.0121107372221358,0,0.3712,3.54089999999996
13.64,0.0121352635430672,0,0.2001,3.6096
41.62,0.0121572759130339,0,0.1467,3.55959999999999
13.63,0.0121757408999061,0.0790297839952286,0.2001,3.6096
13.62,0.0122260200900193,0,0.2001,3.6096
41.61,0.0122592673421668,0.150075239791901,0.1467,3.55959999999999
13.61,0.0122866236835832,0.150072099823342,0.2001,3.6096
7.1,0.0123467968512271,0.306160458855131,0.465,3.64319999999998
10.85,0.0124617118029487,0.0639010726961258,0.2427,3.55599999999998
19.1,0.012507810753692,0.0587731670912545,0.455,3.59720000000004
9.7,0.0125888751513875,,0.167,3.59739999999999
28.84,0.0127255723638687,0,0.2456,3.589
43.12,0.0127394378199273,0,0.3712,3.54089999999996
39.7,0.0127993963352891,,0.1837,3.61249999999995
29.04,0.012827254540219,0,0.2845,3.55770000000001
16.01,0.0128792811599036,0.167061950668069,0.2889,3.58690000000001
5,0.0128954533214311,,0.7084,3.99459999999999
35.13,0.0129896282145043,0,0.3912,3.56709999999998
34.75,0.0130015131571487,0.0993559240483393,0.1993,3.6397
35.12,0.0131537531927756,0,0.3912,3.56709999999998
23.72,0.013159714598499,0,0.1625,3.59719999999999
15.63,0.0132115517757003,0.0807703038343279,0.1805,3.5729
29,0.0132181649930524,,0.2845,3.55770000000001
15.62,0.013274860367777,0,0.1805,3.5729
23.73,0.0133461892018726,0.134104498604186,0.1625,3.59719999999999
15.74,0.0133645352925702,0,0.1891,3.6028
15.64,0.0134043742234798,0,0.1805,3.5729
41.71,0.0134127415540203,0.234298513499965,0.1611,3.59350000000001
16.02,0.0134572756506577,0,0.2889,3.58690000000001
43.13,0.0134709994115559,0,0.3712,3.54089999999996
16.03,0.0134739811236007,0.077637060872221,0.2889,3.58690000000001
39.6,0.0135438750134546,,0.1749,3.58109999999999
20.1,0.0135670225228709,,0.3213,3.50030000000004
34.7,0.0137170438791708,,0.1993,3.6397
35.11,0.0137317733744347,0,0.3912,3.56709999999998
23.6,0.0137967714910327,,0.1486,3.56449999999995
43.14,0.0138104271941681,0,0.3712,3.54089999999996
23.71,0.0138283706709867,0.222088717831163,0.1625,3.59719999999999
41.72,0.0139637525836119,0,0.1611,3.59350000000001
41.74,0.013985675225075,0,0.1611,3.59350000000001
41.73,0.0141339346541048,0.140297947049975,0.1611,3.59350000000001
15.61,0.0141887159410319,0.150074412727033,0.1805,3.5729
23.75,0.0142615939490602,0.0903394785138891,0.1625,3.59719999999999
24.03,0.0142954067813663,0.074605683584454,0.3209,3.58339999999998
15.75,0.0142961945527759,0.0806903628244887,0.1891,3.6028
35.14,0.0142978925298226,0,0.3912,3.56709999999998
24.02,0.0143014862440267,0,0.3209,3.58339999999998
24.01,0.0143205134265477,0.156878522652709,0.3209,3.58339999999998
30.75,0.0144099807172681,0.0693860656756828,0.1655,3.65890000000002
39.65,0.0144924847285261,0.0478192136790215,0.1749,3.58109999999999
36.01,0.0146130156720058,0.153282977141601,0.289,3.58089999999999
15.65,0.014646898648874,0.0472004442846099,0.1805,3.5729
27.63,0.0147569559387498,0.170778100775818,0.0844,3.65999999999997
24.72,0.0147722927323206,0,0.1672,3.6069
24.71,0.0147974552179773,0.30245504845633,0.1672,3.6069
24.73,0.0148147275587074,0.173815675270147,0.1672,3.6069
36.02,0.0148648927842803,0,0.289,3.58089999999999
42.74,0.014883806777217,0,0.1616,3.60469999999998
41.75,0.0149733810977046,0.0934398638573491,0.1611,3.59350000000001
23.74,0.0149860874527354,0,0.1625,3.59719999999999
27.62,0.0150105717728178,0,0.0844,3.65999999999997
24.04,0.0150107944523828,0,0.3209,3.58339999999998
19.15,0.0150436627888844,0,0.455,3.59720000000004
36.03,0.0150648530977984,0.0737263253697967,0.289,3.58089999999999
16.04,0.0151205262994772,0,0.2889,3.58690000000001
31.7,0.0151709277971707,,0.2071,3.64020000000005
24.74,0.0152085922862282,0,0.1672,3.6069
27.64,0.01521408690255,0,0.0844,3.65999999999997
15.01,0.0152402208358671,0.184802020001727,0.3292,3.59449999999998
24.65,0.0152513531022842,0.0495964184238374,0.1544,3.57470000000001
36.04,0.0152693238026347,0,0.289,3.58089999999999
27.61,0.0152924855678665,0.305982147196419,0.0844,3.65999999999997
15.02,0.0153254292236891,0,0.3292,3.59449999999998
41.03,0.0153670705609364,0.0734245253979665,0.299,3.5598
41.02,0.015411881380285,0,0.299,3.5598
42.73,0.0154169064802768,0.173367894052212,0.1616,3.60469999999998
41.01,0.0154337174882533,0.151239720760127,0.299,3.5598
38.03,0.0154540874670087,0.0725473084368957,0.3436,3.61500000000001
42.72,0.0154920178699155,0,0.1616,3.60469999999998
38.02,0.0155391308715157,0,0.3436,3.61500000000001
38.01,0.0156392297383526,0.153531684673513,0.3436,3.61500000000001
41.65,0.0156457597591139,0.0506715403817942,0.1467,3.55959999999999
30.7,0.0156488625218061,,0.1655,3.65890000000002
42.71,0.0156856910839368,0.301496256252785,0.1616,3.60469999999998
15.03,0.0157483661300958,0.0862432146634716,0.3292,3.59449999999998
32.02,0.0158759174845216,0,0.329,3.6182
13.6,0.0158840938894623,,0.2001,3.6096
32.01,0.0158862543376788,0.245433370935065,0.329,3.6182
43.1,0.0158939987174255,0.00476617206149029,0.3712,3.54089999999996
28.8,0.0159658697154764,,0.2456,3.589
32.03,0.0160096668302525,0.113492858240926,0.329,3.6182
22.11,0.0160296513506471,0,0.3124,3.53730000000002
11.05,0.0162424833302558,0.0324350500179063,0.2781,3.52859999999998
32.04,0.0162768501253837,0,0.329,3.6182
22.12,0.0164515867522158,0,0.3124,3.53730000000002
32.14,0.0164842532808016,0,0.3492,3.58510000000001
14.04,0.0165137481410448,0,0.3529,3.60580000000004
42.01,0.0165330190069941,0.157275408168028,0.3159,3.58029999999997
14.02,0.016558091787298,0,0.3529,3.60580000000004
38.73,0.0165807939848994,0.168550941501496,0.1566,3.63309999999996
42.02,0.0166038935719332,0,0.3159,3.58029999999997
22.13,0.0166210536459717,0,0.3124,3.53730000000002
14.01,0.0166681305121925,0.194890883965453,0.3529,3.60580000000004
22.04,0.0166763827017717,0,0.2948,3.56579999999997
41.6,0.0167145139853738,,0.1467,3.55959999999999
22.03,0.0167412050427628,0.107884778867397,0.2948,3.56579999999997
14.03,0.0167509452106795,0.0830449869469621,0.3529,3.60580000000004
32.13,0.0167600908378765,0,0.3492,3.58510000000001
22.02,0.0167781906666777,0,0.2948,3.56579999999997
22.14,0.0168096127081284,0,0.3124,3.53730000000002
10.92,0.0168464607628598,0,0.263,3.55119999999999
22.01,0.0168742886714277,0.231289180140016,0.2948,3.56579999999997
38.72,0.0169230003633954,0,0.1566,3.63309999999996
10.93,0.0170117604090285,0.0880583955657658,0.263,3.55119999999999
28.01,0.0170199265755816,0.0774376050135182,0.4702,3.64449999999999
42.04,0.0170335166014726,0,0.3159,3.58029999999997
38.74,0.0170629239261919,0,0.1566,3.63309999999996
42.03,0.0170763892613793,0.0744728754601049,0.3159,3.58029999999997
27.65,0.0170820354322692,0.102673427867583,0.0844,3.65999999999997
41.04,0.0170972412856023,0,0.299,3.5598
32.12,0.0171071640754351,0,0.3492,3.58510000000001
41.7,0.017149405741836,,0.1611,3.59350000000001
38.71,0.017168242622702,0.293786813079907,0.1566,3.63309999999996
38.04,0.0172321446179129,0,0.3436,3.61500000000001
10.91,0.0172379708261209,0.150077781121857,0.263,3.55119999999999
28.02,0.0172536109871431,0,0.4702,3.64449999999999
10.94,0.0172770066089173,0,0.263,3.55119999999999
25.02,0.0172995348539663,0,0.3626,3.57740000000001
21.62,0.017374398911146,0,0.1441,3.54759999999999
25.03,0.0173848483823161,0.0225407541006061,0.3626,3.57740000000001
23.7,0.0173918619171348,,0.1625,3.59719999999999
25.01,0.0174612404971232,0.081719414323601,0.3626,3.57740000000001
42.75,0.0174996458231235,0.108752868839322,0.1616,3.60469999999998
39.11,0.0175303035291609,0,0.351,3.57749999999999
28.03,0.0175331944126764,0.0183913770659128,0.4702,3.64449999999999
15.04,0.0175481148365726,0,0.3292,3.59449999999998
32.11,0.0175513522785182,0.00751443989660399,0.3492,3.58510000000001
13.65,0.0175713731594619,0.0444055424755673,0.2001,3.6096
25.04,0.0176235491848544,0,0.3626,3.57740000000001
28.85,0.017681059346007,0.0679598560830714,0.2456,3.589
39.12,0.0177614159292035,0,0.351,3.57749999999999
15,0.0178106143390823,,0.3292,3.59449999999998
8.71,0.017864563887127,0.254886776127584,0.1605,3.62740000000002
39.13,0.0179064945610741,0,0.351,3.57749999999999
21.63,0.0179249232272047,0.0828249330217653,0.1441,3.54759999999999
35.04,0.0179257363567009,0,0.3746,3.60489999999999
35.03,0.017943690009016,0.0999974568313391,0.3746,3.60489999999999
35.15,0.0179524759174075,0,0.3912,3.56709999999998
16,0.0179875066026294,,0.2889,3.58690000000001
8.01,0.0180383656558646,0.150912745239707,0.3439,3.60890000000001
21.61,0.0180545899636908,0.150071954330617,0.1441,3.54759999999999
14.05,0.0181011444588774,0.0258380612237919,0.3529,3.60580000000004
35.02,0.0182534232195114,0,0.3746,3.60489999999999
39.14,0.0182662103689088,0,0.351,3.57749999999999
8.02,0.0183995458582805,0,0.3439,3.60890000000001
21.64,0.0184750490104943,0,0.1441,3.54759999999999
8.03,0.018543634927062,0.071907885760897,0.3439,3.60890000000001
35.01,0.0186221295153289,0.225961100169494,0.3746,3.60489999999999
11,0.0186235361023304,,0.2781,3.52859999999998
8.73,0.0186738325336476,0.148805111930386,0.1605,3.62740000000002
22.81,0.0186957736389458,0.2466104719536,0.2028,3.5949
8.74,0.0187005470875032,0,0.1605,3.62740000000002
21.74,0.0187877951357246,0,0.1586,3.58070000000004
22.82,0.0188653868716755,0,0.2028,3.5949
8.72,0.018926012868208,0,0.1605,3.62740000000002
24.75,0.0189870740850769,0.108906577056472,0.1672,3.6069
28.05,0.0190321281832853,0,0.4702,3.64449999999999
22.84,0.0190957363392433,0,0.2028,3.5949
22.83,0.0192514193358323,0.147229979790504,0.2028,3.5949
21.73,0.0193622499625919,0.144968338748658,0.1586,3.58070000000004
43.15,0.0193954059131874,0,0.3712,3.54089999999996
41,0.0193958554125438,,0.299,3.5598
40.11,0.0194202147503032,0,0.3725,3.55250000000001
28.04,0.0195979098911659,0,0.4702,3.64449999999999
21.72,0.0196465943267314,0,0.1586,3.58070000000004
35.1,0.0196614847467391,,0.3912,3.56709999999998
27.6,0.0197983573369138,,0.0844,3.65999999999997
4.84,0.0198506760316067,0.11263490394345,0.6136,4.11629999999997
29.05,0.0199349049429657,0.0306597390769733,0.2845,3.55770000000001
9.12,0.020079114893617,0,0.3797,3.57240000000002
9.11,0.0201884331112085,0,0.3797,3.57240000000002
28.91,0.0201924770503121,0.150080851464166,0.2691,3.58179999999999
28.93,0.0202580071276775,0.0883223370870687,0.2691,3.58179999999999
8.04,0.0203151008742273,0,0.3439,3.60890000000001
14,0.020349451375045,,0.3529,3.60580000000004
40.12,0.0203807431340872,0,0.3725,3.55250000000001
28.92,0.0203984958702657,0,0.2691,3.58179999999999
40.13,0.020515429149789,0,0.3725,3.55250000000001
38.75,0.020586310592197,0.10525355478816,0.1566,3.63309999999996
9.14,0.0206618222421701,0,0.3797,3.57240000000002
21.71,0.0206881634985645,0.242666855478042,0.1586,3.58070000000004
9.13,0.0207098472449037,0,0.3797,3.57240000000002
4.83,0.0208321109099613,0,0.6136,4.11629999999997
28.95,0.0209068422369945,0.0581456777171664,0.2691,3.58179999999999
24.7,0.0209325984497574,,0.1672,3.6069
40.04,0.0209446170005768,0,0.3494,3.5881
40.02,0.020984137617231,0,0.3494,3.5881
28.94,0.0209907242796601,0,0.2691,3.58179999999999
36,0.0210862106501012,,0.289,3.58089999999999
31.63,0.0211301194639296,0.0799237236379164,0.2008,3.61110000000002
40.03,0.0211534671712945,0.111620454978249,0.3494,3.5881
24,0.0212542962551586,,0.3209,3.58339999999998
31.62,0.0213210100061238,0,0.2008,3.61110000000002
38,0.0213520146885291,,0.3436,3.61500000000001
4.82,0.0214018048371055,0.233466431002964,0.6136,4.11629999999997
15.6,0.0214374841929352,,0.1805,3.5729
35.05,0.021503995093459,0.0355476750775094,0.3746,3.60489999999999
31.64,0.021574469651849,0,0.2008,3.61110000000002
43.73,0.02170802298649,0.149093001390803,0.1168,3.60650000000004
22,0.0217100676756808,,0.2948,3.56579999999997
25.71,0.021725290794727,0.213493192949331,0.1348,3.59999999999997
31.61,0.0217998505797784,0.15007476169997,0.2008,3.61110000000002
14.74,0.0218145189481398,0,0.1749,3.61340000000001
40.01,0.0218158987178309,0.245927980244588,0.3494,3.5881
43.72,0.0219221912222388,0,0.1168,3.60650000000004
25.72,0.0219540734713761,0,0.1348,3.59999999999997
32,0.022029458519871,,0.329,3.6182
43.71,0.022037899344305,0.249040912940543,0.1168,3.60650000000004
42,0.0220614715106957,,0.3159,3.58029999999997
10.01,0.0220763404947605,0.261988128361739,0.3447,3.57170000000002
25.73,0.0221900503647054,0.129489971450252,0.1348,3.59999999999997
43.74,0.0221928610034896,0,0.1168,3.60650000000004
4.81,0.0222037475401158,0,0.6136,4.11629999999997
10.95,0.0222041222337546,0.0578102502524692,0.263,3.55119999999999
43.04,0.0222519412005628,0,0.3569,3.57689999999997
14.73,0.0222621334566437,0.133354644387867,0.1749,3.61340000000001
41.05,0.0223771696435493,0.0347642046461834,0.299,3.5598
4.85,0.0224255226361365,0,0.6136,4.11629999999997
38.7,0.022465314647115,,0.1566,3.63309999999996
14.61,0.0225267654931851,0.150082582015631,0.1617,3.58090000000004
42.7,0.0225612848196104,,0.1616,3.60469999999998
16.05,0.0225835897760745,0.0326896871033452,0.2889,3.58690000000001
14.72,0.0225976060701297,0,0.1749,3.61340000000001
7.84,0.0226231308383967,0,0.2401,3.64979999999997
43.03,0.0227709239525809,0.0899703205845668,0.3569,3.57689999999997
35.94,0.0228200271360895,0,0.266,3.60419999999999
25.05,0.0228207962371167,0,0.3626,3.57740000000001
35.93,0.0228947345095585,0.093379237302617,0.266,3.60419999999999
14.62,0.0229081746476746,0,0.1617,3.58090000000004
40.81,0.0229164623356481,0.257539674391967,0.2071,3.5917
35.92,0.0229461407471764,0,0.266,3.60419999999999
25.74,0.0229491207142199,0,0.1348,3.59999999999997
10.13,0.0231020260790442,0,0.372,3.53640000000001
14.71,0.0231773156671899,0.22424420155039,0.1749,3.61340000000001
6.73,0.023181745853116,0,0.1566,3.73269999999997
38.05,0.0231818995751845,0.031969476918407,0.3436,3.61500000000001
10.02,0.0232715576709678,0,0.3447,3.57170000000002
10.14,0.0233070959074755,0,0.372,3.53640000000001
10.12,0.0233228094631891,0,0.372,3.53640000000001
43.75,0.0233261074035262,0.0986872784533826,0.1168,3.60650000000004
21.6,0.023367103290597,,0.1441,3.54759999999999
22.15,0.0233885098725065,0,0.3124,3.53730000000002
7.83,0.0234257822217392,0.17661049240417,0.2401,3.64979999999997
7.01,0.0234358630581453,0.225835405788054,0.4561,3.68709999999999
28,0.0234373009446694,,0.4702,3.64449999999999
21.75,0.023466041084685,0.0962335938368174,0.1586,3.58070000000004
8.05,0.0234709430491609,0.0325354613203121,0.3439,3.60890000000001
7.82,0.0235007750341482,0,0.2401,3.64979999999997
14.63,0.0235559033063678,0.0831712932041845,0.1617,3.58090000000004
40.82,0.0235831653788951,0,0.2071,3.5917
10.11,0.0235991515356364,0,0.372,3.53640000000001
23.01,0.0236225125441022,0.150222063645726,0.2928,3.56439999999998
35.91,0.0236410523827706,0.15016100885893,0.266,3.60419999999999
8.75,0.0236504910956959,0.0953598072894915,0.1605,3.62740000000002
23.02,0.0237120222771468,0,0.2928,3.56439999999998
43.02,0.0237186629841503,0,0.3569,3.57689999999997
40.14,0.0237585175267591,0,0.3725,3.55250000000001
32.15,0.0237831071187963,0,0.3492,3.58510000000001
8.7,0.0237995581427627,,0.1605,3.62740000000002
7.02,0.0238920855618769,0,0.4561,3.68709999999999
40.83,0.0239413586575,0.152137693818595,0.2071,3.5917
10.03,0.0239857451610083,0.120637169115465,0.3447,3.57170000000002
23.03,0.024016448385845,0.0734462573645554,0.2928,3.56439999999998
7.03,0.0240197454181511,0.104992894859212,0.4561,3.68709999999999
14.64,0.0240657626290988,0,0.1617,3.58090000000004
22.85,0.0241005784332503,0.0973132201956721,0.2028,3.5949
6.72,0.0241573003674314,0.177101830983212,0.1566,3.73269999999997
7.04,0.0242020399600938,0,0.4561,3.68709999999999
14.6,0.0242452772499462,,0.1617,3.58090000000004
22.05,0.0243031138787041,0.0451094794086005,0.2948,3.56579999999997
4.8,0.0243079642360689,0.468562203180328,0.6136,4.11629999999997
6.74,0.0243935193009746,0.10836223675361,0.1566,3.73269999999997
7.81,0.0244210992773875,0.311994017845541,0.2401,3.64979999999997
40.05,0.0244225162950042,0.0429162343577816,0.3494,3.5881
39.1,0.0245261177790308,,0.351,3.57749999999999
6.71,0.0245465990706726,0,0.1566,3.73269999999997
22.1,0.0246596839861836,,0.3124,3.53730000000002
8,0.0246598095903369,,0.3439,3.60890000000001
15.05,0.0246904411832673,0.0363989583660818,0.3292,3.59449999999998
36.05,0.0248487325648786,0.0339916382956933,0.289,3.58089999999999
43.01,0.0248982179534365,0.205383726554893,0.3569,3.57689999999997
32.1,0.024925918207039,,0.3492,3.58510000000001
24.05,0.025118034853246,0.0332168074321596,0.3209,3.58339999999998
25.7,0.0253482308732543,,0.1348,3.59999999999997
21.04,0.0255529512108443,0,0.2808,3.54310000000004
32.05,0.0259970614712124,0.0461103522983126,0.329,3.6182
12.74,0.0260268994502167,0,0.1413,3.64929999999998
21.03,0.0260570311096705,0.0748664978000574,0.2808,3.54310000000004
10.04,0.0260687060950679,0,0.3447,3.57170000000002
21.02,0.0261964255504036,0,0.2808,3.54310000000004
31.6,0.0263367465088184,,0.2008,3.61110000000002
7.85,0.0263476514670479,0.107934376494567,0.2401,3.64979999999997
14.75,0.0263682145850796,0.0877923713909263,0.1749,3.61340000000001
40.15,0.0264233705413757,0,0.3725,3.55250000000001
17.73,0.0264992863652703,0,0.136,3.66610000000003
43.05,0.0267275693311583,0.0308907816684421,0.3569,3.57689999999997
15.93,0.0267663117897067,0.092793663231276,0.2668,3.6112
39.15,0.0268697792783812,0,0.351,3.57749999999999
17.72,0.0269547852101362,0.103371085656557,0.136,3.66610000000003
21.01,0.026961457038783,0.152245124510082,0.2808,3.54310000000004
30.92,0.0270681608978856,0,0.2543,3.66769999999997
12.73,0.0271284281701407,0.121113615570578,0.1413,3.64929999999998
30.91,0.0271401247922641,0.307678137652151,0.2543,3.66769999999997
30.93,0.0271879852884041,0.173699625250498,0.2543,3.66769999999997
9.1,0.0271887908805862,,0.3797,3.57240000000002
17.71,0.0272524196029814,0,0.136,3.66610000000003
21.65,0.0273291960617561,0.0502315257519087,0.1441,3.54759999999999
20.84,0.0275547793526558,0,0.1797,3.57060000000001
20.83,0.0277022334106347,0.155173667349406,0.1797,3.57060000000001
20.82,0.027734304105798,0,0.1797,3.57060000000001
35,0.0278362864320049,,0.3746,3.60489999999999
20.81,0.0278913329792432,0.258795295043731,0.1797,3.57060000000001
30.94,0.0279210411218315,0,0.2543,3.66769999999997
15.94,0.0280698147553271,0,0.2668,3.6112
23.04,0.0282067963873836,0,0.2928,3.56439999999998
15.92,0.028516329801183,0,0.2668,3.6112
42.05,0.0287652435159714,0.0328410627135873,0.3159,3.58029999999997
15.91,0.0287971438379677,0.150097723940375,0.2668,3.6112
40.84,0.028886391184573,0,0.2071,3.5917
6.7,0.0289340479980052,0.31172577666912,0.1566,3.73269999999997
12.72,0.0289575895272242,0,0.1413,3.64929999999998
15.95,0.0290359704261623,0.0646887389031709,0.2668,3.6112
17.74,0.029626803283347,0.0726570979565066,0.136,3.66610000000003
17.75,0.0298012550838737,0.0130327822310572,0.136,3.66610000000003
12.71,0.0298110818188373,0.198638706345851,0.1413,3.64929999999998
30.95,0.0298643815909056,0.105401527160953,0.2543,3.66769999999997
22.8,0.0299674361592428,,0.2028,3.5949
14.7,0.0302465583872818,,0.1749,3.61340000000001
25,0.0303176458786945,,0.3626,3.57740000000001
21.7,0.0303979127409769,,0.1586,3.58070000000004
40.1,0.0304880951317061,,0.3725,3.55250000000001
35.81,0.0305337795630512,0.1782002880528,0.2257,3.60859999999997
26.84,0.0306055448488444,0.0614339227244965,0.1549,3.6463
28.9,0.0306228718958837,,0.2691,3.58179999999999
10,0.0306233936033163,,0.3447,3.57170000000002
18.73,0.0307956061812094,0,0.1322,3.68009999999998
12.75,0.0307968220659126,0.0820842393273248,0.1413,3.64929999999998
6.75,0.0308542741038469,0,0.1566,3.73269999999997
40,0.030920142481737,,0.3494,3.5881
35.95,0.0309521191423596,0.0655635915277474,0.266,3.60419999999999
18.74,0.0309682636222179,0.094498195889569,0.1322,3.68009999999998
26.83,0.0310861347925469,0.0273808619090536,0.1549,3.6463
35.84,0.0311073647592865,0,0.2257,3.60859999999997
40.8,0.0313011528785855,,0.2071,3.5917
18.72,0.0313480014528792,0.145112944170518,0.1322,3.68009999999998
18.71,0.0314062448521153,0,0.1322,3.68009999999998
35.82,0.0314320052231972,0,0.2257,3.60859999999997
10.9,0.0317423355552573,,0.263,3.55119999999999
23.05,0.0318651072873795,0.0353224729128424,0.2928,3.56439999999998
9.15,0.03192507097047,0,0.3797,3.57240000000002
35.83,0.0320630520742578,0.112035183543067,0.2257,3.60859999999997
26.01,0.0322191126848394,0.152895841451247,0.3115,3.58449999999999
26.04,0.0326088486669695,0,0.3115,3.58449999999999
36.71,0.032676010691883,0.116717402290351,0.1255,3.62950000000001
26.85,0.032872005078373,0.0380869147163195,0.1549,3.6463
21.05,0.0329565336119502,0.0363291254991335,0.2808,3.54310000000004
20.85,0.0329898315851899,0.103088150624368,0.1797,3.57060000000001
31.65,0.0330076249821668,0.0457940432104515,0.2008,3.61110000000002
36.72,0.0330559707581877,0,0.1255,3.62950000000001
17.7,0.0330616237961059,0.164879206029308,0.136,3.66610000000003
26.03,0.033096950333702,0.0635771871766966,0.3115,3.58449999999999
26.02,0.0333680209883661,0,0.3115,3.58449999999999
12.01,0.0333802429156745,0.150660098947476,0.2459,3.59609999999998
11.71,0.0334560344462629,0.137061503764115,0.105,3.59559999999999
26.91,0.0335389968487621,0.200191217280498,0.1921,3.64460000000003
11.73,0.0336397834246113,0.0932956692587873,0.105,3.59559999999999
11.74,0.0336450231302406,0.00855614661571251,0.105,3.59559999999999
11.72,0.0338023597284419,0,0.105,3.59559999999999
26.81,0.0339244943344596,0.00727914879491405,0.1549,3.6463
26.82,0.0339462200247593,0.0730753358698061,0.1549,3.6463
43.7,0.0341063345037886,,0.1168,3.60650000000004
7.8,0.0344297287583585,,0.2401,3.64979999999997
18.75,0.0344654802652547,0,0.1322,3.68009999999998
22.92,0.0345566807780679,0,0.2686,3.58900000000006
36.73,0.0346409637456213,0.0803434878323623,0.1255,3.62950000000001
22.91,0.0346899424191499,0.150180825208926,0.2686,3.58900000000006
40.85,0.0347516835493786,0.0991725479576842,0.2071,3.5917
7,0.0348385753764944,,0.4561,3.68709999999999
22.93,0.0349685207142577,0.0934139052876694,0.2686,3.58900000000006
26.74,0.0351555871556982,0.0429011436711249,0.1228,3.62430000000001
26.73,0.0353190302952089,0.0361110028459128,0.1228,3.62430000000001
36.74,0.0356746110388063,0.00942802815156274,0.1255,3.62950000000001
30.02,0.0356895662072153,0,0.2513,3.62470000000002
30.03,0.0357418657436583,0.0775936417995503,0.2513,3.62470000000002
30.01,0.0357782770113774,0.150077145439954,0.2513,3.62470000000002
23,0.0358249649875762,,0.2928,3.56439999999998
12.93,0.0358944618282905,0.163316750390955,0.2538,3.66359999999997
12.02,0.0360549966518917,0,0.2459,3.59609999999998
36.93,0.0361174444279125,0.140304624382184,0.2204,3.64570000000003
12.94,0.0361352138214955,0,0.2538,3.66359999999997
26.05,0.0363018718713608,0.0174880475147418,0.3115,3.58449999999999
36.94,0.0363038656693817,0,0.2204,3.64570000000003
12.03,0.0363321258478385,0.0758736925745129,0.2459,3.59609999999998
26.94,0.0364830393314518,0,0.1921,3.64460000000003
10.1,0.0365472939148753,,0.372,3.53640000000001
10.05,0.0366039988748566,0.0483539888597879,0.3447,3.57170000000002
26.92,0.0366547972250739,0,0.1921,3.64460000000003
36.92,0.0366585133951494,0,0.2204,3.64570000000003
30.04,0.0366641332399373,0,0.2513,3.62470000000002
12.95,0.0366651456061954,0.102474869042008,0.2538,3.66359999999997
12.92,0.0366805683094321,0,0.2538,3.66359999999997
12.04,0.0368891297874963,0,0.2459,3.59609999999998
26.93,0.0369695432477579,0.122753903564213,0.1921,3.64460000000003
31.91,0.0372377452097633,0.150088807151366,0.308,3.64449999999999
36.91,0.0372872121226085,0.235494764861748,0.2204,3.64570000000003
10.15,0.0373173312475557,0,0.372,3.53640000000001
12.91,0.0373272388233537,0.282647260639521,0.2538,3.66359999999997
26.71,0.0373769002850948,0.0296962524249942,0.1228,3.62430000000001
7.05,0.0374914813680336,0.0428664362850956,0.4561,3.68709999999999
36.95,0.037564321952918,0.0920852290075661,0.2204,3.64570000000003
32.72,0.0376458000214339,0.131284871961081,0.1233,3.65019999999998
26.72,0.0377704865905539,0.0419199570974815,0.1228,3.62430000000001
22.94,0.0378835681096596,0,0.2686,3.58900000000006
41.94,0.0382365065597677,0,0.289,3.60509999999999
32.73,0.0383830153283002,0,0.1233,3.65019999999998
32.71,0.038751933919171,0,0.1233,3.65019999999998
16.73,0.0390200701167259,0.0765221855848031,0.1199,3.64420000000001
21.94,0.0390808999948891,0,0.2707,3.59059999999999
41.93,0.0390985747248524,0.095973900038844,0.289,3.60509999999999
41.91,0.039289938318072,0.150089161850713,0.289,3.60509999999999
21.92,0.0393069842700894,0,0.2707,3.59059999999999
31.92,0.0393614387696503,0,0.308,3.64449999999999
41.92,0.0393629657853526,0,0.289,3.60509999999999
16.72,0.039389714134446,0,0.1199,3.64420000000001
35.85,0.0393905334335086,0.0793441138471653,0.2257,3.60859999999997
16.71,0.039401758779396,0.107717536519771,0.1199,3.64420000000001
21.91,0.0394707864575164,0.150103602932183,0.2707,3.59059999999999
21.93,0.0394834070002065,0.0939594556864879,0.2707,3.59059999999999
21,0.0396199609149061,,0.2808,3.54310000000004
25.75,0.0397122719325793,0.0874428752690796,0.1348,3.59999999999997
11.94,0.0398488270576803,0,0.2088,3.61560000000003
27.02,0.0403017305848416,0,0.2391,3.62609999999995
11.93,0.0403341106524589,0.105572519437413,0.2088,3.61560000000003
27.01,0.0403799907003992,0.15008450794784,0.2391,3.62609999999995
12,0.0405698966255341,,0.2459,3.59609999999998
15.81,0.0405794930077853,0.161809312511121,0.2318,3.61779999999999
43,0.0406621812893844,,0.3569,3.57689999999997
27.04,0.0406952542365884,0,0.2391,3.62609999999995
31.93,0.0407065531335479,0.0931158492194474,0.308,3.64449999999999
15.83,0.0408671896969932,0.104011282564049,0.2318,3.61779999999999
12.7,0.0410653912517028,,0.1413,3.64929999999998
31.94,0.041142902654349,0,0.308,3.64449999999999
15.82,0.0411737560980096,0,0.2318,3.61779999999999
11.75,0.0412281518523467,0.0717475433022076,0.105,3.59559999999999
27.03,0.0412413232719034,0.0788008533599582,0.2391,3.62609999999995
36.7,0.041474308803096,,0.1255,3.62950000000001
14.65,0.0415805373367293,0.0509518835404316,0.1617,3.58090000000004
36.75,0.0416400725753997,0.0625411773079357,0.1255,3.62950000000001
9.01,0.0417491924391385,0.244739714342006,0.3527,3.60759999999999
29.91,0.0417528236137518,0.197645513719395,0.206,3.64439999999996
15.84,0.0417852931789124,0,0.2318,3.61779999999999
9.02,0.0419778240437137,0,0.3527,3.60759999999999
18.7,0.0422305630390086,0.244982172491327,0.1322,3.68009999999998
29.92,0.0424428019161041,0,0.206,3.64439999999996
39.01,0.0426283118623256,0.217841708768748,0.3314,3.61019999999996
33.74,0.043024345234053,0.0952265953842611,0.1284,3.67380000000003
9.03,0.0431228319963518,0.112436656834808,0.3527,3.60759999999999
37.01,0.0432419560383506,0.150144060507008,0.2778,3.62370000000004
33.73,0.0434974289596161,0,0.1284,3.67380000000003
29.93,0.0435075228419183,0.121668575209938,0.206,3.64439999999996
29.83,0.0435198645542459,0.0152863793726353,0.1549,3.6465
11.92,0.0436266484821936,0,0.2088,3.61560000000003
34.03,0.0437901309759631,0.0757572669683831,0.3743,3.64889999999997
32.74,0.0439498079081024,0.0886583500203532,0.1233,3.65019999999998
26.9,0.0439876374154588,,0.1921,3.64460000000003
39.02,0.0441647049216613,0,0.3314,3.61019999999996
37.02,0.0441879251668841,0,0.2778,3.62370000000004
3.43,0.0442227872955914,0,0.0671,4.87119999999999
29.94,0.0442751535683889,0,0.206,3.64439999999996
34.01,0.044319838414064,0.150077486797069,0.3743,3.64889999999997
34.02,0.0445290341007313,0,0.3743,3.64889999999997
26.95,0.0446400425720621,0.0837773426416225,0.1921,3.64460000000003
29.82,0.0447510748677649,0.0985082978750786,0.1549,3.6465
32.7,0.0447618685663997,0.21589640759328,0.1233,3.65019999999998
34.04,0.0447954391396971,0,0.3743,3.64889999999997
29.71,0.0448597909471505,0.00454167744011343,0.1196,3.62560000000002
29.72,0.0449124553567334,0.0689663070069097,0.1196,3.62560000000002
3.42,0.0449334946506946,0.316963123932337,0.0671,4.87119999999999
37.04,0.0449723257169329,0,0.2778,3.62370000000004
39.03,0.0449779501331693,0.0969633531798297,0.3314,3.61019999999996
13.91,0.045020194313457,0.150088989675685,0.3327,3.63660000000004
37.03,0.0450232920539338,0.0752346519926857,0.2778,3.62370000000004
11.91,0.04504718346829,0.163214137095855,0.2088,3.61560000000003
29.73,0.0451998488061641,0.0252403964551687,0.1196,3.62560000000002
29.84,0.0453667518078196,0.0759348983822465,0.1549,3.6465
39.04,0.0454848224501765,0,0.3314,3.61019999999996
37.81,0.0457920055781011,0.309116715355411,0.2339,3.65530000000001
13.92,0.0458143528126707,0,0.3327,3.63660000000004
29.81,0.0458763168543852,0,0.1549,3.6465
15.9,0.045880791721491,,0.2668,3.6112
39.91,0.0459819834325264,0.150089211049545,0.3262,3.61629999999997
37.82,0.0460249502978441,0,0.2339,3.65530000000001
29.85,0.0461736157950708,0.0332137198661565,0.1549,3.6465
29.74,0.04619125027709,0.058782499650476,0.1196,3.62560000000002
26,0.0463300823481958,,0.3115,3.58449999999999
3.41,0.0463376594227834,0,0.0671,4.87119999999999
16.7,0.0463651556135887,,0.1199,3.64420000000001
30.05,0.0464774088379546,0.0412271255121875,0.2513,3.62470000000002
11.95,0.0464972636905173,0.0769529052230652,0.2088,3.61560000000003
13.93,0.046887875384649,0.0925664690279428,0.3327,3.63660000000004
16.75,0.0470670283704502,0.0611799104526578,0.1199,3.64420000000001
39.92,0.0471625164899327,0,0.3262,3.61629999999997
26.7,0.0471788025082423,0.0421136586652932,0.1228,3.62430000000001
33.72,0.0477233901315424,0.144827768977699,0.1284,3.67380000000003
20.8,0.0477408887660552,,0.1797,3.57060000000001
3.44,0.0478836040928688,0.190966263130259,0.0671,4.87119999999999
13.01,0.0479286731742417,0.152498094081723,0.3259,3.63820000000004
39.93,0.0480372535884066,0.0945445507187365,0.3262,3.61629999999997
22.9,0.0481131492267489,,0.2686,3.58900000000006
11.7,0.0481844013755925,,0.105,3.59559999999999
37.83,0.0482062001757792,0.176726230204028,0.2339,3.65530000000001
40.94,0.0483317168359537,0,0.2756,3.58510000000001
41.95,0.0484413740751451,0.0694671985515512,0.289,3.60509999999999
9.04,0.0485457515885369,0,0.3527,3.60759999999999
14.92,0.0486848428873143,0,0.305,3.62079999999997
13.02,0.0489417036172695,0,0.3259,3.63820000000004
40.93,0.0490679163500047,0.0929585205924704,0.2756,3.58510000000001
35.9,0.049292373947987,,0.266,3.60419999999999
32.75,0.0494563445174802,0.00742101135942962,0.1233,3.65019999999998
33.71,0.049702111017523,0,0.1284,3.67380000000003
14.91,0.04979292808862,0.15008611460884,0.305,3.62079999999997
40.92,0.0498212745001136,0,0.2756,3.58510000000001
30.9,0.049842081123671,,0.2543,3.66769999999997
13.04,0.0499951756142158,0,0.3259,3.63820000000004
16.74,0.0502061662797143,0.0158985291491915,0.1199,3.64420000000001
31.04,0.0502087309863972,0,0.3341,3.64049999999997
38.94,0.0502505849387435,0,0.2824,3.6379
20.92,0.0502842781575561,0,0.2532,3.56539999999995
19.01,0.0503486582239737,0.178610765633494,0.4435,3.64179999999999
14.93,0.0503768203276315,0.0945641612323793,0.305,3.62079999999997
38.93,0.0504962777469321,0.131773268403944,0.2824,3.6379
31.9,0.0505023005499179,,0.308,3.64449999999999
13.03,0.0505868696324201,0.0747229115587535,0.3259,3.63820000000004
40.91,0.0506748759627986,0.150151058904533,0.2756,3.58510000000001
29.7,0.0507068570259936,0.0904533438766349,0.1196,3.62560000000002
32.94,0.0508550084908905,0,0.249,3.66059999999999
31.03,0.0510543939620431,0.0730260426434657,0.3341,3.64049999999997
19.02,0.0511530311746871,0,0.4435,3.64179999999999
20.94,0.0511565844649142,0,0.2532,3.56539999999995
31.01,0.0512307672244765,0.15226981932018,0.3341,3.64049999999997
20.91,0.051232503614578,0.150086437110581,0.2532,3.56539999999995
21.84,0.0512395784846671,0,0.2233,3.59829999999999
20.93,0.0513132601954449,0.0951858499756285,0.2532,3.56539999999995
31.02,0.0514005475059546,0,0.3341,3.64049999999997
21.81,0.0514129570484269,0.184860168908864,0.2233,3.59829999999999
26.75,0.051477162795072,0.0403433204668536,0.1228,3.62430000000001
19.04,0.0515163180713458,0,0.4435,3.64179999999999
21.82,0.0515578155730853,0,0.2233,3.59829999999999
21.83,0.0516824203780412,0.1177660930873,0.2233,3.59829999999999
35.8,0.0517711993885881,,0.2257,3.60859999999997
33.75,0.0517775217645642,0.00204886198012676,0.1284,3.67380000000003
22.95,0.0520152667715823,0.0656400303978575,0.2686,3.58900000000006
21.9,0.052059768728004,,0.2707,3.59059999999999
19.03,0.052113987911669,0.0764541298310894,0.4435,3.64179999999999
32.93,0.0522120132782016,0.172096823809058,0.249,3.66059999999999
13.9,0.0522586339854211,,0.3327,3.63660000000004
31.95,0.0528220086088608,0.0651008245558241,0.308,3.64449999999999
39.94,0.0530626407993303,0,0.3262,3.61629999999997
41.81,0.0530751108887226,0.241595374831951,0.2223,3.61099999999999
4.01,0.0533117176772764,0,1.1251,4.596
30,0.0533439190528465,,0.2513,3.62470000000002
38.95,0.0535273705641069,0.0861192867231986,0.2824,3.6379
33.01,0.0536599753020559,0.155368157683308,0.3267,3.63530000000003
41.82,0.0538165322710834,0,0.2223,3.61099999999999
27.05,0.0538514228269688,0.0431945583476348,0.2391,3.62609999999995
37.05,0.0541392805807165,0.0375523305997854,0.2778,3.62370000000004
38.92,0.0541847031144561,0,0.2824,3.6379
13.94,0.0541932133841577,0,0.3327,3.63660000000004
4.02,0.0543029809538103,0,1.1251,4.596
32.92,0.0544006237793108,0,0.249,3.66059999999999
41.83,0.0544274756213146,0.14586542178638,0.2223,3.61099999999999
15.85,0.0544903737419222,0.0755549292837692,0.2318,3.61779999999999
17.84,0.0548172456869479,0.105434127224722,0.1849,3.68369999999999
37.84,0.0548275032679739,0,0.2339,3.65530000000001
37,0.0548358701995021,,0.2778,3.62370000000004
32.95,0.0549286982094444,0.107198876495975,0.249,3.66059999999999
37.85,0.0550170679443277,0.109380004888355,0.2339,3.65530000000001
9.05,0.0550991946902421,0.0444098926330328,0.3527,3.60759999999999
27,0.0552781225902153,,0.2391,3.62609999999995
33.02,0.0553048102838233,0,0.3267,3.63530000000003
18.01,0.055313617919169,0.150075399662695,0.3236,3.64999999999998
9.84,0.0554573896691544,0,0.239,3.61250000000001
9.83,0.0554790904798734,0.150769528293859,0.239,3.61250000000001
34.05,0.0555319551391707,0.0383761019254511,0.3743,3.64889999999997
33.04,0.0556458004589662,0,0.3267,3.63530000000003
32.91,0.0557245096214919,0.299118372414709,0.249,3.66059999999999
14.94,0.0558051747601687,0,0.305,3.62079999999997
18.03,0.0560094906542754,0.0755841334126307,0.3236,3.64999999999998
4.03,0.056023176231071,0,1.1251,4.596
39,0.056061652273062,,0.3314,3.61019999999996
17.82,0.0565237366580407,0.161300299136239,0.1849,3.68369999999999
18.04,0.0566547276388821,0,0.3236,3.64999999999998
18.02,0.0566662892601649,0,0.3236,3.64999999999998
17.83,0.0567432918620575,0,0.1849,3.68369999999999
9.82,0.0567788910824073,0,0.239,3.61250000000001
17.81,0.0568082011511126,0,0.1849,3.68369999999999
31.84,0.0571264377967455,0,0.2678,3.65410000000003
31.83,0.0571923992146538,0.113499507924758,0.2678,3.65410000000003
33.03,0.0573374421914723,0.0756307864277112,0.3267,3.63530000000003
26.8,0.0573451165326428,0.0966014347655796,0.1549,3.6463
3.45,0.0574398021103333,0,0.0671,4.87119999999999
9.81,0.0576256095257177,0.254712748514624,0.239,3.61250000000001
12.9,0.0577188913414916,,0.2538,3.66359999999997
9,0.0577280550537635,,0.3527,3.60759999999999
23.81,0.0577370019595984,0.264109577899549,0.2194,3.61590000000001
37.8,0.057835039686678,,0.2339,3.65530000000001
14.84,0.0580658530035673,0,0.2446,3.62849999999997
41.84,0.0581187647707436,0,0.2223,3.61099999999999
23.91,0.0585155146187426,0.150089551440902,0.2938,3.60969999999998
13.95,0.0585390765165606,0.0643179572924044,0.3327,3.63660000000004
38.91,0.0585448418784752,0.222371207729158,0.2824,3.6379
39.9,0.0586042059292302,,0.3262,3.61629999999997
23.82,0.0590424054763478,0,0.2194,3.61590000000001
14.83,0.0590747042253521,0.13945986383792,0.2446,3.62849999999997
17.85,0.0593937495402881,0.00223440890117426,0.1849,3.68369999999999
11.81,0.0594548441244557,0.100034976857853,0.1606,3.61720000000003
23.92,0.0597136209786677,0,0.2938,3.60969999999998
17.94,0.0599475573459131,0,0.2521,3.6755
31.82,0.060276685417732,0,0.2678,3.65410000000003
19,0.060328256402322,,0.4435,3.64179999999999
14.95,0.060450357234043,0.0672183628887933,0.305,3.62079999999997
14.82,0.0605613559771463,0,0.2446,3.62849999999997
23.83,0.0607098533994388,0.156978795374246,0.2194,3.61590000000001
39.95,0.0607517665811839,0.0673117948733301,0.3262,3.61629999999997
17.93,0.0607652601941161,0.15042443795782,0.2521,3.6755
29.9,0.0608039145285566,,0.206,3.64439999999996
11.82,0.0608079368357375,0.0111733401683005,0.1606,3.61720000000003
17.92,0.0608129827695574,0,0.2521,3.6755
13,0.0609649499433511,,0.3259,3.63820000000004
23.93,0.0611047027654687,0.0960252182715816,0.2938,3.60969999999998
14.81,0.0611795876478516,0.230748588183488,0.2446,3.62849999999997
17.01,0.0613475737321936,0.150076373551053,0.3062,3.63510000000002
12.05,0.0613702948055072,0.0383354805658423,0.2459,3.59609999999998
40.95,0.0614249817741015,0.0650087872303678,0.2756,3.58510000000001
33.84,0.0614326132010177,0.125493321683304,0.1885,3.69190000000003
25.93,0.0615021287589042,0.108693030088092,0.2759,3.6096
11.83,0.0615425810571873,0.0765920599198408,0.1606,3.61720000000003
17.04,0.061640805885012,0,0.3062,3.63510000000002
37.94,0.0616674120582349,0,0.3197,3.6447
23.94,0.0617536902264686,0,0.2938,3.60969999999998
17.02,0.0617726604207465,0,0.3062,3.63510000000002
31.81,0.0618639431013828,0.18360219300474,0.2678,3.65410000000003
17.03,0.0621830726413493,0.0765984413567543,0.3062,3.63510000000002
39.05,0.0622228702565562,0.0348942501985811,0.3314,3.61019999999996
37.93,0.0622745043858662,0.0944478997317896,0.3197,3.6447
17.95,0.0623497933451017,0.094793311639602,0.2521,3.6755
25.94,0.0625355336557693,0,0.2759,3.6096
30.81,0.0626415270543409,0.0566900912757268,0.2221,3.67449999999997
33.81,0.0627455333469406,0,0.1885,3.69190000000003
34,0.0627755094688491,,0.3743,3.64889999999997
13.85,0.0629890135411103,0.0892263396763756,0.2765,3.64920000000001
4,0.0631868208604724,,1.1251,4.596
36.84,0.063232871150762,0.0673535679651196,0.1741,3.64929999999998
37.92,0.0632888716306406,0,0.3197,3.6447
33.83,0.0636073081455351,0,0.1885,3.69190000000003
29.95,0.0637089267847535,0.0834204293017935,0.206,3.64439999999996
21.95,0.0638420885716212,0.0663465132906561,0.2707,3.59059999999999
37.91,0.0638970327323088,0.152133246052057,0.3197,3.6447
17.91,0.0639481505312427,0.259299449894758,0.2521,3.6755
16.85,0.0640330118631468,0.0182690787821253,0.1696,3.66449999999998
15.8,0.0642294588633584,,0.2318,3.61779999999999
30.82,0.0642598153932773,0.0242861158563847,0.2221,3.67449999999997
39.85,0.0645627823345256,0.0921250984626441,0.2665,3.62619999999998
25.92,0.064645186775668,0,0.2759,3.6096
36.83,0.0647186934545732,0.0181478174897378,0.1741,3.64929999999998
36.9,0.0647536762920974,,0.2204,3.64570000000003
33.82,0.0648918725833938,0.19815404637143,0.1885,3.69190000000003
9.85,0.064993261135311,0.0981695896603494,0.239,3.61250000000001
14.85,0.0650451864740147,0.0934628864977294,0.2446,3.62849999999997
23.84,0.0651253895692798,0,0.2194,3.61590000000001
31,0.0653447203225208,,0.3341,3.64049999999997
8.93,0.0653566416900555,0.130376646986925,0.3031,3.63639999999998
9.93,0.0654067164022035,0.0948246851842512,0.3205,3.60149999999999
8.95,0.065411337137742,0.0858790270625433,0.3031,3.63639999999998
8.92,0.0655136602335713,0,0.3031,3.63639999999998
11.84,0.0655474206949277,0.031115179028103,0.1606,3.61720000000003
37.95,0.0657612639450039,0.0661050314174645,0.3197,3.6447
16.91,0.0659245666982164,0.281325464194342,0.2337,3.65949999999998
16.83,0.0660622884777497,0,0.1696,3.66449999999998
16.92,0.0661025379372744,0,0.2337,3.65949999999998
19.05,0.0661136991766954,0.0235444708735182,0.4435,3.64179999999999
30.83,0.0661748400386906,0.0490554658244479,0.2221,3.67449999999997
18.05,0.0664331965796819,0.0381068983728823,0.3236,3.64999999999998
18,0.0664339324125251,,0.3236,3.64999999999998
25.91,0.0664973554640141,0.173186541492685,0.2759,3.6096
4.04,0.0665813736432747,0,1.1251,4.596
13.05,0.0667640982708985,0.0354694366979077,0.3259,3.63820000000004
21.85,0.066788773384066,0.0844466762646191,0.2233,3.59829999999999
9.92,0.0669236128703858,0,0.3205,3.60149999999999
36.82,0.0670861154571454,0.085016145670653,0.1741,3.64929999999998
39.83,0.0673108616195075,0.138187778305862,0.2665,3.62619999999998
8.91,0.0673928609410538,0.218739838896464,0.3031,3.63639999999998
41.85,0.0680034876598811,0.0976177899453269,0.2223,3.61099999999999
34.84,0.0680884112742641,0,0.2699,3.65170000000001
16.82,0.0681519035148805,0.131182491358341,0.1696,3.66449999999998
30.84,0.0683064228250486,0.0326156529132188,0.2221,3.67449999999997
41.9,0.0683533666760326,,0.289,3.60509999999999
9.91,0.068613753028384,0.150088533179703,0.3205,3.60149999999999
39.82,0.0686783127469476,0,0.2665,3.62619999999998
16.93,0.0688811623372797,0.1633568730747,0.2337,3.65949999999998
34.91,0.0690432008600128,0.150088781151308,0.3532,3.6377
36.81,0.0690799451001922,0,0.1741,3.64929999999998
34.83,0.0692412594087373,0.171907889549315,0.2699,3.65170000000001
39.81,0.0695954732770887,0.229762654511172,0.2665,3.62619999999998
7.92,0.0697251934602521,0,0.3237,3.6388
34.92,0.0698169224528457,0,0.3532,3.6377
8.94,0.0699425296558944,0,0.3031,3.63639999999998
16.84,0.070147595745182,0.0916733347255995,0.1696,3.66449999999998
31.85,0.0701616711311,0.0785432577239705,0.2678,3.65410000000003
34.82,0.0701870742217313,0,0.2699,3.65170000000001
7.91,0.0702374905153177,0.150088904624237,0.3237,3.6388
29.75,0.0703679076868913,0.0366246985866146,0.1196,3.62560000000002
7.93,0.0703955620602082,0.0913911686633149,0.3237,3.6388
7.94,0.070479752045185,0,0.3237,3.6388
9.94,0.0705067531304981,0,0.3205,3.60149999999999
16.81,0.0705655240023154,0,0.1696,3.66449999999998
13.84,0.0707607087092175,0,0.2765,3.64920000000001
13.83,0.0707633727546108,0.135622534010601,0.2765,3.64920000000001
34.93,0.0710927913724693,0.0929689653743041,0.3532,3.6377
16.94,0.0713894701847834,0,0.2337,3.65949999999998
34.81,0.0714301234091413,0.299435741534968,0.2699,3.65170000000001
23.95,0.0717405248529239,0.0695382405764391,0.2938,3.60969999999998
39.84,0.0718098786242148,0,0.2665,3.62619999999998
33,0.071816475565898,,0.3267,3.63530000000003
36.85,0.0719165600259663,0.0331081070300625,0.1741,3.64929999999998
34.94,0.0719412427777801,0,0.3532,3.6377
23.85,0.0726086433334956,0.102792422296039,0.2194,3.61590000000001
30.8,0.0729152916026783,0.00907777727493824,0.2221,3.67449999999997
4.95,0.072966383555827,0,0.6939,4.06400000000002
13.82,0.0731146680281536,0,0.2765,3.64920000000001
42.81,0.0734295688593662,0.296323191689875,0.2452,3.61949999999996
14.9,0.0736928035651433,,0.305,3.62079999999997
42.82,0.0739722110201869,0,0.2452,3.61949999999996
34.85,0.0748568206097897,0.10708112449143,0.2699,3.65170000000001
33.7,0.0755948761295913,0.24260324725306,0.1284,3.67380000000003
16.95,0.0757007183905619,0.103187078833421,0.2337,3.65949999999998
20.95,0.0759317395652195,0.0684089541684914,0.2532,3.56539999999995
31.05,0.0760177650187713,0.0332054056164718,0.3341,3.64049999999997
42.83,0.0761401825746324,0.173053825385,0.2452,3.61949999999996
13.81,0.0762548517788816,0.227767201818745,0.2765,3.64920000000001
20.9,0.0767411166097442,,0.2532,3.56539999999995
17.05,0.0774759842238823,0.0396857177104219,0.3062,3.63510000000002
42.84,0.0775180980594158,0,0.2452,3.61949999999996
7.95,0.0776631784767427,0.0626211528077166,0.3237,3.6388
29.8,0.077813946907864,0.142986510108107,0.1549,3.6465
24.91,0.0778902276744785,0.150087522574531,0.3381,3.60899999999998
24.93,0.0781245509728158,0.0947104355572277,0.3381,3.60899999999998
4.05,0.078229214515744,0,1.1251,4.596
24.92,0.0786399908938424,0,0.3381,3.60899999999998
40.9,0.0787713471825059,,0.2756,3.58510000000001
24.82,0.0791344179066078,0,0.2508,3.62130000000002
24.83,0.0794408152427559,0.17410375238805,0.2508,3.62130000000002
16.8,0.0795275843414632,0.208526973375159,0.1696,3.66449999999998
33.8,0.0796162134573111,0.339659124694101,0.1885,3.69190000000003
24.81,0.0796707718874115,0.299005532923374,0.2508,3.62130000000002
12.82,0.0804572711608813,0.0912686104551545,0.2091,3.6687
14.8,0.0805376991589277,,0.2446,3.62849999999997
24.84,0.080967754199129,0,0.2508,3.62130000000002
12.84,0.0815317602332642,0.0692049672219321,0.2091,3.6687
41.8,0.0817290734726627,,0.2223,3.61099999999999
30.85,0.0819505414175446,0.0455442705532274,0.2221,3.67449999999997
12.81,0.0825106589564516,0,0.2091,3.6687
21.8,0.0826817632505819,,0.2233,3.59829999999999
17.8,0.0827272221841283,0.27048288834631,0.1849,3.68369999999999
3.4,0.083105556575944,0.647368530058258,0.0671,4.87119999999999
33.05,0.0832060817769835,0.035165155629318,0.3267,3.63530000000003
11.8,0.0834609694505683,,0.1606,3.61720000000003
33.85,0.0835006709132888,0,0.1885,3.69190000000003
12.83,0.0836309931359805,0.00920870411830559,0.2091,3.6687
4.93,0.0839262140799585,0,0.6939,4.06400000000002
3.92,0.0839425684107423,0.256756994537006,1.0673,4.7081
24.85,0.0842966733659644,0.110646366390562,0.2508,3.62130000000002
4.94,0.0845477211955075,0.0359153778093659,0.6939,4.06400000000002
3.93,0.0847272387356199,0,1.0673,4.7081
23.8,0.0850235122945272,,0.2194,3.61590000000001
32.84,0.0853660562704905,0.103476002364323,0.1806,3.66820000000001
3.91,0.0857519069831582,0,1.0673,4.7081
9.95,0.0868928939829537,0.0677563331474825,0.3205,3.60149999999999
25.95,0.0870444057107978,0.0766802964483505,0.2759,3.6096
4.92,0.0871105817845115,0.087019823752035,0.6939,4.06400000000002
9.9,0.0872546445855711,,0.3205,3.60149999999999
25.84,0.0885185508265916,0,0.2062,3.61790000000002
24.94,0.0887901867887514,0,0.3381,3.60899999999998
25.83,0.0893267549574057,0.107108536763044,0.2062,3.61790000000002
36.8,0.0893719745356974,0.120218433349066,0.1741,3.64929999999998
34.9,0.0893962365030142,,0.3532,3.6377
34.95,0.0895858018825593,0.0648864094856954,0.3532,3.6377
25.82,0.0899932703674877,0,0.2062,3.61790000000002
17,0.0900822476197248,,0.3062,3.63510000000002
4.91,0.0901165810547946,0,0.6939,4.06400000000002
32.83,0.0903802053295426,0,0.1806,3.66820000000001
11.9,0.0909982953133721,,0.2088,3.61560000000003
16.9,0.0910708759378758,,0.2337,3.65949999999998
25.81,0.0913198203324399,0.164529544739439,0.2062,3.61790000000002
12.85,0.0915960933438552,0.0271307369470868,0.2091,3.6687
8.9,0.0919249061746514,,0.3031,3.63639999999998
6.83,0.0923386586996352,0,0.2633,3.74690000000004
11.85,0.0924265601319002,0.0649536093441414,0.1606,3.61720000000003
17.9,0.0927863939164499,,0.2521,3.6755
32.82,0.0932530475473572,0.154537694223042,0.1806,3.66820000000001
42.91,0.0934938390341224,0.150087439082647,0.3319,3.60679999999996
38.81,0.0941093111742603,0.0664246368532818,0.2399,3.64839999999998
38.9,0.0943323314000254,,0.2824,3.6379
42.92,0.0943694725997358,0,0.3319,3.60679999999996
6.84,0.0944216613639624,0.172055675538609,0.2633,3.74690000000004
31.8,0.0946957478194565,,0.2678,3.65410000000003
6.82,0.0950152410028641,0.29221067948517,0.2633,3.74690000000004
3.94,0.0951934151690353,0.107284215795435,1.0673,4.7081
9.8,0.0952613427882856,,0.239,3.61250000000001
42.93,0.0954549564916093,0.094965832118219,0.3319,3.60679999999996
42.94,0.0955151296618783,0,0.3319,3.60679999999996
32.81,0.0955882125158098,0,0.1806,3.66820000000001
34.8,0.0956082469327134,,0.2699,3.65170000000001
6.81,0.095640034021892,0,0.2633,3.74690000000004
38.82,0.0958378542842174,0.0193982449265338,0.2399,3.64839999999998
32.85,0.0962343012276866,0.00903024732400117,0.1806,3.66820000000001
13.8,0.0965173314333581,,0.2765,3.64920000000001
25.9,0.0970923050966795,,0.2759,3.6096
39.8,0.097379217182834,,0.2665,3.62619999999998
12.8,0.0992901050602813,0.134950892856504,0.2091,3.6687
27.91,0.101048530642995,0.150064206443912,0.449,3.685
37.9,0.101108171956609,,0.3197,3.6447
38.83,0.101234193656809,0.0549925965819563,0.2399,3.64839999999998
27.92,0.101802991213669,0,0.449,3.685
18.84,0.102042560846982,0.137735871933043,0.23,3.69580000000002
38.84,0.102670460361213,0.031091899819906,0.2399,3.64839999999998
27.93,0.102727454399843,0.0917483205593181,0.449,3.685
18.83,0.102913761092253,0,0.23,3.69580000000002
3.95,0.103033105922382,0,1.0673,4.7081
18.85,0.103794187162203,0,0.23,3.69580000000002
42.85,0.104937935261444,0.110451182734755,0.2452,3.61949999999996
18.82,0.105366927350768,0.223084246368425,0.23,3.69580000000002
32.9,0.105538430886383,,0.249,3.66059999999999
42.8,0.106481247976775,,0.2452,3.61949999999996
8.82,0.106787749783908,0,0.2362,3.6447
8.84,0.107429449671969,0,0.2362,3.6447
23.9,0.107659050563038,,0.2938,3.60969999999998
27.73,0.107834485337655,0,0.1669,3.69539999999995
27.74,0.107963682427162,0.135511129988188,0.1669,3.69539999999995
24.95,0.108066800224301,0.0675134318828052,0.3381,3.60899999999998
18.81,0.108164468726928,0,0.23,3.69580000000002
25.85,0.109151026584927,0.0781752800056039,0.2062,3.61790000000002
8.81,0.110031401501237,0.166256202461093,0.2362,3.6447
27.95,0.110439051521221,0.062011861663842,0.449,3.685
8.83,0.110917009411091,0.105867278130756,0.2362,3.6447
27.94,0.111158936374528,0,0.449,3.685
27.72,0.111634850273901,0.220313878392547,0.1669,3.69539999999995
6.85,0.112411675102168,0,0.2633,3.74690000000004
27.75,0.115218539915092,0,0.1669,3.69539999999995
3.9,0.116416883453319,0.500089206618194,1.0673,4.7081
27.71,0.117764600179695,0,0.1669,3.69539999999995
8.85,0.119480102053872,0.075386338209214,0.2362,3.6447
7.9,0.121741179346166,,0.3237,3.6388
4.9,0.122917969387532,0.18702850316538,0.6939,4.06400000000002
42.95,0.123406676824819,0.0678859912190574,0.3319,3.60679999999996
38.8,0.12491840037756,,0.2399,3.64839999999998
27.9,0.125882605131344,,0.449,3.685
32.8,0.126390266313265,0.254352125369032,0.1806,3.66820000000001
24.9,0.127094386104969,,0.3381,3.60899999999998
27.85,0.127259802985115,0,0.3019,3.70579999999995
33.94,0.129222176547537,0,0.3178,3.6807
33.92,0.131504564075083,0,0.3178,3.6807
27.84,0.132035984945645,0.145865469329909,0.3019,3.70579999999995
33.93,0.132230486839699,0.134219872499725,0.3178,3.6807
33.95,0.132274994012151,0.0883296683880156,0.3178,3.6807
27.83,0.13242475566376,0,0.3019,3.70579999999995
18.91,0.133165967386959,0.226851803167419,0.3682,3.6807
18.92,0.133313587915475,0,0.3682,3.6807
18.93,0.133874575109358,0.133868997102773,0.3682,3.6807
33.91,0.134051350886386,0.224368797335508,0.3178,3.6807
18.94,0.13455514791361,0,0.3682,3.6807
27.82,0.135012360750801,0.236274077821114,0.3019,3.70579999999995
27.81,0.137703440694948,0,0.3019,3.70579999999995
8.8,0.13830527932535,,0.2362,3.6447
42.9,0.138866206180213,,0.3319,3.60679999999996
3.83,0.142471386031056,0,0.9398,4.7996
18.95,0.145927031249607,0.0862826533770618,0.3682,3.6807
3.82,0.146249346168353,0.268635565618186,0.9398,4.7996
24.8,0.14687451647629,,0.2508,3.62130000000002
6.8,0.147935249290127,0.499924833789139,0.2633,3.74690000000004
27.7,0.148506939735457,0.385944384355677,0.1669,3.69539999999995
3.81,0.149280664872804,0,0.9398,4.7996
38.85,0.153665889596995,0.0496432469926535,0.2399,3.64839999999998
25.8,0.15501651531151,,0.2062,3.61790000000002
6.93,0.161120789032713,0.0104114096103768,0.424,3.7287
6.94,0.161579260310489,0.0491532122811383,0.424,3.7287
3.84,0.161583904913756,0.141868912629291,0.9398,4.7996
6.91,0.162167443261516,0,0.424,3.7287
6.92,0.164088890273829,0.0641453072929664,0.424,3.7287
3.72,0.165980430876424,0.263190051531996,0.7697,4.85769999999997
3.71,0.16645903396821,0,0.7697,4.85769999999997
3.85,0.167314970122792,0,0.9398,4.7996
3.52,0.170767418829626,0.341197464940269,0.2684,4.88479999999998
33.9,0.17144991312485,,0.3178,3.6807
3.73,0.171712452174416,0,0.7697,4.85769999999997
18.9,0.172492103104932,,0.3682,3.6807
3.51,0.172893164490605,0,0.2684,4.88479999999998
18.8,0.173360098386013,0.389304165564854,0.23,3.69580000000002
3.53,0.174071956407449,0,0.2684,4.88479999999998
27.8,0.176654064661452,0.411743978634273,0.3019,3.70579999999995
3.54,0.176770322653586,0.212412594291646,0.2684,4.88479999999998
3.8,0.187441506991115,0.501799328063386,0.9398,4.7996
6.95,0.191579521864563,0.021497864648003,0.424,3.7287
3.74,0.194371375671764,0.161197989578593,0.7697,4.85769999999997
3.61,0.210427442235489,0,0.5148,4.88420000000002
3.64,0.211430066018416,0.216214973496829,0.5148,4.88420000000002
3.7,0.213378802707131,0.453646319254547,0.7697,4.85769999999997
3.62,0.213698190833618,0.340109398587684,0.5148,4.88420000000002
3.63,0.216739440260555,0,0.5148,4.88420000000002
6.9,0.232925090989515,0.0933338310082234,0.424,3.7287
3.75,0.2431041037605,0,0.7697,4.85769999999997
3.55,0.250161002168837,0,0.2684,4.88479999999998
3.5,0.251768552897991,0.764790637738542,0.2684,4.88479999999998
3.65,0.272995545224252,0,0.5148,4.88420000000002
3.6,0.281598158494185,0.760440108624853,0.5148,4.88420000000002
