Sample time,accel,throttle,speed,separation
2.1,0,,0,14.058
2.11,0,0,0,14.058
2.12,0,0,0,14.058
2.13,0,0,0,14.058
2.14,0,0,0,14.058
2.15,0,0,0,14.058
2.2,0,,0,14.085
2.21,0,0,0,14.085
2.22,0,0,0,14.085
2.23,0,0,0,14.085
2.24,0,0,0,14.085
2.25,0,0,0,14.085
2.3,0,0.723296075767015,0,14.18
2.31,0,0.798985572277676,0,14.18
2.32,0,0.822222448005673,0,14.18
2.33,0,0.826593631373028,0,14.18
2.34,0,0.823971219831171,0,14.18
2.35,0,0.818864462030795,0,14.18
2.4,0.0605132212286579,1,0.6734,14.3084
2.41,0.0357156138110683,0.916212521865159,0.6734,14.3084
2.42,0.0358861378004038,0.87967427512956,0.6734,14.3084
2.43,0.0354941922414412,0.861731433370388,0.6734,14.3084
2.44,0.0349207879481899,0.85084901051482,0.6734,14.3084
2.45,0.0738985398072295,0.842748401266743,0.6734,14.3084
2.5,0.0574886238572113,1,1.3964,14.4345
2.51,0.0354505779969421,0.936878473495555,1.3964,14.4345
2.52,0.0359003250878305,0.909336813499636,1.3964,14.4345
2.53,0.0360967667220689,0.894733312686173,1.3964,14.4345
2.54,0.036206022903596,0.883842937176265,1.3964,14.4345
2.55,0.0793555685176971,0.875760754340818,1.3964,14.4345
2.6,0.0826711750996983,1,2.1399,14.5573
2.61,0.0449211522876553,0.936757045439457,2.1399,14.5573
2.62,0.0455568335213234,0.909179886815558,2.1399,14.5573
2.63,0.0451198800840916,0.894694277859272,2.1399,14.5573
2.64,0.0455951735392091,0.884152079768439,2.1399,14.5573
2.65,0.0837001721797745,0.875752130408636,2.1399,14.5573
2.7,0.0781781267057335,1,2.8805,14.6759
2.71,0.0426310543313393,0.936920021204268,2.8805,14.6759
2.72,0.0427759818193561,0.909313907952626,2.8805,14.6759
2.73,0.0423892778692681,0.894931957861733,2.8805,14.6759
2.74,0.0428095666703234,0.884924283462114,2.8805,14.6759
2.75,0.0799265740713105,0.876001121349482,2.8805,14.6759
2.8,0.0741186304630947,1,3.6185,14.7895
2.81,0.0419935346648531,0.935713259556036,3.6185,14.7895
2.82,0.0423717409694727,0.907594479369133,3.6185,14.7895
2.83,0.0423915808364192,0.893015640985487,3.6185,14.7895
2.84,0.0425291820274218,0.882984815443409,3.6185,14.7895
2.85,0.0834485292833134,0.873930378536704,3.6185,14.7895
2.9,0.0645379061044682,1,4.352,14.8995
2.91,0.0380271601349167,0.935436483203982,4.352,14.8995
2.92,0.0379013832396883,0.907127772415026,4.352,14.8995
2.93,0.0375047983489961,0.892487221285603,4.352,14.8995
2.94,0.0377123331870941,0.882659425337658,4.352,14.8995
2.95,0.0795454470802259,0.873374790114563,4.352,14.8995
3,0.077222391858174,1,5.0817,15.0064
3.01,0.0423184078149683,0.935097924090387,5.0817,15.0064
3.02,0.042921553783704,0.906572732758704,5.0817,15.0064
3.03,0.0431047292898385,0.891862650427524,5.0817,15.0064
3.04,0.0438276844893902,0.882134917243379,5.0817,15.0064
3.05,0.0828323373372154,0.873226279965845,5.0817,15.0064
3.1,0.0786452246351224,1,5.8076,15.1095
3.11,0.0408405039272485,0.935066014930585,5.8076,15.1095
3.12,0.0408502028136927,0.906427806899552,5.8076,15.1095
3.13,0.0407937017583397,0.891669631630387,5.8076,15.1095
3.14,0.0404106689906283,0.882017411394829,5.8076,15.1095
3.15,0.0789547935318507,0.873578909419666,5.8076,15.1095
3.2,0.0706009568625806,1,6.5297,15.2103
3.21,0.0373817149610941,0.934444915587089,6.5297,15.2103
3.22,0.0374009183363489,0.905505443442209,6.5297,15.2103
3.23,0.0377431019756793,0.890621157878384,6.5297,15.2103
3.24,0.0379043264097325,0.880957122777697,6.5297,15.2103
3.25,0.0758146968182532,0.872613709146219,6.5297,15.2103
3.3,0.0789954937538078,1,7.2472,15.3081
3.31,0.042836681841306,0.934162160730841,7.2472,15.3081
3.32,0.0427343794553244,0.905067001361197,7.2472,15.3081
3.33,0.0427258672096513,0.890085905503463,7.2472,15.3081
3.34,0.0431389787514148,0.880431314883488,7.2472,15.3081
3.35,0.0901615500744353,0.872262955756922,7.2472,15.3081
3.4,0.0888786827366679,1,7.9607,15.4033
3.41,0.0455009669029518,0.934210862489553,7.9607,15.4033
3.42,0.0452617029121955,0.905085996408322,7.9607,15.4033
3.43,0.0451223473109508,0.89007749595236,7.9607,15.4033
3.44,0.0449804462909764,0.880440349101491,7.9607,15.4033
3.45,0.0854867123546327,0.872483100451319,7.9607,15.4033
3.5,0.0657225487190716,1,8.6706,15.4974
3.51,0.0358081362739381,0.93392650774187,8.6706,15.4974
3.52,0.0358833141869621,0.904658597574724,8.6706,15.4974
3.53,0.0358327465732159,0.889576656888708,8.6706,15.4974
3.54,0.0356371431508882,0.879918413476638,8.6706,15.4974
3.55,0.0698424455698851,0.872048879850929,8.6706,15.4974
3.6,0.0692068337473196,1,9.376,15.5898
3.61,0.0385629036399901,0.933621250076902,9.376,15.5898
3.62,0.0384874266974028,0.904197421644285,9.376,15.5898
3.63,0.0388015908187493,0.889045247393674,9.376,15.5898
3.64,0.039110159315104,0.879366282176382,9.376,15.5898
3.65,0.0755015157301733,0.87157347095078,9.376,15.5898
3.7,0.0711338305553746,1,10.0448,15.6832
3.71,0.0391426873968984,0.934301456138377,10.0448,15.6832
3.72,0.0393623958892429,0.905059782885322,10.0448,15.6832
3.73,0.0393795922346208,0.889976090319221,10.0448,15.6832
3.74,0.0395213581430552,0.880310192588169,10.0448,15.6832
3.75,0.0810451611180918,0.872632153529339,10.0448,15.6832
3.8,0.0625750736313884,1,10.667,15.7815
3.81,0.0328238620905123,0.93439791303941,10.667,15.7815
3.82,0.0327741728115981,0.905141036425181,10.667,15.7815
3.83,0.0323381315675895,0.890054121113105,10.667,15.7815
3.84,0.0325154671895663,0.880378801820356,10.667,15.7815
3.85,0.0632997300061124,0.872744385837743,10.667,15.7815
3.9,0.0571423315013992,1,11.2498,15.8888
3.91,0.0325839404669088,0.935449251348722,11.2498,15.8888
3.92,0.0329640563837339,0.906598291419567,11.2498,15.8888
3.93,0.0330774627066022,0.89167505440157,11.2498,15.8888
3.94,0.0334179528055087,0.882070676793938,11.2498,15.8888
3.95,0.0692049425396697,0.874538978369817,11.2498,15.8888
4,0.0497553860553669,1,11.8001,16.0097
4.01,0.0277247815344736,0.93795494743761,11.8001,16.0097
4.02,0.0276259833286016,0.910132090158107,11.8001,16.0097
4.03,0.0275500886759059,0.895606878160359,11.8001,16.0097
4.04,0.0276932433503835,0.88619136594716,11.8001,16.0097
4.05,0.0583924011835709,0.878778485570976,11.8001,16.0097
4.1,0.0592670646068135,1,12.3234,16.1461
4.11,0.0311351195689811,0.94152426431103,12.3234,16.1461
4.12,0.0311726132210394,0.915123369745419,12.3234,16.1461
4.13,0.0312058220783594,0.901146375088857,12.3234,16.1461
4.14,0.0310862293488273,0.891974055363152,12.3234,16.1461
4.15,0.0577927709300328,0.884680361593024,12.3234,16.1461
4.2,0.0522521124981398,1,12.824,16.3016
4.21,0.0277073397956169,0.946159138066668,12.824,16.3016
4.22,0.0277376981712291,0.921599038853466,12.824,16.3016
4.23,0.0280889637951023,0.908288471550101,12.824,16.3016
4.24,0.0280362897914439,0.899383052597476,12.824,16.3016
4.25,0.0527975708881551,0.892207538629714,12.824,16.3016
4.3,0.0378065819560077,1,13.3052,16.4771
4.31,0.0229216201843906,0.951265435163477,13.3052,16.4771
4.32,0.0228300610924703,0.92875024380928,13.3052,16.4771
4.33,0.0225881524767574,0.916254523965082,13.3052,16.4771
4.34,0.0226835608092897,0.907630886733776,13.3052,16.4771
4.35,0.0501140206792745,0.900544889163338,13.3052,16.4771
4.4,0.0471774051032789,1,13.7695,16.6754
4.41,0.025135117256063,0.957405373440901,13.7695,16.6754
4.42,0.0256223454352811,0.937396027664908,13.7695,16.6754
4.43,0.0256653153695993,0.925918364018042,13.7695,16.6754
4.44,0.025803399720185,0.917693928897152,13.7695,16.6754
4.45,0.050380915609139,0.91073218868411,13.7695,16.6754
4.5,0.0532827270565898,1,14.2194,16.8972
4.51,0.024550834064951,0.964343163455574,14.2194,16.8972
4.52,0.0245502942638577,0.947105790892536,14.2194,16.8972
4.53,0.0245639850722118,0.936888284095344,14.2194,16.8972
4.54,0.0248529791836154,0.929162754185438,14.2194,16.8972
4.55,0.0438770433237054,0.922410940272462,14.2194,16.8972
4.6,0.0490418834566814,1,14.6569,17.1178
4.61,0.0255204586263711,0.971458741852913,14.6569,17.1178
4.62,0.0254397275867619,0.956927723650138,14.6569,17.1178
4.63,0.0254439675666397,0.94770811274143,14.6569,17.1178
4.64,0.0254361941742082,0.940565949827599,14.6569,17.1178
4.65,0.0506820363760099,0.934126770943946,14.6569,17.1178
4.7,0.0439339133786572,1,15.083,17.2952
4.71,0.0235244005334605,0.979546831602303,15.083,17.2952
4.72,0.0234810619389033,0.968007809002451,15.083,17.2952
4.73,0.0234865052514992,0.959857200679579,15.083,17.2952
4.74,0.0235262864297205,0.95307408532867,15.083,17.2952
4.75,0.0487605046644878,0.946866353506628,15.083,17.2952
4.8,0.0491750858980491,1,15.4992,17.4317
4.81,0.0239912697675141,0.972426990972124,15.4992,17.4317
4.82,0.0239583858266852,0.958124618159819,15.4992,17.4317
4.83,0.0239381872534763,0.948896396995161,15.4992,17.4317
4.84,0.0239382955804086,0.941678663373722,15.4992,17.4317
4.85,0.0439946471810244,0.935301954341678,15.4992,17.4317
4.9,0.037624188660594,1,15.8963,17.5266
4.91,0.0206413161202372,0.962810809055512,15.8963,17.5266
4.92,0.0206342582196558,0.944670358648153,15.8963,17.5266
4.93,0.0206585028435304,0.933940502995055,15.8963,17.5266
4.94,0.020860467298241,0.926102031570102,15.8963,17.5266
4.95,0.0436387419485335,0.919347720069233,15.8963,17.5266
5,0.043921337511648,1,16.274,17.5828
5.01,0.02276619147134,0.953276881061471,16.274,17.5828
5.02,0.0227066944064333,0.931227019365728,16.274,17.5828
5.03,0.0227101773892341,0.918884152230573,16.274,17.5828
5.04,0.0227164527090877,0.910284412034869,16.274,17.5828
5.05,0.04551365033762,0.902957838195331,16.274,17.5828
5.1,0.0430900920184843,1,16.6336,17.6022
5.11,0.0223295886943808,0.944459417483275,16.6336,17.6022
5.12,0.022262983540759,0.9188485431455,16.6336,17.6022
5.13,0.0221264064299372,0.904989790317379,16.6336,17.6022
5.14,0.0221248290094028,0.895443218200227,16.6336,17.6022
5.15,0.0435151644781733,0.887610440870466,16.6336,17.6022
5.2,0.0396462935824149,1,16.9767,17.5865
5.21,0.019328556112642,0.935473690972885,16.9767,17.5865
5.22,0.0194465079558126,0.906269162552298,16.9767,17.5865
5.23,0.0194603350811225,0.890660816955197,16.9767,17.5865
5.24,0.0195075973457865,0.880374011883688,16.9767,17.5865
5.25,0.0365113512997853,0.872302341942216,16.9767,17.5865
5.3,0.0357971922218641,1,17.3042,17.5373
5.31,0.0184892717542292,0.926867272281027,17.3042,17.5373
5.32,0.0184235364681886,0.894279855175896,17.3042,17.5373
5.33,0.0184100200741368,0.877374526258424,17.3042,17.5373
5.34,0.0183856745255328,0.866623657470222,17.3042,17.5373
5.35,0.0368293494860752,0.858450608338695,17.3042,17.5373
5.4,0.0277517858646614,1,17.6177,17.4551
5.41,0.0145473676454529,0.918727016791304,17.6177,17.4551
5.42,0.0145285568722342,0.88332698041092,17.6177,17.4551
5.43,0.0145442041993346,0.865239406092268,17.6177,17.4551
5.44,0.0145512490101185,0.853950843884932,17.6177,17.4551
5.45,0.0294659327864038,0.845537328859752,17.6177,17.4551
5.5,0.0313619782016809,1,17.9182,17.3423
5.51,0.0167936150629087,0.911612702309986,17.9182,17.3423
5.52,0.0167689280758807,0.873380795116053,17.9182,17.3423
5.53,0.0167661642801311,0.854189727553781,17.9182,17.3423
5.54,0.0167984967045773,0.842392694650738,17.9182,17.3423
5.55,0.0346669205923796,0.833653015350018,17.9182,17.3423
5.6,0.0350109961588673,1,18.2069,17.2
5.61,0.0157950268479918,0.904907297145165,18.2069,17.2
5.62,0.0157796039668473,0.864386566852837,18.2069,17.2
5.63,0.0157699494015759,0.844082818804445,18.2069,17.2
5.64,0.0156921640077538,0.831501515373088,18.2069,17.2
5.65,0.027629572188426,0.821742989355036,18.2069,17.2
5.7,0.0277156476052459,1,18.4845,17.0295
5.71,0.014478180995232,0.868773220823545,18.4845,17.0295
5.72,0.0144409313327631,0.843719303948092,18.4845,17.0295
5.73,0.0145033029060198,0.829138118593396,18.4845,17.0295
5.74,0.01447063440737,0.817963164718462,18.4845,17.0295
5.75,0.0287606457010528,0.780232978815767,18.4845,17.0295
5.8,0.0256730739638144,1,18.7434,16.8321
5.81,0.0134057765862139,0.714047784840992,18.7434,16.8321
5.82,0.0134078721147874,0.772850692975844,18.7434,16.8321
5.83,0.0134297320819261,0.793062244321528,18.7434,16.8321
5.84,0.0134346434894321,0.769951604922411,18.7434,16.8321
5.85,0.026959542650811,0.717141475146264,18.7434,16.8321
5.9,0.0274979211172626,1,18.9707,16.6106
5.91,0.0137306361200021,0.566031229796529,18.9707,16.6106
5.92,0.0137064836615327,0.705833554764466,18.9707,16.6106
5.93,0.0137095347892467,0.756731760282853,18.9707,16.6106
5.94,0.0137442272461615,0.692050375640493,18.9707,16.6106
5.95,0.026100633161878,0.708027951283589,18.9707,16.6106
6,0.027257271555102,1,19.1781,16.3687
6.01,0.0135961220217507,0.426142745319222,19.1781,16.3687
6.02,0.0135716371781997,0.644840157286172,19.1781,16.3687
6.03,0.0135695455435306,0.724659943982111,19.1781,16.3687
6.04,0.0136096441602114,0.617597358987064,19.1781,16.3687
6.05,0.0258387246895798,0.696963326087553,19.1781,16.3687
6.1,0.0229386756305017,1,19.3667,16.1064
6.11,0.0119361744976874,0.271159586312695,19.3667,16.1064
6.12,0.0118975947702943,0.580286587674733,19.3667,16.1064
6.13,0.0118863641293577,0.691723724958545,19.3667,16.1064
6.14,0.0118996243395978,0.557333481929566,19.3667,16.1064
6.15,0.0231317237313671,0.670015725056508,19.3667,16.1064
6.2,0.0195802172555663,1,19.5338,15.8265
6.21,0.0105446532451065,0.260159110649566,19.5338,15.8265
6.22,0.0105399530831249,0.568576858038965,19.5338,15.8265
6.23,0.0105641582558293,0.677575072604534,19.5338,15.8265
6.24,0.0106240313548201,0.477482271308948,19.5338,15.8265
6.25,0.0215001060912264,0.635777899972639,19.5338,15.8265
6.3,0.0160304969859477,1,19.6866,15.5317
6.31,0.00938720786915284,0.265352011777975,19.6866,15.5317
6.32,0.00935652454320687,0.561541865027587,19.6866,15.5317
6.33,0.00934728186746797,0.556934508236722,19.6866,15.5317
6.34,0.00941810555619884,0.502394416067357,19.6866,15.5317
6.35,0.0213212768487248,0.516284984322571,19.6866,15.5317
6.4,0.0181583527515705,1,19.8092,15.2217
6.41,0.00897983255815268,0.275972480481465,19.8092,15.2217
6.42,0.00894916127163943,0.558736729850769,19.8092,15.2217
6.43,0.00893537884531357,0.465988294688632,19.8092,15.2217
6.44,0.00892621515438054,0.526011314183675,19.8092,15.2217
6.45,0.0167116615767906,0.410026089902128,19.8092,15.2217
6.5,0.0126892163984246,1,19.9067,14.9013
6.51,0.00670494039009346,0.285577426724583,19.9067,14.9013
6.52,0.00668905989465514,0.563364571019303,19.9067,14.9013
6.53,0.0066982225686624,0.382208994863831,19.9067,14.9013
6.54,0.00670171433066377,0.553977752139059,19.9067,14.9013
6.55,0.0133403003702842,0.316821934498075,19.9067,14.9013
6.6,0.0117849500872279,1,19.9828,14.5709
6.61,0.00639015790882472,0.293980395294191,19.9828,14.5709
6.62,0.00639167682062342,0.568009210494141,19.9828,14.5709
6.63,0.00639217859122619,0.318748752424584,19.9828,14.5709
6.64,0.00641163154382614,0.562594563498554,19.9828,14.5709
6.65,0.0131721194223502,0.258501692780565,19.9828,14.5709
6.7,0.0107698607491228,1,20.0447,14.2345
6.71,0.00524190402352371,0.301454450393823,20.0447,14.2345
6.72,0.00519833930198223,0.573192799511447,20.0447,14.2345
6.73,0.00516042778529304,0.268151753580579,20.0447,14.2345
6.74,0.00515159829713589,0.561349782239704,20.0447,14.2345
6.75,0.00933045989350135,0.21619466276089,20.0447,14.2345
6.8,0.00671641633656362,1,20.0961,13.8913
6.81,0.00380058485229118,0.307676165831187,20.0961,13.8913
6.82,0.00382638515629569,0.53359764832357,20.0961,13.8913
6.83,0.00382609111463698,0.254168490822518,20.0961,13.8913
6.84,0.00383786900911609,0.505725681073567,20.0961,13.8913
6.85,0.00734596915804972,0.214206512345842,20.0961,13.8913
6.9,0.00872889540946562,1,20.1424,13.5432
6.91,0.00457751194489518,0.311460340424397,20.1424,13.5432
6.92,0.00458457728064654,0.464951044849699,20.1424,13.5432
6.93,0.00458990200300345,0.272601623693888,20.1424,13.5432
6.94,0.00461584093820774,0.430127895547259,20.1424,13.5432
6.95,0.00906909151365174,0.24310122620355,20.1424,13.5432
7,0.00940519221848631,1,20.189,13.1917
7.01,0.00501819850754141,0.312959088977412,20.189,13.1917
7.02,0.00498249390617903,0.416343375007329,20.189,13.1917
7.03,0.00493569519959633,0.280602058148455,20.189,13.1917
7.04,0.00494097927440985,0.380308801584467,20.189,13.1917
7.05,0.00948317843290833,0.254325879711919,20.189,13.1917
7.1,0.0064747209532307,1,20.2338,12.8347
7.11,0.00383629543004594,0.318859727964803,20.2338,12.8347
7.12,0.00385755178409749,0.366749845304992,20.2338,12.8347
7.13,0.00385228790511015,0.288858757935675,20.2338,12.8347
7.14,0.00387091338028563,0.332944292282744,20.2338,12.8347
7.15,0.00821216379503219,0.262730764958555,20.2338,12.8347
7.2,0.00689428468174512,1,20.2766,12.4745
7.21,0.00404786948412023,0.324167207711183,20.2766,12.4745
7.22,0.00404505744702183,0.320478931200469,20.2766,12.4745
7.23,0.00395350070583984,0.294040334977225,20.2766,12.4745
7.24,0.00396757208725834,0.290435938839024,20.2766,12.4745
7.25,0.00787223361802368,0.266709829619563,20.2766,12.4745
7.3,0.00810893489010818,1,20.3166,12.1092
7.31,0.00403189425936523,0.328458906507704,20.3166,12.1092
7.32,0.00412193619667924,0.277934514378244,20.3166,12.1092
7.33,0.00404189816677479,0.296915567515448,20.3166,12.1092
7.34,0.00410864189791028,0.252237690350932,20.3166,12.1092
7.35,0.00668563076123681,0.267740218350099,20.3166,12.1092
7.4,0.00594354800781585,1,20.3536,11.7401
7.41,0.0037747653560528,0.330951148515625,20.3536,11.7401
7.42,0.00382180317384316,0.237588368319696,20.3536,11.7401
7.43,0.00374944909238674,0.29746022532248,20.3536,11.7401
7.44,0.00378440211082814,0.213997456588042,20.3536,11.7401
7.45,0.00824699155262476,0.266161363566626,20.3536,11.7401
7.5,0.00544379358298784,1,20.3869,11.3686
7.51,0.00351523191995353,0.329841455986602,20.3869,11.3686
7.52,0.00358353418217259,0.199774462215073,20.3869,11.3686
7.53,0.00349582459796364,0.295210106797409,20.3869,11.3686
7.54,0.00352611744996185,0.178265569018537,20.3869,11.3686
7.55,0.00702750482646135,0.263046254072937,20.3869,11.3686
7.6,0.00631677448866209,1,20.4164,10.993
7.61,0.00364404568929754,0.32785048322191,20.4164,10.993
7.62,0.00374569312686974,0.163321662192144,20.4164,10.993
7.63,0.00362635423404471,0.292348584813274,20.4164,10.993
7.64,0.00367391018912616,0.144615653704266,20.4164,10.993
7.65,0.00618029449961014,0.249186905143779,20.4164,10.993
7.7,0.00513890962403697,1,20.44,10.6147
7.71,0.00298818602146276,0.325573326562963,20.44,10.6147
7.72,0.00309222465193369,0.127964343862352,20.44,10.6147
7.73,0.00308987330297557,0.289241404887022,20.44,10.6147
7.74,0.00325580882788299,0.0735706778011677,20.44,10.6147
7.75,0.00643358785889591,0.131872202393248,20.44,10.6147
7.8,-0.000926551846914672,1,20.4366,10.2361
7.81,-0.000506925971834918,0.323213264788689,20.4366,10.2361
7.82,-0.000506732873030376,0.093120973148125,20.4366,10.2361
7.83,-0.000505509260227918,0.165384882725608,20.4366,10.2361
7.84,-0.000502819457755221,0.000987259857363565,20.4366,10.2361
7.85,-0.000987060365819844,0.0320522335499827,20.4366,10.2361
7.9,-0.00850841510073421,1,20.405,9.85789999999997
7.91,-0.00384599443500212,0.32082062537639,20.405,9.85789999999997
7.92,-0.00385572049373203,0,20.405,9.85789999999997
7.93,-0.00386958349281392,0.134638439042033,20.405,9.85789999999997
7.94,-0.00375937095351385,0,20.405,9.85789999999997
7.95,-0.00619023006693655,0,20.405,9.85789999999997
8,-0.00291887460575074,1,20.3851,9.4828
8.01,-0.00196254599953254,0.318208942055773,20.3851,9.4828
8.02,-0.00196116261879171,0,20.3851,9.4828
8.03,-0.0020087556478214,0.111707020038762,20.3851,9.4828
8.04,-0.00195685072008056,0,20.3851,9.4828
8.05,-0.00462709298019585,0,20.3851,9.4828
8.1,-0.0137487688713654,0.559437308351184,20.3212,9.113
8.11,-0.00794027450376255,0.0477421136287786,20.3212,9.113
8.12,-0.00786309485229858,0,20.3212,9.113
8.13,-0.00805545989567605,0,20.3212,9.113
8.14,-0.00797456223907561,0,20.3212,9.113
8.15,-0.0146383492861774,0,20.3212,9.113
8.2,-0.0416865787007407,0.278155095868534,20.1687,8.75310000000002
8.21,-0.0228570383076043,0,20.1687,8.75310000000002
8.22,-0.0228827716131599,0.079030788710966,20.1687,8.75310000000002
8.23,-0.0231659675446075,0,20.1687,8.75310000000002
8.24,-0.0231313678661889,0,20.1687,8.75310000000002
8.25,-0.0424289840229142,0,20.1687,8.75310000000002
8.3,-0.0606456908494281,0.0798720500849935,19.9338,8.41359999999997
8.31,-0.0334307964042049,0,19.9338,8.41359999999997
8.32,-0.0334999421834421,0,19.9338,8.41359999999997
8.33,-0.0332058231605796,0,19.9338,8.41359999999997
8.34,-0.0332484612308492,0,19.9338,8.41359999999997
8.35,-0.0604216462172767,0,19.9338,8.41359999999997
8.4,-0.0661293284565027,0.134674263127572,19.6762,8.09839999999997
8.41,-0.0279844779818177,0,19.6762,8.09839999999997
8.42,-0.0280804967125798,0,19.6762,8.09839999999997
8.43,-0.0279692795699092,0,19.6762,8.09839999999997
8.44,-0.0286089638918155,0,19.6762,8.09839999999997
8.45,-0.0416595737697839,0,19.6762,8.09839999999997
8.5,-0.0566610912679621,0.107502519544751,19.4038,7.80969999999996
8.51,-0.0321071672543702,0,19.4038,7.80969999999996
8.52,-0.0323158750751663,0,19.4038,7.80969999999996
8.53,-0.0322002348120837,0,19.4038,7.80969999999996
8.54,-0.0318221925822853,0,19.4038,7.80969999999996
8.55,-0.0607329236873246,0,19.4038,7.80969999999996
8.6,-0.0575310034033789,0.07258919545529,19.116,7.55009999999999
8.61,-0.0357785393856548,0,19.116,7.55009999999999
8.62,-0.0349087659727063,0,19.116,7.55009999999999
8.63,-0.0360700187772441,0,19.116,7.55009999999999
8.64,-0.0360987868850401,0,19.116,7.55009999999999
8.65,-0.0701900052448266,0,19.116,7.55009999999999
8.7,-0.0524392809266467,0.0290076174394774,18.8133,7.31900000000002
8.71,-0.0322881806487969,0,18.8133,7.31900000000002
8.72,-0.0322310569578331,0,18.8133,7.31900000000002
8.73,-0.0323668560182327,0,18.8133,7.31900000000002
8.74,-0.0332379652838279,0,18.8133,7.31900000000002
8.75,-0.071653964696075,0,18.8133,7.31900000000002
8.8,-0.112767168050281,,18.4988,7.1189
8.81,-0.0701790139995345,0,18.4988,7.1189
8.82,-0.0704482311152607,0,18.4988,7.1189
8.83,-0.0706892414902579,0,18.4988,7.1189
8.84,-0.0708355005386067,0,18.4988,7.1189
8.85,-0.163277233798948,0,18.4988,7.1189
8.9,-0.141111154449468,0.0771622976570927,18.2292,6.95029999999997
8.91,-0.0820614902479878,0,18.2292,6.95029999999997
8.92,-0.0818704157869893,0.0131883361026192,18.2292,6.95029999999997
8.93,-0.081821602012139,0,18.2292,6.95029999999997
8.94,-0.0817496723895122,0,18.2292,6.95029999999997
8.95,-0.165377619658389,0,18.2292,6.95029999999997
9,-0.136430127439429,0.507920390622123,17.9186,6.80790000000002
9.01,-0.0837035813994722,0,17.9186,6.80790000000002
9.02,-0.0828247183007696,0.125243061375252,17.9186,6.80790000000002
9.03,-0.0822082482949404,0,17.9186,6.80790000000002
9.04,-0.0818919349240037,0.0603871102829635,17.9186,6.80790000000002
9.05,-0.169114623021641,0,17.9186,6.80790000000002
9.1,-0.133804778588235,0.522065277587062,17.6641,6.69310000000002
9.11,-0.0926855636499406,0,17.6641,6.69310000000002
9.12,-0.0933813282897782,0.196908296060945,17.6641,6.69310000000002
9.13,-0.0937895158215114,0,17.6641,6.69310000000002
9.14,-0.0962838017408561,0.109391778855668,17.6641,6.69310000000002
9.15,-0.221992843491408,0,17.6641,6.69310000000002
9.2,-0.223884792806265,0.641357812794026,17.4542,6.60070000000002
9.21,-0.126177294793447,0,17.4542,6.60070000000002
9.22,-0.124987848762593,0.192377494789872,17.4542,6.60070000000002
9.23,-0.124339123820177,0,17.4542,6.60070000000002
9.24,-0.125854962538759,0.0709527475322592,17.4542,6.60070000000002
9.25,-0.2120018709665,0,17.4542,6.60070000000002
9.3,-0.159410512411798,0.890600150472579,17.3078,6.52620000000002
9.31,-0.0995444813051992,0,17.3078,6.52620000000002
9.32,-0.0996014789222436,0.0849045276838198,17.3078,6.52620000000002
9.33,-0.0998044865737286,0,17.3078,6.52620000000002
9.34,-0.100568662537219,0.00894787260758026,17.3078,6.52620000000002
9.35,-0.169885517268092,0,17.3078,6.52620000000002
9.4,-0.112968833763481,1,17.2288,6.46320000000003
9.41,-0.0675441561618374,0,17.2288,6.46320000000003
9.42,-0.0673931779029308,0.0606023685665878,17.2288,6.46320000000003
9.43,-0.0673683772222318,0,17.2288,6.46320000000003
9.44,-0.0679940606005891,0.0181311393351368,17.2288,6.46320000000003
9.45,-0.0954027634696841,0,17.2288,6.46320000000003
9.5,-0.0202251542942554,1,17.2077,6.40370000000002
9.51,-0.0116271645818748,0,17.2077,6.40370000000002
9.52,-0.011563418545672,0.116637078247467,17.2077,6.40370000000002
9.53,-0.0115585857485607,0,17.2077,6.40370000000002
9.54,-0.0124216890725403,0.0555601833474638,17.2077,6.40370000000002
9.55,-0.0192755460109342,0,17.2077,6.40370000000002
9.6,-0.00819964348869095,1,17.2011,6.3458
9.61,-0.00485650288505143,0,17.2011,6.3458
9.62,-0.00470399624800464,0.147018076787049,17.2011,6.3458
9.63,-0.00468506450712008,0,17.2011,6.3458
9.64,-0.00467381630864684,0.0743728588876567,17.2011,6.3458
9.65,-0.00752783435852956,0,17.2011,6.3458
9.7,-0.00189204772029443,0.917439135631252,17.1996,6.28949999999998
9.71,-0.00127258744738396,0,17.1996,6.28949999999998
9.72,-0.00124812398204233,0.18545759083621,17.1996,6.28949999999998
9.73,-0.00123841708265756,0,17.1996,6.28949999999998
9.74,-0.00126928063170939,0.0898109855051713,17.1996,6.28949999999998
9.75,-0.00206349637413789,0,17.1996,6.28949999999998
9.8,-0.0233851161824576,0.832270360037716,17.1792,6.23349999999999
9.81,-0.0163476572646965,0,17.1792,6.23349999999999
9.82,-0.016515908421464,0.211257351797032,17.1792,6.23349999999999
9.83,-0.0166231422870753,0,17.1792,6.23349999999999
9.84,-0.0166751055010191,0.10220557248863,17.1792,6.23349999999999
9.85,-0.0219240894450793,0,17.1792,6.23349999999999
9.9,-0.0329751945580336,0.75823114103204,17.1464,6.18170000000004
9.91,-0.0224260693909234,0,17.1464,6.18170000000004
9.92,-0.020756299950816,0.231540399561265,17.1464,6.18170000000004
9.93,-0.0202382237495395,0,17.1464,6.18170000000004
9.94,-0.0230330094577661,0.1113875389341,17.1464,6.18170000000004
9.95,-0.0305584380171363,0,17.1464,6.18170000000004
10,-0.0384826300217513,0.741852427321193,17.1019,6.13310000000001
10.01,-0.0258494221338319,0,17.1019,6.13310000000001
10.02,-0.0270602219660885,0.239864032913729,17.1019,6.13310000000001
10.03,-0.0277024741968132,0,17.1019,6.13310000000001
10.04,-0.0290771970711944,0.117238234938843,17.1019,6.13310000000001
10.05,-0.0445670901792977,0,17.1019,6.13310000000001
10.1,-0.0721050913282158,0.731291259480404,17.0579,6.089
10.11,-0.0440603395916501,0,17.0579,6.089
10.12,-0.0437169547976297,0.249644138860813,17.0579,6.089
10.13,-0.0431733833028047,0,17.0579,6.089
10.14,-0.0427957452235803,0.124527512776114,17.0579,6.089
10.15,-0.064451358704194,0,17.0579,6.089
10.2,-0.0400640921424215,0.730771150888552,17.0165,6.05019999999996
10.21,-0.0277767143837486,0,17.0165,6.05019999999996
10.22,-0.0279220994133988,0.259351167857013,17.0165,6.05019999999996
10.23,-0.0281145059841455,0,17.0165,6.05019999999996
10.24,-0.0299465007381241,0.132594438108985,17.0165,6.05019999999996
10.25,-0.0437786778472215,0,17.0165,6.05019999999996
10.3,-0.0339722719662639,0.775053487258936,16.9807,6.01439999999997
10.31,-0.025962031647672,0,16.9807,6.01439999999997
10.32,-0.0259070701438086,0.255874552918911,16.9807,6.01439999999997
10.33,-0.0259486169420423,0,16.9807,6.01439999999997
10.34,-0.0259341410387067,0.135126848007316,16.9807,6.01439999999997
10.35,-0.0374711044232348,0,16.9807,6.01439999999997
10.4,-0.0186797759796923,0.732859485193981,16.9581,5.98129999999998
10.41,-0.0140077478846039,0,16.9581,5.98129999999998
10.42,-0.0139245756726406,0.277717101938907,16.9581,5.98129999999998
10.43,-0.0139127015582762,0,16.9581,5.98129999999998
10.44,-0.0155032089364257,0.147937346677722,16.9581,5.98129999999998
10.45,-0.027792239856214,0,16.9581,5.98129999999998
10.5,-0.035076942407527,0.721178296122834,16.9335,5.95179999999994
10.51,-0.0192037235687947,0,16.9335,5.95179999999994
10.52,-0.0190585033571327,0.288934086061215,16.9335,5.95179999999994
10.53,-0.0189621140264332,0,16.9335,5.95179999999994
10.54,-0.0188767391025969,0.155809647495128,16.9335,5.95179999999994
10.55,-0.0312760126219723,0,16.9335,5.95179999999994
10.6,-0.0299916429397902,0.686975609613984,16.9115,5.9237
10.61,-0.0179784721315679,0,16.9115,5.9237
10.62,-0.0172932464748071,0.303828452590993,16.9115,5.9237
10.63,-0.0172868318015073,0,16.9115,5.9237
10.64,-0.0172069517998586,0.164214290294957,16.9115,5.9237
10.65,-0.0277819491237083,0,16.9115,5.9237
10.7,-0.0332198567275273,0.700640255080734,16.8869,5.89910000000003
10.71,-0.024056356569808,0,16.8869,5.89910000000003
10.72,-0.0241341198099764,0.304950176339772,16.8869,5.89910000000003
10.73,-0.0243153214985113,0,16.8869,5.89910000000003
10.74,-0.0255334433069283,0.166959393238365,16.8869,5.89910000000003
10.75,-0.0434295304318537,0,16.8869,5.89910000000003
10.8,-0.0247182928039727,0.685261553770228,16.8679,5.87569999999994
10.81,-0.0194131545612242,0,16.8679,5.87569999999994
10.82,-0.0194589454458458,0.314157521035876,16.8679,5.87569999999994
10.83,-0.0194426142158006,0,16.8679,5.87569999999994
10.84,-0.0194626522737283,0.17285179971999,16.8679,5.87569999999994
10.85,-0.0310020797267521,0,16.8679,5.87569999999994
10.9,-0.0271478821158995,0.688503014938209,16.8493,5.85419999999999
10.91,-0.0128139348446667,0,16.8493,5.85419999999999
10.92,-0.0125120172955491,0.31877003626552,16.8493,5.85419999999999
10.93,-0.0117629224691651,0,16.8493,5.85419999999999
10.94,-0.0116436106600435,0.177045011875163,16.8493,5.85419999999999
10.95,-0.0171851129717614,0,16.8493,5.85419999999999
11,-0.0160969668806865,0.671080125629355,16.8345,5.83539999999994
11.01,-0.010253158779711,0,16.8345,5.83539999999994
11.02,-0.0108032327015356,0.317769935395159,16.8345,5.83539999999994
11.03,-0.0108085560663053,0,16.8345,5.83539999999994
11.04,-0.0107641739033939,0.177439398075606,16.8345,5.83539999999994
11.05,-0.0147135074046695,0,16.8345,5.83539999999994
11.1,-0.0174634259123192,0.669851220388138,16.8192,5.81719999999996
11.11,-0.0105320182763509,0,16.8192,5.81719999999996
11.12,-0.010266801994074,0.317462713402821,16.8192,5.81719999999996
11.13,-0.0099498500224043,0,16.8192,5.81719999999996
11.14,-0.0101538196887059,0.178637971650505,16.8192,5.81719999999996
11.15,-0.0159865803391484,0,16.8192,5.81719999999996
11.2,-0.0139040985489914,0.648958151230017,16.8061,5.80050000000006
11.21,-0.00863801587201632,0,16.8061,5.80050000000006
11.22,-0.00890687960679852,0.312239473100922,16.8061,5.80050000000006
11.23,-0.00888741591425813,0,16.8061,5.80050000000006
11.24,-0.0089148856867945,0.176535702792566,16.8061,5.80050000000006
11.25,-0.0155149394739418,0,16.8061,5.80050000000006
11.3,-0.0197578250336491,0.646279195873929,16.7914,5.78629999999998
11.31,-0.0116244631514657,0,16.7914,5.78629999999998
11.32,-0.0116252521942446,0.311569740008304,16.7914,5.78629999999998
11.33,-0.0116767928730522,0,16.7914,5.78629999999998
11.34,-0.0117085019578661,0.177235664700255,16.7914,5.78629999999998
11.35,-0.0132333443796747,0,16.7914,5.78629999999998
11.4,-0.0134842087727429,0.635595452729608,16.7782,5.77260000000001
11.41,-0.00914066297065618,0,16.7782,5.77260000000001
11.42,-0.00909748095955704,0.308897511376336,16.7782,5.77260000000001
11.43,-0.00906075098193327,0,16.7782,5.77260000000001
11.44,-0.0118578832862511,0.176554354939648,16.7782,5.77260000000001
11.45,-0.0192183547102762,0,16.7782,5.77260000000001
11.5,-0.0185196069618588,0.644256167413231,16.7648,5.76120000000003
11.51,-0.0096019013938911,0,16.7648,5.76120000000003
11.52,-0.00958101541896955,0.311063990885251,16.7648,5.76120000000003
11.53,-0.0094572011543069,0,16.7648,5.76120000000003
11.54,-0.00942380606336814,0.178938368348771,16.7648,5.76120000000003
11.55,-0.0132741797707137,0,16.7648,5.76120000000003
11.6,-0.00924347027409839,0.634515148849013,16.7549,5.75
11.61,-0.00632156003513817,0,16.7549,5.75
11.62,-0.00638557551301725,0.30869515308518,16.7549,5.75
11.63,-0.00644779550215413,0,16.7549,5.75
11.64,-0.00651879400235289,0.178384947432751,16.7549,5.75
11.65,-0.0122355701185756,0,16.7549,5.75
11.7,-0.0104989366958007,0.64095685495336,16.745,5.73990000000003
11.71,-0.00750134307893116,0,16.745,5.73990000000003
11.72,-0.00747499722772145,0.310238165725209,16.745,5.73990000000003
11.73,-0.00744555011054258,0,16.745,5.73990000000003
11.74,-0.00744308108166111,0.18023703631492,16.745,5.73990000000003
11.75,-0.0148959881186814,0,16.745,5.73990000000003
11.8,-0.0127048788368353,0.626170706655758,16.7378,5.73159999999996
11.81,-0.00660116044417333,0,16.7378,5.73159999999996
11.82,-0.006313197072419,0.315974299933588,16.7378,5.73159999999996
11.83,-0.00618229976969223,0,16.7378,5.73159999999996
11.84,-0.00599440810185359,0.183266189616345,16.7378,5.73159999999996
11.85,-0.00739696293066808,0,16.7378,5.73159999999996
11.9,-0.00858829183321656,0.627432533083483,16.7307,5.72300000000007
11.91,-0.00548932963931825,0,16.7307,5.72300000000007
11.92,-0.00557753191489457,0.316572196732326,16.7307,5.72300000000007
11.93,-0.00574328382618789,0,16.7307,5.72300000000007
11.94,-0.00644520593366082,0.184299195602232,16.7307,5.72300000000007
11.95,-0.00911877810236121,0,16.7307,5.72300000000007
12,-0.00466990923857628,0.629581152615828,16.7251,5.71499999999992
12.01,-0.00322075137739587,0,16.7251,5.71499999999992
12.02,-0.00311975050605272,0.316330254608225,16.7251,5.71499999999992
12.03,-0.00308980799284248,0,16.7251,5.71499999999992
12.04,-0.00314453055153416,0.184762833432563,16.7251,5.71499999999992
12.05,-0.00461194891691734,0,16.7251,5.71499999999992
12.1,-0.00467719220524509,0.620724166007924,16.7207,5.70859999999993
12.11,-0.00369410534491144,0,16.7207,5.70859999999993
12.12,-0.00364270708035728,0.321918245295349,16.7207,5.70859999999993
12.13,-0.00370616054125624,0,16.7207,5.70859999999993
12.14,-0.00415380440703182,0.187722925480552,16.7207,5.70859999999993
12.15,-0.00599246599495459,0,16.7207,5.70859999999993
12.2,-0.0054754986344221,0.613283574026795,16.7169,5.70159999999999
12.21,-0.00365135684585688,0,16.7169,5.70159999999999
12.22,-0.0036717467938029,0.326610851882063,16.7169,5.70159999999999
12.23,-0.00373998446596651,0,16.7169,5.70159999999999
12.24,-0.00397041442052063,0.190203197596258,16.7169,5.70159999999999
12.25,-0.00631907701823268,0,16.7169,5.70159999999999
12.3,-0.00630291830714811,0.610237052781933,16.7134,5.69589999999994
12.31,-0.00351753945832898,0,16.7134,5.69589999999994
12.32,-0.00336056662385754,0.32876405175983,16.7134,5.69589999999994
12.33,-0.00338120995195285,0,16.7134,5.69589999999994
12.34,-0.00338103862842722,0.191473111052987,16.7134,5.69589999999994
12.35,-0.00448285924555017,0,16.7134,5.69589999999994
12.4,-0.00420627011325372,0.607608650114687,16.7105,5.68949999999995
12.41,-0.00260859379992954,0,16.7105,5.68949999999995
12.42,-0.00260566003299018,0.330683615705128,16.7105,5.68949999999995
12.43,-0.00258956160370641,0,16.7105,5.68949999999995
12.44,-0.00285699425006611,0.192647827261817,16.7105,5.68949999999995
12.45,-0.00347592598625501,0,16.7105,5.68949999999995
12.5,-0.00349000668994457,0.604647315069155,16.708,5.68339999999989
12.51,-0.00245032750454052,0,16.708,5.68339999999989
12.52,-0.0024822068142718,0.332355340510288,16.708,5.68339999999989
12.53,-0.00249196379131414,0,16.708,5.68339999999989
12.54,-0.00281801788243532,0.193682473505243,16.708,5.68339999999989
12.55,-0.00414669988531869,0,16.708,5.68339999999989
12.6,-0.00376054251434264,0.59788523080582,16.7058,5.67859999999996
12.61,-0.00220021192684456,0,16.7058,5.67859999999996
12.62,-0.00208209466990839,0.332273290959728,16.7058,5.67859999999996
12.63,-0.00204096967123045,0,16.7058,5.67859999999996
12.64,-0.0019866833740238,0.193625895823022,16.7058,5.67859999999996
12.65,-0.00257081968400428,0,16.7058,5.67859999999996
12.7,-0.00258248517605556,0.592815237956957,16.7035,5.67290000000003
12.71,-0.00217587123724108,0,16.7035,5.67290000000003
12.72,-0.00221835113183939,0.329666270969602,16.7035,5.67290000000003
12.73,-0.00225803714670427,0,16.7035,5.67290000000003
12.74,-0.00248974082887462,0.192300176416073,16.7035,5.67290000000003
12.75,-0.0028995702447565,0,16.7035,5.67290000000003
12.8,-0.00359118587877174,0.588867691278803,16.701,5.66759999999999
12.81,-0.00221820381879751,0,16.701,5.66759999999999
12.82,-0.00221275051225956,0.327668198119403,16.701,5.66759999999999
12.83,-0.00220212741381464,0,16.701,5.66759999999999
12.84,-0.00247065005077377,0.191316437681006,16.701,5.66759999999999
12.85,-0.00295765097452697,0,16.701,5.66759999999999
12.9,-0.0028363741283971,0.583599810908634,16.6983,5.6635
12.91,-0.00214034333579727,0,16.6983,5.6635
12.92,-0.00215132556487312,0.32494640011498,16.6983,5.6635
12.93,-0.00218991518508128,0,16.6983,5.6635
12.94,-0.00233873462475805,0.189909206667112,16.6983,5.6635
12.95,-0.00302646024581383,0,16.6983,5.6635
13,-0.00465490705288371,0.581039979559691,16.6955,5.65860000000009
13.01,-0.00276225975571664,0,16.6955,5.65860000000009
13.02,-0.0027865492638603,0.323768180297462,16.6955,5.65860000000009
13.03,-0.00278650298247587,0,16.6955,5.65860000000009
13.04,-0.00314554544602387,0.189461068021716,16.6955,5.65860000000009
13.05,-0.00362094093489254,0,16.6955,5.65860000000009
13.1,-0.00448022534409022,0.579104306534014,16.6928,5.65509999999995
13.11,-0.00190324003643645,0,16.6928,5.65509999999995
13.12,-0.00182864878917652,0.322917234696128,16.6928,5.65509999999995
13.13,-0.00185737213635346,0,16.6928,5.65509999999995
13.14,-0.00197381075880592,0.189165789853132,16.6928,5.65509999999995
13.15,-0.0020282951362278,0,16.6928,5.65509999999995
13.2,-0.0030649288141347,0.578132984231536,16.6904,5.6508
13.21,-0.00207401805692164,0,16.6904,5.6508
13.22,-0.00205483104232239,0.322537207314384,16.6904,5.6508
13.23,-0.0021417813692806,0,16.6904,5.6508
13.24,-0.00258191120834706,0.189114459387095,16.6904,5.6508
13.25,-0.00288786013873423,0,16.6904,5.6508
13.3,-0.00300667933098782,0.575147230215321,16.6882,5.64679999999999
13.31,-0.00206761332419307,0,16.6882,5.64679999999999
13.32,-0.00207505268886547,0.321114104596708,16.6882,5.64679999999999
13.33,-0.00208054546438615,0,16.6882,5.64679999999999
13.34,-0.00237285023285211,0.188495622759672,16.6882,5.64679999999999
13.35,-0.00288558587520351,0,16.6882,5.64679999999999
13.4,-0.00260719007673539,0.572164998518973,16.6862,5.64400000000001
13.41,-0.00180953929983484,0,16.6862,5.64400000000001
13.42,-0.00180720416393682,0.319692792604974,16.6862,5.64400000000001
13.43,-0.00183678336592111,0,16.6862,5.64400000000001
13.44,-0.00189699099514601,0.187877682819369,16.6862,5.64400000000001
13.45,-0.00317396838369216,0,16.6862,5.64400000000001
13.5,-0.00336270664635427,0.569553787809628,16.6842,5.6404
13.51,-0.00197862261240285,0,16.6842,5.6404
13.52,-0.00198726141206516,0.31841240718361,16.6842,5.6404
13.53,-0.00195818910982043,0,16.6842,5.6404
13.54,-0.00197372510081911,0.187290375298826,16.6842,5.6404
13.55,-0.00309679858239639,0,16.6842,5.6404
13.6,-0.0028824537747028,0.569174417749262,16.6823,5.63699999999994
13.61,-0.00178241901681648,0,16.6823,5.63699999999994
13.62,-0.0018099714508285,0.318343280639927,16.6823,5.63699999999994
13.63,-0.00178273800442405,0,16.6823,5.63699999999994
13.64,-0.00179694411310334,0.187383706514408,16.6823,5.63699999999994
13.65,-0.00232672642230978,0,16.6823,5.63699999999994
13.7,-0.00201718935329193,0.566668501101704,16.6807,5.63480000000004
13.71,-0.0013698342331675,0,16.6807,5.63480000000004
13.72,-0.00140353711562055,0.317116426087506,16.6807,5.63480000000004
13.73,-0.0014042008306915,0,16.6807,5.63480000000004
13.74,-0.00156256450257155,0.186823204007086,16.6807,5.63480000000004
13.75,-0.00191756047661207,0,16.6807,5.63480000000004
13.8,-0.00259974834971262,0.565150240510163,16.6791,5.63169999999991
13.81,-0.00145034079587781,0,16.6791,5.63169999999991
13.82,-0.00144190831018509,0.316429992189921,16.6791,5.63169999999991
13.83,-0.00144341245601812,0,16.6791,5.63169999999991
13.84,-0.00157430178030111,0.186570368262869,16.6791,5.63169999999991
13.85,-0.00217948900819203,0,16.6791,5.63169999999991
13.9,-0.0021738903285945,0.562366245669729,16.6776,5.62980000000005
13.91,-0.00147748148878415,0,16.6776,5.62980000000005
13.92,-0.0014449431802489,0.314985719708534,16.6776,5.62980000000005
13.93,-0.0014319396585046,0,16.6776,5.62980000000005
13.94,-0.00142404425511549,0.185812985504366,16.6776,5.62980000000005
13.95,-0.00185790356492751,0,16.6776,5.62980000000005
14,-0.00203595253914797,0.562349578314725,16.676,5.62710000000004
14.01,-0.00146389103632722,0,16.676,5.62710000000004
14.02,-0.00145937692184213,0.315115162229303,16.676,5.62710000000004
14.03,-0.00145631130998932,0,16.676,5.62710000000004
14.04,-0.00160460765232534,0.186029785804328,16.676,5.62710000000004
14.05,-0.00206107038654989,0,16.676,5.62710000000004
14.1,-0.00167319624768313,0.559595022626365,16.6747,5.62450000000001
14.11,-0.00121764073246701,0,16.6747,5.62450000000001
14.12,-0.00121747760460575,0.313685856435981,16.6747,5.62450000000001
14.13,-0.00120559821169676,0,16.6747,5.62450000000001
14.14,-0.00131895395050043,0.185279897455639,16.6747,5.62450000000001
14.15,-0.00177286729657082,0,16.6747,5.62450000000001
14.2,-0.00175679231227243,0.558211999889435,16.6733,5.62310000000002
14.21,-0.00107833417195264,0,16.6733,5.62310000000002
14.22,-0.0010550949796962,0.313068176651555,16.6733,5.62310000000002
14.23,-0.000963018669885661,0,16.6733,5.62310000000002
14.24,-0.000977179106564181,0.185061489602269,16.6733,5.62310000000002
14.25,-0.0012122516154341,0,16.6733,5.62310000000002
14.3,-0.00144365799736881,0.556824001063414,16.672,5.62069999999994
14.31,-0.000788319798517825,0,16.672,5.62069999999994
14.32,-0.000851225837473296,0.312386095594739,16.672,5.62069999999994
14.33,-0.000847335458175101,0,16.672,5.62069999999994
14.34,-0.000938390866316649,0.184746860698197,16.672,5.62069999999994
14.35,-0.00116799945162332,0,16.672,5.62069999999994
14.4,-0.00139735219729511,0.556579671661057,16.6708,5.61860000000002
14.41,-0.0010549385984224,0,16.6708,5.61860000000002
14.42,-0.00105378344653227,0.312385622910702,16.6708,5.61860000000002
14.43,-0.00101021112781536,0,16.6708,5.61860000000002
14.44,-0.000946168977652715,0.184874569603819,16.6708,5.61860000000002
14.45,-0.00153948601875682,0,16.6708,5.61860000000002
14.5,-0.0012175153920078,0.553871305797159,16.6698,5.61750000000006
14.51,-0.000758430737184123,0,16.6698,5.61750000000006
14.52,-0.000779756794492112,0.310979799746901,16.6698,5.61750000000006
14.53,-0.000838614247412286,0,16.6698,5.61750000000006
14.54,-0.000854545121154698,0.184136439932165,16.6698,5.61750000000006
14.55,-0.00119291583357417,0,16.6698,5.61750000000006
14.6,-0.00148400458778818,0.552542924844658,16.6686,5.61559999999997
14.61,-0.0010251471169294,0,16.6686,5.61559999999997
14.62,-0.00102105018866156,0.310328028059038,16.6686,5.61559999999997
14.63,-0.00102345445746047,0,16.6686,5.61559999999997
14.64,-0.00107816026853265,0.183836988122216,16.6686,5.61559999999997
14.65,-0.00158129427510046,0,16.6686,5.61559999999997
14.7,-0.00097423315370799,0.552382870959877,16.6675,5.61469999999997
14.71,-0.000707395793405868,0,16.6675,5.61469999999997
14.72,-0.000703759457217404,0.310308529083668,16.6675,5.61469999999997
14.73,-0.000702450099421161,0,16.6675,5.61469999999997
14.74,-0.000682838427043401,0.18389119701636,16.6675,5.61469999999997
14.75,-0.00136364250057018,0,16.6675,5.61469999999997
14.8,-0.00104814887933295,0.55246663825806,16.6665,5.61299999999994
14.81,-0.000781271700419689,0,16.6665,5.61299999999994
14.82,-0.000785323711912524,0.310427160520431,16.6665,5.61299999999994
14.83,-0.000809223787989691,0,16.6665,5.61299999999994
14.84,-0.000831243286523325,0.184038610982249,16.6665,5.61299999999994
14.85,-0.00124045592471597,0,16.6665,5.61299999999994
14.9,-0.000937803788727768,0.550940029598673,16.6657,5.6114
14.91,-0.000657154339386093,0,16.6657,5.6114
14.92,-0.000645023250447839,0.309660437869922,16.6657,5.6114
14.93,-0.000652642356436125,0,16.6657,5.6114
14.94,-0.000725179801383642,0.1836575609632,16.6657,5.6114
14.95,-0.0010780956052899,0,16.6657,5.6114
15,-0.00128702072002542,0.551880787546339,16.6649,5.61080000000004
15.01,-0.000791295997586826,0,16.6649,5.61080000000004
15.02,-0.000778423963477386,0.310300758725129,16.6649,5.61080000000004
15.03,-0.00077157732805229,0,16.6649,5.61080000000004
15.04,-0.000763209560355438,0.184143197286167,16.6649,5.61080000000004
15.05,-0.00122670956232071,0,16.6649,5.61080000000004
15.1,-0.000828736949423883,0.549559782667713,16.6644,5.60929999999996
15.11,-0.000532359907090031,0,16.6644,5.60929999999996
15.12,-0.00053076465571008,0.309044169288592,16.6644,5.60929999999996
15.13,-0.000539860269471689,0,16.6644,5.60929999999996
15.14,-0.000532096516376605,0.183439859754696,16.6644,5.60929999999996
15.15,-0.00068994795333405,0,16.6644,5.60929999999996
15.2,-0.00118114710769394,0.550492788846185,16.6637,5.60789999999997
15.21,-0.000646185037890149,0,16.6637,5.60789999999997
15.22,-0.000614875653670716,0.309618677732386,16.6637,5.60789999999997
15.23,-0.000629559310405708,0,16.6637,5.60789999999997
15.24,-0.000687111290014945,0.183828568414214,16.6637,5.60789999999997
15.25,-0.000755508756763281,0,16.6637,5.60789999999997
15.3,-0.000572138440918469,0.549315453266099,16.6633,5.60760000000005
15.31,-0.000360574694115315,0,16.6633,5.60760000000005
15.32,-0.00034009478826622,0.309043696605033,16.6633,5.60760000000005
15.33,-0.000344305518215736,0,16.6633,5.60760000000005
15.34,-0.000381557915228254,0.18356756866066,16.6633,5.60760000000005
15.35,-0.000494268888003915,0,16.6633,5.60760000000005
15.4,-0.000552225429624368,0.548041519366211,16.6629,5.60619999999994
15.41,-0.00035021554981194,0,16.6629,5.60619999999994
15.42,-0.000343648232620884,0.308357734013138,16.6629,5.60619999999994
15.43,-0.000353111623256215,0,16.6629,5.60619999999994
15.44,-0.000353521600423978,0.183187023320606,16.6629,5.60619999999994
15.45,-0.000469156273418667,0,16.6629,5.60619999999994
15.5,-0.000682065344953867,0.547911250710493,16.6623,5.60599999999999
15.51,-0.000437694669049841,0,16.6623,5.60599999999999
15.52,-0.000442109901076917,0.308353377669401,16.6623,5.60599999999999
15.53,-0.000446248443990523,0,16.6623,5.60599999999999
15.54,-0.000482853162955743,0.183248814726358,16.6623,5.60599999999999
15.55,-0.000695180826733692,0,16.6623,5.60599999999999
15.6,-0.000513669488540358,0.54668330231976,16.6619,5.60479999999996
15.61,-0.000332434725576178,0,16.6619,5.60479999999996
15.62,-0.000325867362793696,0.307690793834308,16.6619,5.60479999999996
15.63,-0.000335538280310172,0,16.6619,5.60479999999996
15.64,-0.000320603553212413,0.18287997605022,16.6619,5.60479999999996
15.65,-0.000423578290407841,0,16.6619,5.60479999999996
15.7,-0.000401601694378771,0.547691929225081,16.6614,5.60360000000003
15.71,-0.000309306242606408,0,16.6614,5.60360000000003
15.72,-0.000307636970676871,0.30830374740158,16.6614,5.60360000000003
15.73,-0.000317763783917365,0,16.6614,5.60360000000003
15.74,-0.000335851153613159,0.183287935696407,16.6614,5.60360000000003
15.75,-0.000619625060937233,0,16.6614,5.60360000000003
15.8,-0.000439099112930908,0.545232513165536,16.6611,5.60350000000005
15.81,-0.000250062839086045,0,16.6611,5.60350000000005
15.82,-0.000245752800210359,0.306962617365117,16.6611,5.60350000000005
15.83,-0.000243539603768197,0,16.6611,5.60350000000005
15.84,-0.000255088672466746,0.182518227621373,16.6611,5.60350000000005
15.85,-0.000382396567127908,0,16.6611,5.60350000000005
15.9,-0.000766771966775628,0.543933955692137,16.6606,5.60239999999999
15.91,-0.000497379755243813,0,16.6606,5.60239999999999
15.92,-0.000501811847359281,0.306326007754719,16.6606,5.60239999999999
15.93,-0.000504261263906458,0,16.6606,5.60239999999999
15.94,-0.000513756001962277,0.182226368060441,16.6606,5.60239999999999
15.95,-0.000846909831038192,0,16.6606,5.60239999999999
16,-0.000797373458929921,0.543828544734554,16.66,5.60140000000001
16.01,-0.000520519654582788,0,16.66,5.60140000000001
16.02,-0.000519766035490015,0.306272417456882,16.66,5.60140000000001
16.03,-0.000518829481495544,0,16.66,5.60140000000001
16.04,-0.000513879793024233,0.182199533288834,16.66,5.60140000000001
16.05,-0.000839991989210181,0,16.66,5.60140000000001
16.1,-0.000411278853129986,0.544026352713741,16.6595,5.60140000000001
16.11,-0.000330769594745153,0,16.6595,5.60140000000001
16.12,-0.000333492673074464,0.306387155032708,16.6595,5.60140000000001
16.13,-0.000339312040901387,0,16.6595,5.60140000000001
16.14,-0.000339284044450772,0.182281024646828,16.6595,5.60140000000001
16.15,-0.000899721565580149,0,16.6595,5.60140000000001
16.2,-0.00084958597333134,0.543925517044031,16.659,5.60050000000001
16.21,-0.000453334370935529,0,16.659,5.60050000000001
16.22,-0.000424167502671842,0.306397762242093,16.659,5.60050000000001
16.23,-0.00041538455444174,0,16.659,5.60050000000001
16.24,-0.000395208095809819,0.1823503088926,16.659,5.60050000000001
16.25,-0.000499907510705401,0,16.659,5.60050000000001
16.3,-0.000523538685255506,0.542499802747005,16.6586,5.60059999999999
16.31,-0.000301757715612904,0,16.6586,5.60059999999999
16.32,-0.000305870032888507,0.305620462221165,16.6586,5.60059999999999
16.33,-0.000319771281755353,0,16.6586,5.60059999999999
16.34,-0.000372051501535929,0.181899989569324,16.6586,5.60059999999999
16.35,-0.000498581451949661,0,16.6586,5.60059999999999
16.4,-0.000848819146221516,0.544950538611503,16.6581,5.59979999999996
16.41,-0.000502658600422594,0,16.6581,5.59979999999996
16.42,-0.000495914265309117,0.307019050757222,16.6581,5.59979999999996
16.43,-0.000492040871390053,0,16.6581,5.59979999999996
16.44,-0.000488477699824634,0.182762442175184,16.6581,5.59979999999996
16.45,-0.000611871250844687,0,16.6581,5.59979999999996
16.5,-0.000112367092812409,0.543570575979732,16.658,5.59890000000007
16.51,-7.96903814181395E-05,0,16.658,5.59890000000007
16.52,-8.05961453467502E-05,0.306265010608036,16.658,5.59890000000007
16.53,-8.07107573828485E-05,0,16.658,5.59890000000007
16.54,-9.19702664179416E-05,0.18232376998527,16.658,5.59890000000007
16.55,-0.000112410157453674,0,16.658,5.59890000000007
16.6,-0.000260445407606654,0.544882469577089,16.6578,5.5992
16.61,-0.000156341996626263,0,16.6578,5.5992
16.62,-0.000155748384700714,0.307046316327513,16.6578,5.5992
16.63,-0.000157661338369944,0,16.6578,5.5992
16.64,-0.000171201322489065,0.182840067918027,16.6578,5.5992
16.65,-0.000214847366465967,0,16.6578,5.5992
16.7,0,0.542347295868866,16.6578,5.59839999999997
16.71,0,0,16.6578,5.59839999999997
16.72,0,0.305666671557019,16.6578,5.59839999999997
16.73,0,0,16.6578,5.59839999999997
16.74,0,0.18205107399981,16.6578,5.59839999999997
16.75,0,0,16.6578,5.59839999999997
16.8,-0.000409281581065502,0.542242240336182,16.6575,5.59759999999994
16.81,-0.000222800653729979,0,16.6575,5.59759999999994
16.82,-0.000218238883321592,0.305613261955069,16.6575,5.59759999999994
16.83,-0.000216530870020679,0,16.6575,5.59759999999994
16.84,-0.000239013471315897,0.182024329709834,16.6575,5.59759999999994
16.85,-0.000296369768803105,0,16.6575,5.59759999999994
16.9,-0.000214986673227038,0.542242235543587,16.6573,5.59789999999998
16.91,-0.000134256393841113,0,16.6573,5.59789999999998
16.92,-0.000134016595892572,0.305613259518424,16.6573,5.59789999999998
16.93,-0.000130090427074162,0,16.6573,5.59789999999998
16.94,-0.000141408520981839,0.182024328489655,16.6573,5.59789999999998
16.95,-0.000175450579145325,0,16.6573,5.59789999999998
17,-0.000356512987895266,0.541103385972044,16.657,5.59720000000004
17.01,-0.000192161561615229,0,16.657,5.59720000000004
17.02,-0.000197320512035972,0.304995972988139,16.657,5.59720000000004
17.03,-0.000196954516852629,0,16.657,5.59720000000004
17.04,-0.000223354728769715,0.181678171956907,16.657,5.59720000000004
17.05,-0.000266385072338579,0,16.657,5.59720000000004
17.1,-0.000379579602769586,0.542111968490472,16.6567,5.59749999999997
17.11,-0.000237208897233342,0,16.6567,5.59749999999997
17.12,-0.000231620730595589,0.305608903989528,16.6567,5.59749999999997
17.13,-0.000224751044903559,0,16.6567,5.59749999999997
17.14,-0.000246743117106649,0.182086120303432,16.6567,5.59749999999997
17.15,-0.000278785767933999,0,16.6567,5.59749999999997
17.2,-0.000105641459630212,0.54098932002641,16.6566,5.59690000000001
17.21,-7.41525231951202E-05,0,16.6566,5.59690000000001
17.22,-7.69902199769124E-05,0.304999854004854,16.6566,5.59690000000001
17.23,-7.78106262984236E-05,0,16.6566,5.59690000000001
17.24,-9.12013394359631E-05,0.181744088133328,16.6566,5.59690000000001
17.25,-0.000133574008139661,0,16.6566,5.59690000000001
17.3,-0.000338406790235557,0.542052548613321,16.6563,5.59630000000004
17.31,-0.000220072547667923,0,16.6563,5.59630000000004
17.32,-0.000218116691425399,0.305578695280795,16.6563,5.59630000000004
17.33,-0.000219012270899181,0,16.6563,5.59630000000004
17.34,-0.000211295691773981,0.182070993613967,16.6563,5.59630000000004
17.35,-0.000286171690568769,0,16.6563,5.59630000000004
17.4,-8.64637369280848E-05,0.540989317315903,16.6562,5.59659999999997
17.41,-6.3568649622378E-05,0,16.6562,5.59659999999997
17.42,-6.34564143240012E-05,0.304999852626827,16.6562,5.59659999999997
17.43,-6.46376378326114E-05,0,16.6562,5.59659999999997
17.44,-7.35971924923537E-05,0.181744087443295,16.6562,5.59659999999997
17.45,-9.38629619548943E-05,0,16.6562,5.59659999999997
17.5,-0.00021603197494696,0.541997903282598,16.656,5.596
17.51,-0.000155837790339806,0,16.656,5.596
17.52,-0.000154084523599241,0.305612785381236,16.656,5.596
17.53,-0.000157370593267031,0,16.656,5.596
17.54,-0.000168954503615913,0.182152036667486,16.656,5.596
17.55,-0.000189601341668598,0,16.656,5.596
17.6,0,0.542014104391629,16.656,5.59550000000002
17.61,0,0,16.656,5.59550000000002
17.62,0,0.305621021927786,16.656,5.59550000000002
17.63,0,0,16.656,5.59550000000002
17.64,0,0.182156161030708,16.656,5.59550000000002
17.65,0,0,16.656,5.59550000000002
17.7,0,0.540875255558152,16.656,5.59590000000003
17.71,0,0,16.656,5.59590000000003
17.72,0,0.305003735772589,16.656,5.59590000000003
17.73,0,0,16.656,5.59590000000003
17.74,0,0.181810004685857,16.656,5.59590000000003
17.75,0,0,16.656,5.59590000000003
17.8,-0.000138770740486762,0.540799633834757,16.6559,5.59530000000007
17.81,-8.63798667529625E-05,0,16.6559,5.59530000000007
17.82,-8.80447874922116E-05,0.304965290142589,16.6559,5.59530000000007
17.83,-8.95677186656408E-05,0,16.6559,5.59530000000007
17.84,-8.55348497638525E-05,0.181790753445652,16.6559,5.59530000000007
17.85,-0.000139804541151361,0,16.6559,5.59530000000007
17.9,-0.000155052290311606,0.540799630385128,16.6558,5.59469999999999
17.91,-8.98389912371613E-05,0,16.6558,5.59469999999999
17.92,-8.7709329680581E-05,0.304965288388922,16.6558,5.59469999999999
17.93,-9.02420048880819E-05,0,16.6558,5.59469999999999
17.94,-9.03913658147612E-05,0.181790752567473,16.6558,5.59469999999999
17.95,-0.000131593851868511,0,16.6558,5.59469999999999
18,-0.000106318684521796,0.539660780813507,16.6557,5.59519999999998
18.01,-7.0289432714397E-05,0,16.6557,5.59519999999998
18.02,-7.1341528339622E-05,0.304348001858438,16.6557,5.59519999999998
18.03,-6.98766501621045E-05,0,16.6557,5.59519999999998
18.04,-7.06021451799134E-05,0.181444596034691,16.6557,5.59519999999998
18.05,-9.67118063319328E-05,0,16.6557,5.59519999999998
18.1,-0.000297547503768039,0.539585159089813,16.6555,5.5945999999999
18.11,-0.000190100187411884,0,16.6555,5.5945999999999
18.12,-0.000195146535399278,0.304309556228112,16.6555,5.5945999999999
18.13,-0.000193363867918641,0,16.6555,5.5945999999999
18.14,-0.000195298280903234,0.181425344794239,16.6555,5.5945999999999
18.15,-0.000260035276429593,0,16.6555,5.5945999999999
18.2,-0.000209471689160862,0.539585155640256,16.6553,5.5951
18.21,-0.000143184270671379,0,16.6553,5.5951
18.22,-0.000144381740510023,0.3043095544744,16.6553,5.5951
18.23,-0.000142968790477286,0,16.6553,5.5951
18.24,-0.000144307227568122,0.181425343916143,16.6553,5.5951
18.25,-0.000263035031167469,0,16.6553,5.5951
18.3,-0.000292709248564316,0.539585155639875,16.6551,5.59460000000001
18.31,-0.000175051501643972,0,16.6551,5.59460000000001
18.32,-0.000172125206471267,0.304309554474203,16.6551,5.59460000000001
18.33,-0.000171126932382026,0,16.6551,5.59460000000001
18.34,-0.000169792693046867,0.181425343916016,16.6551,5.59460000000001
18.35,-0.00023224724731599,0,16.6551,5.59460000000001
18.4,-0.000360030214937243,0.540669359881811,16.6548,5.59410000000003
18.41,-0.000222601607030507,0,16.6548,5.59410000000003
18.42,-0.000216562174069681,0.304960931105641,16.6548,5.59410000000003
18.43,-0.000217104346430265,0,16.6548,5.59410000000003
18.44,-0.000237613836574822,0.181852543502692,16.6548,5.59410000000003
18.45,-0.000302901986460927,0,16.6548,5.59410000000003
18.5,0.000137790130026814,0.540685564438784,16.6549,5.59469999999999
18.51,6.75780176294342E-05,0,16.6549,5.59469999999999
18.52,6.68827468094303E-05,0.304969169405162,16.6549,5.59469999999999
18.53,6.61132513254829E-05,0,16.6549,5.59469999999999
18.54,7.04965325748064E-05,0.181856668743594,16.6549,5.59469999999999
18.55,8.77805519684361E-05,0,16.6549,5.59469999999999
18.6,0,0.539546715606084,16.6549,5.5942
18.61,0,0,16.6549,5.5942
18.62,0,0.304351883250447,16.6549,5.5942
18.63,0,0,16.6549,5.5942
18.64,0,0.181510512398984,16.6549,5.5942
18.65,0,0,16.6549,5.5942
18.7,-0.000113770679454955,0.54060994345361,16.6548,5.59370000000001
18.71,-7.34470506858278E-05,0,16.6548,5.59370000000001
18.72,-7.60070383865753E-05,0.304930724150283,16.6548,5.59370000000001
18.73,-7.59672534954398E-05,0,16.6548,5.59370000000001
18.74,-9.04867246134578E-05,0.181837417691183,16.6548,5.59370000000001
18.75,-0.000105896176753263,0,16.6548,5.59370000000001
18.8,0,0.54068556172858,16.6548,5.59430000000009
18.81,0,0,16.6548,5.59430000000009
18.82,0,0.304969168027243,16.6548,5.59430000000009
18.83,0,0,16.6548,5.59430000000009
18.84,0,0.18185666805364,16.6548,5.59430000000009
18.85,0,0,16.6548,5.59430000000009
18.9,0.000111423212814872,0.539546715606304,16.6549,5.59379999999999
18.91,8.31539922520177E-05,0,16.6549,5.59379999999999
18.92,7.99454108101506E-05,0.304351883250367,16.6549,5.59379999999999
18.93,8.21243484762911E-05,0,16.6549,5.59379999999999
18.94,0.000100760671112328,0.181510512398863,16.6549,5.59379999999999
18.95,0.000108365387596246,0,16.6549,5.59379999999999
19,-0.000115627108925033,0.540609943454619,16.6548,5.59429999999998
19.01,-7.9569890841024E-05,0,16.6548,5.59429999999998
19.02,-7.8004392775729E-05,0.304930724150868,16.6548,5.59429999999998
19.03,-7.86953356596913E-05,0,16.6548,5.59429999999998
19.04,-9.18027849639562E-05,0.181837417691536,16.6548,5.59429999999998
19.05,-0.00012556518198717,0,16.6548,5.59429999999998
19.1,0,0.539546712157234,16.6548,5.59389999999996
19.11,0,0,16.6548,5.59389999999996
19.12,0,0.304351881497089,16.6548,5.59389999999996
19.13,0,0,16.6548,5.59389999999996
19.14,0,0.181510511521004,16.6548,5.59389999999996
19.15,0,0,16.6548,5.59389999999996
19.2,-0.000160476267002565,0.540609943454232,16.6547,5.59339999999997
19.21,-9.1001486209506E-05,0,16.6547,5.59339999999997
19.22,-8.70032317914073E-05,0.304930724150522,16.6547,5.59339999999997
19.23,-8.42331204590761E-05,0,16.6547,5.59339999999997
19.24,-8.16557352501618E-05,0.181837417691424,16.6547,5.59339999999997
19.25,-0.000102792498704507,0,16.6547,5.59339999999997
19.3,0.000101776568823764,0.539546712157537,16.6548,5.59390000000008
19.31,7.15873698607141E-05,0,16.6548,5.59390000000008
19.32,7.15678258222577E-05,0.304351881497213,16.6548,5.59390000000008
19.33,7.15179148452729E-05,0,16.6548,5.59390000000008
19.34,7.85189927709212E-05,0.18151051152109,16.6548,5.59390000000008
19.35,0.000118076899260151,0,16.6548,5.59390000000008
19.4,-0.000142123429017618,0.539471093882124,16.6547,5.59349999999995
19.41,-9.39780016925398E-05,0,16.6547,5.59349999999995
19.42,-9.70652053203622E-05,0.3043134376201,16.6547,5.59349999999995
19.43,-9.66701238629116E-05,0,16.6547,5.59349999999995
19.44,-0.000103373925734378,0.181491261158537,16.6547,5.59349999999995
19.45,-0.000150621222627429,0,16.6547,5.59349999999995
19.5,-0.000172679717573035,0.539471090433205,16.6546,5.59300000000007
19.51,-0.000107976223268302,0,16.6546,5.59300000000007
19.52,-0.000110767020545878,0.30431343586655,16.6546,5.59300000000007
19.53,-0.000110083540894888,0,16.6546,5.59300000000007
19.54,-0.000110061009370258,0.181491260280458,16.6546,5.59300000000007
19.55,-0.000173390712652397,0,16.6546,5.59300000000007
19.6,-0.000148813868418558,0.539471090432752,16.6545,5.59360000000004
19.61,-0.000101891042303101,0,16.6545,5.59360000000004
19.62,-0.00010314792317316,0.304313435866412,16.6545,5.59360000000004
19.63,-0.000101933881445204,0,16.6545,5.59360000000004
19.64,-0.00010286762577906,0.181491260280473,16.6545,5.59360000000004
19.65,-0.000167365128008293,0,16.6545,5.59360000000004
19.7,-0.000115542063463372,0.538332240861658,16.6544,5.59320000000002
19.71,-8.64658758723314E-05,0,16.6544,5.59320000000002
19.72,-8.55627680015631E-05,0.303696149336228,16.6544,5.59320000000002
19.73,-8.48348732219184E-05,0,16.6544,5.59320000000002
19.74,-8.41010422638308E-05,0.181145103747671,16.6544,5.59320000000002
19.75,-0.000101123366869676,0,16.6544,5.59320000000002
19.8,-0.000288025820185083,0.540479672950977,16.6542,5.59379999999999
19.81,-0.000176154285521882,0,16.6542,5.59379999999999
19.82,-0.00017192800370517,0.304926366867583,16.6542,5.59379999999999
19.83,-0.000172153465701718,0,16.6542,5.59379999999999
19.84,-0.000195908087745432,0.181899208626804,16.6542,5.59379999999999
19.85,-0.000249307766378002,0,16.6542,5.59379999999999
19.9,0.000295308012658475,0.539432646211056,16.6544,5.59339999999997
19.91,0.000200982991477301,0,16.6544,5.59339999999997
19.92,0.000202462487539623,0.304355762513479,16.6544,5.59339999999997
19.93,0.000202901268161478,0,16.6544,5.59339999999997
19.94,0.00020528715604365,0.181576427697222,16.6544,5.59339999999997
19.95,0.000305042509399357,0,16.6544,5.59339999999997
20,0,0.540495878246474,16.6544,5.59289999999999
20.01,0,0,16.6544,5.59289999999999
20.02,0,0.304934605542465,16.6544,5.59289999999999
20.03,0,0,16.6544,5.59289999999999
20.04,0,0.181903334055529,16.6544,5.59289999999999
20.05,0,0,16.6544,5.59289999999999
20.1,0.000329699408878618,0.540571496522067,16.6546,5.59350000000006
20.11,0.000188972194625912,0,16.6546,5.59350000000006
20.12,0.00018821916025472,0.304973049419843,16.6546,5.59350000000006
20.13,0.000184591388999706,0,16.6546,5.59350000000006
20.14,0.000187681823164551,0.181922584418191,16.6546,5.59350000000006
20.15,0.000276694681566254,0,16.6546,5.59350000000006
20.2,0.000125568189302336,0.539432650399419,16.6547,5.59309999999994
20.21,7.41153103992505E-05,0,16.6547,5.59309999999994
20.22,7.33869085422928E-05,0.304355764642757,16.6547,5.59309999999994
20.23,7.32509247388241E-05,0,16.6547,5.59309999999994
20.24,7.33870369461417E-05,0.181576428763396,16.6547,5.59309999999994
20.25,0.000106842738073155,0,16.6547,5.59309999999994
20.3,0.000137631427835341,0.539411674005515,16.6548,5.59260000000006
20.31,9.48725059350787E-05,0,16.6548,5.59260000000006
20.32,9.20483778612535E-05,0.30428322891152,16.6548,5.59260000000006
20.33,8.99962879788186E-05,0,16.6548,5.59260000000006
20.34,9.90549604219624E-05,0.181476134469078,16.6548,5.59260000000006
20.35,0.000123317633088693,0,16.6548,5.59260000000006
20.4,-0.000137203271185451,0.5383322381516,16.6547,5.59309999999994
20.41,-8.76611184058126E-05,0,16.6547,5.59309999999994
20.42,-8.97924476224974E-05,0.30369614795843,16.6547,5.59309999999994
20.43,-8.95084647047488E-05,0,16.6547,5.59309999999994
20.44,-9.54213797591032E-05,0.18114510305788,16.6547,5.59309999999994
20.45,-0.00013680899990995,0,16.6547,5.59309999999994
20.5,-0.000291144746203226,0.538256619136963,16.6545,5.59270000000004
20.51,-0.000169887256341055,0,16.6545,5.59270000000004
20.52,-0.000173300444168587,0.303657703705438,16.6545,5.59270000000004
20.53,-0.000166605256781114,0,16.6545,5.59270000000004
20.54,-0.000169059378104497,0.181125852507125,16.6545,5.59270000000004
20.55,-0.000253994737590509,0,16.6545,5.59270000000004
20.6,-0.000252522878334832,0.538256615688218,16.6543,5.5933
20.61,-0.000143918527566609,0,16.6543,5.5933
20.62,-0.000145242945717573,0.303657701952268,16.6543,5.5933
20.63,-0.000145007943051696,0,16.6543,5.5933
20.64,-0.000146761234608166,0.181125851629316,16.6543,5.5933
20.65,-0.000235895468873797,0,16.6543,5.5933
20.7,-0.000317384829589429,0.539340819930777,16.6541,5.59289999999999
20.71,-0.000206704038912651,0,16.6541,5.59289999999999
20.72,-0.000207032064444313,0.304309078583968,16.6541,5.59289999999999
20.73,-0.000196024368072414,0,16.6541,5.59289999999999
20.74,-0.000189251014657102,0.181553051216128,16.6541,5.59289999999999
20.75,-0.000283379771636391,0,16.6541,5.59289999999999
20.8,0,0.540495874058815,16.6541,5.59250000000009
20.81,0,0,16.6541,5.59250000000009
20.82,0,0.304934603413471,16.6541,5.59250000000009
20.83,0,0,16.6541,5.59250000000009
20.84,0,0.181903332989479,16.6541,5.59250000000009
20.85,0,0,16.6541,5.59250000000009
20.9,0.000332441971520984,0.539432646950197,16.6543,5.59309999999994
20.91,0.000192757813271485,0,16.6543,5.59309999999994
20.92,0.000197270860915791,0.304355762889187,16.6543,5.59309999999994
20.93,0.000196936021560453,0,16.6543,5.59309999999994
20.94,0.00019774052797657,0.181576427885395,16.6543,5.59309999999994
20.95,0.000285804115034989,0,16.6543,5.59309999999994
21,0,0.53935702867551,16.6543,5.59270000000004
21.01,0,0,16.6543,5.59270000000004
21.02,0,0.304317319012453,16.6543,5.59270000000004
21.03,0,0,16.6543,5.59270000000004
21.04,0,0.181557177523014,16.6543,5.59270000000004
21.05,0,0,16.6543,5.59270000000004
21.1,0.000147753353623824,0.539357025226533,16.6544,5.59230000000002
21.11,8.79626196446145E-05,0,16.6544,5.59230000000002
21.12,8.92348147988474E-05,0.304317317258938,16.6544,5.59230000000002
21.13,8.49511981218563E-05,0,16.6544,5.59230000000002
21.14,9.40614606948522E-05,0.181557176645054,16.6544,5.59230000000002
21.15,9.43795791252683E-05,0,16.6544,5.59230000000002
21.2,0,0.539357025226637,16.6544,5.59289999999999
21.21,0,0,16.6544,5.59289999999999
21.22,0,0.304317317259154,16.6544,5.59289999999999
21.23,0,0,16.6544,5.59289999999999
21.24,0,0.181557176645068,16.6544,5.59289999999999
21.25,0,0,16.6544,5.59289999999999
21.3,0.000108816903015993,0.539357025226625,16.6545,5.5924
21.31,7.07160620379759E-05,0,16.6545,5.5924
21.32,7.05336389455737E-05,0.304317317258971,16.6545,5.5924
21.33,7.24477408788829E-05,0,16.6545,5.5924
21.34,7.65951416558659E-05,0.181557176644989,16.6545,5.5924
21.35,0.000101047113355134,0,16.6545,5.5924
21.4,0,0.539357025226625,16.6545,5.59300000000007
21.41,0,0,16.6545,5.59300000000007
21.42,0,0.304317317258971,16.6545,5.59300000000007
21.43,0,0,16.6545,5.59300000000007
21.44,0,0.181557176644989,16.6545,5.59300000000007
21.45,0,0,16.6545,5.59300000000007
21.5,0,0.539357025226625,16.6545,5.59259999999995
21.51,0,0,16.6545,5.59259999999995
21.52,0,0.304317317258971,16.6545,5.59259999999995
21.53,0,0,16.6545,5.59259999999995
21.54,0,0.181557176644989,16.6545,5.59259999999995
21.55,0,0,16.6545,5.59259999999995
21.6,0.000170672222402675,0.539357025226625,16.6546,5.59220000000005
21.61,9.61319437916473E-05,0,16.6546,5.59220000000005
21.62,9.65655188924601E-05,0.304317317258971,16.6546,5.59220000000005
21.63,9.593515125709E-05,0,16.6546,5.59220000000005
21.64,0.0001019200104972,0.181557176644989,16.6546,5.59220000000005
21.65,0.000144801938837879,0,16.6546,5.59220000000005
21.7,0,0.539357025226625,16.6546,5.59269999999992
21.71,0,0,16.6546,5.59269999999992
21.72,0,0.304317317258971,16.6546,5.59269999999992
21.73,0,0,16.6546,5.59269999999992
21.74,0,0.181557176644989,16.6546,5.59269999999992
21.75,0,0,16.6546,5.59269999999992
21.8,0,0.538272820984317,16.6546,5.59230000000002
21.81,0,0,16.6546,5.59230000000002
21.82,0,0.303665940627399,16.6546,5.59230000000002
21.83,0,0,16.6546,5.59230000000002
21.84,0,0.181129977058197,16.6546,5.59230000000002
21.85,0,0,16.6546,5.59230000000002
21.9,-0.000221625931630144,0.538256616427732,16.6544,5.59179999999992
21.91,-0.000160087633420174,0,16.6544,5.59179999999992
21.92,-0.00017543296679355,0.303657702328143,16.6544,5.59179999999992
21.93,-0.000177707803281053,0,16.6544,5.59179999999992
21.94,-0.000197215670785149,0.181125851817403,16.6544,5.59179999999992
21.95,-0.000226485915853687,0,16.6544,5.59179999999992
22,-0.00031775511750104,0.538256615688335,16.6542,5.5924
22.01,-0.000174817297071594,0,16.6542,5.5924
22.02,-0.000173793046295469,0.303657701952182,16.6542,5.5924
22.03,-0.000173240675151439,0,16.6542,5.5924
22.04,-0.000193603068621185,0.181125851629123,16.6542,5.5924
22.05,-0.000222155343867745,0,16.6542,5.5924
22.1,-0.000207142490270353,0.538201970358777,16.654,5.5920000000001
22.11,-0.000147376180829844,0,16.654,5.5920000000001
22.12,-0.000147764284782869,0.303691792053467,16.654,5.5920000000001
22.13,-0.000148302686686086,0,16.654,5.5920000000001
22.14,-0.000172290300849075,0.181206894683264,16.654,5.5920000000001
22.15,-0.000263764503165713,0,16.654,5.5920000000001
22.2,0,0.539281402763691,16.654,5.59269999999992
22.21,0,0,16.654,5.59269999999992
22.22,0,0.304278871253066,16.654,5.59269999999992
22.23,0,0,16.654,5.59269999999992
22.24,0,0.181537925216601,16.654,5.59269999999992
22.25,0,0,16.654,5.59269999999992
22.3,0,0.538218172205511,16.654,5.59230000000002
22.31,0,0,16.654,5.59230000000002
22.32,0,0.303700028974935,16.654,5.59230000000002
22.33,0,0,16.654,5.59230000000002
22.34,0,0.181211019234139,16.654,5.59230000000002
22.35,0,0,16.654,5.59230000000002
22.4,-0.000102345528990679,0.539281403502428,16.6539,5.5918999999999
22.41,-6.90767216460976E-05,0,16.6539,5.5918999999999
22.42,-6.89218958225944E-05,0.304278871628449,16.6539,5.5918999999999
22.43,-6.89615576223013E-05,0,16.6539,5.5918999999999
22.44,-7.28072864498731E-05,0.181537925404446,16.6539,5.5918999999999
22.45,-9.76216399896247E-05,0,16.6539,5.5918999999999
22.5,0.000142248268657802,0.539357021776602,16.654,5.59249999999997
22.51,8.45279855218575E-05,0,16.654,5.59249999999997
22.52,8.41972731212607E-05,0.304317315504872,16.654,5.59249999999997
22.53,8.5229466856395E-05,0,16.654,5.59249999999997
22.54,9.45868832789147E-05,0.181557175766722,16.654,5.59249999999997
22.55,0.000111475925709105,0,16.654,5.59249999999997
22.6,0,0.538218175654656,16.654,5.59220000000005
22.61,0,0,16.654,5.59220000000005
22.62,0,0.303700030728478,16.654,5.59220000000005
22.63,0,0,16.654,5.59220000000005
22.64,0,0.18121102011217,16.654,5.59220000000005
22.65,0,0,16.654,5.59220000000005
22.7,-0.000111561319700562,0.539281403502819,16.6539,5.59179999999992
22.71,-6.62381241154713E-05,0,16.6539,5.59179999999992
22.72,-6.54478499269769E-05,0.3042788716287,16.6539,5.59179999999992
22.73,-6.60087879434925E-05,0,16.6539,5.59179999999992
22.74,-6.38572526927298E-05,0.181537925404611,16.6539,5.59179999999992
22.75,-8.89573612499411E-05,0,16.6539,5.59179999999992
22.8,9.26475759635229E-05,0.539357021776602,16.654,5.5924
22.81,6.88388673428092E-05,0,16.654,5.5924
22.82,6.8386654970639E-05,0.304317315505158,16.654,5.5924
22.83,7.04534291903688E-05,0,16.654,5.5924
22.84,8.12492178826413E-05,0.181557175766744,16.654,5.5924
22.85,8.79687077253374E-05,0,16.654,5.5924
22.9,0,0.538218175654656,16.654,5.59199999999998
22.91,0,0,16.654,5.59199999999998
22.92,0,0.303700030728478,16.654,5.59199999999998
22.93,0,0,16.654,5.59199999999998
22.94,0,0.18121102011217,16.654,5.59199999999998
22.95,0,0,16.654,5.59199999999998
23,0,0.539281403502819,16.654,5.59259999999995
23.01,0,0,16.654,5.59259999999995
23.02,0,0.3042788716287,16.654,5.59259999999995
23.03,0,0,16.654,5.59259999999995
23.04,0,0.181537925404611,16.654,5.59259999999995
23.05,0,0,16.654,5.59259999999995
23.1,0,0.538218172205338,16.654,5.59230000000002
23.11,0,0,16.654,5.59230000000002
23.12,0,0.303700028975015,16.654,5.59230000000002
23.13,0,0,16.654,5.59230000000002
23.14,0,0.181211019234186,16.654,5.59230000000002
23.15,0,0,16.654,5.59230000000002
23.2,-0.000129730104234024,0.539281403502164,16.6539,5.59190000000001
23.21,-9.06288677612408E-05,0,16.6539,5.59190000000001
23.22,-9.14070522597355E-05,0.304278871628279,16.6539,5.59190000000001
23.23,-9.97297457953245E-05,0,16.6539,5.59190000000001
23.24,-9.98477396622045E-05,0.181537925404395,16.6539,5.59190000000001
23.25,-0.000146734536091149,0,16.6539,5.59190000000001
23.3,0.00013712208342428,0.539357021776942,16.654,5.59249999999997
23.31,9.95876694990402E-05,0,16.654,5.59249999999997
23.32,9.96664718152579E-05,0.304317315505229,16.654,5.59249999999997
23.33,0.000100970488614326,0,16.654,5.59249999999997
23.34,0.000100417634299216,0.181557175766922,16.654,5.59249999999997
23.35,0.000158590409642922,0,16.654,5.59249999999997
23.4,0,0.538218175653884,16.654,5.59210000000007
23.41,0,0,16.654,5.59210000000007
23.42,0,0.303700030728104,16.654,5.59210000000007
23.43,0,0,16.654,5.59210000000007
23.44,0,0.181211020111974,16.654,5.59210000000007
23.45,0,0,16.654,5.59210000000007
23.5,0,0.539281403502768,16.654,5.59180000000004
23.51,0,0,16.654,5.59180000000004
23.52,0,0.304278871628626,16.654,5.59180000000004
23.53,0,0,16.654,5.59180000000004
23.54,0,0.181537925404544,16.654,5.59180000000004
23.55,0,0,16.654,5.59180000000004
23.6,0,0.538218172205541,16.654,5.5924
23.61,0,0,16.654,5.5924
23.62,0,0.303700028974963,16.654,5.5924
23.63,0,0,16.654,5.5924
23.64,0,0.181211019234156,16.654,5.5924
23.65,0,0,16.654,5.5924
23.7,-0.000145513283976319,0.538142553930192,16.6539,5.59199999999998
23.71,-9.1985192202884E-05,0,16.6539,5.59199999999998
23.72,-9.06747145270129E-05,0.303661585097756,16.6539,5.59199999999998
23.73,-9.12324845888359E-05,0,16.6539,5.59199999999998
23.74,-8.8787693401741E-05,0.181191768871575,16.6539,5.59199999999998
23.75,-0.000112351140171333,0,16.6539,5.59199999999998
23.8,-0.000134081286882156,0.539281400053203,16.6538,5.59270000000004
23.81,-8.6369194336993E-05,0,16.6538,5.59270000000004
23.82,-8.32907179479128E-05,0.30427886987495,16.6538,5.59270000000004
23.83,-8.4586114684937E-05,0,16.6538,5.59270000000004
23.84,-9.41089466572929E-05,0.181537924526428,16.6538,5.59270000000004
23.85,-0.000138632679772804,0,16.6538,5.59270000000004
23.9,0.000106177653679121,0.538218172205419,16.6539,5.59230000000002
23.91,7.29217165437234E-05,0,16.6539,5.59230000000002
23.92,7.15808947132317E-05,0.303700028974785,16.6539,5.59230000000002
23.93,7.20753763747755E-05,0,16.6539,5.59230000000002
23.94,7.21718646486776E-05,0.181211019234069,16.6539,5.59230000000002
23.95,9.24050900628817E-05,0,16.6539,5.59230000000002
24,-9.71477145071796E-05,0.539281403502221,16.6538,5.59190000000001
24.01,-6.76892587803297E-05,0,16.6538,5.59190000000001
24.02,-6.67511844530703E-05,0.304278871628358,16.6538,5.59190000000001
24.03,-6.46477998373938E-05,0,16.6538,5.59190000000001
24.04,-7.41480661731521E-05,0.1815379254044,16.6538,5.59190000000001
24.05,-8.2440243017759E-05,0,16.6538,5.59190000000001
24.1,0.000113929213635481,0.539357021776959,16.6539,5.59260000000006
24.11,7.53038507388044E-05,0,16.6539,5.59260000000006
24.12,7.7613080390336E-05,0.304317315505147,16.6539,5.59260000000006
24.13,7.99604992496425E-05,0,16.6539,5.59260000000006
24.14,9.66739116903853E-05,0.181557175766849,16.6539,5.59260000000006
24.15,9.95985476855874E-05,0,16.6539,5.59260000000006
24.2,0,0.538218175654592,16.6539,5.59219999999993
24.21,0,0,16.6539,5.59219999999993
24.22,0,0.30370003072839,16.6539,5.59219999999993
24.23,0,0,16.6539,5.59219999999993
24.24,0,0.181211020112187,16.6539,5.59219999999993
24.25,0,0,16.6539,5.59219999999993
24.3,-9.90825722747234E-05,0.539281403501854,16.6538,5.59180000000004
24.31,-7.08825368496606E-05,0,16.6538,5.59180000000004
24.32,-6.94654660422331E-05,0.304278871628077,16.6538,5.59180000000004
24.33,-7.07756066280285E-05,0,16.6538,5.59180000000004
24.34,-7.08391995782759E-05,0.181537925404361,16.6538,5.59180000000004
24.35,-9.15732915306352E-05,0,16.6538,5.59180000000004
24.4,0.00012862806673179,0.539357021777096,16.6539,5.59250000000009
24.41,9.71862067684852E-05,0,16.6539,5.59250000000009
24.42,9.49481037786386E-05,0.304317315505407,16.6539,5.59250000000009
24.43,9.59621487188866E-05,0,16.6539,5.59250000000009
24.44,0.00011563603480382,0.181557175766991,16.6539,5.59250000000009
24.45,0.00011856220531174,0,16.6539,5.59250000000009
24.5,0,0.538218175654984,16.6539,5.59209999999996
24.51,0,0,16.6539,5.59209999999996
24.52,0,0.303700030728736,16.6539,5.59209999999996
24.53,0,0,16.6539,5.59209999999996
24.54,0,0.181211020112311,16.6539,5.59209999999996
24.55,0,0,16.6539,5.59209999999996
24.6,0,0.539281403502108,16.6539,5.59270000000004
24.61,0,0,16.6539,5.59270000000004
24.62,0,0.304278871628297,16.6539,5.59270000000004
24.63,0,0,16.6539,5.59270000000004
24.64,0,0.181537925404396,16.6539,5.59270000000004
24.65,0,0,16.6539,5.59270000000004
24.7,0,0.538218172205467,16.6539,5.5924
24.71,0,0,16.6539,5.5924
24.72,0,0.303700028974997,16.6539,5.5924
24.73,0,0,16.6539,5.5924
24.74,0,0.181211019234106,16.6539,5.5924
24.75,0,0,16.6539,5.5924
24.8,-0.000115795657839251,0.539281403502658,16.6538,5.59199999999998
24.81,-7.84677265463275E-05,0,16.6538,5.59199999999998
24.82,-7.97650960761274E-05,0.304278871628712,16.6538,5.59199999999998
24.83,-8.09636172707978E-05,0,16.6538,5.59199999999998
24.84,-9.0483991707103E-05,0.181537925404596,16.6538,5.59199999999998
24.85,-0.000114756809258409,0,16.6538,5.59199999999998
24.9,0.000173511217013549,0.539357021776483,16.6539,5.59260000000006
24.91,9.78032929849814E-05,0,16.6539,5.59260000000006
24.92,9.7650504514093E-05,0.304317315504977,16.6539,5.59260000000006
24.93,9.77520066372909E-05,0,16.6539,5.59260000000006
24.94,9.62364942533086E-05,0.181557175766687,16.6539,5.59260000000006
24.95,0.000143658259237105,0,16.6539,5.59260000000006
25,0,0.538218175655033,16.6539,5.59230000000002
25.01,0,0,16.6539,5.59230000000002
25.02,0,0.303700030728602,16.6539,5.59230000000002
25.03,0,0,16.6539,5.59230000000002
25.04,0,0.181211020112239,16.6539,5.59230000000002
25.05,0,0,16.6539,5.59230000000002
25.1,0,0.539281403502473,16.6539,5.59190000000001
25.11,0,0,16.6539,5.59190000000001
25.12,0,0.304278871628591,16.6539,5.59190000000001
25.13,0,0,16.6539,5.59190000000001
25.14,0,0.181537925404599,16.6539,5.59190000000001
25.15,0,0,16.6539,5.59190000000001
25.2,0,0.539357021777125,16.6539,5.59249999999997
25.21,0,0,16.6539,5.59249999999997
25.22,0,0.304317315505339,16.6539,5.59249999999997
25.23,0,0,16.6539,5.59249999999997
25.24,0,0.18155717576687,16.6539,5.59249999999997
25.25,0,0,16.6539,5.59249999999997
25.3,0,0.538218175654063,16.6539,5.59220000000005
25.31,0,0,16.6539,5.59220000000005
25.32,0,0.303700030728002,16.6539,5.59220000000005
25.33,0,0,16.6539,5.59220000000005
25.34,0,0.181211020111994,16.6539,5.59220000000005
25.35,0,0,16.6539,5.59220000000005
25.4,0,0.539281403501854,16.6539,5.59280000000001
25.41,0,0,16.6539,5.59280000000001
25.42,0,0.304278871628077,16.6539,5.59280000000001
25.43,0,0,16.6539,5.59280000000001
25.44,0,0.181537925404361,16.6539,5.59280000000001
25.45,0,0,16.6539,5.59280000000001
25.5,0,0.539357021777096,16.6539,5.5924
25.51,0,0,16.6539,5.5924
25.52,0,0.304317315505407,16.6539,5.5924
25.53,0,0,16.6539,5.5924
25.54,0,0.181557175766991,16.6539,5.5924
25.55,0,0,16.6539,5.5924
25.6,0.000119360157541434,0.53935702522616,16.654,5.59210000000007
25.61,7.02501117989563E-05,0,16.654,5.59210000000007
25.62,7.08058348961071E-05,0.304317317258824,16.654,5.59210000000007
25.63,7.07806229726757E-05,0,16.654,5.59210000000007
25.64,7.32528437122253E-05,0.181557176644851,16.654,5.59210000000007
25.65,0.000105218499452879,0,16.654,5.59210000000007
25.7,0,0.539357025225853,16.654,5.59270000000004
25.71,0,0,16.654,5.59270000000004
25.72,0,0.3043173172586,16.654,5.59270000000004
25.73,0,0,16.654,5.59270000000004
25.74,0,0.18155717664479,16.654,5.59270000000004
25.75,0,0,16.654,5.59270000000004
25.8,0,0.538218175654671,16.654,5.59230000000002
25.81,0,0,16.654,5.59230000000002
25.82,0,0.303700030728443,16.654,5.59230000000002
25.83,0,0,16.654,5.59230000000002
25.84,0,0.181211020112161,16.654,5.59230000000002
25.85,0,0,16.654,5.59230000000002
25.9,0,0.539281403502895,16.654,5.59190000000001
25.91,0,0,16.654,5.59190000000001
25.92,0,0.30427887162881,16.654,5.59190000000001
25.93,0,0,16.654,5.59190000000001
25.94,0,0.18153792540476,16.654,5.59190000000001
25.95,0,0,16.654,5.59190000000001
26,0,0.539357021777119,16.654,5.59249999999997
26.01,0,0,16.654,5.59249999999997
26.02,0,0.304317315505258,16.654,5.59249999999997
26.03,0,0,16.654,5.59249999999997
26.04,0,0.181557175766838,16.654,5.59249999999997
26.05,0,0,16.654,5.59249999999997
26.1,0.000121816249121158,0.538218175653808,16.6541,5.59220000000005
26.11,6.85844726457106E-05,0,16.6541,5.59220000000005
26.12,6.93075203287362E-05,0.303700030728001,16.6541,5.59220000000005
26.13,6.94112059362672E-05,0,16.6541,5.59220000000005
26.14,6.69130496513439E-05,0.18121102011197,16.6541,5.59220000000005
26.15,9.07217850605466E-05,0,16.6541,5.59220000000005
26.2,-0.000104760434696575,0.53928140350266,16.654,5.59280000000001
26.21,-7.17888049072705E-05,0,16.654,5.59280000000001
26.22,-7.05589125898362E-05,0.304278871628466,16.654,5.59280000000001
26.23,-7.11655267545379E-05,0,16.654,5.59280000000001
26.24,-7.67826133118701E-05,0.181537925404524,16.654,5.59280000000001
26.25,-8.8273075295858E-05,0,16.654,5.59280000000001
26.3,0,0.539357021776483,16.654,5.5924
26.31,0,0,16.654,5.5924
26.32,0,0.304317315504977,16.654,5.5924
26.33,0,0,16.654,5.5924
26.34,0,0.181557175766687,16.654,5.5924
26.35,0,0,16.654,5.5924
26.4,0.000107669662407688,0.539357025226225,16.6541,5.59199999999998
26.41,7.21240843276511E-05,0,16.6541,5.59199999999998
26.42,7.05358926665852E-05,0.304317317258858,16.6541,5.59199999999998
26.43,7.13705417912848E-05,0,16.6541,5.59199999999998
26.44,6.86702609246438E-05,0.18155717664496,16.6541,5.59199999999998
26.45,0.000102429258357251,0,16.6541,5.59199999999998
26.5,0,0.53935702522626,16.6541,5.59259999999995
26.51,0,0,16.6541,5.59259999999995
26.52,0,0.304317317258807,16.6541,5.59259999999995
26.53,0,0,16.6541,5.59259999999995
26.54,0,0.181557176644911,16.6541,5.59259999999995
26.55,0,0,16.6541,5.59259999999995
26.6,0.000120314389636336,0.538218175654413,16.6542,5.59220000000005
26.61,9.6502420438215E-05,0,16.6542,5.59220000000005
26.62,9.49326307829728E-05,0.303700030728271,16.6542,5.59220000000005
26.63,9.56904544622701E-05,0,16.6542,5.59220000000005
26.64,9.42906792975747E-05,0.181211020112155,16.6542,5.59220000000005
26.65,0.000150463446919749,0,16.6542,5.59220000000005
26.7,-0.000157900237171638,0.53928140350221,16.6541,5.59179999999992
26.71,-9.75989240228651E-05,0,16.6541,5.59179999999992
26.72,-9.91113705156826E-05,0.304278871628424,16.6541,5.59179999999992
26.73,-9.88579132449214E-05,0,16.6541,5.59179999999992
26.74,-9.71544653299103E-05,0.181537925404582,16.6541,5.59179999999992
26.75,-0.000109387329306331,0,16.6541,5.59179999999992
26.8,0,0.539357021776547,16.6541,5.59249999999997
26.81,0,0,16.6541,5.59249999999997
26.82,0,0.304317315505014,16.6541,5.59249999999997
26.83,0,0,16.6541,5.59249999999997
26.84,0,0.181557175766711,16.6541,5.59249999999997
26.85,0,0,16.6541,5.59249999999997
26.9,0.000100710831512239,0.538218175654063,16.6542,5.59210000000007
26.91,7.02162416440563E-05,0,16.6542,5.59210000000007
26.92,6.91292065384538E-05,0.303700030728237,16.6542,5.59210000000007
26.93,7.06465017018648E-05,0,16.6542,5.59210000000007
26.94,7.83766703352579E-05,0.181211020112078,16.6542,5.59210000000007
26.95,9.18737692455512E-05,0,16.6542,5.59210000000007
27,-0.000132318272730979,0.539281403502885,16.6541,5.59269999999992
27.01,-7.33709899465978E-05,0,16.6541,5.59269999999992
27.02,-7.38998460089263E-05,0.304278871628707,16.6541,5.59269999999992
27.03,-7.4253342397289E-05,0,16.6541,5.59269999999992
27.04,-8.26603917115063E-05,0.181537925404617,16.6541,5.59269999999992
27.05,-0.000111809048038958,0,16.6541,5.59269999999992
27.1,0,0.538218172205557,16.6541,5.59230000000002
27.11,0,0,16.6541,5.59230000000002
27.12,0,0.303700028975082,16.6541,5.59230000000002
27.13,0,0,16.6541,5.59230000000002
27.14,0,0.181211019234253,16.6541,5.59230000000002
27.15,0,0,16.6541,5.59230000000002
27.2,0,0.539281403502291,16.6541,5.59190000000001
27.21,0,0,16.6541,5.59190000000001
27.22,0,0.304278871628558,16.6541,5.59190000000001
27.23,0,0,16.6541,5.59190000000001
27.24,0,0.181537925404552,16.6541,5.59190000000001
27.25,0,0,16.6541,5.59190000000001
27.3,0,0.539357021777158,16.6541,5.59249999999997
27.31,0,0,16.6541,5.59249999999997
27.32,0,0.304317315505306,16.6541,5.59249999999997
27.33,0,0,16.6541,5.59249999999997
27.34,0,0.181557175766895,16.6541,5.59249999999997
27.35,0,0,16.6541,5.59249999999997
27.4,0.000127796807443921,0.538218175654565,16.6542,5.59210000000007
27.41,8.7128841212034E-05,0,16.6542,5.59210000000007
27.42,8.72310415178479E-05,0.303700030728497,16.6542,5.59210000000007
27.43,8.74292372693835E-05,0,16.6542,5.59210000000007
27.44,9.65566267942536E-05,0.181211020112178,16.6542,5.59210000000007
27.45,0.000126626614417307,0,16.6542,5.59210000000007
27.5,-9.86853262683045E-05,0.539281403502788,16.6541,5.59169999999995
27.51,-6.59335587549022E-05,0,16.6541,5.59169999999995
27.52,-6.65803756103985E-05,0.304278871628667,16.6541,5.59169999999995
27.53,-6.4349752530542E-05,0,16.6541,5.59169999999995
27.54,-6.11969453351322E-05,0.181537925404517,16.6541,5.59169999999995
27.55,-7.62266715855457E-05,0,16.6541,5.59169999999995
27.6,0,0.538218172205711,16.6541,5.59230000000002
27.61,0,0,16.6541,5.59230000000002
27.62,0,0.303700028975023,16.6541,5.59230000000002
27.63,0,0,16.6541,5.59230000000002
27.64,0,0.181211019234156,16.6541,5.59230000000002
27.65,0,0,16.6541,5.59230000000002
27.7,-0.000102438764669009,0.538142553930201,16.654,5.5920000000001
27.71,-7.41274921661054E-05,0,16.654,5.5920000000001
27.72,-8.38470072944053E-05,0.303661585097801,16.654,5.5920000000001
27.73,-8.37627811858988E-05,0,16.654,5.5920000000001
27.74,-8.25150105839417E-05,0.181191768871647,16.654,5.5920000000001
27.75,-0.000120832920406729,0,16.654,5.5920000000001
27.8,0,0.539281400053411,16.654,5.59259999999995
27.81,0,0,16.654,5.59259999999995
27.82,0,0.304278869874951,16.654,5.59259999999995
27.83,0,0,16.654,5.59259999999995
27.84,0,0.181537924526455,16.654,5.59259999999995
27.85,0,0,16.654,5.59259999999995
27.9,0,0.538218172205434,16.654,5.59220000000005
27.91,0,0,16.654,5.59220000000005
27.92,0,0.303700028974923,16.654,5.59220000000005
27.93,0,0,16.654,5.59220000000005
27.94,0,0.181211019234094,16.654,5.59220000000005
27.95,0,0,16.654,5.59220000000005
28,-0.000120146204525644,0.539281403502442,16.6539,5.59179999999992
28.01,-7.44901859098763E-05,0,16.6539,5.59179999999992
28.02,-7.32899636370824E-05,0.304278871628505,16.6539,5.59179999999992
28.03,-7.30779912499233E-05,0,16.6539,5.59179999999992
28.04,-7.2167642539522E-05,0.181537925404518,16.6539,5.59179999999992
28.05,-0.000112328573417772,0,16.6539,5.59179999999992
28.1,9.66955302881342E-05,0.539357021777226,16.654,5.5924
28.11,6.90753565092337E-05,0,16.654,5.5924
28.12,7.000435617835E-05,0.304317315505345,16.654,5.5924
28.13,7.01949719004526E-05,0,16.654,5.5924
28.14,7.02603498355053E-05,0.181557175766911,16.654,5.5924
28.15,0.000101956677629502,0,16.654,5.5924
28.2,0,0.538218175654154,16.654,5.59210000000007
28.21,0,0,16.654,5.59210000000007
28.22,0,0.303700030728315,16.654,5.59210000000007
28.23,0,0,16.654,5.59210000000007
28.24,0,0.181211020112085,16.654,5.59210000000007
28.25,0,0,16.654,5.59210000000007
28.3,0,0.53928140350194,16.654,5.59169999999995
28.31,0,0,16.654,5.59169999999995
28.32,0,0.304278871628134,16.654,5.59169999999995
28.33,0,0,16.654,5.59169999999995
28.34,0,0.18153792540439,16.654,5.59169999999995
28.35,0,0,16.654,5.59169999999995
28.4,0,0.538218172205086,16.654,5.59230000000002
28.41,0,0,16.654,5.59230000000002
28.42,0,0.303700028974768,16.654,5.59230000000002
28.43,0,0,16.654,5.59230000000002
28.44,0,0.181211019234047,16.654,5.59230000000002
28.45,0,0,16.654,5.59230000000002
28.5,-0.000101436403694161,0.538142553930571,16.6539,5.59190000000001
28.51,-8.81988262035034E-05,0,16.6539,5.59190000000001
28.52,-9.27106505629924E-05,0.303661585097948,16.6539,5.59190000000001
28.53,-9.87613111648287E-05,0,16.6539,5.59190000000001
28.54,-0.000100604060329044,0.181191768871729,16.6539,5.59190000000001
28.55,-0.000173766405938876,0,16.6539,5.59190000000001
28.6,0,0.539281400053162,16.6539,5.59159999999997
28.61,0,0,16.6539,5.59159999999997
28.62,0,0.304278869874834,16.6539,5.59159999999997
28.63,0,0,16.6539,5.59159999999997
28.64,0,0.181537924526414,16.6539,5.59159999999997
28.65,0,0,16.6539,5.59159999999997
28.7,0,0.538218172205237,16.6539,5.59220000000005
28.71,0,0,16.6539,5.59220000000005
28.72,0,0.303700028974755,16.6539,5.59220000000005
28.73,0,0,16.6539,5.59220000000005
28.74,0,0.181211019234028,16.6539,5.59220000000005
28.75,0,0,16.6539,5.59220000000005
28.8,-0.000149715297409629,0.538142553929993,16.6538,5.59179999999992
28.81,-9.00848162027132E-05,0,16.6538,5.59179999999992
28.82,-9.16180977405178E-05,0.303661585097693,16.6538,5.59179999999992
28.83,-9.82806583434143E-05,0,16.6538,5.59179999999992
28.84,-0.000113153139542462,0.181191768871551,16.6538,5.59179999999992
28.85,-0.000126508597677834,0,16.6538,5.59179999999992
28.9,0,0.539281400052721,16.6538,5.59249999999997
28.91,0,0,16.6538,5.59249999999997
28.92,0,0.3042788698747,16.6538,5.59249999999997
28.93,0,0,16.6538,5.59249999999997
28.94,0,0.181537924526304,16.6538,5.59249999999997
28.95,0,0,16.6538,5.59249999999997
29,0,0.538218172205087,16.6538,5.59209999999996
29.01,0,0,16.6538,5.59209999999996
29.02,0,0.303700028974708,16.6538,5.59209999999996
29.03,0,0,16.6538,5.59209999999996
29.04,0,0.181211019233968,16.6538,5.59209999999996
29.05,0,0,16.6538,5.59209999999996
29.1,-0.000190365498867159,0.539281403502186,16.6537,5.59180000000004
29.11,-0.000111371141192393,0,16.6537,5.59180000000004
29.12,-0.000113894564195878,0.304278871628416,16.6537,5.59180000000004
29.13,-0.000114906771720579,0,16.6537,5.59180000000004
29.14,-0.000115024942203476,0.181537925404443,16.6537,5.59180000000004
29.15,-0.00015861199978786,0,16.6537,5.59180000000004
29.2,0.000156067706298078,0.5382181722057,16.6538,5.5924
29.21,8.75301345618849E-05,0,16.6538,5.5924
29.22,8.70449409052562E-05,0.303700028974909,16.6538,5.5924
29.23,8.686179124425E-05,0,16.6538,5.5924
29.24,8.54802873590508E-05,0.181211019234178,16.6538,5.5924
29.25,0.000122167871071563,0,16.6538,5.5924
29.3,-0.000131489479095824,0.538142553930588,16.6537,5.59209999999996
29.31,-7.62660353444037E-05,0,16.6537,5.59209999999996
29.32,-7.41735046119034E-05,0.303661585098009,16.6537,5.59209999999996
29.33,-7.087714673396E-05,0,16.6537,5.59209999999996
29.34,-6.8268666725103E-05,0.181191768871761,16.6537,5.59209999999996
29.35,-9.18576725379969E-05,0,16.6537,5.59209999999996
29.4,-9.70566701374575E-05,0.539281400052867,16.6536,5.59170000000006
29.41,-6.93726317180676E-05,0,16.6536,5.59170000000006
29.42,-7.24371056961113E-05,0.304278869874823,16.6536,5.59170000000006
29.43,-0.0000743121486416997,0,16.6536,5.59170000000006
29.44,-7.46285567874366E-05,0.18153792452642,16.6536,5.59170000000006
29.45,-0.000104313604552017,0,16.6536,5.59170000000006
29.5,0.0001449836326238,0.538218172205727,16.6537,5.5924
29.51,9.78687897254605E-05,0,16.6537,5.5924
29.52,0.000100864621784848,0.303700028975062,16.6537,5.5924
29.53,0.000103993156883164,0,16.6537,5.5924
29.54,0.000109002700180884,0.181211019234248,16.6537,5.5924
29.55,0.00016668205933158,0,16.6537,5.5924
29.6,-0.000164950192112941,0.538142553930201,16.6536,5.59209999999996
29.61,-9.86535263607443E-05,0,16.6536,5.59209999999996
29.62,-9.95037981407904E-05,0.303661585097801,16.6536,5.59209999999996
29.63,-0.000100989451532435,0,16.6536,5.59209999999996
29.64,-0.000103800906768849,0.181191768871647,16.6536,5.59209999999996
29.65,-0.000127679321040911,0,16.6536,5.59209999999996
29.7,-0.00015328657834592,0.539281400053411,16.6535,5.59270000000004
29.71,-9.22940697544334E-05,0,16.6535,5.59270000000004
29.72,-9.3061373010391E-05,0.304278869874951,16.6535,5.59270000000004
29.73,-9.34478510109466E-05,0,16.6535,5.59270000000004
29.74,-0.000105076158409247,0.181537924526455,16.6535,5.59270000000004
29.75,-0.000145581467995926,0,16.6535,5.59270000000004
29.8,0.000176700481951663,0.538218172205434,16.6536,5.5924
29.81,9.30902892601084E-05,0,16.6536,5.5924
29.82,9.41655703179985E-05,0.303700028974923,16.6536,5.5924
29.83,9.58290646717104E-05,0,16.6536,5.5924
29.84,9.4881519803786E-05,0.181211019234094,16.6536,5.5924
29.85,0.000140718235009603,0,16.6536,5.5924
29.9,-0.000163660357185676,0.539281403502442,16.6535,5.59210000000007
29.91,-9.32992254543442E-05,0,16.6535,5.59210000000007
29.92,-9.31188100125487E-05,0.304278871628505,16.6535,5.59210000000007
29.93,-9.44184591139676E-05,0,16.6535,5.59210000000007
29.94,-9.31974358117571E-05,0.181537925404518,16.6535,5.59210000000007
29.95,-0.000136536444515019,0,16.6535,5.59210000000007
30,0.000160694530115214,0.539357021777226,16.6536,5.59270000000004
30.01,0.000101477388198852,0,16.6536,5.59270000000004
30.02,9.98180368636044E-05,0.304317315505345,16.6536,5.59270000000004
30.03,0.000100765996703606,0,16.6536,5.59270000000004
30.04,9.99979496420272E-05,0.181557175766911,16.6536,5.59270000000004
30.05,0.000150880757442416,0,16.6536,5.59270000000004
30.1,0,0.538218175654154,16.6536,5.5924
30.11,0,0,16.6536,5.5924
30.12,0,0.303700030728315,16.6536,5.5924
30.13,0,0,16.6536,5.5924
30.14,0,0.181211020112085,16.6536,5.5924
30.15,0,0,16.6536,5.5924
30.2,0,0.53928140350194,16.6536,5.5920000000001
30.21,0,0,16.6536,5.5920000000001
30.22,0,0.304278871628134,16.6536,5.5920000000001
30.23,0,0,16.6536,5.5920000000001
30.24,0,0.18153792540439,16.6536,5.5920000000001
30.25,0,0,16.6536,5.5920000000001
30.3,0,0.53935702177703,16.6536,5.59269999999992
30.31,0,0,16.6536,5.59269999999992
30.32,0,0.304317315505302,16.6536,5.59269999999992
30.33,0,0,16.6536,5.59269999999992
30.34,0,0.181557175766849,16.6536,5.59269999999992
30.35,0,0,16.6536,5.59269999999992
30.4,0,0.538218175654656,16.6536,5.5924
30.41,0,0,16.6536,5.5924
30.42,0,0.303700030728478,16.6536,5.5924
30.43,0,0,16.6536,5.5924
30.44,0,0.18121102011217,16.6536,5.5924
30.45,0,0,16.6536,5.5924
30.5,0,0.539281403502819,16.6536,5.59300000000007
30.51,0,0,16.6536,5.59300000000007
30.52,0,0.3042788716287,16.6536,5.59300000000007
30.53,0,0,16.6536,5.59300000000007
30.54,0,0.181537925404611,16.6536,5.59300000000007
30.55,0,0,16.6536,5.59300000000007
30.6,0,0.539357021776602,16.6536,5.59270000000004
30.61,0,0,16.6536,5.59270000000004
30.62,0,0.304317315505158,16.6536,5.59270000000004
30.63,0,0,16.6536,5.59270000000004
30.64,0,0.181557175766744,16.6536,5.59270000000004
30.65,0,0,16.6536,5.59270000000004
30.7,0.000125636268327824,0.539357025226497,16.6537,5.59230000000002
30.71,8.31180690418577E-05,0,16.6537,5.59230000000002
30.72,8.32379890173157E-05,0.304317317259081,16.6537,5.59230000000002
30.73,8.2989297649405E-05,0,16.6537,5.59230000000002
30.74,8.15409619345664E-05,0.181557176645109,16.6537,5.59230000000002
30.75,0.000110111862813562,0,16.6537,5.59230000000002
30.8,0,0.53935702522652,16.6537,5.59299999999996
30.81,0,0,16.6537,5.59299999999996
30.82,0,0.304317317259012,16.6537,5.59299999999996
30.83,0,0,16.6537,5.59299999999996
30.84,0,0.181557176644988,16.6537,5.59299999999996
30.85,0,0,16.6537,5.59299999999996
30.9,0.000102262933714095,0.539357025226472,16.6538,5.59260000000006
30.91,6.81876471275186E-05,0,16.6538,5.59260000000006
30.92,6.61508932245233E-05,0.304317317258961,16.6538,5.59260000000006
30.93,6.68737892558514E-05,0,16.6538,5.59260000000006
30.94,6.55691944045145E-05,0.181557176645027,16.6538,5.59260000000006
30.95,8.77113472772604E-05,0,16.6538,5.59260000000006
31,0,0.539357025226419,16.6538,5.59229999999991
31.01,0,0,16.6538,5.59229999999991
31.02,0,0.304317317258857,16.6538,5.59229999999991
31.03,0,0,16.6538,5.59229999999991
31.04,0,0.181557176644906,16.6538,5.59229999999991
31.05,0,0,16.6538,5.59229999999991
31.1,0.000112452049138311,0.539357025226825,16.6539,5.59289999999999
31.11,7.25043475252852E-05,0,16.6539,5.59289999999999
31.12,7.34850114755545E-05,0.304317317259141,16.6539,5.59289999999999
31.13,7.60336307504237E-05,0,16.6539,5.59289999999999
31.14,8.38062964056263E-05,0.181557176645061,16.6539,5.59289999999999
31.15,0.000106701671639872,0,16.6539,5.59289999999999
31.2,0,0.539357025226349,16.6539,5.59260000000006
31.21,0,0,16.6539,5.59260000000006
31.22,0,0.304317317258803,16.6539,5.59260000000006
31.23,0,0,16.6539,5.59260000000006
31.24,0,0.181557176644919,16.6539,5.59260000000006
31.25,0,0,16.6539,5.59260000000006
31.3,0.000123352086745765,0.539357025226349,16.654,5.59319999999991
31.31,7.7477025496669E-05,0,16.654,5.59319999999991
31.32,7.60921166732018E-05,0.304317317258803,16.654,5.59319999999991
31.33,8.1023988625594E-05,0,16.654,5.59319999999991
31.34,9.47208151630445E-05,0.181557176644919,16.654,5.59319999999991
31.35,0.000107191973196032,0,16.654,5.59319999999991
31.4,0,0.539357025226349,16.654,5.59280000000001
31.41,0,0,16.654,5.59280000000001
31.42,0,0.304317317258803,16.654,5.59280000000001
31.43,0,0,16.654,5.59280000000001
31.44,0,0.181557176644919,16.654,5.59280000000001
31.45,0,0,16.654,5.59280000000001
31.5,0.000105264182906231,0.539357025226349,16.6541,5.5924
31.51,7.15393838915052E-05,0,16.6541,5.5924
31.52,7.10042118661924E-05,0.304317317258803,16.6541,5.5924
31.53,7.18544786728995E-05,0,16.6541,5.5924
31.54,8.22475444198718E-05,0.181557176644919,16.6541,5.5924
31.55,9.67372346778133E-05,0,16.6541,5.5924
31.6,0,0.539357025226349,16.6541,5.59299999999996
31.61,0,0,16.6541,5.59299999999996
31.62,0,0.304317317258803,16.6541,5.59299999999996
31.63,0,0,16.6541,5.59299999999996
31.64,0,0.181557176644919,16.6541,5.59299999999996
31.65,0,0,16.6541,5.59299999999996
31.7,0,0.539357025226349,16.6541,5.59260000000006
31.71,0,0,16.6541,5.59260000000006
31.72,0,0.304317317258803,16.6541,5.59260000000006
31.73,0,0,16.6541,5.59260000000006
31.74,0,0.181557176644919,16.6541,5.59260000000006
31.75,0,0,16.6541,5.59260000000006
31.8,8.29566338738815E-05,0.539357025226349,16.6542,5.59219999999993
31.81,6.38583221428018E-05,0,16.6542,5.59219999999993
31.82,6.35373531352854E-05,0.304317317258803,16.6542,5.59219999999993
31.83,6.4769193470278E-05,0,16.6542,5.59219999999993
31.84,6.93426973906654E-05,0.181557176644919,16.6542,5.59219999999993
31.85,0.00010058138252184,0,16.6542,5.59219999999993
31.9,0,0.539357025226349,16.6542,5.59280000000001
31.91,0,0,16.6542,5.59280000000001
31.92,0,0.304317317258803,16.6542,5.59280000000001
31.93,0,0,16.6542,5.59280000000001
31.94,0,0.181557176644919,16.6542,5.59280000000001
31.95,0,0,16.6542,5.59280000000001
32,0.000101382462636725,0.539357025226349,16.6543,5.5924
32.01,6.80679136763783E-05,0,16.6543,5.5924
32.02,6.60912699349098E-05,0.304317317258803,16.6543,5.5924
32.03,6.72380686726049E-05,0,16.6543,5.5924
32.04,6.8483687727715E-05,0.181557176644919,16.6543,5.5924
32.05,9.67827714230057E-05,0,16.6543,5.5924
32.1,0,0.539357025226349,16.6543,5.59299999999996
32.11,0,0,16.6543,5.59299999999996
32.12,0,0.304317317258803,16.6543,5.59299999999996
32.13,0,0,16.6543,5.59299999999996
32.14,0,0.181557176644919,16.6543,5.59299999999996
32.15,0,0,16.6543,5.59299999999996
32.2,0.000124546909565728,0.539357025226349,16.6544,5.59260000000006
32.21,8.3640011087186E-05,0,16.6544,5.59260000000006
32.22,8.67660176579057E-05,0.304317317258803,16.6544,5.59260000000006
32.23,8.54727970033752E-05,0,16.6544,5.59260000000006
32.24,8.43764760787743E-05,0.181557176644919,16.6544,5.59260000000006
32.25,0.00015009945067691,0,16.6544,5.59260000000006
32.3,0,0.539357025226349,16.6544,5.59219999999993
32.31,0,0,16.6544,5.59219999999993
32.32,0,0.304317317258803,16.6544,5.59219999999993
32.33,0,0,16.6544,5.59219999999993
32.34,0,0.181557176644919,16.6544,5.59219999999993
32.35,0,0,16.6544,5.59219999999993
32.4,0,0.539357025226349,16.6544,5.59280000000001
32.41,0,0,16.6544,5.59280000000001
32.42,0,0.304317317258803,16.6544,5.59280000000001
32.43,0,0,16.6544,5.59280000000001
32.44,0,0.181557176644919,16.6544,5.59280000000001
32.45,0,0,16.6544,5.59280000000001
32.5,0.000156327137601526,0.539357025226349,16.6545,5.5924
32.51,9.39037299061977E-05,0,16.6545,5.5924
32.52,8.97254096605105E-05,0.304317317258803,16.6545,5.5924
32.53,8.93412571621238E-05,0,16.6545,5.5924
32.54,8.76660654080696E-05,0.181557176644919,16.6545,5.5924
32.55,0.00012952378599522,0,16.6545,5.5924
32.6,0,0.539357025226349,16.6545,5.59190000000001
32.61,0,0,16.6545,5.59190000000001
32.62,0,0.304317317258803,16.6545,5.59190000000001
32.63,0,0,16.6545,5.59190000000001
32.64,0,0.181557176644919,16.6545,5.59190000000001
32.65,0,0,16.6545,5.59190000000001
32.7,0,0.539357025226349,16.6545,5.59249999999997
32.71,0,0,16.6545,5.59249999999997
32.72,0,0.304317317258803,16.6545,5.59249999999997
32.73,0,0,16.6545,5.59249999999997
32.74,0,0.181557176644919,16.6545,5.59249999999997
32.75,0,0,16.6545,5.59249999999997
32.8,0.000140453880284311,0.538218175654257,16.6546,5.59209999999996
32.81,8.14698472694861E-05,0,16.6546,5.59209999999996
32.82,8.25496019443258E-05,0.3037000307282,16.6546,5.59209999999996
32.83,8.17142779212145E-05,0,16.6546,5.59209999999996
32.84,9.5800172674267E-05,0.181211020111996,16.6546,5.59209999999996
32.85,0.000105576842237499,0,16.6546,5.59209999999996
32.9,-0.000138776709436735,0.539281403502699,16.6545,5.59259999999995
32.91,-8.45907207032627E-05,0,16.6545,5.59259999999995
32.92,-8.68704266364739E-05,0.304278871628605,16.6545,5.59259999999995
32.93,-8.65726009525645E-05,0,16.6545,5.59259999999995
32.94,-9.46321256614118E-05,0.181537925404604,16.6545,5.59259999999995
32.95,-0.000113634747929858,0,16.6545,5.59259999999995
33,0,0.537133967963972,16.6545,5.59220000000005
33.01,0,0,16.6545,5.59220000000005
33.02,0,0.303048652343672,16.6545,5.59220000000005
33.03,0,0,16.6545,5.59220000000005
33.04,0,0.18078381964742,16.6545,5.59220000000005
33.05,0,0,16.6545,5.59220000000005
33.1,-0.000352190239477902,0.53926519894531,16.6542,5.59179999999992
33.11,-0.000220817925282727,0,16.6542,5.59179999999992
33.12,-0.000221166850929207,0.304270633328865,16.6542,5.59179999999992
33.13,-0.000217657899516016,0,16.6542,5.59179999999992
33.14,-0.00024743745194415,0.18153380016361,16.6542,5.59179999999992
33.15,-0.000316631697612995,0,16.6542,5.59179999999992
33.2,0.000119990845424722,0.539357021038685,16.6543,5.5924
33.21,6.69628314570022E-05,0,16.6543,5.5924
33.22,6.13031156503115E-05,0.304317315129857,16.6543,5.5924
33.23,5.28537441024616E-05,0,16.6543,5.5924
33.24,5.26725421888567E-05,0.181557175578863,16.6543,5.5924
33.25,7.46377201019695E-05,0,16.6543,5.5924
33.3,0,0.538218175654297,16.6543,5.59199999999998
33.31,0,0,16.6543,5.59199999999998
33.32,0,0.30370003072824,16.6543,5.59199999999998
33.33,0,0,16.6543,5.59199999999998
33.34,0,0.18121102011213,16.6543,5.59199999999998
33.35,0,0,16.6543,5.59199999999998
33.4,-0.000122519023540707,0.539281403502686,16.6542,5.59159999999997
33.41,-9.20983013330718E-05,0,16.6542,5.59159999999997
33.42,-9.07135441896979E-05,0.304278871628673,16.6542,5.59159999999997
33.43,-9.15405147632805E-05,0,16.6542,5.59159999999997
33.44,-9.50391095881988E-05,0.181537925404671,16.6542,5.59159999999997
33.45,-0.000129544588337824,0,16.6542,5.59159999999997
33.5,0.000138642761283005,0.538218172205305,16.6543,5.59220000000005
33.51,9.46831819729024E-05,0,16.6543,5.59220000000005
33.52,9.1554701824636E-05,0.30370002897474,16.6543,5.59220000000005
33.53,9.56215176134705E-05,0,16.6543,5.59220000000005
33.54,9.74417923899207E-05,0.181211019234059,16.6543,5.59220000000005
33.55,0.00014948159235861,0,16.6543,5.59220000000005
33.6,-0.0001561019762548,0.538142553930387,16.6542,5.59179999999992
33.61,-8.925342389942E-05,0,16.6542,5.59179999999992
33.62,-8.9054065530681E-05,0.303661585097922,16.6542,5.59179999999992
33.63,-8.8256544061742E-05,0,16.6542,5.59179999999992
33.64,-8.74720856219625E-05,0.181191768871709,16.6542,5.59179999999992
33.65,-0.000126513176746374,0,16.6542,5.59179999999992
33.7,-0.000137696040130208,0.539281400052581,16.6541,5.5924
33.71,-7.47423944342911E-05,0,16.6541,5.5924
33.72,-7.26677743337143E-05,0.304278869874586,16.6541,5.5924
33.73,-7.2899029821263E-05,0,16.6541,5.5924
33.74,-7.13558500239065E-05,0.181537924526237,16.6541,5.5924
33.75,-0.000107417630683008,0,16.6541,5.5924
33.8,0.000103988773794701,0.538218172205125,16.6542,5.5920000000001
33.81,7.91642491924704E-05,0,16.6542,5.5920000000001
33.82,7.98215658659122E-05,0.303700028974821,16.6542,5.5920000000001
33.83,8.0608846727261E-05,0,16.6542,5.5920000000001
33.84,8.04122699384629E-05,0.181211019234011,16.6542,5.5920000000001
33.85,9.88998717269256E-05,0,16.6542,5.5920000000001
33.9,-0.000150736521307518,0.539281403502384,16.6541,5.59159999999997
33.91,-8.33680310548298E-05,0,16.6541,5.59159999999997
33.92,-8.43096516898945E-05,0.304278871628438,16.6541,5.59159999999997
33.93,-8.32021582589162E-05,0,16.6541,5.59159999999997
33.94,-9.50025141902319E-05,0.18153792540452,16.6541,5.59159999999997
33.95,-0.000109383620768087,0,16.6541,5.59159999999997
34,0,0.538218172205765,16.6541,5.59220000000005
34.01,0,0,16.6541,5.59220000000005
34.02,0,0.303700028975083,16.6541,5.59220000000005
34.03,0,0,16.6541,5.59220000000005
34.04,0,0.181211019234193,16.6541,5.59220000000005
34.05,0,0,16.6541,5.59220000000005
34.1,-0.000113640597694033,0.53814255393027,16.654,5.59179999999992
34.11,-8.04005551336505E-05,0,16.654,5.59179999999992
34.12,-8.1173583532483E-05,0.30366158509787,16.654,5.59179999999992
34.13,-7.8712466970751E-05,0,16.654,5.59179999999992
34.14,-8.34760456635054E-05,0.18119176887165,16.654,5.59179999999992
34.15,-0.000135527903346923,0,16.654,5.59179999999992
34.2,0,0.539281400052724,16.654,5.5915
34.21,0,0,16.654,5.5915
34.22,0,0.304278869874582,16.654,5.5915
34.23,0,0,16.654,5.5915
34.24,0,0.18153792452631,16.654,5.5915
34.25,0,0,16.654,5.5915
34.3,0,0.538218172205586,16.654,5.59210000000007
34.31,0,0,16.654,5.59210000000007
34.32,0,0.303700028974994,16.654,5.59210000000007
34.33,0,0,16.654,5.59210000000007
34.34,0,0.181211019234233,16.654,5.59210000000007
34.35,0,0,16.654,5.59210000000007
34.4,-0.000105109073458004,0.538142553930191,16.6539,5.59169999999995
34.41,-7.39175581127227E-05,0,16.6539,5.59169999999995
34.42,-6.86248697218428E-05,0.303661585097703,16.6539,5.59169999999995
34.43,-6.8123633646644E-05,0,16.6539,5.59169999999995
34.44,-7.52892520443701E-05,0.181191768871534,16.6539,5.59169999999995
34.45,-9.83899374607718E-05,0,16.6539,5.59169999999995
34.5,0,0.5381425504817,16.6539,5.59230000000002
34.51,0,0,16.6539,5.59230000000002
34.52,0,0.303661583344572,16.6539,5.59230000000002
34.53,0,0,16.6539,5.59230000000002
34.54,0,0.181191767993753,16.6539,5.59230000000002
34.55,0,0,16.6539,5.59230000000002
34.6,-8.49837298546066E-05,0.538142550481203,16.6538,5.59199999999998
34.61,-6.51071069329266E-05,0,16.6538,5.59199999999998
34.62,-6.5746800679526E-05,0.303661583344289,16.6538,5.59199999999998
34.63,-6.58598452074533E-05,0,16.6538,5.59199999999998
34.64,-6.64585274337875E-05,0.181191767993581,16.6538,5.59199999999998
34.65,-9.95007294765613E-05,0,16.6538,5.59199999999998
34.7,-0.000128143911619196,0.539281400052507,16.6537,5.59159999999997
34.71,-8.76204641832966E-05,0,16.6537,5.59159999999997
34.72,-8.741921499296E-05,0.304278869874556,16.6537,5.59159999999997
34.73,-8.46455196016707E-05,0,16.6537,5.59159999999997
34.74,-9.43033993077325E-05,0.181537924526313,16.6537,5.59159999999997
34.75,-0.000142479244513562,0,16.6537,5.59159999999997
34.8,0.000123339028356223,0.538218172205301,16.6538,5.59230000000002
34.81,8.49639324468249E-05,0,16.6538,5.59230000000002
34.82,8.89666070627287E-05,0.303700028974875,16.6538,5.59230000000002
34.83,8.88928827264914E-05,0,16.6538,5.59230000000002
34.84,9.05406356379204E-05,0.18121101923402,16.6538,5.59230000000002
34.85,0.00012214083325782,0,16.6538,5.59230000000002
34.9,-0.000116070279140418,0.538142553930387,16.6537,5.59190000000001
34.91,-7.6478383749799E-05,0,16.6537,5.59190000000001
34.92,-7.2214485926431E-05,0.303661585097922,16.6537,5.59190000000001
34.93,-7.21144118646642E-05,0,16.6537,5.59190000000001
34.94,-7.02448174334904E-05,0.181191768871709,16.6537,5.59190000000001
34.95,-8.71867977905595E-05,0,16.6537,5.59190000000001
35,-9.09123303643431E-05,0.539281400052581,16.6536,5.59160000000009
35.01,-7.13469893206746E-05,0,16.6536,5.59160000000009
35.02,-7.14837860821275E-05,0.304278869874586,16.6536,5.59160000000009
35.03,-7.33104597038469E-05,0,16.6536,5.59160000000009
35.04,-7.53319827002282E-05,0.181537924526237,16.6536,5.59160000000009
35.05,-9.48742227276788E-05,0,16.6536,5.59160000000009
35.1,0.000115274051476281,0.538218172205125,16.6537,5.59219999999993
35.11,7.94521720844592E-05,0,16.6537,5.59219999999993
35.12,7.85291364291534E-05,0.303700028974821,16.6537,5.59219999999993
35.13,7.90158585426686E-05,0,16.6537,5.59219999999993
35.14,9.57568673288242E-05,0.181211019234011,16.6537,5.59219999999993
35.15,0.000110335771031468,0,16.6537,5.59219999999993
35.2,-9.51007396185867E-05,0.538142553930188,16.6536,5.59190000000001
35.21,-7.75542415062668E-05,0,16.6536,5.59190000000001
35.22,-7.9061136934939E-05,0.303661585097735,16.6536,5.59190000000001
35.23,-7.76909996849283E-05,0,16.6536,5.59190000000001
35.24,-9.06978514338958E-05,0.181191768871569,16.6536,5.59190000000001
35.25,-0.000145193421421236,0,16.6536,5.59190000000001
35.3,-0.000143723238027023,0.539281400053203,16.6535,5.59260000000006
35.31,-7.32330191675407E-05,0,16.6535,5.59260000000006
35.32,-7.51457298674604E-05,0.30427886987495,16.6535,5.59260000000006
35.33,-7.42960893754059E-05,0,16.6535,5.59260000000006
35.34,-7.35089662519493E-05,0.181537924526428,16.6535,5.59260000000006
35.35,-0.00010970318989753,0,16.6535,5.59260000000006
35.4,0.000129530586025985,0.538218172205419,16.6536,5.59219999999993
35.41,9.2720693077627E-05,0,16.6536,5.59219999999993
35.42,9.05416128793389E-05,0.303700028974785,16.6536,5.59219999999993
35.43,9.11052608712417E-05,0,16.6536,5.59219999999993
35.44,9.07602622636536E-05,0.181211019234069,16.6536,5.59219999999993
35.45,0.000155697506941297,0,16.6536,5.59219999999993
35.5,-0.000130321025092598,0.539281403502221,16.6535,5.59190000000001
35.51,-9.18194654539573E-05,0,16.6535,5.59190000000001
35.52,-9.31370062861862E-05,0.304278871628358,16.6535,5.59190000000001
35.53,-9.28545273814713E-05,0,16.6535,5.59190000000001
35.54,-9.14987783592981E-05,0.1815379254044,16.6535,5.59190000000001
35.55,-0.000108167526304679,0,16.6535,5.59190000000001
35.6,0.000114745193307022,0.539357021776959,16.6536,5.59260000000006
35.61,8.47241715043253E-05,0,16.6536,5.59260000000006
35.62,8.33529545028046E-05,0.304317315505147,16.6536,5.59260000000006
35.63,8.35676871119081E-05,0,16.6536,5.59260000000006
35.64,9.86976339225636E-05,0.181557175766849,16.6536,5.59260000000006
35.65,0.000102275651185576,0,16.6536,5.59260000000006
35.7,0,0.538218175654592,16.6536,5.59220000000005
35.71,0,0,16.6536,5.59220000000005
35.72,0,0.30370003072839,16.6536,5.59220000000005
35.73,0,0,16.6536,5.59220000000005
35.74,0,0.181211020112187,16.6536,5.59220000000005
35.75,0,0,16.6536,5.59220000000005
35.8,-0.000126380518200616,0.539281403501854,16.6535,5.59190000000001
35.81,-8.46354422050884E-05,0,16.6535,5.59190000000001
35.82,-8.3138333825379E-05,0.304278871628077,16.6535,5.59190000000001
35.83,-8.20578315136797E-05,0,16.6535,5.59190000000001
35.84,-8.65072496646432E-05,0.181537925404361,16.6535,5.59190000000001
35.85,-0.000117425011898156,0,16.6535,5.59190000000001
35.9,0.000134376399652397,0.539357021777096,16.6536,5.59259999999995
35.91,8.98451493774106E-05,0,16.6536,5.59259999999995
35.92,8.8325124086125E-05,0.304317315505407,16.6536,5.59259999999995
35.93,8.95090377513439E-05,0,16.6536,5.59259999999995
35.94,0.000100098420592677,0.181557175766991,16.6536,5.59259999999995
35.95,0.000149874184845374,0,16.6536,5.59259999999995
36,0,0.538218175654984,16.6536,5.59220000000005
36.01,0,0,16.6536,5.59220000000005
36.02,0,0.303700030728736,16.6536,5.59220000000005
36.03,0,0,16.6536,5.59220000000005
36.04,0,0.181211020112311,16.6536,5.59220000000005
36.05,0,0,16.6536,5.59220000000005
36.1,0,0.539281403502108,16.6536,5.5929000000001
36.11,0,0,16.6536,5.5929000000001
36.12,0,0.304278871628297,16.6536,5.5929000000001
36.13,0,0,16.6536,5.5929000000001
36.14,0,0.181537925404396,16.6536,5.5929000000001
36.15,0,0,16.6536,5.5929000000001
36.2,0,0.539357021776599,16.6536,5.59249999999997
36.21,0,0,16.6536,5.59249999999997
36.22,0,0.304317315505057,16.6536,5.59249999999997
36.23,0,0,16.6536,5.59249999999997
36.24,0,0.181557175766732,16.6536,5.59249999999997
36.25,0,0,16.6536,5.59249999999997
36.3,0.000121273832310461,0.53935702522608,16.6537,5.59220000000005
36.31,6.49797127403095E-05,0,16.6537,5.59220000000005
36.32,6.42480278171994E-05,0.304317317258766,16.6537,5.59220000000005
36.33,6.31093469993669E-05,0,16.6537,5.59220000000005
36.34,6.27225974902345E-05,0.181557176644962,16.6537,5.59220000000005
36.35,7.8543989123555E-05,0,16.6537,5.59220000000005
36.4,0,0.53935702522551,16.6537,5.59280000000001
36.41,0,0,16.6537,5.59280000000001
36.42,0,0.304317317258485,16.6537,5.59280000000001
36.43,0,0,16.6537,5.59280000000001
36.44,0,0.181557176644754,16.6537,5.59280000000001
36.45,0,0,16.6537,5.59280000000001
36.5,0.000134042721822076,0.539357025226838,16.6538,5.59249999999997
36.51,8.11652582139562E-05,0,16.6538,5.59249999999997
36.52,8.1555548641816E-05,0.304317317259043,16.6538,5.59249999999997
36.53,7.12120450669661E-05,0,16.6538,5.59249999999997
36.54,7.6970863666297E-05,0.181557176645009,16.6538,5.59249999999997
36.55,0.000104169301341144,0,16.6538,5.59249999999997
36.6,0,0.539357025226374,16.6538,5.59209999999996
36.61,0,0,16.6538,5.59209999999996
36.62,0,0.304317317258784,16.6538,5.59209999999996
36.63,0,0,16.6538,5.59209999999996
36.64,0,0.181557176644915,16.6538,5.59209999999996
36.65,0,0,16.6538,5.59209999999996
36.7,0.000136408114946248,0.539357025226025,16.6539,5.59280000000001
36.71,7.11738593321991E-05,0,16.6539,5.59280000000001
36.72,7.12632249622425E-05,0.304317317258721,16.6539,5.59280000000001
36.73,7.0715465905784E-05,0,16.6539,5.59280000000001
36.74,7.09325242807098E-05,0.181557176644885,16.6539,5.59280000000001
36.75,0.00010199609943024,0,16.6539,5.59280000000001
36.8,0,0.538218175654594,16.6539,5.5924
36.81,0,0,16.6539,5.5924
36.82,0,0.303700030728397,16.6539,5.5924
36.83,0,0,16.6539,5.5924
36.84,0,0.181211020112156,16.6539,5.5924
36.85,0,0,16.6539,5.5924
36.9,-0.000130635188587854,0.539281403501854,16.6538,5.59299999999996
36.91,-8.75352494801322E-05,0,16.6538,5.59299999999996
36.92,-8.90234449616515E-05,0.304278871628077,16.6538,5.59299999999996
36.93,-8.56457577382955E-05,0,16.6538,5.59299999999996
36.94,-8.35497088718863E-05,0.181537925404361,16.6538,5.59299999999996
36.95,-0.000116488059033842,0,16.6538,5.59299999999996
37,0.000131065037169595,0.539357021777096,16.6539,5.59270000000004
37.01,8.48139445532167E-05,0,16.6539,5.59270000000004
37.02,8.98418777602896E-05,0.304317315505407,16.6539,5.59270000000004
37.03,9.59880630076878E-05,0,16.6539,5.59270000000004
37.04,9.95812855831333E-05,0.181557175766991,16.6539,5.59270000000004
37.05,0.000144541457026336,0,16.6539,5.59270000000004
37.1,0,0.53935702522616,16.6539,5.59229999999991
37.11,0,0,16.6539,5.59229999999991
37.12,0,0.304317317258824,16.6539,5.59229999999991
37.13,0,0,16.6539,5.59229999999991
37.14,0,0.181557176644851,16.6539,5.59229999999991
37.15,0,0,16.6539,5.59229999999991
37.2,0.000143270595789988,0.539357025225853,16.654,5.59289999999999
37.21,8.68635901427165E-05,0,16.654,5.59289999999999
37.22,8.85606662047563E-05,0.3043173172586,16.654,5.59289999999999
37.23,9.0015795618223E-05,0,16.654,5.59289999999999
37.24,8.70266995325346E-05,0.18155717664479,16.654,5.59289999999999
37.25,0.000111703934122099,0,16.654,5.59289999999999
37.3,0,0.539357025225853,16.654,5.59250000000009
37.31,0,0,16.654,5.59250000000009
37.32,0,0.3043173172586,16.654,5.59250000000009
37.33,0,0,16.654,5.59250000000009
37.34,0,0.18155717664479,16.654,5.59250000000009
37.35,0,0,16.654,5.59250000000009
37.4,0.000120686892868371,0.539357025225853,16.6541,5.59219999999993
37.41,6.60517194405416E-05,0,16.6541,5.59219999999993
37.42,6.67183746964204E-05,0.3043173172586,16.6541,5.59219999999993
37.43,6.62474353485197E-05,0,16.6541,5.59219999999993
37.44,6.6233417184861E-05,0.18155717664479,16.6541,5.59219999999993
37.45,0.000103860024464772,0,16.6541,5.59219999999993
37.5,0,0.539357025225853,16.6541,5.59280000000001
37.51,0,0,16.6541,5.59280000000001
37.52,0,0.3043173172586,16.6541,5.59280000000001
37.53,0,0,16.6541,5.59280000000001
37.54,0,0.18155717664479,16.6541,5.59280000000001
37.55,0,0,16.6541,5.59280000000001
37.6,0.000108394232831464,0.539357025225853,16.6542,5.5924
37.61,6.85241900304076E-05,0,16.6542,5.5924
37.62,6.84594316677857E-05,0.3043173172586,16.6542,5.5924
37.63,6.78932757505552E-05,0,16.6542,5.5924
37.64,6.66642931616075E-05,0.18155717664479,16.6542,5.5924
37.65,9.4459923878797E-05,0,16.6542,5.5924
37.7,0,0.539357025225853,16.6542,5.59299999999996
37.71,0,0,16.6542,5.59299999999996
37.72,0,0.3043173172586,16.6542,5.59299999999996
37.73,0,0,16.6542,5.59299999999996
37.74,0,0.18155717664479,16.6542,5.59299999999996
37.75,0,0,16.6542,5.59299999999996
37.8,0,0.539357025225853,16.6542,5.59260000000006
37.81,0,0,16.6542,5.59260000000006
37.82,0,0.3043173172586,16.6542,5.59260000000006
37.83,0,0,16.6542,5.59260000000006
37.84,0,0.18155717664479,16.6542,5.59260000000006
37.85,0,0,16.6542,5.59260000000006
37.9,0.000108492926742583,0.539357025225853,16.6543,5.59219999999993
37.91,6.98005984375089E-05,0,16.6543,5.59219999999993
37.92,7.22957671946867E-05,0.3043173172586,16.6543,5.59219999999993
37.93,7.22610166803384E-05,0,16.6543,5.59219999999993
37.94,7.12137377879197E-05,0.18155717664479,16.6543,5.59219999999993
37.95,0.000123974095607137,0,16.6543,5.59219999999993
38,0,0.539357025225853,16.6543,5.59280000000001
38.01,0,0,16.6543,5.59280000000001
38.02,0,0.3043173172586,16.6543,5.59280000000001
38.03,0,0,16.6543,5.59280000000001
38.04,0,0.18155717664479,16.6543,5.59280000000001
38.05,0,0,16.6543,5.59280000000001
38.1,0.00011289821055552,0.539357025225853,16.6544,5.5924
38.11,9.27662190882459E-05,0,16.6544,5.5924
38.12,9.75077124077411E-05,0.3043173172586,16.6544,5.5924
38.13,9.34699253228585E-05,0,16.6544,5.5924
38.14,0.000102117531340073,0.18155717664479,16.6544,5.5924
38.15,0.000144300773401255,0,16.6544,5.5924
38.2,0,0.539357025225853,16.6544,5.59190000000001
38.21,0,0,16.6544,5.59190000000001
38.22,0,0.3043173172586,16.6544,5.59190000000001
38.23,0,0,16.6544,5.59190000000001
38.24,0,0.18155717664479,16.6544,5.59190000000001
38.25,0,0,16.6544,5.59190000000001
38.3,0,0.539357025225853,16.6544,5.59249999999997
38.31,0,0,16.6544,5.59249999999997
38.32,0,0.3043173172586,16.6544,5.59249999999997
38.33,0,0,16.6544,5.59249999999997
38.34,0,0.18155717664479,16.6544,5.59249999999997
38.35,0,0,16.6544,5.59249999999997
38.4,0.000109487269176901,0.538218175654671,16.6545,5.59209999999996
38.41,7.1928166221768E-05,0,16.6545,5.59209999999996
38.42,7.10848380283137E-05,0.303700030728443,16.6545,5.59209999999996
38.43,7.16805950047719E-05,0,16.6545,5.59209999999996
38.44,7.10879704955497E-05,0.181211020112161,16.6545,5.59209999999996
38.45,9.89171316580325E-05,0,16.6545,5.59209999999996
38.5,-8.38996717466274E-05,0.539281403502895,16.6544,5.59270000000004
38.51,-6.66126265768964E-05,0,16.6544,5.59270000000004
38.52,-6.7120462415749E-05,0.30427887162881,16.6544,5.59270000000004
38.53,-6.78430890467431E-05,0,16.6544,5.59270000000004
38.54,-7.59255860090949E-05,0.18153792540476,16.6544,5.59270000000004
38.55,-9.60570895938876E-05,0,16.6544,5.59270000000004
38.6,0,0.53821817220551,16.6544,5.59230000000002
38.61,0,0,16.6544,5.59230000000002
38.62,0,0.303700028975071,16.6544,5.59230000000002
38.63,0,0,16.6544,5.59230000000002
38.64,0,0.181211019234248,16.6544,5.59230000000002
38.65,0,0,16.6544,5.59230000000002
38.7,0,0.539281403502428,16.6544,5.59180000000004
38.71,0,0,16.6544,5.59180000000004
38.72,0,0.304278871628449,16.6544,5.59180000000004
38.73,0,0,16.6544,5.59180000000004
38.74,0,0.181537925404446,16.6544,5.59180000000004
38.75,0,0,16.6544,5.59180000000004
38.8,0,0.539357021776602,16.6544,5.5924
38.81,0,0,16.6544,5.5924
38.82,0,0.304317315504872,16.6544,5.5924
38.83,0,0,16.6544,5.5924
38.84,0,0.181557175766722,16.6544,5.5924
38.85,0,0,16.6544,5.5924
38.9,0,0.538218175654656,16.6544,5.59199999999998
38.91,0,0,16.6544,5.59199999999998
38.92,0,0.303700030728478,16.6544,5.59199999999998
38.93,0,0,16.6544,5.59199999999998
38.94,0,0.18121102011217,16.6544,5.59199999999998
38.95,0,0,16.6544,5.59199999999998
39,0,0.539281403502819,16.6544,5.59159999999997
39.01,0,0,16.6544,5.59159999999997
39.02,0,0.3042788716287,16.6544,5.59159999999997
39.03,0,0,16.6544,5.59159999999997
39.04,0,0.181537925404611,16.6544,5.59159999999997
39.05,0,0,16.6544,5.59159999999997
39.1,0,0.538218172205338,16.6544,5.59220000000005
39.11,0,0,16.6544,5.59220000000005
39.12,0,0.303700028975015,16.6544,5.59220000000005
39.13,0,0,16.6544,5.59220000000005
39.14,0,0.181211019234186,16.6544,5.59220000000005
39.15,0,0,16.6544,5.59220000000005
39.2,-0.000137045917183418,0.538142553931055,16.6543,5.59179999999992
39.21,-7.36773468238868E-05,0,16.6543,5.59179999999992
39.22,-7.45594396890955E-05,0.303661585098385,16.6543,5.59179999999992
39.23,-7.39792259375971E-05,0,16.6543,5.59179999999992
39.24,-7.3206816083217E-05,0.181191768871835,16.6543,5.59179999999992
39.25,-0.000111190452205097,0,16.6543,5.59179999999992
39.3,-0.000119452279510327,0.539281400053155,16.6542,5.59130000000005
39.31,-6.32167359979234E-05,0,16.6542,5.59130000000005
39.32,-6.06957948704661E-05,0.304278869874895,16.6542,5.59130000000005
39.33,-5.95896088026855E-05,0,16.6542,5.59130000000005
39.34,-5.96483363955081E-05,0.18153792452639,16.6542,5.59130000000005
39.35,-7.43308493197506E-05,0,16.6542,5.59130000000005
39.4,0.000111768825312984,0.538218172205586,16.6543,5.5918999999999
39.41,6.39089188685288E-05,0,16.6543,5.5918999999999
39.42,6.44960019681115E-05,0.303700028974918,16.6543,5.5918999999999
39.43,6.49007835805526E-05,0,16.6543,5.5918999999999
39.44,7.19187928667734E-05,0.181211019234214,16.6543,5.5918999999999
39.45,8.78625639175866E-05,0,16.6543,5.5918999999999
39.5,-0.000144972607900339,0.538142553930191,16.6542,5.5915
39.51,-8.06725688906157E-05,0,16.6542,5.5915
39.52,-8.14682648360016E-05,0.303661585097703,16.6542,5.5915
39.53,-7.43826545268376E-05,0,16.6542,5.5915
39.54,-7.87325614570705E-05,0.181191768871534,16.6542,5.5915
39.55,-9.45917895584508E-05,0,16.6542,5.5915
39.6,-0.000102244237294508,0.5381425504817,16.6541,5.59210000000007
39.61,-7.24494928555921E-05,0,16.6541,5.59210000000007
39.62,-7.74028198123242E-05,0.303661583344572,16.6541,5.59210000000007
39.63,-7.70989088554422E-05,0,16.6541,5.59210000000007
39.64,-7.99126625904806E-05,0.181191767993753,16.6541,5.59210000000007
39.65,-8.37186427143758E-05,0,16.6541,5.59210000000007
39.7,0,0.538142550481203,16.6541,5.59179999999992
39.71,0,0,16.6541,5.59179999999992
39.72,0,0.303661583344289,16.6541,5.59179999999992
39.73,0,0,16.6541,5.59179999999992
39.74,0,0.181191767993581,16.6541,5.59179999999992
39.75,0,0,16.6541,5.59179999999992
39.8,-0.000137715933044511,0.538142550481426,16.654,5.59140000000002
39.81,-8.01530326568446E-05,0,16.654,5.59140000000002
39.82,-8.40787885832373E-05,0.303661583344493,16.654,5.59140000000002
39.83,-8.19153602626067E-05,0,16.654,5.59140000000002
39.84,-9.0736504626063E-05,0.181191767993669,16.654,5.59140000000002
39.85,-0.000108563974074665,0,16.654,5.59140000000002
39.9,-0.000115271833826842,0.538142550481344,16.6539,5.5920000000001
39.91,-7.94201273960688E-05,0,16.6539,5.5920000000001
39.92,-7.87507439845706E-05,0.303661583344497,16.6539,5.5920000000001
39.93,-7.90693342933238E-05,0,16.6539,5.5920000000001
39.94,-8.72310415178479E-05,0.181191767993629,16.6539,5.5920000000001
39.95,-0.000121393873439713,0,16.6539,5.5920000000001
40,-0.000134917138445388,0.538142550481462,16.6538,5.59169999999995
40.01,-9.9407108254179E-05,0,16.6538,5.59169999999995
40.02,-9.39693691915327E-05,0.303661583344489,16.6538,5.59169999999995
40.03,-9.28670684560524E-05,0,16.6538,5.59169999999995
40.04,-9.01603379153325E-05,0.181191767993756,16.6538,5.59169999999995
40.05,-0.000110209077269258,0,16.6538,5.59169999999995
40.1,0,0.538142550481702,16.6538,5.59130000000005
40.11,0,0,16.6538,5.59130000000005
40.12,0,0.303661583344643,16.6538,5.59130000000005
40.13,0,0,16.6538,5.59130000000005
40.14,0,0.181191767993796,16.6538,5.59130000000005
40.15,0,0,16.6538,5.59130000000005
40.2,-0.00011044326829371,0.538142550481203,16.6537,5.59199999999998
40.21,-6.70709823090355E-05,0,16.6537,5.59199999999998
40.22,-6.47880022674192E-05,0.303661583344289,16.6537,5.59199999999998
40.23,-6.44964978508911E-05,0,16.6537,5.59199999999998
40.24,-0.0000712471250112999,0.181191767993581,16.6537,5.59199999999998
40.25,-8.62993551677145E-05,0,16.6537,5.59199999999998
40.3,-7.59801893387309E-05,0.538142550481426,16.6536,5.59159999999997
40.31,-6.37383785425154E-05,0,16.6536,5.59159999999997
40.32,-6.43077225000954E-05,0.303661583344493,16.6536,5.59159999999997
40.33,-6.47906043439342E-05,0,16.6536,5.59159999999997
40.34,-6.83716055076432E-05,0.181191767993669,16.6536,5.59159999999997
40.35,-0.000106253236258005,0,16.6536,5.59159999999997
40.4,-0.000135500319827042,0.538142550481344,16.6535,5.59230000000002
40.41,-7.06643551627272E-05,0,16.6535,5.59230000000002
40.42,-7.21732307309415E-05,0.303661583344497,16.6535,5.59230000000002
40.43,-7.05475194099302E-05,0,16.6535,5.59230000000002
40.44,-7.52525100291771E-05,0.181191767993629,16.6535,5.59230000000002
40.45,-9.82684544572602E-05,0,16.6535,5.59230000000002
40.5,0,0.538142550481462,16.6535,5.59190000000001
40.51,0,0,16.6535,5.59190000000001
40.52,0,0.303661583344489,16.6535,5.59190000000001
40.53,0,0,16.6535,5.59190000000001
40.54,0,0.181191767993756,16.6535,5.59190000000001
40.55,0,0,16.6535,5.59190000000001
40.6,-0.000106041553949603,0.539281400052898,16.6534,5.59160000000009
40.61,-8.07140190510964E-05,0,16.6534,5.59160000000009
40.62,-8.01528794849151E-05,0.304278869874841,16.6534,5.59160000000009
40.63,-8.13802202576315E-05,0,16.6534,5.59160000000009
40.64,-8.87369755026313E-05,0.181537924526389,16.6534,5.59160000000009
40.65,-0.000116630258269477,0,16.6534,5.59160000000009
40.7,9.00544495781065E-05,0.538218172205299,16.6535,5.59229999999991
40.71,7.17257041228214E-05,0,16.6535,5.59229999999991
40.72,7.22980103111179E-05,0.30370002897478,16.6535,5.59229999999991
40.73,7.22178430915093E-05,0,16.6535,5.59229999999991
40.74,7.2684396861839E-05,0.181211019234071,16.6535,5.59229999999991
40.75,8.62516168433502E-05,0,16.6535,5.59229999999991
40.8,-0.000115892924246508,0.539226758172961,16.6534,5.59199999999998
40.81,-8.26965725009508E-05,0,16.6534,5.59199999999998
40.82,-8.14252462088797E-05,0.304312961729697,16.6534,5.59199999999998
40.83,-8.09778417897668E-05,0,16.6534,5.59199999999998
40.84,-9.93708391178628E-05,0.181618968458553,16.6534,5.59199999999998
40.85,-0.00011789303261612,0,16.6534,5.59199999999998
40.9,0.000240337158164094,0.539297604609915,16.6536,5.59169999999995
40.91,0.000173264649385117,0,16.6536,5.59169999999995
40.92,0.000171171279263218,0.304287108174267,16.6536,5.59169999999995
40.93,0.000170891615549856,0,16.6536,5.59169999999995
40.94,0.000180079900906999,0.18154204976718,16.6536,5.59169999999995
40.95,0.000254943441182491,0,16.6536,5.59169999999995
41,0,0.539302377186749,16.6536,5.59230000000002
41.01,0,0,16.6536,5.59230000000002
41.02,0,0.304351405982289,16.6536,5.59230000000002
41.03,0,0,16.6536,5.59230000000002
41.04,0,0.18163821900919,16.6536,5.59230000000002
41.05,0,0,16.6536,5.59230000000002
41.1,0.000204831004692616,0.538158758487298,16.6538,5.59199999999998
41.11,0.000147755956134042,0,16.6538,5.59199999999998
41.12,0.000149500240594187,0.303669823397311,16.6538,5.59199999999998
41.13,0.000149260034909877,0,16.6538,5.59199999999998
41.14,0.000144351180898782,0.181195894112426,16.6538,5.59199999999998
41.15,0.000183009933044784,0,16.6538,5.59199999999998
41.2,-0.000122673826508092,0.539281400792014,16.6537,5.59259999999995
41.21,-6.53010183665688E-05,0,16.6537,5.59259999999995
41.22,-6.47161275588363E-05,0.304278870250561,16.6537,5.59259999999995
41.23,-6.63482476883444E-05,0,16.6537,5.59259999999995
41.24,-6.94978095028172E-05,0.181537924714561,16.6537,5.59259999999995
41.25,-9.11242624116898E-05,0,16.6537,5.59259999999995
41.3,0.000112610857541487,0.538218172205121,16.6538,5.59229999999991
41.31,8.23037088926347E-05,0,16.6538,5.59229999999991
41.32,8.07384122594573E-05,0.303700028974846,16.6538,5.59229999999991
41.33,7.95644569557936E-05,0,16.6538,5.59229999999991
41.34,8.33057719921075E-05,0.181211019234123,16.6538,5.59229999999991
41.35,0.000102422755055206,0,16.6538,5.59229999999991
41.4,-0.000107968996558068,0.539281403502186,16.6537,5.59190000000001
41.41,-6.55669393993763E-05,0,16.6537,5.59190000000001
41.42,-6.11549189397407E-05,0.304278871628416,16.6537,5.59190000000001
41.43,-5.87782466179764E-05,0,16.6537,5.59190000000001
41.44,-6.34559343033625E-05,0.181537925404443,16.6537,5.59190000000001
41.45,-6.88333316920584E-05,0,16.6537,5.59190000000001
41.5,0,0.539357021777371,16.6537,5.59259999999995
41.51,0,0,16.6537,5.59259999999995
41.52,0,0.304317315505475,16.6537,5.59259999999995
41.53,0,0,16.6537,5.59259999999995
41.54,0,0.181557175766897,16.6537,5.59259999999995
41.55,0,0,16.6537,5.59259999999995
41.6,0.0001005784882185,0.538218175654063,16.6538,5.59219999999982
41.61,6.830513277318E-05,0,16.6538,5.59219999999982
41.62,6.73184667780036E-05,0.303700030728002,16.6538,5.59219999999982
41.63,6.58582940262382E-05,0,16.6538,5.59219999999982
41.64,6.88830714957452E-05,0.181211020111994,16.6538,5.59219999999982
41.65,9.08721490765083E-05,0,16.6538,5.59219999999982
41.7,-0.000112559784664914,0.539281403501854,16.6537,5.59190000000012
41.71,-7.29051120263897E-05,0,16.6537,5.59190000000012
41.72,-7.28918085206368E-05,0.304278871628077,16.6537,5.59190000000012
41.73,-7.28797761983323E-05,0,16.6537,5.59190000000012
41.74,-7.897598505685E-05,0.181537925404361,16.6537,5.59190000000012
41.75,-8.20180371848816E-05,0,16.6537,5.59190000000012
41.8,9.6234727801887E-05,0.539357021777096,16.6538,5.59249999999997
41.81,7.51694325959752E-05,0,16.6538,5.59249999999997
41.82,7.39140410637321E-05,0.304317315505407,16.6538,5.59249999999997
41.83,7.37735032661005E-05,0,16.6538,5.59249999999997
41.84,9.14806179399426E-05,0.181557175766991,16.6538,5.59249999999997
41.85,9.88982393425707E-05,0,16.6538,5.59249999999997
41.9,0,0.538218175654984,16.6538,5.59220000000005
41.91,0,0,16.6538,5.59220000000005
41.92,0,0.303700030728736,16.6538,5.59220000000005
41.93,0,0,16.6538,5.59220000000005
41.94,0,0.181211020112311,16.6538,5.59220000000005
41.95,0,0,16.6538,5.59220000000005
42,-0.000156394171252637,0.539281403502108,16.6537,5.59280000000013
42.01,-8.04684250510369E-05,0,16.6537,5.59280000000013
42.02,-7.80559267211485E-05,0.304278871628297,16.6537,5.59280000000013
42.03,-7.93223480283419E-05,0,16.6537,5.59280000000013
42.04,-7.96062868084107E-05,0.181537925404396,16.6537,5.59280000000013
42.05,-9.50880191883016E-05,0,16.6537,5.59280000000013
42.1,0.00012832700515505,0.539357021776599,16.6538,5.5924
42.11,7.31720779955414E-05,0,16.6538,5.5924
42.12,7.30939103277351E-05,0.304317315505057,16.6538,5.5924
42.13,7.23094773026111E-05,0,16.6538,5.5924
42.14,7.73774024180111E-05,0.181557175766732,16.6538,5.5924
42.15,0.00010094934606678,0,16.6538,5.5924
42.2,0,0.53935702522608,16.6538,5.59210000000007
42.21,0,0,16.6538,5.59210000000007
42.22,0,0.304317317258766,16.6538,5.59210000000007
42.23,0,0,16.6538,5.59210000000007
42.24,0,0.181557176644962,16.6538,5.59210000000007
42.25,0,0,16.6538,5.59210000000007
42.3,0.000119250883512506,0.53935702522551,16.6539,5.59270000000015
42.31,9.02738582064962E-05,0,16.6539,5.59270000000015
42.32,8.97171568950408E-05,0.304317317258485,16.6539,5.59270000000015
42.33,8.89362351781612E-05,0,16.6539,5.59270000000015
42.34,8.81347014162776E-05,0.181557176644754,16.6539,5.59270000000015
42.35,0.000129271092097906,0,16.6539,5.59270000000015
42.4,0,0.538218175654833,16.6539,5.5924
42.41,0,0,16.6539,5.5924
42.42,0,0.303700030728526,16.6539,5.5924
42.43,0,0,16.6539,5.5924
42.44,0,0.181211020112276,16.6539,5.5924
42.45,0,0,16.6539,5.5924
42.5,0,0.539281403502845,16.6539,5.59199999999987
42.51,0,0,16.6539,5.59199999999987
42.52,0,0.304278871628683,16.6539,5.59199999999987
42.53,0,0,16.6539,5.59199999999987
42.54,0,0.181537925404563,16.6539,5.59199999999987
42.55,0,0,16.6539,5.59199999999987
42.6,0,0.539357021776728,16.6539,5.59259999999995
42.61,0,0,16.6539,5.59259999999995
42.62,0,0.304317315505014,16.6539,5.59259999999995
42.63,0,0,16.6539,5.59259999999995
42.64,0,0.1815571757667,16.6539,5.59259999999995
42.65,0,0,16.6539,5.59259999999995
42.7,0,0.538218175654421,16.6539,5.59230000000002
42.71,0,0,16.6539,5.59230000000002
42.72,0,0.303700030728406,16.6539,5.59230000000002
42.73,0,0,16.6539,5.59230000000002
42.74,0,0.181211020112216,16.6539,5.59230000000002
42.75,0,0,16.6539,5.59230000000002
42.8,0,0.539281403502746,16.6539,5.59289999999987
42.81,0,0,16.6539,5.59289999999987
42.82,0,0.304278871628737,16.6539,5.59289999999987
42.83,0,0,16.6539,5.59289999999987
42.84,0,0.181537925404699,16.6539,5.59289999999987
42.85,0,0,16.6539,5.59289999999987
42.9,0,0.53935702177669,16.6539,5.59249999999997
42.91,0,0,16.6539,5.59249999999997
42.92,0,0.304317315504983,16.6539,5.59249999999997
42.93,0,0,16.6539,5.59249999999997
42.94,0,0.18155717576668,16.6539,5.59249999999997
42.95,0,0,16.6539,5.59249999999997
43,0.000107937599398595,0.539357025226465,16.654,5.59210000000007
43.01,7.83949818884125E-05,0,16.654,5.59210000000007
43.02,7.7360419198716E-05,0.304317317258828,16.654,5.59210000000007
43.03,8.00830940304848E-05,0,16.654,5.59210000000007
43.04,9.73906582330293E-05,0.18155717664496,16.654,5.59210000000007
43.05,0.000118320055967768,0,16.654,5.59210000000007
43.1,0,0.539357025226025,16.654,5.5927999999999
43.11,0,0,16.654,5.5927999999999
43.12,0,0.304317317258721,16.654,5.5927999999999
43.13,0,0,16.654,5.5927999999999
43.14,0,0.181557176644885,16.654,5.5927999999999
43.15,0,0,16.654,5.5927999999999
43.2,0.000120750128111098,0.538218175654594,16.6541,5.5924
43.21,8.7900311421816E-05,0,16.6541,5.5924
43.22,9.1003658107726E-05,0.303700030728397,16.6541,5.5924
43.23,8.93844766994974E-05,0,16.6541,5.5924
43.24,8.98336035568921E-05,0.181211020112156,16.6541,5.5924
43.25,0.000136904562175111,0,16.6541,5.5924
43.3,-0.000156232223074439,0.539281403501854,16.654,5.59199999999987
43.31,-9.24266744232065E-05,0,16.654,5.59199999999987
43.32,-0.0000932863599157998,0.304278871628077,16.654,5.59199999999987
43.33,-9.32718385715861E-05,0,16.654,5.59199999999987
43.34,-7.92569958974198E-05,0.181537925404361,16.654,5.59199999999987
43.35,-0.000104158436494784,0,16.654,5.59199999999987
43.4,0,0.539357021777096,16.654,5.59259999999995
43.41,0,0,16.654,5.59259999999995
43.42,0,0.304317315505407,16.654,5.59259999999995
43.43,0,0,16.654,5.59259999999995
43.44,0,0.181557175766991,16.654,5.59259999999995
43.45,0,0,16.654,5.59259999999995
43.5,0.000165191863098018,0.538218175654984,16.6541,5.59220000000005
43.51,0.000104329172739828,0,16.6541,5.59220000000005
43.52,0.000102549217122332,0.303700030728736,16.6541,5.59220000000005
43.53,0.000101001124561198,0,16.6541,5.59220000000005
43.54,9.83597115551439E-05,0.181211020112311,16.6541,5.59220000000005
43.55,0.000115432040664972,0,16.6541,5.59220000000005
43.6,-0.00011397782023001,0.539281403502108,16.654,5.59289999999987
43.61,-7.74758805914307E-05,0,16.654,5.59289999999987
43.62,-7.89898171913796E-05,0.304278871628297,16.654,5.59289999999987
43.63,-7.88976943752358E-05,0,16.654,5.59289999999987
43.64,-9.05216813278621E-05,0.181537925404396,16.654,5.59289999999987
43.65,-0.000115584092768946,0,16.654,5.59289999999987
43.7,0,0.539357021776599,16.654,5.59249999999997
43.71,0,0,16.654,5.59249999999997
43.72,0,0.304317315505057,16.654,5.59249999999997
43.73,0,0,16.654,5.59249999999997
43.74,0,0.181557175766732,16.654,5.59249999999997
43.75,0,0,16.654,5.59249999999997
43.8,0.000107799446905815,0.53935702522608,16.6541,5.59210000000007
43.81,7.12660099022708E-05,0,16.6541,5.59210000000007
43.82,6.84870424525242E-05,0.304317317258766,16.6541,5.59210000000007
43.83,6.8565973209718E-05,0,16.6541,5.59210000000007
43.84,6.45432442246174E-05,0.181557176644962,16.6541,5.59210000000007
43.85,7.89134291738439E-05,0,16.6541,5.59210000000007
43.9,0,0.53935702522551,16.6541,5.59269999999992
43.91,0,0,16.6541,5.59269999999992
43.92,0,0.304317317258485,16.6541,5.59269999999992
43.93,0,0,16.6541,5.59269999999992
43.94,0,0.181557176644754,16.6541,5.59269999999992
43.95,0,0,16.6541,5.59269999999992
44,0.000125095186540275,0.538218175654833,16.6542,5.59230000000002
44.01,7.49453942476382E-05,0,16.6542,5.59230000000002
44.02,7.83149136710718E-05,0.303700030728526,16.6542,5.59230000000002
44.03,7.75373239174442E-05,0,16.6542,5.59230000000002
44.04,8.24883966076839E-05,0.181211020112276,16.6542,5.59230000000002
44.05,9.52573283094123E-05,0,16.6542,5.59230000000002
44.1,-0.000118290690853025,0.539281403502845,16.6541,5.59190000000012
44.11,-7.16499825754922E-05,0,16.6541,5.59190000000012
44.12,-7.3697542187471E-05,0.304278871628683,16.6541,5.59190000000012
44.13,-7.62654806429951E-05,0,16.6541,5.59190000000012
44.14,-8.48999552655861E-05,0.181537925404563,16.6541,5.59190000000012
44.15,-0.00011857896492619,0,16.6541,5.59190000000012
44.2,0,0.539357021776728,16.6541,5.59249999999997
44.21,0,0,16.6541,5.59249999999997
44.22,0,0.304317315505014,16.6541,5.59249999999997
44.23,0,0,16.6541,5.59249999999997
44.24,0,0.1815571757667,16.6541,5.59249999999997
44.25,0,0,16.6541,5.59249999999997
44.3,0.000157314519970078,0.538218175654421,16.6542,5.59210000000007
44.31,0.000101463886650996,0,16.6542,5.59210000000007
44.32,8.41351199548709E-05,0.303700030728406,16.6542,5.59210000000007
44.33,8.44656835201196E-05,0,16.6542,5.59210000000007
44.34,8.09515850420309E-05,0.181211020112216,16.6542,5.59210000000007
44.35,9.42019467887465E-05,0,16.6542,5.59210000000007
44.4,-0.000102140907219972,0.539281403502746,16.6541,5.59280000000013
44.41,-7.06768579553765E-05,0,16.6541,5.59280000000013
44.42,-7.0652213827732E-05,0.304278871628737,16.6541,5.59280000000013
44.43,-7.25109908251067E-05,0,16.6541,5.59280000000013
44.44,-8.25531764134332E-05,0.181537925404699,16.6541,5.59280000000013
44.45,-9.10801355894747E-05,0,16.6541,5.59280000000013
44.5,0,0.538218172205654,16.6541,5.5924
44.51,0,0,16.6541,5.5924
44.52,0,0.303700028975009,16.6541,5.5924
44.53,0,0,16.6541,5.5924
44.54,0,0.18121101923419,16.6541,5.5924
44.55,0,0,16.6541,5.5924
44.6,0,0.539281403502861,16.6541,5.59199999999987
44.61,0,0,16.6541,5.59199999999987
44.62,0,0.304278871628604,16.6541,5.59199999999987
44.63,0,0,16.6541,5.59199999999987
44.64,0,0.181537925404574,16.6541,5.59199999999987
44.65,0,0,16.6541,5.59199999999987
44.7,0,0.539357021777169,16.6541,5.59259999999995
44.71,0,0,16.6541,5.59259999999995
44.72,0,0.304317315505434,16.6541,5.59259999999995
44.73,0,0,16.6541,5.59259999999995
44.74,0,0.181557175766898,16.6541,5.59259999999995
44.75,0,0,16.6541,5.59259999999995
44.8,0.000124930867065506,0.538218175654537,16.6542,5.59220000000005
44.81,6.99022705756807E-05,0,16.6542,5.59220000000005
44.82,6.86458725444631E-05,0.303700030728395,16.6542,5.59220000000005
44.83,6.92987030151214E-05,0,16.6542,5.59220000000005
44.84,7.27326704514201E-05,0.181211020112142,16.6542,5.59220000000005
44.85,8.80778825879292E-05,0,16.6542,5.59220000000005
44.9,-9.52724745195318E-05,0.53928140350145,16.6541,5.59179999999992
44.91,-6.70807437520627E-05,0,16.6541,5.59179999999992
44.92,-6.50680186097524E-05,0.304278871628022,16.6541,5.59179999999992
44.93,-6.50799320386079E-05,0,16.6541,5.59179999999992
44.94,-6.89373018441154E-05,0.181537925404303,16.6541,5.59179999999992
44.95,-0.000100841099025567,0,16.6541,5.59179999999992
45,0,0.539357021777019,16.6541,5.5924
45.01,0,0,16.6541,5.5924
45.02,0,0.304317315505356,16.6541,5.5924
45.03,0,0,16.6541,5.5924
45.04,0,0.181557175766931,16.6541,5.5924
45.05,0,0,16.6541,5.5924
45.1,0.00011428558972404,0.538218175654656,16.6542,5.5920000000001
45.11,6.60502632211457E-05,0,16.6542,5.5920000000001
45.12,6.3441920967899E-05,0.303700030728478,16.6542,5.5920000000001
45.13,6.38263513419488E-05,0,16.6542,5.5920000000001
45.14,7.19125042218569E-05,0.18121102011217,16.6542,5.5920000000001
45.15,8.93016917971509E-05,0,16.6542,5.5920000000001
45.2,-0.000102343281433147,0.539281403502819,16.6541,5.59259999999995
45.21,-8.16921554724367E-05,0,16.6541,5.59259999999995
45.22,-7.92748221452591E-05,0.3042788716287,16.6541,5.59259999999995
45.23,-7.82783738536749E-05,0,16.6541,5.59259999999995
45.24,-8.53388892504034E-05,0.181537925404611,16.6541,5.59259999999995
45.25,-0.000121692546943987,0,16.6541,5.59259999999995
45.3,0,0.538218172205338,16.6541,5.59220000000005
45.31,0,0,16.6541,5.59220000000005
45.32,0,0.303700028975015,16.6541,5.59220000000005
45.33,0,0,16.6541,5.59220000000005
45.34,0,0.181211019234186,16.6541,5.59220000000005
45.35,0,0,16.6541,5.59220000000005
45.4,0,0.539281403502164,16.6541,5.59190000000012
45.41,0,0,16.6541,5.59190000000012
45.42,0,0.304278871628279,16.6541,5.59190000000012
45.43,0,0,16.6541,5.59190000000012
45.44,0,0.181537925404395,16.6541,5.59190000000012
45.45,0,0,16.6541,5.59190000000012
45.5,0,0.539357021776942,16.6541,5.59249999999997
45.51,0,0,16.6541,5.59249999999997
45.52,0,0.304317315505229,16.6541,5.59249999999997
45.53,0,0,16.6541,5.59249999999997
45.54,0,0.181557175766922,16.6541,5.59249999999997
45.55,0,0,16.6541,5.59249999999997
45.6,0,0.538218175653884,16.6541,5.59210000000007
45.61,0,0,16.6541,5.59210000000007
45.62,0,0.303700030728104,16.6541,5.59210000000007
45.63,0,0,16.6541,5.59210000000007
45.64,0,0.181211020111974,16.6541,5.59210000000007
45.65,0,0,16.6541,5.59210000000007
45.7,0,0.539281403502768,16.6541,5.59169999999995
45.71,0,0,16.6541,5.59169999999995
45.72,0,0.304278871628626,16.6541,5.59169999999995
45.73,0,0,16.6541,5.59169999999995
45.74,0,0.181537925404544,16.6541,5.59169999999995
45.75,0,0,16.6541,5.59169999999995
45.8,0,0.538218172205541,16.6541,5.59230000000002
45.81,0,0,16.6541,5.59230000000002
45.82,0,0.303700028974963,16.6541,5.59230000000002
45.83,0,0,16.6541,5.59230000000002
45.84,0,0.181211019234156,16.6541,5.59230000000002
45.85,0,0,16.6541,5.59230000000002
45.9,-0.00014392988644948,0.538142553930192,16.654,5.5918999999999
45.91,-8.20714795861546E-05,0,16.654,5.5918999999999
45.92,-8.40814853718086E-05,0.303661585097756,16.654,5.5918999999999
45.93,-8.32057894651375E-05,0,16.654,5.5918999999999
45.94,-9.56690646823402E-05,0.181191768871575,16.654,5.5918999999999
45.95,-0.00013210863998407,0,16.654,5.5918999999999
46,0,0.539281400053203,16.654,5.59249999999997
46.01,0,0,16.654,5.59249999999997
46.02,0,0.30427886987495,16.654,5.59249999999997
46.03,0,0,16.654,5.59249999999997
46.04,0,0.181537924526428,16.654,5.59249999999997
46.05,0,0,16.654,5.59249999999997
46.1,0,0.538218172205419,16.654,5.59220000000005
46.11,0,0,16.654,5.59220000000005
46.12,0,0.303700028974785,16.654,5.59220000000005
46.13,0,0,16.654,5.59220000000005
46.14,0,0.181211019234069,16.654,5.59220000000005
46.15,0,0,16.654,5.59220000000005
46.2,-0.000107519514376943,0.539281403502221,16.6539,5.59179999999992
46.21,-6.98584943369458E-05,0,16.6539,5.59179999999992
46.22,-6.87962996373485E-05,0.304278871628358,16.6539,5.59179999999992
46.23,-6.72808877737034E-05,0,16.6539,5.59179999999992
46.24,-8.1788690812606E-05,0.1815379254044,16.6539,5.59179999999992
46.25,-0.000106272889201699,0,16.6539,5.59179999999992
46.3,0.000139751437729161,0.539357021776959,16.654,5.5924
46.31,9.65492920459698E-05,0,16.654,5.5924
46.32,9.5866737978447E-05,0.304317315505147,16.654,5.5924
46.33,9.64063760585252E-05,0,16.654,5.5924
46.34,9.57927336175289E-05,0.181557175766849,16.654,5.5924
46.35,0.000133204944168188,0,16.654,5.5924
46.4,0,0.538218175654592,16.654,5.5920000000001
46.41,0,0,16.654,5.5920000000001
46.42,0,0.30370003072839,16.654,5.5920000000001
46.43,0,0,16.654,5.5920000000001
46.44,0,0.181211020112187,16.654,5.5920000000001
46.45,0,0,16.654,5.5920000000001
46.5,-0.000109442702000048,0.539281403501854,16.6539,5.59169999999995
46.51,-8.14260365825718E-05,0,16.6539,5.59169999999995
46.52,-8.30200152012253E-05,0.304278871628077,16.6539,5.59169999999995
46.53,-8.32525282597478E-05,0,16.6539,5.59169999999995
46.54,-8.25241022168181E-05,0.181537925404361,16.6539,5.59169999999995
46.55,-9.22912265875894E-05,0,16.6539,5.59169999999995
46.6,0.000104339034995826,0.538218172205453,16.654,5.59230000000002
46.61,7.22057836185357E-05,0,16.654,5.59230000000002
46.62,7.4022964162885E-05,0.303700028975003,16.654,5.59230000000002
46.63,7.38645773345207E-05,0,16.654,5.59230000000002
46.64,9.14355474070118E-05,0.181211019234177,16.654,5.59230000000002
46.65,0.000119983293951788,0,16.654,5.59230000000002
46.7,-0.000126651850420035,0.538142553930452,16.6539,5.59190000000012
46.71,-7.25172592051727E-05,0,16.6539,5.59190000000012
46.72,-7.14252337242686E-05,0.303661585098025,16.6539,5.59190000000012
46.73,-6.98569817773803E-05,0,16.6539,5.59190000000012
46.74,-7.00188472933554E-05,0.181191768871725,16.6539,5.59190000000012
46.75,-8.65466986084247E-05,0,16.6539,5.59190000000012
46.8,-0.000113287308635309,0.53928140005271,16.6538,5.59259999999995
46.81,-6.7994423369812E-05,0,16.6538,5.59259999999995
46.82,-6.78562599898761E-05,0.304278869874729,16.6538,5.59259999999995
46.83,-6.83080250410441E-05,0,16.6538,5.59259999999995
46.84,-8.17730640253884E-05,0.181537924526351,16.6538,5.59259999999995
46.85,-9.94363312215564E-05,0,16.6538,5.59259999999995
46.9,0.000144389693099135,0.538218172205699,16.6539,5.59219999999982
46.91,0.000101864564435237,0,16.6539,5.59219999999982
46.92,0.000101830435721835,0.303700028974972,16.6539,5.59219999999982
46.93,0.000100241719424554,0,16.6539,5.59219999999982
46.94,0.000106089028396872,0.181211019234155,16.6539,5.59219999999982
46.95,0.000150833552098902,0,16.6539,5.59219999999982
47,-0.000167416567210853,0.53928140350188,16.6538,5.59180000000015
47.01,-0.000103863110714663,0,16.6538,5.59180000000015
47.02,-0.000105508853397351,0.304278871628284,16.6538,5.59180000000015
47.03,-0.000104414101105311,0,16.6538,5.59180000000015
47.04,-0.000102603152237223,0.181537925404413,16.6538,5.59180000000015
47.05,-0.000159052277915187,0,16.6538,5.59180000000015
47.1,0.000154472680131046,0.539357021776811,16.6539,5.59249999999997
47.11,9.54270243212119E-05,0,16.6539,5.59249999999997
47.12,9.71666191754693E-05,0.304317315505233,16.6539,5.59249999999997
47.13,9.50442782685299E-05,0,16.6539,5.59249999999997
47.14,9.43303346525329E-05,0.181557175766856,16.6539,5.59249999999997
47.15,0.000142643508898086,0,16.6539,5.59249999999997
47.2,0,0.538218175654453,16.6539,5.59209999999985
47.21,0,0,16.6539,5.59209999999985
47.22,0,0.30370003072833,16.6539,5.59209999999985
47.23,0,0,16.6539,5.59209999999985
47.24,0,0.181211020112081,16.6539,5.59209999999985
47.25,0,0,16.6539,5.59209999999985
47.3,-0.000125086978953575,0.539281403502189,16.6538,5.59170000000017
47.31,-8.8416170933767E-05,0,16.6538,5.59170000000017
47.32,-8.71895163970562E-05,0.304278871628396,16.6538,5.59170000000017
47.33,-8.7928689424799E-05,0,16.6538,5.59170000000017
47.34,-9.09825358294282E-05,0.181537925404477,16.6538,5.59170000000017
47.35,-0.000133728175893377,0,16.6538,5.59170000000017
47.4,0.000130294305861583,0.5382181722057,16.6539,5.5924
47.41,9.02200702519101E-05,0,16.6539,5.5924
47.42,9.07859973720771E-05,0.303700028974909,16.6539,5.5924
47.43,8.88002879340763E-05,0,16.6539,5.5924
47.44,8.95506990168119E-05,0.181211019234178,16.6539,5.5924
47.45,0.0001240056173959,0,16.6539,5.5924
47.5,-0.000103254572757692,0.538142553930588,16.6538,5.59199999999987
47.51,-7.36768291395898E-05,0,16.6538,5.59199999999987
47.52,-7.55371138771868E-05,0.303661585098009,16.6538,5.59199999999987
47.53,-7.54250488679011E-05,0,16.6538,5.59199999999987
47.54,-7.93675279013262E-05,0.181191768871761,16.6538,5.59199999999987
47.55,-0.000101787436447896,0,16.6538,5.59199999999987
47.6,-0.000109929182850567,0.539281400052867,16.6537,5.59270000000015
47.61,-7.02638808848892E-05,0,16.6537,5.59270000000015
47.62,-6.92904602837866E-05,0.304278869874823,16.6537,5.59270000000015
47.63,-6.99042511169074E-05,0,16.6537,5.59270000000015
47.64,-7.06765006713313E-05,0.18153792452642,16.6537,5.59270000000015
47.65,-9.59373456053685E-05,0,16.6537,5.59270000000015
47.7,0.000132075775896508,0.538218172205727,16.6538,5.59230000000002
47.71,8.87871295510209E-05,0,16.6538,5.59230000000002
47.72,8.41300571655847E-05,0.303700028975062,16.6538,5.59230000000002
47.73,8.43221943891854E-05,0,16.6538,5.59230000000002
47.74,9.36962664942896E-05,0.181211019234248,16.6538,5.59230000000002
47.75,0.000115723134396035,0,16.6538,5.59230000000002
47.8,-0.000130704801198827,0.539281403502199,16.6537,5.59199999999987
47.81,-9.37922274819982E-05,0,16.6537,5.59199999999987
47.82,-8.97845669073497E-05,0.304278871628331,16.6537,5.59199999999987
47.83,-8.92541836194103E-05,0,16.6537,5.59199999999987
47.84,-9.7773426390623E-05,0.181537925404466,16.6537,5.59199999999987
47.85,-0.000122271151754794,0,16.6537,5.59199999999987
47.9,0.000133559971850319,0.539357021777398,16.6538,5.59260000000018
47.91,7.28774968375166E-05,0,16.6538,5.59260000000018
47.92,7.30193415851086E-05,0.304317315505384,16.6538,5.59260000000018
47.93,7.06523328401767E-05,0,16.6538,5.59260000000018
47.94,7.83390486434585E-05,0.181557175766925,16.6538,5.59260000000018
47.95,8.92777413557617E-05,0,16.6538,5.59260000000018
48,0,0.538218175654535,16.6538,5.59220000000005
48.01,0,0,16.6538,5.59220000000005
48.02,0,0.30370003072854,16.6538,5.59220000000005
48.03,0,0,16.6538,5.59220000000005
48.04,0,0.181211020112174,16.6538,5.59220000000005
48.05,0,0,16.6538,5.59220000000005
48.1,-0.000120494468400224,0.53928140350145,16.6537,5.5918999999999
48.11,-7.12427683808006E-05,0,16.6537,5.5918999999999
48.12,-7.10686981508944E-05,0.304278871628022,16.6537,5.5918999999999
48.13,-7.09008693769023E-05,0,16.6537,5.5918999999999
48.14,-7.91983307997663E-05,0.181537925404303,16.6537,5.5918999999999
48.15,-0.000101011827208365,0,16.6537,5.5918999999999
48.2,0.000111571409570671,0.539357021777019,16.6538,5.59249999999997
48.21,6.29215128270208E-05,0,16.6538,5.59249999999997
48.22,6.21128998578382E-05,0.304317315505356,16.6538,5.59249999999997
48.23,6.16650714888113E-05,0,16.6538,5.59249999999997
48.24,6.26481175558882E-05,0.181557175766931,16.6538,5.59249999999997
48.25,9.45570299429233E-05,0,16.6538,5.59249999999997
48.3,0,0.538218175654656,16.6538,5.59220000000005
48.31,0,0,16.6538,5.59220000000005
48.32,0,0.303700030728478,16.6538,5.59220000000005
48.33,0,0,16.6538,5.59220000000005
48.34,0,0.18121102011217,16.6538,5.59220000000005
48.35,0,0,16.6538,5.59220000000005
48.4,0,0.539281403502819,16.6538,5.5927999999999
48.41,0,0,16.6538,5.5927999999999
48.42,0,0.3042788716287,16.6538,5.5927999999999
48.43,0,0,16.6538,5.5927999999999
48.44,0,0.181537925404611,16.6538,5.5927999999999
48.45,0,0,16.6538,5.5927999999999
48.5,0,0.539357021776602,16.6538,5.59249999999997
48.51,0,0,16.6538,5.59249999999997
48.52,0,0.304317315505158,16.6538,5.59249999999997
48.53,0,0,16.6538,5.59249999999997
48.54,0,0.181557175766744,16.6538,5.59249999999997
48.55,0,0,16.6538,5.59249999999997
48.6,0.000130871194510617,0.539357025226497,16.6539,5.59210000000007
48.61,6.86774571204753E-05,0,16.6539,5.59210000000007
48.62,6.82264681289706E-05,0.304317317259081,16.6539,5.59210000000007
48.63,6.87359821697663E-05,0,16.6539,5.59210000000007
48.64,7.73892522716034E-05,0.181557176645109,16.6539,5.59210000000007
48.65,9.1424784914265E-05,0,16.6539,5.59210000000007
48.7,0,0.53935702522652,16.6539,5.59269999999992
48.71,0,0,16.6539,5.59269999999992
48.72,0,0.304317317259012,16.6539,5.59269999999992
48.73,0,0,16.6539,5.59269999999992
48.74,0,0.181557176644988,16.6539,5.59269999999992
48.75,0,0,16.6539,5.59269999999992
48.8,0,0.538218175654177,16.6539,5.5924
48.81,0,0,16.6539,5.5924
48.82,0,0.30370003072817,16.6539,5.5924
48.83,0,0,16.6539,5.5924
48.84,0,0.181211020112124,16.6539,5.5924
48.85,0,0,16.6539,5.5924
48.9,0,0.539281403502533,16.6539,5.59199999999987
48.91,0,0,16.6539,5.59199999999987
48.92,0,0.304278871628598,16.6539,5.59199999999987
48.93,0,0,16.6539,5.59199999999987
48.94,0,0.181537925404622,16.6539,5.59199999999987
48.95,0,0,16.6539,5.59199999999987
49,0,0.539357021777231,16.6539,5.59259999999995
49.01,0,0,16.6539,5.59259999999995
49.02,0,0.304317315505432,16.6539,5.59259999999995
49.03,0,0,16.6539,5.59259999999995
49.04,0,0.181557175766887,16.6539,5.59259999999995
49.05,0,0,16.6539,5.59259999999995
49.1,0.000115511834009634,0.538218175654565,16.654,5.59230000000002
49.11,7.31611014882378E-05,0,16.654,5.59230000000002
49.12,7.37186555843059E-05,0.303700030728462,16.654,5.59230000000002
49.13,7.49293278642263E-05,0,16.654,5.59230000000002
49.14,8.09898818257169E-05,0.181211020112237,16.654,5.59230000000002
49.15,9.26954884391031E-05,0,16.654,5.59230000000002
49.2,-8.66795898205409E-05,0.539281403502788,16.6539,5.59289999999987
49.21,-6.47466972931579E-05,0,16.6539,5.59289999999987
49.22,-6.52190760521563E-05,0.304278871628667,16.6539,5.59289999999987
49.23,-6.24819971336968E-05,0,16.6539,5.59289999999987
49.24,-6.79248314146616E-05,0.181537925404517,16.6539,5.59289999999987
49.25,-9.14192053598684E-05,0,16.6539,5.59289999999987
49.3,0,0.539357021777226,16.6539,5.59249999999997
49.31,0,0,16.6539,5.59249999999997
49.32,0,0.304317315505345,16.6539,5.59249999999997
49.33,0,0,16.6539,5.59249999999997
49.34,0,0.181557175766911,16.6539,5.59249999999997
49.35,0,0,16.6539,5.59249999999997
49.4,0.000121036556508208,0.539357025226276,16.654,5.59210000000007
49.41,8.21502453162717E-05,0,16.654,5.59210000000007
49.42,8.02835945453649E-05,0.304317317258944,16.654,5.59210000000007
49.43,8.10762997554786E-05,0,16.654,5.59210000000007
49.44,8.01749422719218E-05,0.181557176645046,16.654,5.59210000000007
49.45,9.77169349763582E-05,0,16.654,5.59210000000007
49.5,0,0.53935702522655,16.654,5.5927999999999
49.51,0,0,16.654,5.5927999999999
49.52,0,0.3043173172589,16.654,5.5927999999999
49.53,0,0,16.654,5.5927999999999
49.54,0,0.181557176644997,16.654,5.5927999999999
49.55,0,0,16.654,5.5927999999999
49.6,0.000123997185579949,0.538218175654733,16.6541,5.5924
49.61,8.18250701332873E-05,0,16.6541,5.5924
49.62,8.07730852926267E-05,0.303700030728513,16.6541,5.5924
49.63,8.14700055162156E-05,0,16.6541,5.5924
49.64,8.66477160042933E-05,0.181211020112272,16.6541,5.5924
49.65,0.000131311232651682,0,16.6541,5.5924
49.7,-9.92445749519128E-05,0.539281403502492,16.654,5.5920000000001
49.71,-7.44579202997668E-05,0,16.654,5.5920000000001
49.72,-7.61122765246798E-05,0.304278871628488,16.654,5.5920000000001
49.73,-7.68695786039895E-05,0,16.654,5.5920000000001
49.74,-7.88708409645506E-05,0.181537925404487,16.654,5.5920000000001
49.75,-0.000141131595505592,0,16.654,5.5920000000001
49.8,0,0.53935702177687,16.654,5.59259999999995
49.81,0,0,16.654,5.59259999999995
49.82,0,0.304317315505194,16.654,5.59259999999995
49.83,0,0,16.654,5.59259999999995
49.84,0,0.181557175766722,16.654,5.59259999999995
49.85,0,0,16.654,5.59259999999995
49.9,0.000140256147883276,0.538218175654455,16.6541,5.59220000000005
49.91,7.96301661402715E-05,0,16.6541,5.59220000000005
49.92,8.04960685681264E-05,0.303700030728345,16.6541,5.59220000000005
49.93,8.1773701736546E-05,0,16.6541,5.59220000000005
49.94,9.03294611204483E-05,0.181211020112177,16.6541,5.59220000000005
49.95,0.000115392978980693,0,16.6541,5.59220000000005
50,-0.000126537222295673,0.539281403502189,16.654,5.59190000000012
50.01,-6.64705341661393E-05,0,16.654,5.59190000000012
50.02,-6.62026816928321E-05,0.304278871628396,16.654,5.59190000000012
50.03,-6.67092489151423E-05,0,16.654,5.59190000000012
50.04,-6.77388898667159E-05,0.181537925404477,16.654,5.59190000000012
50.05,-9.67979598663811E-05,0,16.654,5.59190000000012
50.1,0.000162713715996703,0.539357021777371,16.6541,5.59249999999997
50.11,0.000101843045842808,0,16.6541,5.59249999999997
50.12,0.000104361361724754,0.304317315505475,16.6541,5.59249999999997
50.13,0.000105312021371976,0,16.6541,5.59249999999997
50.14,0.000110815600775448,0.181557175766897,16.6541,5.59249999999997
50.15,0.000170217159275441,0,16.6541,5.59249999999997
50.2,0,0.538218175654063,16.6541,5.59209999999985
50.21,0,0,16.6541,5.59209999999985
50.22,0,0.303700030728002,16.6541,5.59209999999985
50.23,0,0,16.6541,5.59209999999985
50.24,0,0.181211020111994,16.6541,5.59209999999985
50.25,0,0,16.6541,5.59209999999985
50.3,-0.000124719490691029,0.539281403501854,16.654,5.59270000000015
50.31,-7.06137937767093E-05,0,16.654,5.59270000000015
50.32,-7.14423877809025E-05,0.304278871628077,16.654,5.59270000000015
50.33,-7.14769642383794E-05,0,16.654,5.59270000000015
50.34,-8.01211854934665E-05,0.181537925404361,16.654,5.59270000000015
50.35,-0.000113033298478722,0,16.654,5.59270000000015
50.4,0.000131215927470138,0.538218172205453,16.6541,5.59230000000002
50.41,6.99174187438152E-05,0,16.6541,5.59230000000002
50.42,7.02134206053288E-05,0.303700028975003,16.6541,5.59230000000002
50.43,7.06570936667637E-05,0,16.6541,5.59230000000002
50.44,7.00823750754446E-05,0.181211019234177,16.6541,5.59230000000002
50.45,0.000102885289009445,0,16.6541,5.59230000000002
50.5,-0.000154969222697253,0.539281403501886,16.654,5.5918999999999
50.51,-0.000100550518538173,0,16.654,5.5918999999999
50.52,-9.8793878709277E-05,0.304278871628261,16.654,5.5918999999999
50.53,-9.83518696988509E-05,0,16.654,5.5918999999999
50.54,-0.000100589583952645,0.181537925404394,16.654,5.5918999999999
50.55,-0.00013409886276773,0,16.654,5.5918999999999
50.6,0,0.5393570217772,16.654,5.59260000000018
50.61,0,0,16.654,5.59260000000018
50.62,0,0.30431731550539,16.654,5.59260000000018
50.63,0,0,16.654,5.59260000000018
50.64,0,0.181557175766938,16.654,5.59260000000018
50.65,0,0,16.654,5.59260000000018
50.7,0.000141795267072016,0.538218175653809,16.6541,5.59220000000005
50.71,8.79019693725592E-05,0,16.6541,5.59220000000005
50.72,8.90968183225824E-05,0.303700030728095,16.6541,5.59220000000005
50.73,8.93583876601096E-05,0,16.6541,5.59220000000005
50.74,9.02827967124769E-05,0.181211020112021,16.6541,5.59220000000005
50.75,0.000141743514875915,0,16.6541,5.59220000000005
50.8,-0.000142160038773941,0.53928140350266,16.654,5.59179999999992
50.81,-8.73787847852401E-05,0,16.654,5.59179999999992
50.82,-8.90807339174677E-05,0.304278871628466,16.654,5.59179999999992
50.83,-8.87504946093426E-05,0,16.654,5.59179999999992
50.84,-8.96993130820243E-05,0.181537925404524,16.654,5.59179999999992
50.85,-0.000116848278186566,0,16.654,5.59179999999992
50.9,0,0.539357021776483,16.654,5.5924
50.91,0,0,16.654,5.5924
50.92,0,0.304317315504977,16.654,5.5924
50.93,0,0,16.654,5.5924
50.94,0,0.181557175766687,16.654,5.5924
50.95,0,0,16.654,5.5924
51,0.000111653383166164,0.538218175655033,16.6541,5.5920000000001
51.01,6.373392331803E-05,0,16.6541,5.5920000000001
51.02,6.43795817624395E-05,0.303700030728602,16.6541,5.5920000000001
51.03,6.45936393581488E-05,0,16.6541,5.5920000000001
51.04,6.96894938322493E-05,0.181211020112239,16.6541,5.5920000000001
51.05,8.56807489676815E-05,0,16.6541,5.5920000000001
51.1,-0.000113316997127842,0.539281403502473,16.654,5.59259999999995
51.11,-6.89345826339883E-05,0,16.654,5.59259999999995
51.12,-6.67212402822995E-05,0.304278871628591,16.654,5.59259999999995
51.13,-6.62975936064008E-05,0,16.654,5.59259999999995
51.14,-7.23281812865727E-05,0.181537925404599,16.654,5.59259999999995
51.15,-8.08119918305696E-05,0,16.654,5.59259999999995
51.2,0.00010624273971884,0.538218172205485,16.6541,5.5922999999998
51.21,7.39040127990609E-05,0,16.6541,5.5922999999998
51.22,7.26117922419772E-05,0.303700028975007,16.6541,5.5922999999998
51.23,7.34624876299858E-05,0,16.6541,5.5922999999998
51.24,8.83042972062205E-05,0.181211019234173,16.6541,5.5922999999998
51.25,0.000120287475981251,0,16.6541,5.5922999999998
51.3,-0.00011538536027087,0.539281403502336,16.654,5.59190000000012
51.31,-8.0936276467664E-05,0,16.654,5.59190000000012
51.32,-8.17195317734274E-05,0.304278871628345,16.654,5.59190000000012
51.33,-8.03840677061197E-05,0,16.654,5.59190000000012
51.34,-8.08211792406409E-05,0.181537925404453,16.654,5.59190000000012
51.35,-0.000123129023640299,0,16.654,5.59190000000012
51.4,0,0.539357021777125,16.654,5.59249999999997
51.41,0,0,16.654,5.59249999999997
51.42,0,0.304317315505339,16.654,5.59249999999997
51.43,0,0,16.654,5.59249999999997
51.44,0,0.18155717576687,16.654,5.59249999999997
51.45,0,0,16.654,5.59249999999997
51.5,0.000116090197261262,0.538218175654063,16.6541,5.59209999999985
51.51,7.69856979235233E-05,0,16.6541,5.59209999999985
51.52,7.68129865704265E-05,0.303700030728002,16.6541,5.59209999999985
51.53,7.61158677558194E-05,0,16.6541,5.59209999999985
51.54,8.59553695667545E-05,0.181211020111994,16.6541,5.59209999999985
51.55,0.000103458070945046,0,16.6541,5.59209999999985
51.6,-0.000138752836717222,0.539281403501854,16.654,5.59170000000017
51.61,-8.23484693795495E-05,0,16.654,5.59170000000017
51.62,-7.89572524715222E-05,0.304278871628077,16.654,5.59170000000017
51.63,-7.85773914344903E-05,0,16.654,5.59170000000017
51.64,-7.82526702672641E-05,0.181537925404361,16.654,5.59170000000017
51.65,-0.000101204375070643,0,16.654,5.59170000000017
51.7,0,0.538218172205453,16.654,5.5924
51.71,0,0,16.654,5.5924
51.72,0,0.303700028975003,16.654,5.5924
51.73,0,0,16.654,5.5924
51.74,0,0.181211019234177,16.654,5.5924
51.75,0,0,16.654,5.5924
51.8,0,0.538142553930452,16.654,5.59199999999987
51.81,0,0,16.654,5.59199999999987
51.82,0,0.303661585098025,16.654,5.59199999999987
51.83,0,0,16.654,5.59199999999987
51.84,0,0.181191768871725,16.654,5.59199999999987
51.85,0,0,16.654,5.59199999999987
51.9,-0.000149332042111511,0.53928140005271,16.6539,5.59260000000018
51.91,-8.65915462715116E-05,0,16.6539,5.59260000000018
51.92,-0.0000865640246668997,0.304278869874729,16.6539,5.59260000000018
51.93,-8.55610225777873E-05,0,16.6539,5.59260000000018
51.94,-8.57627402826699E-05,0.181537924526351,16.6539,5.59260000000018
51.95,-0.00013002045953322,0,16.6539,5.59260000000018
52,0,0.538218172205699,16.6539,5.59220000000005
52.01,0,0,16.6539,5.59220000000005
52.02,0,0.303700028974972,16.6539,5.59220000000005
52.03,0,0,16.6539,5.59220000000005
52.04,0,0.181211019234155,16.6539,5.59220000000005
52.05,0,0,16.6539,5.59220000000005
52.1,0,0.53928140350188,16.6539,5.5918999999999
52.11,0,0,16.6539,5.5918999999999
52.12,0,0.304278871628284,16.6539,5.5918999999999
52.13,0,0,16.6539,5.5918999999999
52.14,0,0.181537925404413,16.6539,5.5918999999999
52.15,0,0,16.6539,5.5918999999999
52.2,0,0.539357021776811,16.6539,5.5925000000002
52.21,0,0,16.6539,5.5925000000002
52.22,0,0.304317315505233,16.6539,5.5925000000002
52.23,0,0,16.6539,5.5925000000002
52.24,0,0.181557175766856,16.6539,5.5925000000002
52.25,0,0,16.6539,5.5925000000002
52.3,0.000196896268442558,0.538218175654453,16.654,5.59210000000007
52.31,9.37781772487071E-05,0,16.654,5.59210000000007
52.32,9.53110108731716E-05,0.30370003072833,16.654,5.59210000000007
52.33,9.39293856287757E-05,0,16.654,5.59210000000007
52.34,9.40190804100814E-05,0.181211020112081,16.654,5.59210000000007
52.35,0.000121420230027189,0,16.654,5.59210000000007
52.4,-0.000102397500060795,0.539281403502189,16.6539,5.59179999999992
52.41,-6.88744749398209E-05,0,16.6539,5.59179999999992
52.42,-6.63715556623022E-05,0.304278871628396,16.6539,5.59179999999992
52.43,-6.18672708390893E-05,0,16.6539,5.59179999999992
52.44,-6.20302260817193E-05,0.181537925404477,16.6539,5.59179999999992
52.45,-7.09711719545476E-05,0,16.6539,5.59179999999992
52.5,0,0.5382181722057,16.6539,5.5924
52.51,0,0,16.6539,5.5924
52.52,0,0.303700028974909,16.6539,5.5924
52.53,0,0,16.6539,5.5924
52.54,0,0.181211019234178,16.6539,5.5924
52.55,0,0,16.6539,5.5924
52.6,0,0.538142553930588,16.6539,5.5920000000001
52.61,0,0,16.6539,5.5920000000001
52.62,0,0.303661585098009,16.6539,5.5920000000001
52.63,0,0,16.6539,5.5920000000001
52.64,0,0.181191768871761,16.6539,5.5920000000001
52.65,0,0,16.6539,5.5920000000001
52.7,-0.000121153328441823,0.539281400052867,16.6538,5.59269999999992
52.71,-7.70636362799413E-05,0,16.6538,5.59269999999992
52.72,-8.08038961837707E-05,0.304278869874823,16.6538,5.59269999999992
52.73,-8.0852961983939E-05,0,16.6538,5.59269999999992
52.74,-9.45548982828557E-05,0.18153792452642,16.6538,5.59269999999992
52.75,-0.000143281363157777,0,16.6538,5.59269999999992
52.8,0,0.538218172205727,16.6538,5.59230000000002
52.81,0,0,16.6538,5.59230000000002
52.82,0,0.303700028975062,16.6538,5.59230000000002
52.83,0,0,16.6538,5.59230000000002
52.84,0,0.181211019234248,16.6538,5.59230000000002
52.85,0,0,16.6538,5.59230000000002
52.9,0,0.539281403502199,16.6538,5.5920000000001
52.91,0,0,16.6538,5.5920000000001
52.92,0,0.304278871628331,16.6538,5.5920000000001
52.93,0,0,16.6538,5.5920000000001
52.94,0,0.181537925404466,16.6538,5.5920000000001
52.95,0,0,16.6538,5.5920000000001
53,0,0.539357021777398,16.6538,5.59259999999995
53.01,0,0,16.6538,5.59259999999995
53.02,0,0.304317315505384,16.6538,5.59259999999995
53.03,0,0,16.6538,5.59259999999995
53.04,0,0.181557175766925,16.6538,5.59259999999995
53.05,0,0,16.6538,5.59259999999995
53.1,0,0.538218175654535,16.6538,5.59220000000005
53.11,0,0,16.6538,5.59220000000005
53.12,0,0.30370003072854,16.6538,5.59220000000005
53.13,0,0,16.6538,5.59220000000005
53.14,0,0.181211020112174,16.6538,5.59220000000005
53.15,0,0,16.6538,5.59220000000005
53.2,0,0.53928140350145,16.6538,5.5918999999999
53.21,0,0,16.6538,5.5918999999999
53.22,0,0.304278871628022,16.6538,5.5918999999999
53.23,0,0,16.6538,5.5918999999999
53.24,0,0.181537925404303,16.6538,5.5918999999999
53.25,0,0,16.6538,5.5918999999999
53.3,0,0.539357021777019,16.6538,5.59249999999997
53.31,0,0,16.6538,5.59249999999997
53.32,0,0.304317315505356,16.6538,5.59249999999997
53.33,0,0,16.6538,5.59249999999997
53.34,0,0.181557175766931,16.6538,5.59249999999997
53.35,0,0,16.6538,5.59249999999997
53.4,0.000161886610392191,0.538218175654656,16.6539,5.59220000000005
53.41,9.5252352748588E-05,0,16.6539,5.59220000000005
53.42,9.65595165465376E-05,0.303700030728478,16.6539,5.59220000000005
53.43,9.70207489993344E-05,0,16.6539,5.59220000000005
53.44,9.47878163317519E-05,0.18121102011217,16.6539,5.59220000000005
53.45,0.000144594275943043,0,16.6539,5.59220000000005
53.5,-0.000170477293695977,0.539281403502819,16.6538,5.5927999999999
53.51,-8.81990116704915E-05,0,16.6538,5.5927999999999
53.52,-8.94891763067209E-05,0.3042788716287,16.6538,5.5927999999999
53.53,-9.22859468853049E-05,0,16.6538,5.5927999999999
53.54,-9.15620968250344E-05,0.181537925404611,16.6538,5.5927999999999
53.55,-0.000136090772520035,0,16.6538,5.5927999999999
53.6,0,0.539357021776602,16.6538,5.5924
53.61,0,0,16.6538,5.5924
53.62,0,0.304317315505158,16.6538,5.5924
53.63,0,0,16.6538,5.5924
53.64,0,0.181557175766744,16.6538,5.5924
53.65,0,0,16.6538,5.5924
53.7,0.000104886968350894,0.539357025226497,16.6539,5.59210000000007
53.71,6.06462975037663E-05,0,16.6539,5.59210000000007
53.72,6.13768549640125E-05,0.304317317259081,16.6539,5.59210000000007
53.73,6.22479467382336E-05,0,16.6539,5.59210000000007
53.74,7.08535596517079E-05,0.181557176645109,16.6539,5.59210000000007
53.75,0.000100198854270451,0,16.6539,5.59210000000007
53.8,0,0.53935702522652,16.6539,5.59269999999992
53.81,0,0,16.6539,5.59269999999992
53.82,0,0.304317317259012,16.6539,5.59269999999992
53.83,0,0,16.6539,5.59269999999992
53.84,0,0.181557176644988,16.6539,5.59269999999992
53.85,0,0,16.6539,5.59269999999992
53.9,0.000121363665298706,0.538218175654177,16.654,5.59230000000002
53.91,8.61394890329053E-05,0,16.654,5.59230000000002
53.92,8.63581689439953E-05,0.30370003072817,16.654,5.59230000000002
53.93,8.6411009703336E-05,0,16.654,5.59230000000002
53.94,8.75739961246038E-05,0.181211020112124,16.654,5.59230000000002
53.95,0.000143504906321088,0,16.654,5.59230000000002
54,-0.000128736636945112,0.539281403502533,16.6539,5.5920000000001
54.01,-8.29458063391439E-05,0,16.6539,5.5920000000001
54.02,-8.2391012683647E-05,0.304278871628598,16.6539,5.5920000000001
54.03,-8.30326702153313E-05,0,16.6539,5.5920000000001
54.04,-8.16063256854556E-05,0.181537925404622,16.6539,5.5920000000001
54.05,-0.000143600221855172,0,16.6539,5.5920000000001
54.1,9.62859812352414E-05,0.539357021777231,16.654,5.59259999999995
54.11,6.32918108383554E-05,0,16.654,5.59259999999995
54.12,6.15521342835541E-05,0.304317315505432,16.654,5.59259999999995
54.13,6.22184906358646E-05,0,16.654,5.59259999999995
54.14,6.42476341610612E-05,0.181557175766887,16.654,5.59259999999995
54.15,0.000103758794367405,0,16.654,5.59259999999995
54.2,0,0.538218175654565,16.654,5.59220000000005
54.21,0,0,16.654,5.59220000000005
54.22,0,0.303700030728462,16.654,5.59220000000005
54.23,0,0,16.654,5.59220000000005
54.24,0,0.181211020112237,16.654,5.59220000000005
54.25,0,0,16.654,5.59220000000005
54.3,-0.00015518710641757,0.539281403502788,16.6539,5.59280000000013
54.31,-9.84010172527185E-05,0,16.6539,5.59280000000013
54.32,-9.89670794319651E-05,0.304278871628667,16.6539,5.59280000000013
54.33,-9.94290238690644E-05,0,16.6539,5.59280000000013
54.34,-9.84310375576187E-05,0.181537925404517,16.6539,5.59280000000013
54.35,-0.000141726751434912,0,16.6539,5.59280000000013
54.4,0.000137960996115078,0.539357021777226,16.654,5.59249999999997
54.41,8.9260641761551E-05,0,16.654,5.59249999999997
54.42,8.90015320562707E-05,0.304317315505345,16.654,5.59249999999997
54.43,8.91650049530445E-05,0,16.654,5.59249999999997
54.44,9.03972102604437E-05,0.181557175766911,16.654,5.59249999999997
54.45,0.000134964025072729,0,16.654,5.59249999999997
54.5,0,0.539357025226276,16.654,5.59209999999985
54.51,0,0,16.654,5.59209999999985
54.52,0,0.304317317258944,16.654,5.59209999999985
54.53,0,0,16.654,5.59209999999985
54.54,0,0.181557176645046,16.654,5.59209999999985
54.55,0,0,16.654,5.59209999999985
54.6,0.000171416474241994,0.53935702522655,16.6541,5.59270000000015
54.61,8.57822099689584E-05,0,16.6541,5.59270000000015
54.62,8.50711207113131E-05,0.3043173172589,16.6541,5.59270000000015
54.63,8.43876803719353E-05,0,16.6541,5.59270000000015
54.64,8.26651162330425E-05,0.181557176644997,16.6541,5.59270000000015
54.65,0.000105156771013288,0,16.6541,5.59270000000015
54.7,0,0.538218175654733,16.6541,5.59230000000002
54.71,0,0,16.6541,5.59230000000002
54.72,0,0.303700030728513,16.6541,5.59230000000002
54.73,0,0,16.6541,5.59230000000002
54.74,0,0.181211020112272,16.6541,5.59230000000002
54.75,0,0,16.6541,5.59230000000002
54.8,-0.000103442506510689,0.539281403502492,16.654,5.5918999999999
54.81,-6.4589262697711E-05,0,16.654,5.5918999999999
54.82,-6.51296520302274E-05,0.304278871628488,16.654,5.5918999999999
54.83,-6.75128609598272E-05,0,16.654,5.5918999999999
54.84,-6.98399990673726E-05,0.181537925404487,16.654,5.5918999999999
54.85,-8.55882593007784E-05,0,16.654,5.5918999999999
54.9,0.00015597310644338,0.53935702177687,16.6541,5.59249999999997
54.91,9.38797691895729E-05,0,16.6541,5.59249999999997
54.92,9.31970216441888E-05,0.304317315505194,16.6541,5.59249999999997
54.93,9.33212295969773E-05,0,16.6541,5.59249999999997
54.94,0.000110694814294543,0.181557175766722,16.6541,5.59249999999997
54.95,0.000142112834968954,0,16.6541,5.59249999999997
55,0,0.538218175654455,16.6541,5.59220000000005
55.01,0,0,16.6541,5.59220000000005
55.02,0,0.303700030728345,16.6541,5.59220000000005
55.03,0,0,16.6541,5.59220000000005
55.04,0,0.181211020112177,16.6541,5.59220000000005
55.05,0,0,16.6541,5.59220000000005
55.1,-0.000154950330085679,0.539281403502189,16.654,5.5927999999999
55.11,-9.41846010129663E-05,0,16.654,5.5927999999999
55.12,-9.38457407769843E-05,0.304278871628396,16.654,5.5927999999999
55.13,-9.56243516639626E-05,0,16.654,5.5927999999999
55.14,-0.000103537496914101,0.181537925404477,16.654,5.5927999999999
55.15,-0.000168560348187735,0,16.654,5.5927999999999
55.2,0.000159050468508478,0.539357021777371,16.6541,5.5924
55.21,9.90126365335867E-05,0,16.6541,5.5924
55.22,9.76564158918878E-05,0.304317315505475,16.6541,5.5924
55.23,9.72996095768499E-05,0,16.6541,5.5924
55.24,9.66137870824757E-05,0.181557175766897,16.6541,5.5924
55.25,0.000123530465105032,0,16.6541,5.5924
55.3,0,0.539357025226456,16.6541,5.5920000000001
55.31,0,0,16.6541,5.5920000000001
55.32,0,0.304317317259069,16.6541,5.5920000000001
55.33,0,0,16.6541,5.5920000000001
55.34,0,0.181557176645073,16.6541,5.5920000000001
55.35,0,0,16.6541,5.5920000000001
55.4,0.000132726099008589,0.539357025225853,16.6542,5.59259999999995
55.41,9.38900665955616E-05,0,16.6542,5.59259999999995
55.42,9.31626585636182E-05,0.3043173172586,16.6542,5.59259999999995
55.43,9.35458071363146E-05,0,16.6542,5.59259999999995
55.44,9.29036830958169E-05,0.18155717664479,16.6542,5.59259999999995
55.45,0.000133749924264579,0,16.6542,5.59259999999995
55.5,0,0.538218175654671,16.6542,5.59219999999982
55.51,0,0,16.6542,5.59219999999982
55.52,0,0.303700030728443,16.6542,5.59219999999982
55.53,0,0,16.6542,5.59219999999982
55.54,0,0.181211020112161,16.6542,5.59219999999982
55.55,0,0,16.6542,5.59219999999982
55.6,-0.000152827467598124,0.539281403502895,16.6541,5.59180000000015
55.61,-7.4021396527392E-05,0,16.6541,5.59180000000015
55.62,-7.44157791177246E-05,0.30427887162881,16.6541,5.59180000000015
55.63,-7.4582641321376E-05,0,16.6541,5.59180000000015
55.64,-8.4314566627405E-05,0.18153792540476,16.6541,5.59180000000015
55.65,-0.000106797578004202,0,16.6541,5.59180000000015
55.7,0.000171669750003693,0.539357021777119,16.6542,5.5924
55.71,8.5579876923882E-05,0,16.6542,5.5924
55.72,8.24243662880522E-05,0.304317315505258,16.6542,5.5924
55.73,8.22006381158766E-05,0,16.6542,5.5924
55.74,8.22304520776726E-05,0.181557175766838,16.6542,5.5924
55.75,9.22344000138589E-05,0,16.6542,5.5924
55.8,0,0.538218175653808,16.6542,5.59199999999987
55.81,0,0,16.6542,5.59199999999987
55.82,0,0.303700030728001,16.6542,5.59199999999987
55.83,0,0,16.6542,5.59199999999987
55.84,0,0.18121102011197,16.6542,5.59199999999987
55.85,0,0,16.6542,5.59199999999987
55.9,-0.00013352213110548,0.53928140350266,16.6541,5.59259999999995
55.91,-7.00340460346175E-05,0,16.6541,5.59259999999995
55.92,-6.97625185868579E-05,0.304278871628466,16.6541,5.59259999999995
55.93,-7.05025759980875E-05,0,16.6541,5.59259999999995
55.94,-7.05058943965867E-05,0.181537925404524,16.6541,5.59259999999995
55.95,-0.000114239520631628,0,16.6541,5.59259999999995
56,0.000126493717994047,0.53821817220593,16.6542,5.59220000000005
56.01,6.91415138815386E-05,0,16.6542,5.59220000000005
56.02,6.91285229256391E-05,0.303700028975208,16.6542,5.59220000000005
56.03,6.89917311325276E-05,0,16.6542,5.59220000000005
56.04,7.07781147114697E-05,0.181211019234357,16.6542,5.59220000000005
56.05,0.000112862970497116,0,16.6542,5.59220000000005
56.1,-0.000184047074723235,0.539281403502219,16.6541,5.59179999999992
56.11,-0.000109160147201711,0,16.6541,5.59179999999992
56.12,-0.000109675938152647,0.304278871628464,16.6541,5.59179999999992
56.13,-0.000109850008249683,0,16.6541,5.59179999999992
56.14,-0.000108913257423046,0.181537925404502,16.6541,5.59179999999992
56.15,-0.000186985270515631,0,16.6541,5.59179999999992
56.2,0.000191564466772789,0.539357021777231,16.6542,5.5924
56.21,8.54512042569753E-05,0,16.6542,5.5924
56.22,8.5479938941304E-05,0.304317315505432,16.6542,5.5924
56.23,8.57208490529335E-05,0,16.6542,5.5924
56.24,8.27796472348633E-05,0.181557175766887,16.6542,5.5924
56.25,9.92631299933315E-05,0,16.6542,5.5924
56.3,0,0.538218175654565,16.6542,5.5920000000001
56.31,0,0,16.6542,5.5920000000001
56.32,0,0.303700030728462,16.6542,5.5920000000001
56.33,0,0,16.6542,5.5920000000001
56.34,0,0.181211020112237,16.6542,5.5920000000001
56.35,0,0,16.6542,5.5920000000001
56.4,-0.000134217298504332,0.539281403502788,16.6541,5.59159999999997
56.41,-8.43825871425513E-05,0,16.6541,5.59159999999997
56.42,-8.51927666547551E-05,0.304278871628667,16.6541,5.59159999999997
56.43,-8.68136085058384E-05,0,16.6541,5.59159999999997
56.44,-8.73725960735223E-05,0.181537925404517,16.6541,5.59159999999997
56.45,-0.000140658774606467,0,16.6541,5.59159999999997
56.5,0.000175920812012005,0.538218172205711,16.6542,5.59230000000002
56.51,9.85344011424422E-05,0,16.6542,5.59230000000002
56.52,9.7145464441413E-05,0.303700028975023,16.6542,5.59230000000002
56.53,9.64910981103523E-05,0,16.6542,5.59230000000002
56.54,9.59906991431546E-05,0.181211019234156,16.6542,5.59230000000002
56.55,0.000131635564761329,0,16.6542,5.59230000000002
56.6,-0.000166633718435259,0.538142553930201,16.6541,5.59190000000012
56.61,-8.53449668633669E-05,0,16.6541,5.59190000000012
56.62,-8.63341717746464E-05,0.303661585097801,16.6541,5.59190000000012
56.63,-8.62058802369817E-05,0,16.6541,5.59190000000012
56.64,-8.98655542483834E-05,0.181191768871647,16.6541,5.59190000000012
56.65,-0.000120242991350535,0,16.6541,5.59190000000012
56.7,-0.000141718131780546,0.539281400053411,16.654,5.59249999999997
56.71,-7.01470740720523E-05,0,16.654,5.59249999999997
56.72,-6.82277999185071E-05,0.304278869874951,16.654,5.59249999999997
56.73,-6.857561409459E-05,0,16.654,5.59249999999997
56.74,-6.9785616952154E-05,0.181537924526455,16.654,5.59249999999997
56.75,-8.07172809829749E-05,0,16.654,5.59249999999997
56.8,0.000118814434595616,0.538218172205434,16.6541,5.59209999999985
56.81,7.2319077472537E-05,0,16.6541,5.59209999999985
56.82,7.13600990868853E-05,0.303700028974923,16.6541,5.59209999999985
56.83,7.04998504044157E-05,0,16.6541,5.59209999999985
56.84,7.91190018974777E-05,0.181211019234094,16.6541,5.59209999999985
56.85,8.45731522890003E-05,0,16.6541,5.59209999999985
56.9,-0.000128068786945815,0.539281403502442,16.654,5.59170000000017
56.91,-7.8319446985839E-05,0,16.654,5.59170000000017
56.92,-7.93633229514474E-05,0.304278871628505,16.654,5.59170000000017
56.93,-8.12614961956765E-05,0,16.654,5.59170000000017
56.94,-9.71562657077653E-05,0.181537925404518,16.654,5.59170000000017
56.95,-0.000110045127300711,0,16.654,5.59170000000017
57,0,0.538218172205711,16.654,5.59230000000002
57.01,0,0,16.654,5.59230000000002
57.02,0,0.303700028975023,16.654,5.59230000000002
57.03,0,0,16.654,5.59230000000002
57.04,0,0.181211019234156,16.654,5.59230000000002
57.05,0,0,16.654,5.59230000000002
57.1,0,0.538142553930201,16.654,5.59199999999987
57.11,0,0,16.654,5.59199999999987
57.12,0,0.303661585097801,16.654,5.59199999999987
57.13,0,0,16.654,5.59199999999987
57.14,0,0.181191768871647,16.654,5.59199999999987
57.15,0,0,16.654,5.59199999999987
57.2,-0.000159933499330426,0.539281400053411,16.6539,5.5916000000002
57.21,-9.61608158172441E-05,0,16.6539,5.5916000000002
57.22,-9.58178997889195E-05,0.304278869874951,16.6539,5.5916000000002
57.23,-9.66743573370663E-05,0,16.6539,5.5916000000002
57.24,-9.7448584147055E-05,0.181537924526455,16.6539,5.5916000000002
57.25,-0.000152565637753447,0,16.6539,5.5916000000002
57.3,0,0.538218172205434,16.6539,5.59220000000005
57.31,0,0,16.6539,5.59220000000005
57.32,0,0.303700028974923,16.6539,5.59220000000005
57.33,0,0,16.6539,5.59220000000005
57.34,0,0.181211019234094,16.6539,5.59220000000005
57.35,0,0,16.6539,5.59220000000005
57.4,-9.18064019049482E-05,0.53814255392993,16.6538,5.5918999999999
57.41,-6.35439950427493E-05,0,16.6538,5.5918999999999
57.42,-6.19323135076225E-05,0.303661585097778,16.6538,5.5918999999999
57.43,-6.26833212278439E-05,0,16.6538,5.5918999999999
57.44,-6.19095512988436E-05,0.181191768871486,16.6538,5.5918999999999
57.45,-8.47769158313604E-05,0,16.6538,5.5918999999999
57.5,0,0.539281400052766,16.6538,5.5925000000002
57.51,0,0,16.6538,5.5925000000002
57.52,0,0.304278869874727,16.6538,5.5925000000002
57.53,0,0,16.6538,5.5925000000002
57.54,0,0.181537924526336,16.6538,5.5925000000002
57.55,0,0,16.6538,5.5925000000002
57.6,0,0.538218172205482,16.6538,5.59220000000005
57.61,0,0,16.6538,5.59220000000005
57.62,0,0.30370002897483,16.6538,5.59220000000005
57.63,0,0,16.6538,5.59220000000005
57.64,0,0.181211019234129,16.6538,5.59220000000005
57.65,0,0,16.6538,5.59220000000005
57.7,0,0.539281403502308,16.6538,5.59179999999992
57.71,0,0,16.6538,5.59179999999992
57.72,0,0.304278871628408,16.6538,5.59179999999992
57.73,0,0,16.6538,5.59179999999992
57.74,0,0.181537925404536,16.6538,5.59179999999992
57.75,0,0,16.6538,5.59179999999992
57.8,0,0.539357021776509,16.6538,5.5924
57.81,0,0,16.6538,5.5924
57.82,0,0.304317315504939,16.6538,5.5924
57.83,0,0,16.6538,5.5924
57.84,0,0.181557175766635,16.6538,5.5924
57.85,0,0,16.6538,5.5924
57.9,0,0.538218175654291,16.6538,5.59210000000007
57.91,0,0,16.6538,5.59210000000007
57.92,0,0.303700030728213,16.6538,5.59210000000007
57.93,0,0,16.6538,5.59210000000007
57.94,0,0.181211020111993,16.6538,5.59210000000007
57.95,0,0,16.6538,5.59210000000007
58,0,0.53928140350245,16.6538,5.59169999999995
58.01,0,0,16.6538,5.59169999999995
58.02,0,0.304278871628466,16.6538,5.59169999999995
58.03,0,0,16.6538,5.59169999999995
58.04,0,0.181537925404575,16.6538,5.59169999999995
58.05,0,0,16.6538,5.59169999999995
58.1,0,0.538218172205711,16.6538,5.5924
58.11,0,0,16.6538,5.5924
58.12,0,0.303700028975023,16.6538,5.5924
58.13,0,0,16.6538,5.5924
58.14,0,0.181211019234156,16.6538,5.5924
58.15,0,0,16.6538,5.5924
58.2,-0.000119473715693397,0.538142553930201,16.6537,5.5920000000001
58.21,-7.10406514804182E-05,0,16.6537,5.5920000000001
58.22,-7.2089622527839E-05,0.303661585097801,16.6537,5.5920000000001
58.23,-7.09454821624156E-05,0,16.6537,5.5920000000001
58.24,-6.84181130104108E-05,0.181191768871647,16.6537,5.5920000000001
58.25,-0.000101540524902503,0,16.6537,5.5920000000001
58.3,0,0.539281400053411,16.6537,5.59269999999992
58.31,0,0,16.6537,5.59269999999992
58.32,0,0.304278869874951,16.6537,5.59269999999992
58.33,0,0,16.6537,5.59269999999992
58.34,0,0.181537924526455,16.6537,5.59269999999992
58.35,0,0,16.6537,5.59269999999992
58.4,0,0.538218172205434,16.6537,5.59230000000002
58.41,0,0,16.6537,5.59230000000002
58.42,0,0.303700028974923,16.6537,5.59230000000002
58.43,0,0,16.6537,5.59230000000002
58.44,0,0.181211019234094,16.6537,5.59230000000002
58.45,0,0,16.6537,5.59230000000002
58.5,0,0.539281403502442,16.6537,5.5920000000001
58.51,0,0,16.6537,5.5920000000001
58.52,0,0.304278871628505,16.6537,5.5920000000001
58.53,0,0,16.6537,5.5920000000001
58.54,0,0.181537925404518,16.6537,5.5920000000001
58.55,0,0,16.6537,5.5920000000001
58.6,0,0.539357021777226,16.6537,5.59259999999995
58.61,0,0,16.6537,5.59259999999995
58.62,0,0.304317315505345,16.6537,5.59259999999995
58.63,0,0,16.6537,5.59259999999995
58.64,0,0.181557175766911,16.6537,5.59259999999995
58.65,0,0,16.6537,5.59259999999995
58.7,0,0.538218175654154,16.6537,5.59230000000002
58.71,0,0,16.6537,5.59230000000002
58.72,0,0.303700030728315,16.6537,5.59230000000002
58.73,0,0,16.6537,5.59230000000002
58.74,0,0.181211020112085,16.6537,5.59230000000002
58.75,0,0,16.6537,5.59230000000002
58.8,0,0.53928140350194,16.6537,5.5918999999999
58.81,0,0,16.6537,5.5918999999999
58.82,0,0.304278871628134,16.6537,5.5918999999999
58.83,0,0,16.6537,5.5918999999999
58.84,0,0.18153792540439,16.6537,5.5918999999999
58.85,0,0,16.6537,5.5918999999999
58.9,0,0.53935702177703,16.6537,5.59259999999995
58.91,0,0,16.6537,5.59259999999995
58.92,0,0.304317315505302,16.6537,5.59259999999995
58.93,0,0,16.6537,5.59259999999995
58.94,0,0.181557175766849,16.6537,5.59259999999995
58.95,0,0,16.6537,5.59259999999995
59,0.000149070385692207,0.538218175654656,16.6538,5.59220000000005
59.01,9.80742916198675E-05,0,16.6538,5.59220000000005
59.02,9.83237415635067E-05,0.303700030728478,16.6538,5.59220000000005
59.03,9.80607633407031E-05,0,16.6538,5.59220000000005
59.04,9.71904855693996E-05,0.18121102011217,16.6538,5.59220000000005
59.05,0.000147761681979251,0,16.6538,5.59220000000005
59.1,-0.000152960114364963,0.539281403502819,16.6537,5.59289999999987
59.11,-8.27499235494703E-05,0,16.6537,5.59289999999987
59.12,-8.31099988307232E-05,0.3042788716287,16.6537,5.59289999999987
59.13,-8.29935671783683E-05,0,16.6537,5.59289999999987
59.14,-8.28632164558732E-05,0.181537925404611,16.6537,5.59289999999987
59.15,-0.000121497608750155,0,16.6537,5.59289999999987
59.2,0.000135551993380934,0.539357021776602,16.6538,5.59249999999997
59.21,7.74944894952179E-05,0,16.6538,5.59249999999997
59.22,7.70320741685809E-05,0.304317315505158,16.6538,5.59249999999997
59.23,7.64245940349812E-05,0,16.6538,5.59249999999997
59.24,7.59640890129953E-05,0.181557175766744,16.6538,5.59249999999997
59.25,0.000110490109559842,0,16.6538,5.59249999999997
59.3,0,0.539357025226497,16.6538,5.59220000000005
59.31,0,0,16.6538,5.59220000000005
59.32,0,0.304317317259081,16.6538,5.59220000000005
59.33,0,0,16.6538,5.59220000000005
59.34,0,0.181557176645109,16.6538,5.59220000000005
59.35,0,0,16.6538,5.59220000000005
59.4,0,0.53935702522652,16.6538,5.5927999999999
59.41,0,0,16.6538,5.5927999999999
59.42,0,0.304317317259012,16.6538,5.5927999999999
59.43,0,0,16.6538,5.5927999999999
59.44,0,0.181557176644988,16.6538,5.5927999999999
59.45,0,0,16.6538,5.5927999999999
59.5,0.000135712080864502,0.539357025226472,16.6539,5.5924
59.51,7.22284139829555E-05,0,16.6539,5.5924
59.52,7.17366221921052E-05,0.304317317258961,16.6539,5.5924
59.53,7.08328590654967E-05,0,16.6539,5.5924
59.54,7.13592492338067E-05,0.181557176645027,16.6539,5.5924
59.55,0.000110724913147438,0,16.6539,5.5924
59.6,0,0.539357025226419,16.6539,5.59210000000007
59.61,0,0,16.6539,5.59210000000007
59.62,0,0.304317317258857,16.6539,5.59210000000007
59.63,0,0,16.6539,5.59210000000007
59.64,0,0.181557176644906,16.6539,5.59210000000007
59.65,0,0,16.6539,5.59210000000007
59.7,0.000147717968584568,0.539357025226825,16.654,5.59269999999992
59.71,9.69507792019413E-05,0,16.654,5.59269999999992
59.72,9.85024670799264E-05,0.304317317259141,16.654,5.59269999999992
59.73,0.000100299489690759,0,16.654,5.59269999999992
59.74,0.000104426059309658,0.181557176645061,16.654,5.59269999999992
59.75,0.000172232994558679,0,16.654,5.59269999999992
59.8,0,0.538218175654257,16.654,5.59230000000002
59.81,0,0,16.654,5.59230000000002
59.82,0,0.3037000307282,16.654,5.59230000000002
59.83,0,0,16.654,5.59230000000002
59.84,0,0.181211020111996,16.654,5.59230000000002
59.85,0,0,16.654,5.59230000000002
59.9,0,0.539281403502699,16.654,5.5929000000001
59.91,0,0,16.654,5.5929000000001
59.92,0,0.304278871628605,16.654,5.5929000000001
59.93,0,0,16.654,5.5929000000001
59.94,0,0.181537925404604,16.654,5.5929000000001
59.95,0,0,16.654,5.5929000000001
60,0,0.539357021776903,16.654,5.59259999999995
60.01,0,0,16.654,5.59259999999995
60.02,0,0.304317315505284,16.654,5.59259999999995
60.03,0,0,16.654,5.59259999999995
60.04,0,0.181557175766896,16.654,5.59259999999995
60.05,0,0,16.654,5.59259999999995
60.1,0,0.53935702522657,16.654,5.59219999999982
60.11,0,0,16.654,5.59219999999982
60.12,0,0.304317317258928,16.654,5.59219999999982
60.13,0,0,16.654,5.59219999999982
60.14,0,0.181557176645035,16.654,5.59219999999982
60.15,0,0,16.654,5.59219999999982
60.2,0.000126986602885004,0.539357025226378,16.6541,5.59280000000013
60.21,7.18019546381184E-05,0,16.6541,5.59280000000013
60.22,7.25988468799856E-05,0.304317317258904,16.6541,5.59280000000013
60.23,7.26755809378217E-05,0,16.6541,5.59280000000013
60.24,7.98074409239453E-05,0.181557176644934,16.6541,5.59280000000013
60.25,0.000118753209982877,0,16.6541,5.59280000000013
60.3,0,0.539357025226489,16.6541,5.5924
60.31,0,0,16.6541,5.5924
60.32,0,0.304317317258876,16.6541,5.5924
60.33,0,0,16.6541,5.5924
60.34,0,0.181557176644917,16.6541,5.5924
60.35,0,0,16.6541,5.5924
60.4,0.000116540169268029,0.539357025226025,16.6542,5.59199999999987
60.41,8.30930400257983E-05,0,16.6542,5.59199999999987
60.42,8.59830342388209E-05,0.304317317258721,16.6542,5.59199999999987
60.43,8.8174722135007E-05,0,16.6542,5.59199999999987
60.44,0.000108360348257169,0.181557176644885,16.6542,5.59199999999987
60.45,0.000138866765108702,0,16.6542,5.59199999999987
60.5,0,0.539357025226368,16.6542,5.59260000000018
60.51,0,0,16.6542,5.59260000000018
60.52,0,0.304317317258985,16.6542,5.59260000000018
60.53,0,0,16.6542,5.59260000000018
60.54,0,0.181557176644956,16.6542,5.59260000000018
60.55,0,0,16.6542,5.59260000000018
60.6,0.000129885174220257,0.538218175654539,16.6543,5.59220000000005
60.61,7.42734602299269E-05,0,16.6543,5.59220000000005
60.62,7.36213496969566E-05,0.303700030728527,16.6543,5.59220000000005
60.63,7.27478085312083E-05,0,16.6543,5.59220000000005
60.64,8.31361915520054E-05,0.18121102011224,16.6543,5.59220000000005
60.65,9.32780614512033E-05,0,16.6543,5.59220000000005
60.7,-0.000124224144058471,0.53928140350145,16.6542,5.59179999999992
60.71,-8.61566524176184E-05,0,16.6542,5.59179999999992
60.72,-8.655080622176E-05,0.304278871628022,16.6542,5.59179999999992
60.73,-8.77374009519932E-05,0,16.6542,5.59179999999992
60.74,-9.93247166583048E-05,0.181537925404303,16.6542,5.59179999999992
60.75,-0.000110731344150203,0,16.6542,5.59179999999992
60.8,0,0.539357021777019,16.6542,5.5924
60.81,0,0,16.6542,5.5924
60.82,0,0.304317315505356,16.6542,5.5924
60.83,0,0,16.6542,5.5924
60.84,0,0.181557175766931,16.6542,5.5924
60.85,0,0,16.6542,5.5924
60.9,0.000166277656423673,0.538218175654656,16.6543,5.5920000000001
60.91,8.40941288746403E-05,0,16.6543,5.5920000000001
60.92,8.47669784397504E-05,0.303700030728478,16.6543,5.5920000000001
60.93,8.4777772612139E-05,0,16.6543,5.5920000000001
60.94,9.37999883706782E-05,0.18121102011217,16.6543,5.5920000000001
60.95,0.00012049031464797,0,16.6543,5.5920000000001
61,-9.02849344435572E-05,0.539281403502819,16.6542,5.59259999999995
61.01,-5.89903729174522E-05,0,16.6542,5.59259999999995
61.02,-5.84268248003508E-05,0.3042788716287,16.6542,5.59259999999995
61.03,-5.63475616062355E-05,0,16.6542,5.59259999999995
61.04,-5.5727298816847E-05,0.181537925404611,16.6542,5.59259999999995
61.05,-8.38753439557781E-05,0,16.6542,5.59259999999995
61.1,0,0.538218172205338,16.6542,5.59219999999982
61.11,0,0,16.6542,5.59219999999982
61.12,0,0.303700028975015,16.6542,5.59219999999982
61.13,0,0,16.6542,5.59219999999982
61.14,0,0.181211019234186,16.6542,5.59219999999982
61.15,0,0,16.6542,5.59219999999982
61.2,0,0.539281403502164,16.6542,5.59180000000015
61.21,0,0,16.6542,5.59180000000015
61.22,0,0.304278871628279,16.6542,5.59180000000015
61.23,0,0,16.6542,5.59180000000015
61.24,0,0.181537925404395,16.6542,5.59180000000015
61.25,0,0,16.6542,5.59180000000015
61.3,0,0.539357021776942,16.6542,5.5924
61.31,0,0,16.6542,5.5924
61.32,0,0.304317315505229,16.6542,5.5924
61.33,0,0,16.6542,5.5924
61.34,0,0.181557175766922,16.6542,5.5924
61.35,0,0,16.6542,5.5924
61.4,0,0.538218175653884,16.6542,5.59199999999987
61.41,0,0,16.6542,5.59199999999987
61.42,0,0.303700030728104,16.6542,5.59199999999987
61.43,0,0,16.6542,5.59199999999987
61.44,0,0.181211020111974,16.6542,5.59199999999987
61.45,0,0,16.6542,5.59199999999987
61.5,0,0.539281403502768,16.6542,5.5916000000002
61.51,0,0,16.6542,5.5916000000002
61.52,0,0.304278871628626,16.6542,5.5916000000002
61.53,0,0,16.6542,5.5916000000002
61.54,0,0.181537925404544,16.6542,5.5916000000002
61.55,0,0,16.6542,5.5916000000002
61.6,0,0.538218172205541,16.6542,5.59220000000005
61.61,0,0,16.6542,5.59220000000005
61.62,0,0.303700028974963,16.6542,5.59220000000005
61.63,0,0,16.6542,5.59220000000005
61.64,0,0.181211019234156,16.6542,5.59220000000005
61.65,0,0,16.6542,5.59220000000005
61.7,-0.000150130612040011,0.538142553930192,16.6541,5.59179999999992
61.71,-9.81419890444187E-05,0,16.6541,5.59179999999992
61.72,-9.88707301144975E-05,0.303661585097756,16.6541,5.59179999999992
61.73,-9.63764705880107E-05,0,16.6541,5.59179999999992
61.74,-9.71753988441327E-05,0.181191768871575,16.6541,5.59179999999992
61.75,-0.000113128113561989,0,16.6541,5.59179999999992
61.8,0,0.539281400053203,16.6541,5.5924
61.81,0,0,16.6541,5.5924
61.82,0,0.30427886987495,16.6541,5.5924
61.83,0,0,16.6541,5.5924
61.84,0,0.181537924526428,16.6541,5.5924
61.85,0,0,16.6541,5.5924
61.9,0,0.538218172205419,16.6541,5.59210000000007
61.91,0,0,16.6541,5.59210000000007
61.92,0,0.303700028974785,16.6541,5.59210000000007
61.93,0,0,16.6541,5.59210000000007
61.94,0,0.181211019234069,16.6541,5.59210000000007
61.95,0,0,16.6541,5.59210000000007
62,-0.000126723024212502,0.539281403502221,16.654,5.59169999999995
62.01,-7.08920014804474E-05,0,16.654,5.59169999999995
62.02,-7.30251896008494E-05,0.304278871628358,16.654,5.59169999999995
62.03,-7.21652833407356E-05,0,16.654,5.59169999999995
62.04,-7.98717270007469E-05,0.1815379254044,16.654,5.59169999999995
62.05,-9.63299878273403E-05,0,16.654,5.59169999999995
62.1,0.000115963737001756,0.538218172205903,16.6541,5.59230000000002
62.11,8.64804948451593E-05,0,16.6541,5.59230000000002
62.12,8.8860866764763E-05,0.303700028975082,16.6541,5.59230000000002
62.13,8.77831240069699E-05,0,16.6541,5.59230000000002
62.14,0.000100394800146254,0.181211019234269,16.6541,5.59230000000002
62.15,0.000140393233228349,0,16.6541,5.59230000000002
62.2,-0.000154293113595873,0.538142553929905,16.654,5.59190000000012
62.21,-9.51007396185867E-05,0,16.654,5.59190000000012
62.22,-9.61202676686732E-05,0.303661585097634,16.654,5.59190000000012
62.23,-9.46460058171308E-05,0,16.654,5.59190000000012
62.24,-9.63554371171326E-05,0.181191768871559,16.654,5.59190000000012
62.25,-0.000118648735806188,0,16.654,5.59190000000012
62.3,-0.000135770947640697,0.539281400052967,16.6539,5.5915
62.31,-8.76330959149353E-05,0,16.6539,5.5915
62.32,-8.89483059903259E-05,0.304278869874859,16.6539,5.5915
62.33,-8.86387103725604E-05,0,16.6539,5.5915
62.34,-0.000100130202800058,0.181537924526431,16.6539,5.5915
62.35,-0.000129608637477179,0,16.6539,5.5915
62.4,0.00014925658243534,0.538218172205282,16.654,5.59219999999982
62.41,9.11969768456096E-05,0,16.654,5.59219999999982
62.42,9.2750628575256E-05,0.303700028974936,16.654,5.59219999999982
62.43,9.33808589790793E-05,0,16.654,5.59219999999982
62.44,9.54611230091568E-05,0.181211019234048,16.654,5.59219999999982
62.45,0.000115024626758982,0,16.654,5.59219999999982
62.5,-0.000130269215956363,0.538142553930635,16.6539,5.59180000000015
62.51,-8.04889628344152E-05,0,16.6539,5.59180000000015
62.52,-8.09523662470127E-05,0.303661585098048,16.6539,5.59180000000015
62.53,-8.07889546349202E-05,0,16.6539,5.59180000000015
62.54,-8.83418670922009E-05,0.181191768871738,16.6539,5.59180000000015
62.55,-0.0000895512726075002,0,16.6539,5.59180000000015
62.6,-0.000122648716141443,0.539281400053356,16.6538,5.5924
62.61,-8.15723615371644E-05,0,16.6538,5.5924
62.62,-7.9304650349135E-05,0.304278869874949,16.6538,5.5924
62.63,-8.0456693879869E-05,0,16.6538,5.5924
62.64,-9.71947647470947E-05,0.181537924526442,16.6538,5.5924
62.65,-0.000107045612315484,0,16.6538,5.5924
62.7,0.000135719985373793,0.538218172205172,16.6539,5.59209999999985
62.71,6.97303920344574E-05,0,16.6539,5.59209999999985
62.72,7.02438762965072E-05,0.303700028974665,16.6539,5.59209999999985
62.73,7.18823093901282E-05,0,16.6539,5.59209999999985
62.74,8.07662416185627E-05,0.181211019234029,16.6539,5.59209999999985
62.75,0.000109145092079363,0,16.6539,5.59209999999985
62.8,-0.000180263714349148,0.539281403502805,16.6538,5.59170000000017
62.81,-0.000105295894159193,0,16.6538,5.59170000000017
62.82,-0.000104356168609587,0.304278871628668,16.6538,5.59170000000017
62.83,-0.000104231688709058,0,16.6538,5.59170000000017
62.84,-0.00010376110452766,0.181537925404573,16.6538,5.59170000000017
62.85,-0.000177340008117568,0,16.6538,5.59170000000017
62.9,0,0.538218172205509,16.6538,5.5924
62.91,0,0,16.6538,5.5924
62.92,0,0.30370002897498,16.6538,5.5924
62.93,0,0,16.6538,5.5924
62.94,0,0.181211019234208,16.6538,5.5924
62.95,0,0,16.6538,5.5924
63,0,0.538142553930095,16.6538,5.59199999999987
63.01,0,0,16.6538,5.59199999999987
63.02,0,0.303661585097719,16.6538,5.59199999999987
63.03,0,0,16.6538,5.59199999999987
63.04,0,0.181191768871566,16.6538,5.59199999999987
63.05,0,0,16.6538,5.59199999999987
63.1,-0.000137637299170109,0.539281400053033,16.6537,5.59159999999997
63.11,-6.95191196870412E-05,0,16.6537,5.59159999999997
63.12,-6.89684747790049E-05,0.304278869874847,16.6537,5.59159999999997
63.13,-6.8541434820745E-05,0,16.6537,5.59159999999997
63.14,-7.54600589026201E-05,0.181537924526404,16.6537,5.59159999999997
63.15,-0.000103504026098453,0,16.6537,5.59159999999997
63.2,0,0.538218172205838,16.6537,5.59230000000002
63.21,0,0,16.6537,5.59230000000002
63.22,0,0.303700028975194,16.6537,5.59230000000002
63.23,0,0,16.6537,5.59230000000002
63.24,0,0.181211019234245,16.6537,5.59230000000002
63.25,0,0,16.6537,5.59230000000002
63.3,0,0.538142553930348,16.6537,5.59199999999987
63.31,0,0,16.6537,5.59199999999987
63.32,0,0.303661585098017,16.6537,5.59199999999987
63.33,0,0,16.6537,5.59199999999987
63.34,0,0.181191768871814,16.6537,5.59199999999987
63.35,0,0,16.6537,5.59199999999987
